시설유형,시설명,시구동,시설수,상세주소,위도,경도,좌표출처,일치기준,기존쉼터명칭,기존쉼터_도로명주소
도서관(공공도서관),개포하늘꿈도서관,서울특별시 강남구,1,서울특별시 강남구 개포로110길 54,37.4906848,127.0803669,전국도서관표준데이터,도로명주소,개포하늘꿈도서관,서울특별시 강남구 개포로110길 54 (일원동)
도서관(공공도서관),못골도서관,서울특별시 강남구,1,서울특별시 강남구 자곡로 116,37.4715379,127.0965824,전국도서관표준데이터,도로명주소,못골도서관,서울특별시 강남구 자곡로 116 (자곡동)
도서관(공공도서관),역삼푸른솔도서관,서울특별시 강남구,1,서울특별시 강남구 테헤란로8길 36 (강남문화원 4층),37.4964992,127.0320288,전국도서관표준데이터,도로명주소,강남구1인가구커뮤니티센터,서울특별시 강남구 테헤란로8길 36
도서관(공공도서관),정다운도서관,서울특별시 강남구,1,서울특별시 강남구 학동로67길 11 (청담평생학습관 3층),37.5190987,127.0464409,전국도서관표준데이터,도로명주소,정다운도서관(3층),서울특별시 강남구 학동로67길 11 (청담2문화센터)
도서관(작은도서관),세곡마루도서관,서울특별시 강남구,1,서울특별시 강남구 헌릉로590길 68(세곡커뮤니티센터 2층),37.4610385,127.1027375,전국도서관표준데이터,도로명주소,세곡커뮤니티센터,서울특별시 강남구 헌릉로590길 68
경로당,강남데시앙포레아파트,서울특별시 강남구 강남데시앙포레113동,1,강남구 광평로34길 55,37.480983,127.090877,무더위쉼터(도로명주소 일치),도로명주소,강남데시앙포레경로당,서울특별시 강남구 광평로34길 55 (강남데시앙포레113동)
경로당,강남LH1단지아파트,서울특별시 강남구 강남엘에이치1단지상가동,1,강남구 헌릉로571길 20,37.466791,127.10287,무더위쉼터(도로명주소 일치),도로명주소,강남LH1단지경로당,서울특별시 강남구 헌릉로571길 20 (강남엘에이치1단지상가동)
경로당,LH강남힐스테이트아파트,서울특별시 강남구 강남자곡힐스테이트 502동,1,강남구 자곡로 3길 21,37.47128,127.088688,무더위쉼터(도로명주소 일치),도로명주소,강남자곡힐스테이트경로당,서울특별시 강남구 자곡로3길 21 (강남자곡힐스테이트 502동)
경로당,경남아파트,서울특별시 강남구 개포동,1,강남구 언주로 110,37.484618,127.0542472,무더위쉼터(도로명주소 일치),도로명주소,경남아파트경로당,"서울특별시 강남구 언주로 110 (개포동, 경남아파트)"
경로당,대치1단지아파트,서울특별시 강남구 개포동,1,강남구 개포로 109길 5,37.494185,127.075215,무더위쉼터(도로명주소 일치),도로명주소,강남종합사회복지관,서울특별시 강남구 개포로109길 5 (대치아파트)
경로당,밀미리,서울특별시 강남구 개포동,1,강남구 개포로31길 31,37.4809956,127.048666,무더위쉼터(도로명주소 일치),도로명주소,구립밀미리경로당,서울특별시 강남구  개포로31길  31   (개포동)
주민센터,개포1동 주민센터,서울특별시 강남구 개포동,1,서울특별시 강남구 선릉로 35 (개포동),37.482219,127.060151,무더위쉼터(시설명 일치),시설명,개포1동주민센터(1층민원실),
주민센터,개포2동 주민센터,서울특별시 강남구 개포동,1,서울특별시 강남구 개포로 511 (개포동),37.4899,127.0691,무더위쉼터(도로명주소 일치),도로명주소,개포2동주민센터(1층복도),서울특별시 강남구 개포로 511 (개포동)
주민센터,"개포3동 주민센터, 일원1동 주민센터",서울특별시 강남구 개포동,2,서울특별시 강남구 개포로 615 (개포동),37.4927,127.0756,무더위쉼터(도로명주소 일치),도로명주소,개포3동주민센터(5층민원실),서울특별시 강남구 개포로 615 (개포동)
주민센터/도서관(작은도서관),"개포4동 주민센터, 개포4동작은도서관",서울특별시 강남구 개포동,2,서울특별시 강남구 개포로24길 33 (개포동),37.4772,127.0499,무더위쉼터(도로명주소 일치),도로명주소,개포4동주민센터(1층민원실),서울특별시 강남구 개포로24길 33 (개포동)
경로당,개포한신아파트,서울특별시 강남구 개포한신아파트 상가동,1,강남구 언주로 123,37.486972,127.048517,무더위쉼터(도로명주소 일치),도로명주소,개포한신아파트경로당,서울특별시 강남구 언주로 123 (개포한신아파트 상가동)
경로당,논골,서울특별시 강남구 논현동,1,강남구 강남대로128길 59,37.5120356,127.0260558,무더위쉼터(도로명주소 일치),도로명주소,논현노인종합복지관,서울특별시 강남구  강남대로128길  59   (논현동)
경로당,학리,서울특별시 강남구 논현동,1,강남구 학동로 47길 30,37.518598,127.03833,무더위쉼터(도로명주소 일치),도로명주소,학리시니어센터(노인복지관),서울특별시 강남구 학동로47길 30
주민센터,논현1동 주민센터,서울특별시 강남구 논현동,1,서울특별시 강남구 학동로20길 25 (논현동),37.511452,127.028507,무더위쉼터(도로명주소 일치),도로명주소,논현1동주민센터(3층마을사랑방),서울특별시 강남구  학동로20길  25   (논현동)
주민센터/도서관(공공도서관),"논현2동 주민센터, 논현도서관",서울특별시 강남구 논현동,2,서울특별시 강남구 학동로43길 17 (논현동),37.517292,127.037235,무더위쉼터(도로명주소 일치),도로명주소,강남시니어클럽(노인복지관),서울특별시 강남구 학동로43길 17 (논현2동주민센터)
경로당,대치,서울특별시 강남구 대치동,1,강남구 역삼로90길 18,37.5028334,127.0620106,무더위쉼터(도로명주소 일치),도로명주소,구립대치경로당,서울특별시 강남구 역삼로90길 18
경로당/도서관(공공도서관),"은마아파트, 대치도서관",서울특별시 강남구 대치동,2,강남구 삼성로 212,37.495882,127.063928,무더위쉼터(도로명주소 일치),도로명주소,대치도서관,서울특별시 강남구 삼성로 212 (은마아파트)
주민센터/도서관(공공도서관),"대치2동 주민센터, 행복한도서관",서울특별시 강남구 대치동,2,서울특별시 강남구 영동대로65길 24 (대치동),37.502306,127.0641871,무더위쉼터(도로명주소 일치),도로명주소,대치2동주민센터(1층로비),서울특별시 강남구  영동대로65길  24   (대치동)
주민센터/도서관(공공도서관),"대치4동 주민센터, 즐거운도서관",서울특별시 강남구 대치동,2,서울특별시 강남구 도곡로77길 23 (대치동),37.4997288,127.0578474,무더위쉼터(도로명주소 일치),도로명주소,대치4동주민센터(2층),서울특별시 강남구  도곡로77길  23   (대치동)
주민센터/도서관(작은도서관),"대치1동 주민센터, 대치1작은도서관",서울특별시 강남구 대치동,2,서울특별시 강남구 남부순환로391길 19 (대치동),37.4932457,127.0567749,무더위쉼터(도로명주소 일치),도로명주소,"대치1동주민센터(평시:1층민원실,특보발령시:2층)",서울특별시 강남구  남부순환로391길  19   (대치동)
경로당,개포우성4차아파트,서울특별시 강남구 도곡동,1,강남구 언주로 117,37.4853497,127.0492425,무더위쉼터(도로명주소 일치),도로명주소,개포4차우성경로당,"서울특별시 강남구 언주로 117  (도곡동, 개포4차우성아파트)"
경로당,삼성래미안아파트,서울특별시 강남구 도곡동,1,"강남구 남부순환로 2803, 상가",37.4897643,127.0506262,무더위쉼터(도로명주소 일치),도로명주소,삼성래미안경로당,"서울특별시 강남구 남부순환로 2803 (도곡동, 삼성래미안아파트)"
주민센터/도서관(공공도서관),"도곡1동 주민센터, 도곡정보문화도서관",서울특별시 강남구 도곡동,2,서울특별시 강남구 도곡로18길 57 (도곡동),37.4883118,127.0388787,무더위쉼터(도로명주소 일치),도로명주소,도곡1동주민센터(2층로비),서울특별시 강남구  도곡로18길  57   (도곡동)
주민센터/도서관(작은도서관),"도곡2동 주민센터, 도곡2동 작은도서관",서울특별시 강남구 도곡동,2,서울특별시 강남구 남부순환로378길 34-9 (도곡동),37.4836996,127.0464155,무더위쉼터(도로명주소 일치),도로명주소,도곡2동주민센터(1층복도),서울특별시 강남구  남부순환로378길  34-9  (도곡동)
경로당,봉전,서울특별시 강남구 삼성동,1,강남구 봉은사로68길 39-3,37.5098625,127.0519014,무더위쉼터(도로명주소 일치),도로명주소,구립봉전경로당,서울특별시 강남구  봉은사로68길  39-3  (삼성동)
경로당,삼성,서울특별시 강남구 삼성동,1,강남구 봉은사로111길 18-3,37.516514,127.065394,무더위쉼터(도로명주소 일치),도로명주소,삼성시니어센터(노인복지관),서울특별시 강남구 봉은사로111길 18-3
보건소,강남구보건소,서울특별시 강남구 삼성동,1,"서울특별시 강남구 선릉로 668 (삼성동, 강남구 보건소) 강남구 보건소",37.5162818,127.0421356,무더위쉼터(도로명주소 일치),도로명주소,강남구보건소(1층민원실),서울특별시 강남구 선릉로 668  (삼성동)
주민센터,삼성2동 주민센터,서울특별시 강남구 삼성동,1,서울특별시 강남구 봉은사로 419 (삼성동),37.5111674,127.0459912,무더위쉼터(도로명주소 일치),도로명주소,삼성2동주민센터(3층),서울특별시 강남구  봉은사로  419   (삼성동)
주민센터/도서관(작은도서관),"삼성1동 주민센터, 삼성도서관",서울특별시 강남구 삼성동,2,서울특별시 강남구 봉은사로 616 (삼성동),37.514325,127.0625237,무더위쉼터(도로명주소 일치),도로명주소,삼성1동주민센터(2층민원실),서울특별시 강남구  봉은사로  616   (삼성동)
도서관(공공도서관),열린도서관,서울특별시 강남구 삼성생명빌딩B동,1,서울특별시 강남구 일원로115(삼성생명빌딩B동 203호),37.4840224,127.0844597,전국도서관표준데이터,도로명주소,열린도서관(B동203호),서울특별시 강남구 일원로 115 (일원동)
경로당,반고개,서울특별시 강남구 세곡동,1,강남구 헌릉로622길 9,37.4640471,127.1070291,무더위쉼터(도로명주소 일치),도로명주소,구립반고개경로당,서울특별시 강남구 헌릉로622길 9
경로당,윗반고개마을,서울특별시 강남구 세곡동,1,강남구 헌릉로645길 11,37.4656188,127.1094701,무더위쉼터(도로명주소 일치),도로명주소,구립윗반고개경로당,서울특별시 강남구 헌릉로645길 11
경로당,은곡,서울특별시 강남구 세곡동,1,"강남구 헌릉로571길48, 2층",37.467894,127.09967,무더위쉼터(도로명주소 일치),도로명주소,구립은곡경로당,서울특별시 강남구 헌릉로571길 48
경로당,세곡리엔파크4단지아파트,서울특별시 강남구 세곡리엔파크4단지402동,1,강남구 헌릉로590길 88,37.462086,127.101964,무더위쉼터(도로명주소 일치),도로명주소,세곡리엔파크4단지경로당,서울특별시 강남구 헌릉로590길 88 (세곡리엔파크4단지402동)
경로당,수서10단지아파트,서울특별시 강남구 수서동,1,강남구 광평로19길 10,37.4845925,127.0876729,무더위쉼터(도로명주소 일치),도로명주소,수서10단지경로당,"서울특별시 강남구 광평로19길 10 (수서동, 까치마을아파트)"
경로당,수서3단지아파트,서울특별시 강남구 수서동,1,강남구 광평로51길 49,37.492136,127.0997527,무더위쉼터(도로명주소 일치),도로명주소,구립수서3단지경로당,서울특별시 강남구  광평로51길  49   (수서동)
경로당/주민센터,"수서6단지아파트, 수서동 주민센터",서울특별시 강남구 수서동,2,강남구 광평로56길 11,37.4875,127.1052,무더위쉼터(도로명주소 일치),도로명주소,수서동주민센터(1층),"서울특별시 강남구 광평로56길 11 (수서동, 수서6단지아파트)"
경로당,로데오현대아파트,서울특별시 강남구 신사동,1,강남구 압구정로50길 28,37.5265697,127.0370193,무더위쉼터(도로명주소 일치),도로명주소,로데오현대경로당,"서울특별시 강남구 압구정로50길 28 (신사동, 로데오현대아파트)"
경로당,압구정노인복지관,서울특별시 강남구 신사동,1,강남구 도산대로53길 5,37.5235237,127.0381928,무더위쉼터(도로명주소 일치),도로명주소,압구정노인복지관,서울특별시 강남구 도산대로53길 5 (신사동)
주민센터/도서관(작은도서관),"신사동 주민센터, 신사동작은도서관",서울특별시 강남구 신사동,2,서울특별시 강남구 압구정로 128 (신사동),37.5239742,127.0227971,무더위쉼터(도로명주소 일치),도로명주소,신사동주민센터(2층공유마루),서울특별시 강남구  압구정로  128   (신사동)
경로당/주민센터/도서관(작은도서관),"현대아파트, 압구정동 주민센터, 압구정동작은도서관",서울특별시 강남구 압구정동주민센터,3,강남구 압구정로33길 48,37.52966,127.03083,무더위쉼터(도로명주소 일치),도로명주소,압구정동주민센터(1층민원실),서울특별시 강남구 압구정로33길 48 (압구정동주민센터)
경로당,상방교,서울특별시 강남구 역삼동,1,강남구 봉은사로24길 70,37.5023877,127.0318787,무더위쉼터(도로명주소 일치),도로명주소,구립상방교경로당,서울특별시 강남구 봉은사로24길 70
경로당,역삼2,서울특별시 강남구 역삼동,1,강남구 도곡로27길 27,37.49456,127.041844,무더위쉼터(도로명주소 일치),도로명주소,역삼노인복지관,서울특별시 강남구 도곡로27길 27 (역삼2노인복지센터)
경로당,역삼시니어하우스,서울특별시 강남구 역삼동,1,"강남구 언주로 79길 30-3, 1층/지1층",37.4992,127.0414,무더위쉼터(도로명주소 일치),도로명주소,구립역삼시니어하우스경로당,"서울특별시 강남구 언주로79길 30-3 (역삼동, )"
경로당,테헤란아이파크아파트 실버클럽,서울특별시 강남구 역삼동,1,강남구 테헤란로52길 16,37.5023902,127.046061,무더위쉼터(도로명주소 일치),도로명주소,테헤란아이파크실버클럽경로당,"서울특별시 강남구 테헤란로52길 16 (역삼동, 테헤란아이파크)"
경로당,하방교,서울특별시 강남구 역삼동,1,강남구 역삼로11길 9-7,37.4952906,127.0345716,무더위쉼터(도로명주소 일치),도로명주소,구립하방교경로당,서울특별시 강남구 역삼로11길 9-7
주민센터,역삼2동 주민센터,서울특별시 강남구 역삼동,1,서울특별시 강남구 도곡로43길 25 (역삼동),37.4959747,127.0468166,무더위쉼터(도로명주소 일치),도로명주소,역삼2동주민센터(1층민원실),서울특별시 강남구  도곡로43길  25   (역삼동)
주민센터/도서관(공공도서관),"역삼1동 주민센터, 역삼도서관",서울특별시 강남구 역삼동,2,서울특별시 강남구 역삼로7길 16 (역삼동),37.4953738,127.0332825,무더위쉼터(도로명주소 일치),도로명주소,역삼1동주민센터(1층민원실),서울특별시 강남구  역삼로7길  16   (역삼동)
경로당,방죽1,서울특별시 강남구 율현동,1,강남구 밤고개로24길 60,37.4708649,127.1053217,무더위쉼터(도로명주소 일치),도로명주소,구립방죽1시니어센터경로당,서울특별시 강남구 밤고개로24길 60
경로당,방죽2,서울특별시 강남구 율현동,1,강남구 밤고개로23길 14-31,37.4717861,127.1096964,무더위쉼터(도로명주소 일치),도로명주소,구립방죽2경로당,서울특별시 강남구 밤고개로23길 14-31
주민센터/도서관(작은도서관),"세곡동 주민센터, 세곡도서관",서울특별시 강남구 율현동,2,서울특별시 강남구 밤고개로 286 (율현동),37.4690495,127.1069115,무더위쉼터(도로명주소 일치),도로명주소,세곡동주민센터(1층로비),서울특별시 강남구  밤고개로  286   (율현동)
경로당,대청,서울특별시 강남구 일원동,1,강남구 개포로124길 24,37.4931978,127.0830002,무더위쉼터(도로명주소 일치),도로명주소,대청경로당,서울특별시 강남구  개포로124길  24   (일원동)
경로당,일원,서울특별시 강남구 일원동,1,강남구 광평로3길 21,37.4840866,127.0779655,무더위쉼터(도로명주소 일치),도로명주소,구립일원경로당,서울특별시 강남구  광평로3길  21   (일원동)
경로당,"제일, 장수",서울특별시 강남구 일원동,2,"강남구 양재대로55길 10, 104동 놀이터 옆",37.492171,127.092092,무더위쉼터(도로명주소 일치),도로명주소,제일경로당,서울특별시 강남구  양재대로55길  10   (일원동)
경로당/도서관(공공도서관),"디에이치자이개포아파트, 일원라온영어도서관",서울특별시 강남구 일원동,2,강남구 영동대로 22,37.490812,127.075204,무더위쉼터(도로명주소 일치),도로명주소,일원스포츠문화센터(지하1층로비),서울특별시 강남구 영동대로 22 (디에이치자이 개포)
주민센터/도서관(작은도서관),"일원본동 주민센터, 일원본동 작은도서관",서울특별시 강남구 일원동,2,서울특별시 강남구 광평로 126 (일원동),37.4833779,127.0864808,무더위쉼터(도로명주소 일치),도로명주소,일원본동주민센터(2층본카페),서울특별시 강남구  광평로  126   (일원동)
경로당,쟁골,서울특별시 강남구 자곡동,1,강남구 밤고개로12길 29,37.482083,127.102182,무더위쉼터(도로명주소 일치),도로명주소,쟁골경로당,서울특별시 강남구 밤고개로12길 29 (장골마을회관)
주민센터/도서관(공공도서관),"청담동 주민센터, 청담도서관",서울특별시 강남구 청담동,2,서울특별시 강남구 압구정로79길 26 (청담동),37.5250817,127.0493166,무더위쉼터(도로명주소 일치),도로명주소,청담동주민센터(1층민원실),서울특별시 강남구  압구정로79길  26   (청담동)
주민센터,상일2동 주민센터,서울특별시 강동구,1,서울특별시 강동구 고덕로98길 71,37.5551447,127.1797442,무더위쉼터(시설명 일치),시설명,상일2동주민센터,서울특별시 강동구 상일동 산 77-27
경로당,강동리엔파크 9단지,서울특별시 강동구 강동리엔파크9단지,1,강동구 고덕로 98길 29(강일리엔파크 9단지),37.55701,127.180766,무더위쉼터(도로명주소 일치),도로명주소,강동리엔파크9단지경로당,서울특별시 강동구 고덕로98길 29 (강동리엔파크9단지)
경로당,강동리버스트 4단지,서울특별시 강동구 강일동,1,"강동구 아리수로93가길 110(강일동, 강동리버스트 4단지)",37.573,127.1721,무더위쉼터(도로명주소 일치),도로명주소,강동리버스트4단지경로당,"서울특별시 강동구 아리수로93가길 110 (강일동, 강동리버스트4단지)"
경로당,강동리버스트 6단지,서울특별시 강동구 강일동,1,"서울특별시 강동구 아리수로93가길 77(강일동, 강동리버스트 6단지)",37.5707,127.1696,무더위쉼터(도로명주소 일치),도로명주소,강동리버스트6단지경로당,"서울특별시 강동구 아리수로93가길 77 (강일동, 강동리버스트6단지)"
경로당,강동리버스트 7단지,서울특별시 강동구 강일동,1,강동구 아리수로 93가길 70,37.5707222,127.1739686,무더위쉼터(도로명주소 일치),도로명주소,강동리버스트7단지경로당,"서울특별시 강동구 아리수로93가길 70 (강일동, 강동리버스트7단지)"
경로당,강동리버스트 8단지,서울특별시 강동구 강일동,1,"강동구 아리수로93나길 88(강일동, 강동리버스트 8단지)",37.571528,127.176199,무더위쉼터(도로명주소 일치),도로명주소,강동리버스트8단지경로당,서울특별시 강동구 아리수로93나길 88 (강동리버스트8단지)
경로당,강일리버파크10단지,서울특별시 강동구 강일동,1,"강동구 고덕로97길 20(강일동, 강일리버파크10단지아파트)",37.5588838,127.18041,무더위쉼터(도로명주소 일치),도로명주소,강일리버파크10단지경로당,"서울특별시 강동구  고덕로97길  20 , 1009-301 (강일동, 강일리버파크)"
경로당,강일리버파크11단지,서울특별시 강동구 강일동,1,"강동구 고덕로97길 100(강일동, 강일리버파크11단지아파트)",37.5627326,127.180025,무더위쉼터(도로명주소 일치),도로명주소,강일리버파크11단지경로당,"서울특별시 강동구 고덕로97길 100 (강일동, 강일리버파크11단지)"
경로당,강일리버파크1단지,서울특별시 강동구 강일동,1,"강동구 아리수로93가길 25(강일동, 강일리버파크1단지아파트)",37.5682259,127.171696,무더위쉼터(도로명주소 일치),도로명주소,강일리버파크1단지경로당,"서울특별시 강동구  아리수로93가길  25 , 106-106 (강일동, 강일리버파크)"
경로당,강일리버파크2단지,서울특별시 강동구 강일동,1,"강동구 아리수로97길 68(강일동, 강일리버파크2단지아파트)",37.5702066,127.1765629,무더위쉼터(도로명주소 일치),도로명주소,강일리버파크2단지경로당,"서울특별시 강동구  아리수로97길  68 , 206-705 (강일동, 강일리버파크)"
경로당,강일리버파크3단지,서울특별시 강동구 강일동,1,"강동구 아리수로93길 40(강일동, 강일리버파크3단지아파트)",37.5662686,127.1739037,무더위쉼터(도로명주소 일치),도로명주소,강일리버파크3단지경로당,"서울특별시 강동구  아리수로93길  40 , 311-109 (강일동, 강일리버파크)"
경로당,강일리버파크4단지,서울특별시 강동구 강일동,1,"강동구 아리수로97길 19(강일동, 강일리버파크4단지아파트)",37.5670948,127.1757272,무더위쉼터(도로명주소 일치),도로명주소,강일리버파크4단지경로당,"서울특별시 강동구  아리수로97길  19 , 402-102 (강일동, 강일리버파크)"
경로당,강일리버파크5단지,서울특별시 강동구 강일동,1,"강동구 아리수로97길 20(강일동, 강일리버파크5단지아파트)",37.5681939,127.1786556,무더위쉼터(도로명주소 일치),도로명주소,강일리버파크5단지경로당,"서울특별시 강동구  아리수로97길  20 , 503-101 (강일동, 강일리버파크)"
경로당,강일리버파크6단지,서울특별시 강동구 강일동,1,"강동구 아리수로94길 19(강일동, 강일리버파크6단지아파트)",37.5638,127.1765,무더위쉼터(도로명주소 일치),도로명주소,강일리버파크6단지경로당,"서울특별시 강동구 아리수로94길 19 (강일동, 강일리버파크6단지아파트)"
경로당,강일리버파크7단지,서울특별시 강동구 강일동,1,"강동구 아리수로98길 25(강일동, 강일리버파크7단지아파트)",37.5658877,127.1783063,무더위쉼터(도로명주소 일치),도로명주소,강일리버파크7단지경로당,"서울특별시 강동구  아리수로98길  25 , 701-1207 (강일동, 강일리버파크)"
경로당,강일리버파크9단지,서울특별시 강동구 강일동,1,"강동구 고덕로97길 29(강일동, 강일리버파크9단지아파트)",37.5599473,127.1784532,무더위쉼터(도로명주소 일치),도로명주소,강일리버파크9단지경로당,"서울특별시 강동구 고덕로97길 29 (강일동, 강일리버파크9단지)"
경로당,고덕리엔파크1단지,서울특별시 강동구 강일동,1,"강동구 상일로 152(강일동, 고덕리엔파크1단지아파트)",37.5605611,127.171474,무더위쉼터(도로명주소 일치),도로명주소,고덕리엔파크1단지경로당,"서울특별시 강동구  상일로  152 , 107-208 (강일동, 고덕리엔파크1단지)"
경로당,고덕리엔파크2단지,서울특별시 강동구 강일동,1,"강동구 고덕로 427(강일동, 고덕리엔파크2단지아파트)",37.5585833,127.1727816,무더위쉼터(도로명주소 일치),도로명주소,고덕리엔파크2단지경로당,"서울특별시 강동구  고덕로  427 , 210-104 (강일동, 고덕리엔파크2단지)"
도서관(공공도서관),강일도서관,서울특별시 강동구 강일동,1,"서울특별시 강동구 아리수로93길 9-14,4,5층(강일동)",37.5650504,127.1739063,전국도서관표준데이터,도로명주소,강일도서관,서울특별시 강동구 아리수로93길 9-14 (강일동복합청사)
주민센터,강일동 주민센터,서울특별시 강동구 강일동,1,서울특별시 강동구 아이수로93길 9-14,37.5650129,127.1739677,무더위쉼터(시설명 일치),시설명,강일동주민센터,"서울특별시 강동구  아리수로93길  9-14, 강일동복합청사 (강일동)"
경로당,고덕롯데캐슬베네루체A,서울특별시 강동구 고덕 롯데캐슬 베네루체 719동,1,강동구 상암로 79길 88,37.5489,127.167536,무더위쉼터(도로명주소 일치),도로명주소,고덕롯데캐슬베네루체경로당,서울특별시 강동구 상암로79길 88 (고덕 롯데캐슬 베네루체 719동)
경로당,고덕2동,서울특별시 강동구 고덕동,1,강동구 상일로21길 14-7(고덕동),37.5600389,127.1694942,무더위쉼터(도로명주소 일치),도로명주소,고덕2동경로당,서울특별시 강동구 상일로21길 14-7
경로당,"고덕그라시움 제2, 고덕그라시움 제1",서울특별시 강동구 고덕동,2,강동구 고덕로 333(고덕동),37.558178,127.165605,무더위쉼터(도로명주소 일치),도로명주소,고덕그라시움제2경로당,서울특별시 강동구 고덕로 333 (고덕그라시움 153동)
경로당,"고덕래미안힐스테이트(여), 고덕래미안힐스테이트(남)",서울특별시 강동구 고덕동,2,"강동구 아리수로50길 50(고덕동, 래미안힐스테이트)",37.558949,127.147083,무더위쉼터(도로명주소 일치),도로명주소,하나로마트고덕점,서울특별시 강동구 아리수로50길 50 (래미안힐스테이트고덕217동)
경로당,고덕아남A,서울특별시 강동구 고덕동,1,"강동구 양재대로 1706(고덕동, 아남아파트)",37.557814,127.145484,무더위쉼터(도로명주소 일치),도로명주소,고덕아남(아)경로당,서울특별시 강동구 양재대로 1706 (아남아파트)
경로당,고덕아이파크,서울특별시 강동구 고덕동,1,"강동구 동남로79길 26(고덕동, 고덕아이파크)",37.558646,127.155588,무더위쉼터(도로명주소 일치),도로명주소,고덕아이파크(아)경로당,서울특별시 강동구 동남로79길 26 (고덕아이파크 상가동)
경로당,고덕현대A,서울특별시 강동구 고덕동,1,"강동구 고덕로61길 37(고덕동, 현대아파트)",37.556104,127.151986,무더위쉼터(도로명주소 일치),도로명주소,고덕현대(아)경로당,서울특별시 강동구 고덕로61길 37 (현대아파트 노인정)
경로당,고일,서울특별시 강동구 고덕동,1,강동구 아리수로64길 29(고덕동),37.560865,127.153777,무더위쉼터(도로명주소 일치),도로명주소,고일경로당,서울특별시 강동구 아리수로64길 29 (고일경로당)
경로당,방죽말,서울특별시 강동구 고덕동,1,강동구 아리수로72길 60-16(고덕동),37.5616522,127.1627522,무더위쉼터(도로명주소 일치),도로명주소,방죽말경로당,서울특별시 강동구 아리수로72길 60-16
주민센터,고덕1동 주민센터,서울특별시 강동구 고덕동,1,서울특별시 양재대로156길 123,37.5572811,127.1515066,무더위쉼터(도로명주소 일치),도로명주소,고덕1동주민센터,서울특별시 강동구 양재대로156길 123
주민센터,고덕2동 주민센터,서울특별시 강동구 고덕동,1,서울특별시 아리수로78길 43-12,37.5605075,127.1643569,무더위쉼터(도로명주소 일치),도로명주소,고덕2동주민센터,"서울특별시 강동구  아리수로78길  43-12, 고덕2동 주민센터 (고덕동)"
경로당,GS강동자이,서울특별시 강동구 길동,1,"강동구 천호대로 1239(길동, GS강동자이아파트)",37.53757,127.149112,무더위쉼터(도로명주소 일치),도로명주소,GS강동자이경로당,서울특별시 강동구 천호대로 1239 (GS강동자이아파트 관리노인정)
경로당,기리울,서울특별시 강동구 길동,1,강동구 명일로 224-1(길동),37.5386041,127.1466939,무더위쉼터(도로명주소 일치),도로명주소,기리울경로당,서울특별시 강동구 명일로 224-1
경로당,길동라인A,서울특별시 강동구 길동,1,"강동구 천중로50길 48-12 (길동, 라인아파트)",37.539295,127.141704,무더위쉼터(도로명주소 일치),도로명주소,길동라인아파트경로당,서울특별시 강동구 천중로50길 48-12
경로당,길동삼익파크A(2),서울특별시 강동구 길동,1,"강동구 명일로 293(길동, 삼익파크아파트)",37.544794,127.14739,무더위쉼터(도로명주소 일치),도로명주소,길동삼익파크아파트(여)경로당,서울특별시 강동구 명일로 293 (삼익파크)
경로당,무궁화,서울특별시 강동구 길동,1,강동구 양재대로124길 62(길동),37.5423718,127.1454023,무더위쉼터(도로명주소 일치),도로명주소,무궁화경로당,서울특별시 강동구 양재대로124길 62
경로당,성심,서울특별시 강동구 길동,1,강동구 천중로40길 66 (길동),37.5383161,127.1373927,무더위쉼터(도로명주소 일치),도로명주소,성심경로당,서울특별시 강동구 천중로40길 66
주민센터,길동 주민센터,서울특별시 강동구 길동,1,서울특별시 천호대로 1183,37.53466,127.1426082,무더위쉼터(도로명주소 일치),도로명주소,길동주민센터,서울특별시 강동구 천호대로 1183 (길동)
경로당,둔촌2동,서울특별시 강동구 둔촌동,1,강동구 천호대로 188길 39,37.53228,127.14322,무더위쉼터(도로명주소 일치),도로명주소,둔촌2동경로당,서울특별시 강동구 천호대로188길 39 (둔촌동)
경로당,둔촌동아A,서울특별시 강동구 둔촌동,1,"강동구 동남로49길 60-5(둔촌동, 동아아파트)",37.533204,127.145926,무더위쉼터(도로명주소 일치),도로명주소,둔촌동아아파트경로당,서울특별시 강동구 동남로49길 60-5 (동아아파트 102동)
경로당,둔촌신동아A,서울특별시 강동구 둔촌동,1,"강동구 양재대로96길 79(둔촌동, 둔촌신동아아파트)",37.529153,127.141841,무더위쉼터(도로명주소 일치),도로명주소,둔촌신동아(아)경로당,서울특별시 강동구 양재대로96길 79 (둔촌신동아아파트 관리동)
경로당,둔촌푸르지오A,서울특별시 강동구 둔촌동,1,"강동구 명일로 172(둔촌동, 둔촌푸르지오아파트)",37.534424,127.147185,무더위쉼터(도로명주소 일치),도로명주소,둔촌푸르지오아파트경로당,"서울특별시 강동구 명일로 172 (둔촌푸르지오아파트 관리실,노인정)"
경로당,둔촌하이츠A,서울특별시 강동구 둔촌동,1,"강동구 명일로 113(둔촌동, 둔촌하이츠아파트)",37.529484,127.142378,무더위쉼터(도로명주소 일치),도로명주소,둔촌하이츠아파트경로당,서울특별시 강동구 명일로 113 (둔촌하이츠아파트 노인정)
경로당,둔촌현대1차A,서울특별시 강동구 둔촌동,1,서울특별시 강동구 동남로49길 57,37.532044,127.145962,무더위쉼터(도로명주소 일치),도로명주소,더샵둔촌포레경로당,서울특별시 강동구 동남로49길 57 (더샵 둔촌포레 관리사무소)
경로당,둔촌현대3차A,서울특별시 강동구 둔촌동,1,"강동구 진황도로 211(둔촌동, 현대3차아파트)",37.527394,127.144804,무더위쉼터(도로명주소 일치),도로명주소,둔촌현대3차아파트경로당,서울특별시 강동구 진황도로 211 (현대아파트 경로당)
경로당,둔촌현대4차A,서울특별시 강동구 둔촌동,1,"강동구 진황도로61길 7(둔촌동, 현대4차아파트)",37.52978,127.143404,무더위쉼터(도로명주소 일치),도로명주소,둔촌현대4차아파트경로당,서울특별시 강동구 진황도로61길 7 (둔촌동현대아파트 101동)
경로당,선린,서울특별시 강동구 둔촌동,1,강동구 명일로10나길 5(둔촌동),37.5315248,127.1446029,무더위쉼터(도로명주소 일치),도로명주소,선린경로당,"서울특별시 강동구  명일로10나길  5 , 선린경로당 (둔촌동)"
경로당,신성둔촌미소지움1차A,서울특별시 강동구 둔촌동,1,"강동구 명일로 102(둔촌동, 신성둔촌미소지움)",37.527866,127.142777,무더위쉼터(도로명주소 일치),도로명주소,신성둔촌미소지움2차(아)경로당,서울특별시 강동구 명일로 102 (둔촌동)
경로당,신성둔촌미소지움2차A,서울특별시 강동구 둔촌동,1,"강동구 진황도로 212(둔촌동, 신성둔촌미소지움2차)",37.527386,127.143615,무더위쉼터(도로명주소 일치),도로명주소,신성둔촌미소지움1차(아)경로당,서울특별시 강동구 진황도로 212 (신성둔촌미소지움)
경로당,약수,서울특별시 강동구 둔촌동,1,강동구 진황도로 150-8(둔촌동),37.5327943,127.1408627,무더위쉼터(도로명주소 일치),도로명주소,약수경로당,서울특별시 강동구 진황도로 150-8
경로당,한솔솔파크,서울특별시 강동구 둔촌동,1,"강동구 천호대로198길 36(둔촌동, 둔촌한솔솔파크)",37.533904,127.14806,무더위쉼터(도로명주소 일치),도로명주소,한솔솔파크경로당,서울특별시 강동구 천호대로198길 36 (둔촌동)
도서관(공공도서관),둔촌도서관,서울특별시 강동구 둔촌동,1,"서울특별시 강동구 동남로49길 21-8(둔촌동, 둔촌도서관)",37.5317359,127.1483674,전국도서관표준데이터,도로명주소,둔촌도서관,서울특별시 강동구 동남로49길 21-8 (강동구립둔촌도서관)
주민센터,둔촌2동 주민센터,서울특별시 강동구 둔촌동,1,서울특별시 천호대로186길 7,37.5333444,127.1419499,무더위쉼터(도로명주소 일치),도로명주소,둔촌2동주민센터,"서울특별시 강동구  천호대로186길  7 , 둔촌제2동주민센터 (둔촌동)"
주민센터,둔촌1동 주민센터,서울특별시 강동구 둔촌제1동주민센터 둔촌제1동주민센터,1,서울특별시 양재대로84길 31,37.523421,127.136695,무더위쉼터(도로명주소 일치),도로명주소,둔촌1동주민센터,서울특별시 강동구 양재대로84길 31 (둔촌제1동주민센터 둔촌제1동주민센터)
경로당,래미안 솔베뉴A,서울특별시 강동구 명일동,1,"강동구 양재대로 1650(명일동, 래미안솔베뉴)",37.552821,127.145465,무더위쉼터(도로명주소 일치),도로명주소,래미안솔베뉴아파트경로당,서울특별시 강동구 양재대로 1650 (래미안 솔베뉴)
경로당,명일1동우성A,서울특별시 강동구 명일동,1,"고덕로38길 34-9(명일동, 우성아파트)",37.55289,127.141989,무더위쉼터(도로명주소 일치),도로명주소,명일1동우성아파트경로당,서울특별시 강동구 고덕로38길 34-9 (우성아파트 101동)
경로당,명일신동아A,서울특별시 강동구 명일동,1,"강동구 고덕로 240(명일동, 신동아아파트)",37.553672,127.152206,무더위쉼터(도로명주소 일치),도로명주소,명일신동아아파트경로당,서울특별시 강동구 고덕로 240 (신동아아파트 노인정)
경로당,명일주공9단지A,서울특별시 강동구 명일동,1,"강동구 상암로 251(명일동, 고덕주공아파트)",37.547925,127.150748,무더위쉼터(도로명주소 일치),도로명주소,명일주공9단지아파트경로당,서울특별시 강동구 상암로 251 (고덕주공아파트 910동)
경로당,명일지에스,서울특별시 강동구 명일동,1,"강동구 상암로51길 54(명일동, 지에스아파트)",37.548896,127.146834,무더위쉼터(도로명주소 일치),도로명주소,명일지에스아파트경로당,서울특별시 강동구 상암로51길 54 (명일지에스아파트)
경로당,삼익2차A,서울특별시 강동구 명일동,1,"강동구 고덕로 210(명일동, 삼익그린맨션)",37.553295,127.148459,무더위쉼터(도로명주소 일치),도로명주소,삼익2차아파트경로당,서울특별시 강동구 고덕로 210 (삼익그린맨션302동)
경로당,샘물,서울특별시 강동구 명일동,1,강동구 천중로49길 104(명일동),37.545277,127.144702,무더위쉼터(도로명주소 일치),도로명주소,명일1동경로당,서울특별시 강동구 천중로49길 104 (샘물경로당)
경로당,원터골,서울특별시 강동구 명일동,1,강동구 동남로65길 46-8(명일동),37.5481638,127.1536699,무더위쉼터(도로명주소 일치),도로명주소,원터골경로당,서울특별시 강동구 동남로65길 46-8
주민센터,명일1동 주민센터,서울특별시 강동구 명일동,1,서울특별시 양재대로 1634,37.5514,127.1442,무더위쉼터(도로명주소 일치),도로명주소,명일1동주민센터,서울특별시 강동구 양재대로 1634 (명일동)
주민센터,명일2동 주민센터,서울특별시 강동구 명일동,1,서울특별시 상암로 260,37.5463648,127.1513532,무더위쉼터(도로명주소 일치),도로명주소,명일2동주민센터,"서울특별시 강동구  상암로  260 , 명일제2동주민센터 (명일동)"
경로당,강동리엔파크 11단지,서울특별시 강동구 상일동,1,"강동구 고덕로 98길 101(상일동, 강동리엔파크11단지)",37.5537576,127.1809074,무더위쉼터(도로명주소 일치),도로명주소,강동리엔파크11단지경로당,"서울특별시 강동구 고덕로98길 101 (상일동, 강동리엔파크11단지)"
경로당,강동리엔파크 13단지,서울특별시 강동구 상일동,1,"강동구 고덕로98길 161(상일동, 강동리엔파크13단지)",37.5519182,127.1815646,무더위쉼터(도로명주소 일치),도로명주소,강동리엔파크13단지경로당,"서울특별시 강동구 고덕로98길 161 (상일동, 강동리엔파크13단지)"
경로당,강동리엔파크 14단지,서울특별시 강동구 상일동,1,"서울특별시 강동구 고덕로98길 160(상일동, 강동리엔파크14단지)",37.551427,127.1805051,무더위쉼터(도로명주소 일치),도로명주소,강동리엔파크14단지경로당,"서울특별시 강동구 고덕로98길 160 (상일동, 강동리엔파크14단지)"
경로당,게내,서울특별시 강동구 상일동,1,"강동구 천호대로219길 72, 2층",37.5489836,127.1710813,무더위쉼터(도로명주소 일치),도로명주소,게내경로당,서울특별시 강동구 천호대로219길 72
경로당,"고덕 아르테온2A, 고덕 아르테온A",서울특별시 강동구 상일동,2,"고덕로 360(상일동, 고덕아르테온)",37.55608,127.166793,무더위쉼터(도로명주소 일치),도로명주소,고덕아르테온제2경로당,서울특별시 강동구 고덕로 360 (고덕아르테온 339동)
경로당,고덕리엔파크3단지,서울특별시 강동구 상일동,1,"강동구 상일로 74(상일동, 고덕리엔파크3단지아파트)",37.55266,127.176626,무더위쉼터(도로명주소 일치),도로명주소,고덕리엔파크3단지경로당,서울특별시 강동구 상일로 74 (고덕리엔파크3단지아파트 331동)
경로당,고덕센트럴아이파크,서울특별시 강동구 상일동,1,"서울특별시 강동구 고덕로80길99(상일동, 고덕센트럴아이파크)",37.552258,127.166675,무더위쉼터(도로명주소 일치),도로명주소,고덕센트럴아이파크경로당,서울특별시 강동구 고덕로80길 99
경로당,고덕숲아이파크,서울특별시 강동구 상일동,1,"강동구 고덕로80길 134, 105동 지하1층(상일동)",37.551226,127.164661,무더위쉼터(도로명주소 일치),도로명주소,고덕숲아이파크경로당,서울특별시 강동구 고덕로80길 134 (고덕숲아이파크 105동)
경로당,고덕자이A,서울특별시 강동구 상일동,1,"강동구 상일로 55(상일동, 고덕자이아파트)",37.552261,127.170834,무더위쉼터(도로명주소 일치),도로명주소,고덕자이아파트경로당,서울특별시 강동구 상일로 55 (상일동)
경로당,상일1동제2,서울특별시 강동구 상일동,1,강동구 상암로 413,37.5457707,127.1687241,무더위쉼터(도로명주소 일치),도로명주소,상일1동제2경로당,서울특별시 강동구 상암로 413
경로당,상일동,서울특별시 강동구 상일동,1,강동구 상일로5길 26(상일동),37.5492728,127.1714689,무더위쉼터(도로명주소 일치),도로명주소,상일동경로당,서울특별시 강동구 상일로5길 26
경로당,상일중앙하이츠,서울특별시 강동구 상일동,1,"강동구 구천면로 557(상일동, 명일중앙하이츠아파트)",37.550661,127.159823,무더위쉼터(도로명주소 일치),도로명주소,명일중앙하이츠경로당,서울특별시 강동구 구천면로 557 (명일중앙하이츠아파트)
주민센터,상일1동 주민센터,서울특별시 강동구 상일동,1,서울특별시 강동구 구천면로 633,37.5505955,127.1682581,무더위쉼터(도로명주소 일치),도로명주소,상일1동주민센터,서울특별시 강동구 구천면로 633 (상일동)
경로당,분토골,서울특별시 강동구 성내동,1,강동구 천호대로168길 18-11(성내동),37.534983,127.131515,무더위쉼터(도로명주소 일치),도로명주소,성내분토골경로당,서울특별시 강동구 천호대로168길 18-11
경로당,선린공원,서울특별시 강동구 성내동,1,"강동구 양재대로91길 59, 2층(성내동)",37.52836,127.132812,무더위쉼터(도로명주소 일치),도로명주소,선린공원경로당,서울특별시 강동구 양재대로91길 59 (성내3동파출소)
경로당,성내1동,서울특별시 강동구 성내동,1,강동구 성내로3가길 71(성내동),37.5294516,127.1265382,무더위쉼터(도로명주소 일치),도로명주소,성내1동경로당,"서울특별시 강동구  성내로3가길  71 , 구립성내1동경로당 (성내동)"
경로당,성내2동,서울특별시 강동구 성내동,1,강동구 올림픽로62길 35(성내동),37.5365389,127.1248032,무더위쉼터(도로명주소 일치),도로명주소,성내2동경로당,서울특별시 강동구 올림픽로62길 35
경로당,성내3동제1,서울특별시 강동구 성내동,1,강동구 양재대로97길 41(성내동),37.5313526,127.1347868,무더위쉼터(도로명주소 일치),도로명주소,성내3동제1경로당,서울특별시 강동구  양재대로97길  41   (성내동)
경로당,성내3동제2,서울특별시 강동구 성내동,1,강동구 양재대로85길 59(성내동),37.5247179,127.1313132,무더위쉼터(도로명주소 일치),도로명주소,성내3동제2경로당,"서울특별시 강동구  양재대로85길  59 , 성내3동경로당 (성내동)"
경로당,성내천,서울특별시 강동구 성내동,1,"강동구 성안로3길 112-9, 101(성내동, 에코빌)",37.5285136,127.1240386,무더위쉼터(도로명주소 일치),도로명주소,성내천경로당,서울특별시 강동구 성안로3길 112-9
경로당,안말,서울특별시 강동구 성내동,1,강동구 풍성로45길 11(성내동),37.5314585,127.129927,무더위쉼터(도로명주소 일치),도로명주소,안말경로당,서울특별시 강동구 풍성로45길 11
경로당,올림픽파크 한양수자인A,서울특별시 강동구 성내동,1,강동구 성내로 80(성내동),37.526747,127.128195,무더위쉼터(도로명주소 일치),도로명주소,올림픽파크한양수자인경로당,서울특별시 강동구 성내로 80 (올림픽파크한양수자인105동)
경로당,힐데스하임 올림픽파크A,서울특별시 강동구 성내동,1,"강동구 강동대로55길 39(성내동, 힐데스하임 올림픽파크아파트)",37.524096,127.132929,무더위쉼터(도로명주소 일치),도로명주소,힐데스하임올림픽파크아파트경로당,서울특별시 강동구 강동대로55길 39 (힐데스하임 올림픽파크아파트 경로당)
도서관(공공도서관),성내도서관,서울특별시 강동구 성내동,1,"서울특별시 강동구 성안로 106-1 (성내동, 성내도서관)",37.5328463,127.1333283,전국도서관표준데이터,도로명주소,성내도서관,서울특별시 강동구 성안로 106-1 (성내구립도서관)
주민센터,성내1동 주민센터,서울특별시 강동구 성내동,1,서울특별시 성내로 13,37.5304794,127.122458,무더위쉼터(도로명주소 일치),도로명주소,성내1동주민센터,서울특별시 강동구  성내로  13   (성내동)
주민센터,성내2동 주민센터,서울특별시 강동구 성내동,1,서울특별시 천호대로 1050,37.536713,127.128321,무더위쉼터(도로명주소 일치),도로명주소,성내2동주민센터,서울특별시 강동구 천호대로 1050 (그란츠리버파크)
주민센터,성내3동 주민센터,서울특별시 강동구 성내동,1,서울특별시 강동대로53길 76,37.5260424,127.1328857,무더위쉼터(도로명주소 일치),도로명주소,성내3동주민센터,"서울특별시 강동구  강동대로53길  76 , 성내3동주민센터 (성내동)"
경로당,강동롯데캐슬,서울특별시 강동구 암사동,1,"강동구 고덕로 131(암사동, 강동롯데캐슬퍼스트아파트)",37.556623,127.14304,무더위쉼터(도로명주소 일치),도로명주소,강동롯데캐슬경로당,서울특별시 강동구 고덕로 131 (강동롯데캐슬퍼스트아파트 101동)
경로당,강동현대홈타운,서울특별시 강동구 암사동,1,강동구 고덕로27길 36(암사동),37.556715,127.138984,무더위쉼터(도로명주소 일치),도로명주소,강동현대홈타운경로당,서울특별시 강동구 고덕로27길 36 (강동 현대홈타운 관리동)
경로당,강암,서울특별시 강동구 암사동,1,강동구 상암로15길 38-15(암사동),37.5504568,127.1320645,무더위쉼터(도로명주소 일치),도로명주소,강암경로당,서울특별시 강동구  상암로15길  38-15  (암사동)
경로당,구암,서울특별시 강동구 암사동,1,강동구  고덕로 109,37.555,127.1375,무더위쉼터(도로명주소 일치),도로명주소,구암경로당,서울특별시 강동구 고덕로 109 (암사동)
경로당,동원베네스트,서울특별시 강동구 암사동,1,"강동구 고덕로 52-11(암사동, 동원베네스트)",37.554086,127.131067,무더위쉼터(도로명주소 일치),도로명주소,동원베네스트경로당,서울특별시 강동구 고덕로 52-11 (동원베네스트 동원베네스트)
경로당,복지말,서울특별시 강동구 암사동,1,강동구 고덕로16길 46(암사동),37.5526038,127.1329555,무더위쉼터(도로명주소 일치),도로명주소,복지말경로당,서울특별시 강동구 고덕로16길 46
경로당,삼성광나루A,서울특별시 강동구 암사동,1,"강동구 상암로3길 77(암사동, 삼성광나루아파트)",37.554033,127.12715,무더위쉼터(도로명주소 일치),도로명주소,삼성광나루아파트경로당,"서울특별시 강동구 상암로3길 77 (삼성 광나루 아파트 관리동,노인정,주민공동시설)"
경로당,새장터,서울특별시 강동구 암사동,1,강동구 암사1가길 16(암사동),37.5521271,127.1305781,무더위쉼터(도로명주소 일치),도로명주소,새장터경로당,"서울특별시 강동구  암사1가길  16 , 502-95 (암사동)"
경로당,서원마을,서울특별시 강동구 암사동,1,강동구 올림픽로 936(암사동),37.5640064,127.1333787,무더위쉼터(도로명주소 일치),도로명주소,서원마을경로당,서울특별시 강동구 올림픽로 936
경로당,선사현대A,서울특별시 강동구 암사동,1,"강동구 상암로 11(암사동, 선사현대아파트)",37.550986,127.126483,무더위쉼터(도로명주소 일치),도로명주소,선사현대아파트상가한솔마트,서울특별시 강동구 상암로 11 (선사현대아파트 101동)
경로당,암사1동제1,서울특별시 강동구 암사동,1,강동구 구천면로59길 19(암사동),37.5507745,127.1379406,무더위쉼터(도로명주소 일치),도로명주소,암사1동제1경로당,"서울특별시 강동구  구천면로59길  19 , 지하동제2호 (암사동)"
경로당,암사1동제2,서울특별시 강동구 암사동,1,강동구 고덕로24길 23(암사동),37.5536386,127.1357187,무더위쉼터(도로명주소 일치),도로명주소,암사1동제2경로당,"서울특별시 강동구  고덕로24길  23 , 암사동제2경로당 (암사동)"
경로당,암사1동제3,서울특별시 강동구 암사동,1,강동구 암사13길 13-3(암사동),37.5525923,127.1367444,무더위쉼터(도로명주소 일치),도로명주소,암사1동제3경로당,"서울특별시 강동구  암사13길  13-3, 암사4동 제3경로당 (암사동)"
경로당,암사2동제2,서울특별시 강동구 암사동,1,강동구 상암로 12-19(암사동),37.5500207,127.1255454,무더위쉼터(도로명주소 일치),도로명주소,암사2동제2경로당,"서울특별시 강동구  상암로  12-19, 11 (암사동)"
경로당,암사한솔,서울특별시 강동구 암사동,1,"강동구 암사19길 25(암사동, 암사동한솔아파트)",37.552049,127.140225,무더위쉼터(도로명주소 일치),도로명주소,암사한솔아파트경로당,서울특별시 강동구 암사19길 25 (암사동한솔아파트)
경로당,양지마을,서울특별시 강동구 암사동,1,강동구 아리수로25길 58(암사동),37.55929,127.136792,무더위쉼터(도로명주소 일치),도로명주소,양지마을경로당,서울특별시 강동구 아리수로25길 58 (양지마을회관)
경로당,장생,서울특별시 강동구 암사동,1,강동구 상암로23길 7-10(암사동),37.5480222,127.1337938,무더위쉼터(도로명주소 일치),도로명주소,장생경로당,서울특별시 강동구 상암로23길 7-10
경로당,프라이어팰리스A,서울특별시 강동구 암사동,1,"강동구 고덕로 130(암사동, 프라이어팰리스)",37.553554,127.139663,무더위쉼터(도로명주소 일치),도로명주소,프라이어팰리스경로당,서울특별시 강동구 고덕로 130 (암사동)
경로당,한강포스파크,서울특별시 강동구 암사동,1,"강동구 고덕로19길 30(암사동, 한강포스파크아파트)",37.556211,127.134274,무더위쉼터(도로명주소 일치),도로명주소,한강포스파크경로당,서울특별시 강동구 고덕로19길 30 (한강포스파크아파트)
도서관(공공도서관),암사도서관,서울특별시 강동구 암사동,1,"서울특별시 강동구 고덕로20길 42 (암사동, 암사도서관)",37.5528007,127.1333457,전국도서관표준데이터,도로명주소,암사도서관,서울특별시 강동구 고덕로20길 42
주민센터,암사1동 주민센터,서울특별시 강동구 암사동,1,서울특별시 올림픽로98가길 57,37.5514797,127.1326412,무더위쉼터(도로명주소 일치),도로명주소,암사1동주민센터,"서울특별시 강동구  올림픽로98가길  57 , 암사제1동주민센터 (암사동)"
주민센터,암사2동 주민센터,서울특별시 강동구 암사동,1,서울특별시 상암로3길 28,37.5517055,127.1272729,무더위쉼터(도로명주소 일치),도로명주소,암사2동주민센터,서울특별시 강동구 상암로3길 28
주민센터,암사3동 주민센터,서울특별시 강동구 암사동,1,서울특별시 고덕로 137,37.554995,127.1407822,무더위쉼터(도로명주소 일치),도로명주소,암사3동주민센터,"서울특별시 강동구  고덕로  137 , 암사3동 주민센터 (암사동)"
주민센터,천호3동 주민센터,서울특별시 강동구 천호3동주민센터,1,서울특별시 진황도로23길 7,37.53993,127.129785,무더위쉼터(도로명주소 일치),도로명주소,천호3동주민센터,서울특별시 강동구 진황도로23길 7 (천호3동주민센터)
경로당,곡교,서울특별시 강동구 천호동,1,강동구 구천면로39길 23(천호동),37.5454043,127.1318383,무더위쉼터(도로명주소 일치),도로명주소,곡교경로당,서울특별시 강동구 구천면로39길 23
경로당,구사거리,서울특별시 강동구 천호동,1,"강동구 천호대로161길 21, 1층(천호동, 어바니엘)",37.5382,127.1289,무더위쉼터(도로명주소 일치),도로명주소,구사거리경로당,"서울특별시 강동구 천호대로161길 21 (천호동, 어바니엘)"
경로당,당말,서울특별시 강동구 천호동,1,강동구 성안로31길 11(천호동),37.540336,127.1359797,무더위쉼터(도로명주소 일치),도로명주소,당말경로당,서울특별시 강동구  성안로31길  11   (천호동)
경로당,동아하이빌A,서울특별시 강동구 천호동,1,"강동구 구천면로 278(천호동, 동아하이빌아파트)",37.544718,127.134546,무더위쉼터(도로명주소 일치),도로명주소,동아하이빌아파트경로당,서울특별시 강동구 구천면로 278 (동아하이빌아파트 관리사무소)
경로당,래미안강동팰리스,서울특별시 강동구 천호동,1,"강동구 천호대로 1077, 102동 704호(천호동, 래미안강동팰리스)",37.537373,127.132072,무더위쉼터(도로명주소 일치),도로명주소,래미안강동팰리스경로당,서울특별시 강동구 천호대로 1077 (래미안강동팰리스 103동)
경로당,소망,서울특별시 강동구 천호동,1,강동구 구천면로68나길 18(천호동),37.5485031,127.1417025,무더위쉼터(도로명주소 일치),도로명주소,소망경로당,"서울특별시 강동구  구천면로68나길  18 , 가동301 (천호동)"
경로당,쉼터,서울특별시 강동구 천호동,1,강동구 올림픽로89길 27-23(천호동),37.5468002,127.124087,무더위쉼터(도로명주소 일치),도로명주소,쉼터경로당,"서울특별시 강동구  올림픽로89길  27-23, 천호동쉼터데이케어센터 (천호동)"
경로당,십자성,서울특별시 강동구 천호동,1,강동구 상암로28길 24(천호동),37.5450771,127.1370663,무더위쉼터(도로명주소 일치),도로명주소,십자성경로당,서울특별시 강동구 상암로28길 24 (천호동)
경로당,천삼,서울특별시 강동구 천호동,1,강동구 진황도로 13(천호동),37.5399039,127.1292171,무더위쉼터(도로명주소 일치),도로명주소,천삼경로당,서울특별시 강동구  진황도로  13   (천호동)
경로당,천호1동,서울특별시 강동구 천호동,1,강동구 구천면로36길 9-4(천호동),37.5429385,127.1324178,무더위쉼터(도로명주소 일치),도로명주소,천호1동경로당,"서울특별시 강동구  구천면로36길  9-4, 103-601 (천호동)"
경로당,천호2동,서울특별시 강동구 천호동,1,강동구 구천면로13길 21(천호동),37.5429708,127.1225191,무더위쉼터(도로명주소 일치),도로명주소,천호2동경로당,"서울특별시 강동구  구천면로13길  21 , 천호경로당 (천호동)"
경로당,천호문구거리,서울특별시 강동구 천호동,1,강동구 구천면로18길 24(천호동),37.5406534,127.1225878,무더위쉼터(도로명주소 일치),도로명주소,천호문구거리경로당,서울특별시 강동구 구천면로18길 24
경로당,"천호삼성A(남), 천호삼성A(여)",서울특별시 강동구 천호동,2,"강동구 성안로25길 6(천호동, 삼성아파트)",37.538756,127.135203,무더위쉼터(도로명주소 일치),도로명주소,천호삼성아파트(할아버지)경로당,서울특별시 강동구 성안로25길 6 (삼성아파트)
경로당,천호성원A,서울특별시 강동구 천호동,1,"강동구 진황도로31길 26(천호동, 성원아파트)",37.538744,127.134216,무더위쉼터(도로명주소 일치),도로명주소,천호성원아파트경로당,서울특별시 강동구 진황도로31길 26 (성원아파트)
경로당,천호중앙A,서울특별시 강동구 천호동,1,"강동구 구천면로41길 79(천호동, 중앙하이츠아파트)",37.547424,127.130004,무더위쉼터(도로명주소 일치),도로명주소,천호중앙하이츠아파트경로당,서울특별시 강동구 구천면로41길 79 (중앙하이츠101동)
경로당,"천호태영A제2, 천호태영A제1",서울특별시 강동구 천호동,2,"강동구 천호대로 1055(천호동, 태영아파트)",37.5387373,127.1301225,무더위쉼터(도로명주소 일치),도로명주소,천호태영A제2경로당,"서울특별시 강동구 천호대로 1055 (천호동, 천호태영아파트)"
경로당,천호한신A,서울특별시 강동구 천호동,1,"강동구 구천면로42길 16(천호동, 천호한신아파트)",37.545811,127.134731,무더위쉼터(도로명주소 일치),도로명주소,천호한신아파트경로당,서울특별시 강동구 구천면로42길 16 (한신아파트)
경로당,천호현대타워,서울특별시 강동구 천호동,1,"강동구 천호대로 1095, 24층(천호동, 현대타워아파트)",37.535954,127.133676,무더위쉼터(도로명주소 일치),도로명주소,천호현대타워(아)경로당,서울특별시 강동구 천호대로 1095 (현대코아아파트)
경로당,해공,서울특별시 강동구 천호동,1,강동구 천중로12길 23-23(천호동),37.5438117,127.1284059,무더위쉼터(도로명주소 일치),도로명주소,해공경로당,서울특별시 강동구 천중로12길 23-23 (천호동)
도서관(공공도서관),천호도서관,서울특별시 강동구 천호동,1,"서울특별시 강동구 성안로31마길 1(천호동, 천호도서관)",37.540522,127.1340837,전국도서관표준데이터,도로명주소,천호도서관,서울특별시 강동구 성안로31마길 1 (천호3동제2공영주차장)
도서관(공공도서관),해공도서관,서울특별시 강동구 천호동,1,"서울특별시 강동구 올림픽로 702 (천호동, 해공공원)",37.5439477,127.1255384,전국도서관표준데이터,도로명주소,해공도서관,서울특별시 강동구 올림픽로 702
주민센터,천호1동 주민센터,서울특별시 강동구 천호동,1,서울특별시 구천면로42길 59,37.5450202,127.1367984,무더위쉼터(시설명 일치),시설명,천호1동주민센터,"서울특별시 강동구  구천면로42길  59 , 천호1파출소, 천호1동주민센터 (천호동)"
주민센터,천호2동 주민센터,서울특별시 강동구 천호동,1,서울특별시 올림픽로80길 60,37.542453,127.128341,무더위쉼터(도로명주소 일치),도로명주소,천호2동주민센터,서울특별시 강동구 올림픽로80길 60
경로당,건양경로당,서울특별시 강북구 미아동,1,서울특별시 강북구 삼양로38길 8-9 (미아동),37.62068,127.02133,무더위쉼터(도로명주소 일치),도로명주소,건양경로당,서울특별시 강북구 삼양로38길 8-9
경로당,경남아너스빌아파트경로당,서울특별시 강북구 미아동,1,"서울특별시 강북구 오패산로30길 30 (미아동, 경남아너스빌아파트)",37.615229,127.035248,무더위쉼터(도로명주소 일치),도로명주소,경남아너스빌(아)경로당,서울특별시 강북구 오패산로30길 30 (경남아너스빌)
경로당,구봉경로당,서울특별시 강북구 미아동,1,"서울특별시 강북구 오현로9길 97 (미아동, 월드아트빌) 101호",37.6209111,127.03293,무더위쉼터(시설명 일치),시설명,구봉경로당,"서울특별시 강북구 오현로9길 97 (미아동, 월드아트빌)"
경로당,꿈의숲롯데캐슬아파트경로당,서울특별시 강북구 미아동,1,"서울특별시 강북구 오현로 56 (미아동, 꿈의숲롯데캐슬)",37.617191,127.036818,무더위쉼터(도로명주소 일치),도로명주소,꿈의숲롯데캐슬(아)경로당,서울특별시 강북구 오현로 56 (꿈의숲 롯데캐슬 105동)
경로당,꿈의숲해링턴플레이스아파트경로당,서울특별시 강북구 미아동,1,"서울특별시 강북구 오현로 45 (미아동, 꿈의숲해링턴플레이스)",37.618721,127.033873,무더위쉼터(도로명주소 일치),도로명주소,꿈의숲해링턴플레이스(아)경로당,서울특별시 강북구 오현로 45 (꿈의숲 해링턴 플레이스)
경로당,래미안트리베라1차아파트경로당,서울특별시 강북구 미아동,1,"서울특별시 강북구 삼양로19길 25 (미아동, 삼성 래미안 트리베라 1차)",37.614269,127.0208,무더위쉼터(도로명주소 일치),도로명주소,래미안트리베라1차(아)경로당,서울특별시 강북구 삼양로19길 25 (삼성래미안트리베라1차아파트 119동)
경로당,미동경로당,서울특별시 강북구 미아동,1,서울특별시 강북구 삼양로74길 74(미아동),37.6301478,127.0220201,무더위쉼터(도로명주소 일치),도로명주소,미동경로당,서울특별시 강북구 삼양로74길 74 (미아동)
경로당,미송경로당,서울특별시 강북구 미아동,1,서울특별시 강북구 인수봉로 42 (미아동),37.623794,127.0129864,무더위쉼터(도로명주소 일치),도로명주소,미송경로당,서울특별시 강북구 인수봉로 42 (미아동)
경로당,미아경로당,서울특별시 강북구 미아동,1,서울특별시 강북구 솔매로 147-11 (미아동),37.6274542,127.0285432,무더위쉼터(도로명주소 일치),도로명주소,미아경로당,서울특별시 강북구 솔매로 147-11 (미아동)
경로당,미양할머니경로당,서울특별시 강북구 미아동,1,서울특별시 강북구 삼양로35가길 7-4 (미아동),37.6206923,127.0193915,무더위쉼터(도로명주소 일치),도로명주소,미양할머니경로당,서울특별시 강북구 삼양로35가길 7-4 (미아동)
경로당,방천경로당,서울특별시 강북구 미아동,1,서울특별시 강북구 월계로7길 39-9 (미아동),37.612419,127.0331566,무더위쉼터(도로명주소 일치),도로명주소,방천경로당,서울특별시 강북구 월계로7길 39-9 (미아동)
경로당,벽오산경로당,서울특별시 강북구 미아동,1,서울특별시 강북구 월계로21나길 30 (미아동),37.6155997,127.0381214,무더위쉼터(도로명주소 일치),도로명주소,벽오산경로당,서울특별시 강북구 월계로21나길 30 (미아동)
경로당,"삼각산암산아파트경로당, 삼각산아이원아파트경로당",서울특별시 강북구 미아동,2,"서울특별시 강북구 삼양로19길 113 (미아동, 삼각산아이원아파트)",37.615433,127.016798,무더위쉼터(도로명주소 일치),도로명주소,삼각산아이원(아)경로당,서울특별시 강북구 삼양로19길 113 (삼각산아이원아파트 노인정)
경로당,삼일경로당,서울특별시 강북구 미아동,1,서울특별시 강북구 삼양로41길 61 (미아동),37.6215081,127.0167817,무더위쉼터(도로명주소 일치),도로명주소,삼일경로당,서울특별시 강북구 삼양로41길 61 (미아동)
경로당,송암경로당,서울특별시 강북구 미아동,1,서울특별시 강북구 삼양로24길 4-6 (미아동),37.6163306,127.0224841,무더위쉼터(도로명주소 일치),도로명주소,송암경로당,서울특별시 강북구 삼양로24길 4-6 (미아동)
경로당,송중경로당,서울특별시 강북구 미아동,1,서울특별시 강북구 도봉로34길 25-3 (미아동),37.6223791,127.0294927,무더위쉼터(도로명주소 일치),도로명주소,송중경로당,서울특별시 강북구 도봉로34길 25-3 (미아동)
경로당,송천경로당,서울특별시 강북구 미아동,1,서울특별시 강북구 솔샘로60길 18-12 (미아동),37.6180387,127.0243348,무더위쉼터(도로명주소 일치),도로명주소,송천경로당,서울특별시 강북구 솔샘로60길 18-12 (미아동)
경로당,숭인경로당,서울특별시 강북구 미아동,1,서울특별시 강북구 삼양로16길 25 (미아동),37.6130543,127.0235704,무더위쉼터(도로명주소 일치),도로명주소,숭인경로당,서울특별시 강북구 삼양로16길 25 (미아동)
경로당,실개울경로당,서울특별시 강북구 미아동,1,서울특별시 강북구 삼양로47길 37(미아동) 1층,37.6226723,127.0169319,무더위쉼터(시설명 일치),시설명,실개울경로당,서울특별시 강북구 삼양로47길 37 (미아동)
경로당,오패산경로당,서울특별시 강북구 미아동,1,서울특별시 강북구 오패산로52다길 55(미아동),37.6224067,127.0332572,무더위쉼터(도로명주소 일치),도로명주소,오패산경로당,"서울특별시 강북구 오패산로52다길 55 (미아동, 범신주택)"
경로당,요한경로당,서울특별시 강북구 미아동,1,"서울특별시 강북구 도봉로49길?62 (미아동, 미아3동천주교교회)",37.624712,127.022968,무더위쉼터(시설명 일치),시설명,요한경로당,서울특별시 강북구 도봉로49길 62
경로당,운산경로당,서울특별시 강북구 미아동,1,서울특별시 강북구 도봉로72길 14-4 (미아동),37.6319109,127.0250429,무더위쉼터(도로명주소 일치),도로명주소,운산경로당,서울특별시 강북구 도봉로72길 14-4 (미아동)
경로당,원송경로당,서울특별시 강북구 미아동,1,서울특별시 강북구 오패산로 156-3(미아동),37.6157505,127.0338298,무더위쉼터(도로명주소 일치),도로명주소,원송경로당,서울특별시 강북구 오패산로 156-3 (미아동)
경로당,율곡경로당,서울특별시 강북구 미아동,1,서울특별시 강북구 오패산로52아길 11 (미아동),37.62704,127.0311905,무더위쉼터(도로명주소 일치),도로명주소,율곡경로당,서울특별시 강북구 오패산로52아길 11 (미아동)
경로당,은혜경로당,서울특별시 강북구 미아동,1,서울특별시 강북구 삼양로63가길 7-26 (미아동) 스카이팰리스11A 101호,37.6272716,127.0160684,무더위쉼터(도로명주소 일치),도로명주소,은혜경로당,"서울특별시 강북구 삼양로63가길 7-26 (미아동, 스카이팰리스 11A)"
경로당,청암경로당,서울특별시 강북구 미아동,1,서울특별시 강북구 솔매로22길 11 (미아동),37.624735,127.016998,무더위쉼터(도로명주소 일치),도로명주소,청암경로당,서울특별시 강북구 솔매로22길 11
경로당,큰마을효심경로당,서울특별시 강북구 미아동,1,서울특별시 강북구 삼양로54길 60 (미아동),37.6232608,127.0213522,무더위쉼터(도로명주소 일치),도로명주소,큰마을효심경로당,서울특별시 강북구 삼양로54길 60 (미아동)
경로당,팔팔 경로당,서울특별시 강북구 미아동,1,서울특별시 강북구 인수봉로 36 (미아동),37.623229,127.0132726,무더위쉼터(도로명주소 일치),도로명주소,팔팔경로당,서울특별시 강북구 인수봉로 36
경로당,한빛경로당,서울특별시 강북구 미아동,1,서울특별시 강북구 솔매로43길 25 (미아동),37.6269019,127.0237313,무더위쉼터(도로명주소 일치),도로명주소,한빛경로당,서울특별시 강북구 솔매로43길 25 (미아동)
경로당,한일유앤아이아파트경로당,서울특별시 강북구 미아동,1,"서울특별시 강북구 월계로21가길 41 (미아동, 미아한일유앤아이)",37.615575,127.037075,무더위쉼터(도로명주소 일치),도로명주소,한일유앤아이(아)경로당,서울특별시 강북구 월계로21가길 41 (미아한일유앤아이)
도서관(공공도서관),강북청소년문화정보도서관,서울특별시 강북구 미아동,1,서울특별시 강북구 삼양로54길 68 (미아동),37.6230803,127.0215541,전국도서관표준데이터,도로명주소,강북청소년문화정보도서관,서울특별시 강북구 삼양로54길 68 (강북청소년문화정보도서관)
주민센터,삼양동 주민센터,서울특별시 강북구 미아동,1,서울특별시 강북구 솔매로69(미아동),37.6249773,127.0199065,무더위쉼터(도로명주소 일치),도로명주소,삼양동주민센터,서울특별시 강북구 솔매로 69 (미아동)
주민센터,송중동 주민센터,서울특별시 강북구 미아동,1,서울특별시 강북구 오패산로 162(미아동),37.616097,127.033751,무더위쉼터(도로명주소 일치),도로명주소,송중동주민센터,서울특별시 강북구 오패산로 162
주민센터,송천동 주민센터,서울특별시 강북구 미아동,1,서울특별시 강북구 솔샘로 284(미아동),37.618268,127.023834,무더위쉼터(도로명주소 일치),도로명주소,송천동주민센터,서울특별시 강북구 솔샘로 284
주민센터/도서관(공공도서관),"미아동 주민센터, 미아문화정보도서관",서울특별시 강북구 미아동,2,서울특별시 강북구 솔매로49길 14(미아동),37.627063,127.026967,무더위쉼터(도로명주소 일치),도로명주소,미아문화정보도서관,"서울특별시 강북구 솔매로49길 14 (미아동복합청사, 미아문화정보도서관)"
주민센터/도서관(공공도서관),"삼각산동 주민센터, 삼각산어린이도서관",서울특별시 강북구 미아동,2,서울특별시 강북구 삼양로19길 34(미아동),37.6151481,127.0207409,무더위쉼터(도로명주소 일치),도로명주소,삼각산동주민센터,서울특별시 강북구 삼양로19길 34
경로당,골말경로당,서울특별시 강북구 번동,1,서울특별시 강북구 한천로109길 57-12 (번동),37.626881,127.041326,무더위쉼터(도로명주소 일치),도로명주소,골말경로당,서울특별시 강북구 한천로109길 57-12
경로당,교육촌경로당,서울특별시 강북구 번동,1,서울특별시 강북구 오현로25다길 36 (번동),37.627086,127.035455,무더위쉼터(도로명주소 일치),도로명주소,교육촌경로당,서울특별시 강북구 오현로25다길 36
경로당,두산위브아파트경로당,서울특별시 강북구 번동,1,"서울특별시 강북구 덕릉로41길 15 (번동, 수유역 두산위브 아파트)",37.635778,127.032625,무더위쉼터(시설명 일치),시설명,두산위브아파트경로당,서울특별시 강북구 덕릉로41길 12 (수유역 두산위브 아파트 1)
경로당,번1동경로당,서울특별시 강북구 번동,1,서울특별시 강북구 덕릉로41길 92 (번동),37.638224,127.028037,무더위쉼터(도로명주소 일치),도로명주소,번1동경로당,서울특별시 강북구 덕릉로41길 92
경로당,번남경로당,서울특별시 강북구 번동,1,서울특별시 강북구 강북구 오패산로77길 29-7 (번동),37.636157,127.0257443,무더위쉼터(시설명 일치),시설명,번남경로당,서울특별시 강북구 오패산로77길 29-7 (번동)
경로당,번동삼성아파트경로당,서울특별시 강북구 번동,1,"서울특별시 강북구 도봉로98길 33 (번동, 삼성아파트)",37.641957,127.03156,무더위쉼터(도로명주소 일치),도로명주소,번동삼성아파트경로당,서울특별시 강북구 도봉로98길 33 (삼성아파트)
경로당,번동주공2단지아파트경로당,서울특별시 강북구 번동,1,"서울특별시 강북구 한천로105길 24 (번동, 번동2단지주공아파트)",37.626701,127.04488,무더위쉼터(도로명주소 일치),도로명주소,번동주공2단지(아)경로당,서울특별시 강북구 한천로105길 24 (번동2단지주공아파트)
경로당,번동주공3단지아파트경로당,서울특별시 강북구 번동,1,"서울특별시 강북구 오현로 208 (번동, 번동3단지주공아파트)",37.628713,127.042758,무더위쉼터(도로명주소 일치),도로명주소,번동주공3단지(아)경로당,서울특별시 강북구 오현로 208 (번동주공아파트)
경로당,번동주공5단지아파트경로당,서울특별시 강북구 번동,1,"서울특별시 강북구 한천로115길 20(번동, 번동주공5단지아파트)",37.632585,127.038113,무더위쉼터(도로명주소 일치),도로명주소,번오마을종합사회복지관,서울특별시 강북구 한천로115길 20 (번동주공5단지아파트)
경로당,샘골경로당,서울특별시 강북구 번동,1,서울특별시 강북구 덕릉로44길 6-4 (번동),37.635035,127.032418,무더위쉼터(도로명주소 일치),도로명주소,샘골경로당,서울특별시 강북구 덕릉로44길 6-4
경로당,샘마을경로당,서울특별시 강북구 번동,1,서울특별시 강북구 오현로31길 125-14(번동),37.6326416,127.0341852,무더위쉼터(도로명주소 일치),도로명주소,샘마을경로당,서울특별시 강북구 오현로31길 125-14 (번동)
경로당,샛강경로당,서울특별시 강북구 번동,1,서울특별시 강북구 도봉로96나길 9-1 (번동),37.6390372,127.0323882,무더위쉼터(도로명주소 일치),도로명주소,샛강경로당,서울특별시 강북구 도봉로96나길 9-1 (번동)
경로당,쌍용아파트경로당,서울특별시 강북구 번동,1,"서울특별시 강북구 한천로124나길 10 (번동, 쌍용아파트)",37.637976,127.03233,무더위쉼터(도로명주소 일치),도로명주소,쌍용아파트경로당,서울특별시 강북구 한천로124나길 10 (쌍용아파트)
경로당,오동경로당,서울특별시 강북구 번동,1,서울특별시 강북구 오현로25나길 92 (번동),37.6256273,127.033276,무더위쉼터(도로명주소 일치),도로명주소,오동경로당,서울특별시 강북구 오현로25나길 92 (번동)
경로당,장수촌경로당,서울특별시 강북구 번동,1,서울특별시 강북구 덕릉로 36길 22-4 (번동),37.633829,127.028185,무더위쉼터(도로명주소 일치),도로명주소,장수촌경로당,서울특별시 강북구 덕릉로36길 22-4
도서관(공공도서관),강북문화정보도서관,서울특별시 강북구 번동,1,서울특별시 강북구 오현로 145 (번동),37.625174,127.0360816,전국도서관표준데이터,도로명주소,강북문화정보도서관,서울특별시 강북구 오현로 145 (강북문화정보도서관)
주민센터,번1동 주민센터,서울특별시 강북구 번동,1,서울특별시 강북구 덕릉로41길 74(번동),37.637862,127.028835,무더위쉼터(도로명주소 일치),도로명주소,번1동주민센터,서울특별시 강북구 덕릉로41길 74
주민센터,번3동 주민센터,서울특별시 강북구 번동,1,서울특별시 강북구 한천로105길 21(번동),37.625825,127.046596,무더위쉼터(도로명주소 일치),도로명주소,번3동주민센터,서울특별시 강북구 한천로105길 21
주민센터/보건소,"번2동 주민센터, 강북구보건소",서울특별시 강북구 번동,2,서울특별시 강북구 한천로 897(번동),37.632068,127.038756,무더위쉼터(도로명주소 일치),도로명주소,번2동주민센터,서울특별시 강북구 한천로 897
경로당,극동아파트경로당,서울특별시 강북구 수유동,1,"서울특별시 강북구 인수봉로72길 4 (수유동, 극동아파트)",37.641625,127.012573,무더위쉼터(도로명주소 일치),도로명주소,극동(아)경로당,서울특별시 강북구 인수봉로72길 4 (극동아파트)
경로당,무너미경로당,서울특별시 강북구 수유동,1,서울특별시 강북구 인수봉로55가길 21 (수유동),37.6358172,127.0099542,무더위쉼터(도로명주소 일치),도로명주소,무너미경로당,서울특별시 강북구 인수봉로55가길 21 (수유동)
경로당,물댐길경로당,서울특별시 강북구 수유동,1,서울특별시 강북구 한천로170가길 4 (수유동),37.648147,127.017426,무더위쉼터(도로명주소 일치),도로명주소,물댐길경로당,서울특별시 강북구 한천로170가길 4
경로당,삼산경로당,서울특별시 강북구 수유동,1,서울특별시 강북구 인수봉로79길 62-4 (수유동),37.643277,127.008289,무더위쉼터(도로명주소 일치),도로명주소,삼산경로당,서울특별시 강북구 인수봉로79길 62-4
경로당,삼흥경로당,서울특별시 강북구 수유동,1,"서울특별시 강북구 삼양로77길 111 (수유동, 삼흥연립2단지)",37.627812,127.012578,무더위쉼터(도로명주소 일치),도로명주소,삼흥경로당,서울특별시 강북구 삼양로77길 111
경로당,상산경로당,서울특별시 강북구 수유동,1,서울특별시 강북구 노해로8길 23 (수유동),37.6383065,127.0239151,무더위쉼터(도로명주소 일치),도로명주소,상산경로당,서울특별시 강북구 노해로8길 23 (수유동)
경로당,수삼경로당,서울특별시 강북구 수유동,1,서울특별시 강북구 삼양로98길 22 (수유동),37.6386718,127.0184192,무더위쉼터(도로명주소 일치),도로명주소,수삼경로당,서울특별시 강북구 삼양로98길 22 (수유동)
경로당,수유2동경로당,서울특별시 강북구 수유동,1,서울특별시 강북구 노해로 23길94 (수유동),37.646798,127.018826,무더위쉼터(도로명주소 일치),도로명주소,수유2동경로당,서울특별시 강북구 노해로23길 94
경로당,수유경로당,서울특별시 강북구 수유동,1,서울특별시 강북구 인수봉로20길 32 (수유동),37.626678,127.012373,무더위쉼터(도로명주소 일치),도로명주소,수유경로당,서울특별시 강북구 인수봉로20길 32
경로당,수유장수경로당,서울특별시 강북구 수유동,1,서울특별시 강북구 삼양로80나길 56 (수유동),37.633316,127.020612,무더위쉼터(도로명주소 일치),도로명주소,수유장수경로당,서울특별시 강북구 삼양로80나길 56
경로당,은모루경로당,서울특별시 강북구 수유동,1,서울특별시 강북구 도봉로95길 38-1 (수유동),37.6422337,127.0270318,무더위쉼터(도로명주소 일치),도로명주소,은모루경로당,서울특별시 강북구 도봉로95길 38-1 (수유동)
경로당,인수경로당,서울특별시 강북구 수유동,1,서울특별시 강북구 인수봉로72길 15-12 (수유동),37.64275,127.012103,무더위쉼터(도로명주소 일치),도로명주소,인수경로당,서울특별시 강북구 인수봉로72길 15-12
경로당,장미원경로당,서울특별시 강북구 수유동,1,서울특별시 강북구 삼양로124길 29-8,37.6460948,127.0167133,무더위쉼터(도로명주소 일치),도로명주소,장미원경로당,서울특별시 강북구 삼양로124길 29-8 (수유동)
경로당,제일경로당,서울특별시 강북구 수유동,1,서울특별시 강북구 삼양로87길 33-8 (수유동),37.635781,127.015627,무더위쉼터(도로명주소 일치),도로명주소,제일경로당,서울특별시 강북구 삼양로87길 33-8 (청소년 청년 공간)
경로당,큰무네미경로당,서울특별시 강북구 수유동,1,서울특별시 강북구 도봉로71가길 30-9 (수유동),37.632566,127.022639,무더위쉼터(도로명주소 일치),도로명주소,큰무네미경로당,서울특별시 강북구 도봉로71가길 30-9
경로당,한신경로당,서울특별시 강북구 수유동,1,서울특별시 강북구 인수봉로48길 5-6 (수유동),37.634314,127.01396,무더위쉼터(도로명주소 일치),도로명주소,한신경로당,서울특별시 강북구 인수봉로48길 5-6
경로당,화계경로당,서울특별시 강북구 수유동,1,서울특별시 강북구 인수봉로38가길 28(수유동),37.631436,127.015663,무더위쉼터(도로명주소 일치),도로명주소,화계경로당,서울특별시 강북구 인수봉로38가길 28
주민센터,수유2동 주민센터,서울특별시 강북구 수유동,1,서울특별시 강북구 한천로 1117(수유동),37.644617,127.019875,무더위쉼터(도로명주소 일치),도로명주소,수유2동주민센터,서울특별시 강북구 한천로 1117
주민센터,수유3동 주민센터,서울특별시 강북구 수유동,1,서울특별시 강북구 노해로 36(수유동),37.638689,127.023136,무더위쉼터(도로명주소 일치),도로명주소,수유3동주민센터,서울특별시 강북구 노해로 36
주민센터,우이동 주민센터,서울특별시 강북구 수유동,1,서울특별시 강북구 삼양로 139길 49(수유동),37.647866,127.011843,무더위쉼터(도로명주소 일치),도로명주소,우이동주민센터,서울특별시 강북구 삼양로139길 49
주민센터,인수동 주민센터,서울특별시 강북구 수유동,1,서울특별시 강북구 인수봉로 255(수유동),37.641458,127.01058,무더위쉼터(도로명주소 일치),도로명주소,인수동주민센터,서울특별시 강북구 인수봉로 255
주민센터/도서관(공공도서관),"수유1동 주민센터, 수유문화정보도서관",서울특별시 강북구 수유동,2,서울특별시 강북구 삼양로 299(수유동),37.630001,127.017529,무더위쉼터(도로명주소 일치),도로명주소,수유1동주민센터,서울특별시 강북구 삼양로 299
경로당,대우아파트경로당,서울특별시 강북구 우이동,1,"서울특별시 강북구 삼양로149길 45 (우이동, 우이동푸르지오)",37.65485,127.011543,무더위쉼터(도로명주소 일치),도로명주소,대우아파트경로당,서울특별시 강북구 삼양로149길 45 (대우아파트)
경로당,백운경로당,서울특별시 강북구 우이동,1,서울특별시 강북구 삼양로159길 9(우이동),37.6574242,127.0129502,무더위쉼터(도로명주소 일치),도로명주소,백운경로당,서울특별시 강북구 삼양로159길 9  (우이동)
경로당,삼각산경로당,서울특별시 강북구 우이동,1,서울특별시 강북구 삼양로 515-21 (우이동),37.648824,127.013315,무더위쉼터(도로명주소 일치),도로명주소,삼각산경로당,서울특별시 강북구 삼양로 515-21
경로당,소귓골경로당,서울특별시 강북구 우이동,1,서울특별시 강북구 삼양로173가길 55 (우이동) 메이트하우스 102동 201호,37.661471,127.009657,무더위쉼터(도로명주소 일치),도로명주소,소귓골경로당,서울특별시 강북구 삼양로173가길 55
경로당,우이경로당,서울특별시 강북구 우이동,1,서울특별시 강북구 삼양로170길 23 (우이동),37.661865,127.013863,무더위쉼터(도로명주소 일치),도로명주소,우이경로당,서울특별시 강북구 삼양로170길 23
경로당,봉제,서울특별시 강서구,1,강서구 까치산로18길 62,37.545054,126.85091,무더위쉼터(도로명주소 일치),도로명주소,봉제어르신사랑방,"서울특별시 강서구 까치산로18길 62 (무궁화공원,봉제경로당)"
도서관(공공도서관),가양도서관,서울특별시 강서구,1,서울특별시 강서구 양천로61길 101,37.5599615,126.8655601,전국도서관표준데이터,도로명주소,가양도서관,"서울특별시 강서구 양천로61길 101 (가양레포츠센터,가양도서관,빗물펌프장)"
도서관(공공도서관),곰달래도서관,서울특별시 강서구,1,서울특별시 강서구 강서로5길 50,37.5290587,126.848899,전국도서관표준데이터,도로명주소,곰달래어르신복지센터,서울특별시 강서구 강서로5길 50 (복지문화센터및공영주차장)
도서관(공공도서관),꿈꾸는어린이도서관,서울특별시 강서구,1,서울특별시 강서구 공항대로 615,37.5473381,126.8733184,전국도서관표준데이터,도로명주소,꿈꾸는어린이도서관,서울특별시 강서구 공항대로 615 (강서평생학습관및 꿈꾸는어린이도서관)
도서관(공공도서관),등빛도서관,서울특별시 강서구,1,서울특별시 강서구 강서로62길 48,37.5624556,126.8423755,전국도서관표준데이터,도로명주소,등빛도서관,서울특별시 강서구 강서로62길 48 (강서구립등빛도서관)
도서관(공공도서관),푸른들청소년도서관,서울특별시 강서구,1,서울특별시 강서구 강서로45다길 71,37.5446709,126.8351791,전국도서관표준데이터,도로명주소,푸른들청소년도서관,"서울특별시 강서구 강서로45다길 71 (화곡3동청소년도서,화곡3동치안센터화곡3치안센터)"
경로당,염창e편한세상,서울특별시 강서구 e편한세상 101동,1,강서구 공항대로 583,37.548629,126.870743,무더위쉼터(도로명주소 일치),도로명주소,e편한세상염창어르신사랑방,서울특별시 강서구 공항대로 583 (e편한세상 101동)
경로당,가양2단지(아),서울특별시 강서구 가양2단지아파트 204동,1,강서구 허준로 47,37.570482,126.847166,무더위쉼터(도로명주소 일치),도로명주소,가양2단지(아)어르신사랑방,서울특별시 강서구 허준로 47 (가양2단지아파트 204동)
경로당,가양(읍내),서울특별시 강서구 가양동,1,강서구 양천로47나길 48-6,37.5723268,126.8400207,무더위쉼터(도로명주소 일치),도로명주소,가양어르신사랑방,서울특별시 강서구  양천로47나길  48-6  (가양동)
경로당,가양4단지,서울특별시 강서구 가양동,1,강서구 양천로57길 37,37.564642,126.8527306,무더위쉼터(도로명주소 일치),도로명주소,가양4종합사회복지관,서울특별시 강서구 양천로57길 37
경로당,가양7종합사회복지관(정우),서울특별시 강서구 가양동,1,강서구 허준로 209,37.5612988,126.862381,무더위쉼터(도로명주소 일치),도로명주소,가양7종합사회복지관,서울특별시 강서구 허준로 209
경로당,한보구암(아),서울특별시 강서구 가양동,1,강서구 허준로 76,37.56816,126.848945,무더위쉼터(도로명주소 일치),도로명주소,한보구암(아)어르신사랑방,"서울특별시 강서구 허준로 76 (한보구암마을아파트 관리사무소, 노인정)"
경로당/도서관(작은도서관),"가양5종합사회복지관(장수), 가람작은도서관",서울특별시 강서구 가양동,2,강서구 양천로57길 36,37.5642,126.8535,무더위쉼터(도로명주소 일치),도로명주소,가양5종합사회복지관,서울특별시 강서구 양천로57길 36
주민센터/도서관(작은도서관),"가양1동 주민센터, 도란도란쉼터작은도서관",서울특별시 강서구 가양동,2,서울특별시 강서구 허준로 30 (가양동),37.5695181,126.8446542,무더위쉼터(도로명주소 일치),도로명주소,가양1동주민센터,서울특별시 강서구 허준로 30
주민센터/도서관(작은도서관),"가양2동 주민센터, 허준마을작은도서관",서울특별시 강서구 가양동,2,서울특별시 강서구 허준로 93,37.5673814,126.8512612,무더위쉼터(도로명주소 일치),도로명주소,가양2동주민센터,서울특별시 강서구 허준로 93
주민센터/도서관(작은도서관),"가양3동 주민센터, 도리샘작은도서관",서울특별시 강서구 가양동,2,서울특별시 강서구 허준로 202,37.561058,126.86054,무더위쉼터(도로명주소 일치),도로명주소,가양3동주민센터,서울특별시 강서구 허준로 202
경로당,가양우성(아),서울특별시 강서구 가양우성아파트 상가동,1,강서구 양천로 489,37.562198,126.854375,무더위쉼터(도로명주소 일치),도로명주소,가양우성(아)어르신사랑방,서울특별시 강서구 양천로 489 (가양우성아파트 상가동)
경로당,강변코아루(아),서울특별시 강서구 강변코아루 상가동,1,강서구 양천로71길 54,37.553243,126.873506,무더위쉼터(도로명주소 일치),도로명주소,강변코아루(아)경로당,서울특별시 강서구 양천로71길 54 (강변코아루 상가동)
경로당,쌍용예가(아),서울특별시 강서구 강서쌍용예가아파트 101동,1,강서구 양천로613,37.555197,126.866237,무더위쉼터(도로명주소 일치),도로명주소,쌍용예가(아)어르신사랑방,서울특별시 강서구 양천로 613 (강서쌍용예가아파트 101동)
경로당,한강자이아파트경로당,서울특별시 강서구 강서한강자이 101동,1,강서구 양천로55길 55,37.566049,126.84876,무더위쉼터(도로명주소 일치),도로명주소,한강자이아파트경로당,서울특별시 강서구 양천로55길 55 (강서한강자이 101동)
경로당,강서힐스테이트(아) 골든클럽,서울특별시 강서구 강서힐스테이트101동,1,강서구 우현로 67,37.546634,126.840035,무더위쉼터(도로명주소 일치),도로명주소,강서힐스테이트(아)골든클럽,서울특별시 강서구 우현로 67 (강서힐스테이트101동)
경로당,내촌,서울특별시 강서구 개화동,1,강서구 개화동로13길 12-8,37.5774711,126.80158,무더위쉼터(도로명주소 일치),도로명주소,내촌어르신사랑방,서울특별시 강서구  개화동로13길  12-8  (개화동)
경로당,공항,서울특별시 강서구 공항동,1,강서구 공항대로2가길 5-3,37.5603833,126.8090426,무더위쉼터(도로명주소 일치),도로명주소,공항어르신사랑방,서울특별시 강서구 공항대로2가길 5-3
경로당,다솔,서울특별시 강서구 공항동,1,강서구 방화대로6길 24-3,37.5548175,126.8181688,무더위쉼터(도로명주소 일치),도로명주소,다솔어르신사랑방,서울특별시 강서구  방화대로6길  24-3  (공항동)
경로당,동부,서울특별시 강서구 공항동,1,강서구 공항대로8길 33-9,37.5595668,126.8128315,무더위쉼터(도로명주소 일치),도로명주소,공항동부어르신사랑방,서울특별시 강서구  공항대로8길  33-9  (공항동)
경로당,장미,서울특별시 강서구 공항동,1,강서구 방화대로7다길 35-18,37.5568565,126.8137981,무더위쉼터(도로명주소 일치),도로명주소,장미어르신사랑방,서울특별시 강서구  방화대로7다길  35-18  (공항동)
주민센터/도서관(작은도서관),"공항동 주민센터, 송정작은도서관",서울특별시 강서구 공항동,2,서울특별시 강서구 송정로 45,37.5588443,126.8100389,무더위쉼터(도로명주소 일치),도로명주소,공항동주민센터,서울특별시 강서구 송정로 45
경로당,강서월드메르디앙(아),서울특별시 강서구 내발산동,1,강서구 공항대로42길 54-26,37.556714,126.843144,무더위쉼터(도로명주소 일치),도로명주소,강서월드메르디앙(아)어르신사랑방,"서울특별시 강서구 공항대로42길 54-26 (강서월드메르디앙아파트 관리사무소 및 경로당,엠디에프실)"
경로당,마곡수명산파크2단지(아),서울특별시 강서구 내발산동,1,강서구 강서로47길 158,37.554421,126.828052,무더위쉼터(도로명주소 일치),도로명주소,마곡수명산파크2단지(아)경로당,서울특별시 강서구 강서로47길 158 (마곡수명산파크2단지아파트 202)
경로당,마곡수명산파크3단지(아),서울특별시 강서구 내발산동,1,강서구 수명로1길 110,37.553346,126.824776,무더위쉼터(도로명주소 일치),도로명주소,마곡수명산파크3단지(아)경로당,서울특별시 강서구 수명로1길 110 (마곡수명산파크3단지아파트 308)
경로당,마곡수명산파크4단지(아),서울특별시 강서구 내발산동,1,강서구 수명로1길 16,37.551241,126.823405,무더위쉼터(도로명주소 일치),도로명주소,마곡수명산파크4단지(아)경로당,서울특별시 강서구 수명로1길 16 (마곡수명산파크4단지아파트 409)
경로당,마곡수명산파크5단지(아),서울특별시 강서구 내발산동,1,강서구 수명로2길 105,37.552087,126.827321,무더위쉼터(도로명주소 일치),도로명주소,마곡수명산파크5단지(아)경로당,서울특별시 강서구 수명로2길 105 (마곡수명산파크5단지아파트 512)
경로당,마곡수명산파크6단지(아),서울특별시 강서구 내발산동,1,강서구 수명로2길 63,37.550371,126.825729,무더위쉼터(도로명주소 일치),도로명주소,마곡수명산파크6단지(아)경로당,서울특별시 강서구 수명로2길 63 (마곡수명산파크6단지아파트603)
경로당,마곡수명산파크7단지(아),서울특별시 강서구 내발산동,1,강서구 수명로2가길 22,37.547987,126.821938,무더위쉼터(도로명주소 일치),도로명주소,마곡수명산파크7단지(아)경로당,서울특별시 강서구 수명로2가길 22 (마곡수명산파크7단지아파트 708)
경로당,발음,서울특별시 강서구 내발산동,1,강서구 강서로47길 61-21,37.552047,126.8331841,무더위쉼터(도로명주소 일치),도로명주소,발음어르신경로당,서울특별시 강서구  강서로47길  61-21  (내발산동)
경로당,우장산신일해피트리,서울특별시 강서구 내발산동,1,강서구 강서로45길 92-5,37.549651,126.832296,무더위쉼터(도로명주소 일치),도로명주소,우장산신일해피트리(아)경로당,서울특별시 강서구 강서로45길 92-5 (우장산신일해피트리)
경로당,우장산힐스테이트(아),서울특별시 강서구 내발산동,1,강서구 강서로 348,37.556109,126.840676,무더위쉼터(도로명주소 일치),도로명주소,우장산힐스테이트(아)어르신사랑방,서울특별시 강서구 강서로 348 (우장산힐스테이트 경로당 및 보육시설)
경로당,원당,서울특별시 강서구 내발산동,1,강서구 강서로52길 72,37.5574128,126.8420979,무더위쉼터(도로명주소 일치),도로명주소,원당어르신사랑방,서울특별시 강서구  강서로52길  72   (내발산동)
주민센터/도서관(작은도서관),"발산1동 주민센터, 책향기작은도서관",서울특별시 강서구 내발산동,2,서울특별시 강서구 강서로47길 54,37.553107,126.8331316,무더위쉼터(도로명주소 일치),도로명주소,발산1동주민센터,서울특별시 강서구 강서로47길 54
경로당,대동황토방2차(아),서울특별시 강서구 대동황토방2차아파트 203동,1,강서구 공항대로55길 50,37.555111,126.862475,무더위쉼터(도로명주소 일치),도로명주소,대동황토방2차(아)어르신사랑방,서울특별시 강서구 공항대로55길 50 (대동황토방2차아파트 203동)
경로당,대동황토방(아),서울특별시 강서구 대동황토방아파트,1,강서구 공항대로59길 103,37.556166,126.862991,무더위쉼터(도로명주소 일치),도로명주소,대동황토방(아)어르신사랑방,서울특별시 강서구 공항대로59길 103 (대동황토방아파트 관리사무소)
경로당,대림경동(아),서울특별시 강서구 대림경동아파트 상가동,1,강서구 허준로 121,37.565368,126.853826,무더위쉼터(도로명주소 일치),도로명주소,대림경동(아)경로당,서울특별시 강서구 허준로 121 (대림경동아파트 상가동)
경로당,가양1단지(아),서울특별시 강서구 동신아파트,1,강서구 강서로 532,37.572178,126.843384,무더위쉼터(도로명주소 일치),도로명주소,가양1단지(아)어르신사랑방,"서울특별시 강서구 강서로 532 (동신아파트,대아아파트 노인정)"
경로당,능안,서울특별시 강서구 등촌동,1,강서구 등촌로39마길 3,37.5465037,126.8600937,무더위쉼터(도로명주소 일치),도로명주소,능안어르신사랑방,서울특별시 강서구 등촌로39마길 3
경로당,두보(하이츠)빌라,서울특별시 강서구 등촌동,1,강서구 등촌로39가길 42,37.5457389,126.8579683,무더위쉼터(도로명주소 일치),도로명주소,두보(하이츠)빌라,서울특별시 강서구 등촌로39가길 42
경로당,등서,서울특별시 강서구 등촌동,1,강서구 화곡로68길 8,37.559189,126.854568,무더위쉼터(도로명주소 일치),도로명주소,등서어르신사랑방,서울특별시 강서구 화곡로68길 8
경로당,등촌4단지(아),서울특별시 강서구 등촌동,1,강서구 공항대로39길 59,37.5608,126.8438,무더위쉼터(도로명주소 일치),도로명주소,등촌4종합사회복지관,서울특별시 강서구 공항대로39길 59
경로당,등촌5단지(아),서울특별시 강서구 등촌동,1,강서구 공항대로39길 74,37.559776,126.844217,무더위쉼터(도로명주소 일치),도로명주소,등촌5단지(아)어르신사랑방,"서울특별시 강서구 공항대로39길 74 (등촌5단지주공아파트 관리실, 노인정)"
경로당,등촌6단지(아),서울특별시 강서구 등촌동,1,강서구 화곡로63가길 18,37.5599827,126.8481806,무더위쉼터(도로명주소 일치),도로명주소,등촌6단지(아)어르신사랑방,서울특별시 강서구 화곡로63가길 18
경로당,등촌9단지아파트(푸른) (등촌9종합사회복지관),서울특별시 강서구 등촌동,1,강서구 화곡로63가길 92,37.561953,126.849776,무더위쉼터(도로명주소 일치),도로명주소,등촌9종합사회복지관푸른경로당,서울특별시 강서구 화곡로63가길 92 (등촌9단지주공아파트)
경로당,등촌동 대림 (아),서울특별시 강서구 등촌동,1,강서구 등촌로 137,37.542054,126.862862,무더위쉼터(도로명주소 일치),도로명주소,등촌동대림(아)어르신사랑방,서울특별시 강서구 등촌로 137 (대림아파트 관리사무실)
경로당,등촌임광 (아),서울특별시 강서구 등촌동,1,강서구 등촌로 113,37.540331,126.863468,무더위쉼터(도로명주소 일치),도로명주소,등촌임광(아)어르신사랑방,서울특별시 강서구 등촌로 113 (그린임광아파트 경로당)
경로당,등촌현대(아),서울특별시 강서구 등촌동,1,강서구 공항대로45길 24,37.555904,126.855317,무더위쉼터(도로명주소 일치),도로명주소,등촌현대(아)어르신사랑방,서울특별시 강서구 공항대로45길 24 (등촌현대1차아파트)
경로당,라인(아),서울특별시 강서구 등촌동,1,강서구 화곡로68길 33,37.559652,126.856759,무더위쉼터(도로명주소 일치),도로명주소,라인(아)어르신사랑방,서울특별시 강서구 화곡로68길 33 (라인아파트 관리사무소)
경로당,보람2차(아),서울특별시 강서구 등촌동,1,강서구 화곡로 390,37.5577,126.85399,무더위쉼터(도로명주소 일치),도로명주소,보람2차(아)어르신사랑방,서울특별시 강서구 화곡로 390 (등촌2차보람아파트)
경로당,삼형그레이스빌(아),서울특별시 강서구 등촌동,1,강서구 등촌로 91,37.538329,126.863217,무더위쉼터(도로명주소 일치),도로명주소,삼형그레이스빌(아),서울특별시 강서구 등촌로 91 (삼형그레이스빌 관리실)
경로당,성재정,서울특별시 강서구 등촌동,1,강서구 강서로74길 11,37.567689,126.841891,무더위쉼터(도로명주소 일치),도로명주소,성재정어르신사랑방,서울특별시 강서구 강서로74길 11
경로당,"주공8단지(아), 등촌7단지 (등촌7복지관)",서울특별시 강서구 등촌동,2,강서구 공항대로43길 104,37.5602,126.8507,무더위쉼터(도로명주소 일치),도로명주소,등촌7복지관어르신사랑방,"서울특별시 강서구  공항대로43길  104   (등촌동, 등촌8단지주공아파트)"
경로당,코오롱3차(아),서울특별시 강서구 등촌동,1,강서구 공항대로55길 19,37.554328,126.860744,무더위쉼터(도로명주소 일치),도로명주소,코오롱3차(아)어르신사랑방,서울특별시 강서구 공항대로55길 19 (코오롱하늘채 관리사무소)
경로당,태영(아),서울특별시 강서구 등촌동,1,강서구 양천로 590,37.555791,126.863944,무더위쉼터(도로명주소 일치),도로명주소,태영(아)어르신사랑방,서울특별시 강서구 양천로 590 (등촌태영아파트 관리사무소)
경로당,태진아름 (아),서울특별시 강서구 등촌동,1,강서구 등촌로53길 39,37.549492,126.861739,무더위쉼터(도로명주소 일치),도로명주소,태진아름(아)어르신사랑방,"서울특별시 강서구 등촌로53길 39 (태진아름아파트 노인정, 관리실)"
주민센터/도서관(작은도서관),"등촌1동 주민센터, 생각열매작은도서관",서울특별시 강서구 등촌동,2,서울특별시 강서구 공항대로53가길 55,37.5558314,126.8589082,무더위쉼터(도로명주소 일치),도로명주소,등촌1동주민센터,서울특별시 강서구  공항대로53가길  55   (등촌동)
주민센터/도서관(작은도서관),"등촌2동 주민센터, 등마루골작은도서관",서울특별시 강서구 등촌동,2,서울특별시 강서구 등촌로 143,37.5426581,126.8625052,무더위쉼터(도로명주소 일치),도로명주소,등촌2동주민센터,서울특별시 강서구  등촌로  143   (등촌동)
주민센터/도서관(작은도서관),"등촌3동 주민센터, 큰마음작은도서관",서울특별시 강서구 등촌동,2,서울특별시 강서구 화곡로63길 96,37.5588692,126.8479216,무더위쉼터(도로명주소 일치),도로명주소,등촌3동주민센터,서울특별시 강서구  화곡로63길  96   (등촌동)
경로당,동성(아),서울특별시 강서구 등촌동성아파트 101동,1,강서구 강서로68길 108,37.563941,126.845866,무더위쉼터(도로명주소 일치),도로명주소,동성(아)경로당,서울특별시 강서구 강서로68길 108 (등촌동성아파트 101동)
경로당,신원(아),서울특별시 강서구 등촌동신원아파트,1,강서구 화곡로66길 50,37.557043,126.856363,무더위쉼터(도로명주소 일치),도로명주소,신원(아)경로당,서울특별시 강서구 화곡로66길 50 (등촌동신원아파트)
경로당,"등촌동 아이파크2단지, 등촌I-Park 1단지(아)",서울특별시 강서구 등촌동아이파크,2,강서구 등촌로 163,37.543906,126.86021,무더위쉼터(도로명주소 일치),도로명주소,등촌동아이파크2단지어르신사랑방,서울특별시 강서구 등촌로 163 (등촌동아이파크 상가)
경로당,등촌동월드메르디앙(아),서울특별시 강서구 등촌동월드메르디앙아파트 101동,1,강서구 양천로 420,37.564648,126.847237,무더위쉼터(도로명주소 일치),도로명주소,등촌월드메르디앙(아)어르신사랑방,서울특별시 강서구 양천로 420 (등촌동월드메르디앙아파트 101동)
경로당,"등촌주공2단지(아), 등촌주공1단지",서울특별시 강서구 등촌주공1,2,강서구 강서로68길 36,37.564206,126.841822,무더위쉼터(도로명주소 일치),도로명주소,등촌주공1단지어르신사랑방,"서울특별시 강서구 강서로68길 36 (등촌주공1,2단지아파트 104동)"
경로당,동부,서울특별시 강서구 마곡동,1,강서구 양천로28길 12-9,37.572525,126.8199036,무더위쉼터(도로명주소 일치),도로명주소,방화동부어르신사랑방,서울특별시 강서구 양천로28길 12-9 (마곡동)
경로당,마곡,서울특별시 강서구 마곡동,1,강서구 양천로30길 20,37.5723,126.8226,무더위쉼터(도로명주소 일치),도로명주소,마곡어르신사랑방,서울특별시 강서구 양천로30길 20
경로당,마곡벽산(아),서울특별시 강서구 마곡동,1,강서구 양천로47길 118,37.575658,126.837834,무더위쉼터(도로명주소 일치),도로명주소,마곡벽산(아)어르신사랑방,"서울특별시 강서구 양천로47길 118 (마곡벽산아파트 관리사무소, 노인정)"
경로당,마곡삼성(아),서울특별시 강서구 마곡동,1,강서구 방화대로34길 113,37.572097,126.822168,무더위쉼터(도로명주소 일치),도로명주소,마곡삼성(아)어르신사랑방,서울특별시 강서구 방화대로34길 113 (마곡삼성아파트대피소)
경로당,마곡엠밸리9단지(아),서울특별시 강서구 마곡동,1,강서구 공항대로 103,37.562267,126.819206,무더위쉼터(도로명주소 일치),도로명주소,마곡엠밸리9단지(아)어르신사랑방,서울특별시 강서구 공항대로 103 (마곡엠밸리 9단지)
경로당,한솔솔파크(아),서울특별시 강서구 마곡동,1,강서구 양천로30길 77,37.569602,126.823243,무더위쉼터(도로명주소 일치),도로명주소,한솔솔파크(아)어르신사랑방,서울특별시 강서구 양천로30길 77 (한솔솔파크아파트 경비실)
경로당,후포,서울특별시 강서구 마곡동,1,강서구 양천로47길 104,37.574903,126.837054,무더위쉼터(도로명주소 일치),도로명주소,후포어르신사랑방,서울특별시 강서구 양천로47길 104
주민센터/도서관(작은도서관),"방화1동 주민센터, 글벗누리작은도서관",서울특별시 강서구 마곡동,2,서울특별시 강서구 방화대로 330,37.5703452,126.8170195,무더위쉼터(도로명주소 일치),도로명주소,방화1동주민센터,서울특별시 강서구 방화대로 330
경로당,마곡엠밸리14단지(아),서울특별시 강서구 마곡엠밸리14단지 1402동,1,강서구 마곡중앙로 33,37.556279,126.825885,무더위쉼터(도로명주소 일치),도로명주소,마곡엠밸리14단지(아)경로당,서울특별시 강서구 마곡중앙로 33 (마곡엠밸리14단지 1402동)
경로당,마곡엠밸리15단지(아),서울특별시 강서구 마곡엠밸리15단지 1512동,1,강서구 마곡중앙로 36,37.556433,126.82692,무더위쉼터(도로명주소 일치),도로명주소,마곡엠밸리15단지(아)경로당,서울특별시 강서구 마곡중앙로 36 (마곡엠밸리15단지 1512동)
경로당,마곡엠밸리1단지(아),서울특별시 강서구 마곡엠밸리1단지104동,1,강서구 마곡서1로 131,37.568177,126.818609,무더위쉼터(도로명주소 일치),도로명주소,마곡엠밸리1단지(아)어르신사랑방,서울특별시 강서구 마곡서1로 131 (마곡엠밸리1단지104동)
경로당,마곡엠밸리2단지(아),서울특별시 강서구 마곡엠밸리2단지206동,1,강서구 마곡서1로 146,37.569377,126.820607,무더위쉼터(도로명주소 일치),도로명주소,마곡엠밸리2단지(아)어르신사랑방,서울특별시 강서구 마곡서1로 146 (마곡엠밸리2단지206동)
경로당,마곡엠밸리3단지(아),서울특별시 강서구 마곡엠밸리3단지301동,1,강서구 마곡서1로 132,37.568101,126.820144,무더위쉼터(도로명주소 일치),도로명주소,마곡엠밸리3단지(아)어르신사랑방,서울특별시 강서구 마곡서1로 132 (마곡엠밸리3단지301동)
경로당,마곡엠밸리4단지(아),서울특별시 강서구 마곡엠밸리4단지 404동,1,강서구 마곡서로 175,37.569399,126.824519,무더위쉼터(도로명주소 일치),도로명주소,마곡엠밸리4단지(아)어르신사랑방,서울특별시 강서구 마곡서로 175 (마곡엠밸리4단지 404동)
경로당,마곡우림필유(아),서울특별시 강서구 마곡우림필유아파트101동,1,강서구 양천로28길 29,37.571793,126.82135,무더위쉼터(도로명주소 일치),도로명주소,마곡우림필유(아)어르신사랑방,서울특별시 강서구 양천로28길 29 (마곡우림필유아파트101동)
경로당,방화12(아),서울특별시 강서구 마곡중앙하이츠아파트1203동,1,강서구 양천로6길 28,37.570674,126.807146,무더위쉼터(도로명주소 일치),도로명주소,방화12(아)어르신사랑방,서울특별시 강서구 양천로6길 28 (마곡중앙하이츠아파트1203동)
경로당,마곡푸르지오,서울특별시 강서구 마곡푸르지오104동,1,강서구 방화대로34길 88,37.569933,126.821678,무더위쉼터(도로명주소 일치),도로명주소,마곡푸르지오어르신사랑방,서울특별시 강서구 방화대로34길 88 (마곡푸르지오104동)
경로당,미주진로(아),서울특별시 강서구 미주진로아파트 108동,1,강서구 공항대로 351-21,37.560261,126.847818,무더위쉼터(도로명주소 일치),도로명주소,미주진로(아)어르신사랑방,서울특별시 강서구 공항대로 351-21 (미주진로아파트 108동)
경로당,청솔(아) - 방화3단지,서울특별시 강서구 방화3단지아파트 상가동,1,강서구 방화대로47길 55,37.575678,126.812889,무더위쉼터(도로명주소 일치),도로명주소,청솔(아)어르신사랑방,서울특별시 강서구 방화대로47길 55 (방화3단지아파트 상가동)
주민센터/도서관(공공도서관)/도서관(작은도서관),"방화3동 주민센터, 길꽃어린이도서관, 방그리나작은도서관",서울특별시 강서구 방화3동주민센터,3,서울특별시 강서구 금낭화로24길 5,37.578655,126.813864,무더위쉼터(도로명주소 일치),도로명주소,길꽃어린이도서관,"서울특별시 강서구 금낭화로24길 5 (방화3동주민센터,어린이도서관)"
경로당,동성(아),서울특별시 강서구 방화7단지동성아파트105동,1,강서구 금낭화로23길 8,37.579603,126.812182,무더위쉼터(도로명주소 일치),도로명주소,방화동성(아)경로당,서울특별시 강서구 금낭화로23길 8 (방화7단지동성아파트105동)
경로당,개화(아),서울특별시 강서구 방화동,1,강서구 금낭화로 167,37.580638,126.812495,무더위쉼터(도로명주소 일치),도로명주소,개화(아)어르신사랑방,서울특별시 강서구 금낭화로 167 (방화8단지개화아파트 관리실)
경로당,능말,서울특별시 강서구 방화동,1,강서구 금낭화로19길 7-3,37.5754732,126.8114118,무더위쉼터(도로명주소 일치),도로명주소,능말어르신사랑방,서울특별시 강서구  금낭화로19길  7-3  (방화동)
경로당,방신서광(아),서울특별시 강서구 방화동,1,강서구 양천로14길 17,37.572022,126.810706,무더위쉼터(도로명주소 일치),도로명주소,마곡서광2차(아)어르신사랑방,서울특별시 강서구 양천로14길 17 (마곡서광2차아파트 관리노인정)
경로당,방화,서울특별시 강서구 방화동,1,강서구 개화동로23길 26,37.5666716,126.8070831,무더위쉼터(도로명주소 일치),도로명주소,방화어르신사랑방,"서울특별시 강서구  개화동로23길  26 , 방화2동경로당 (방화동)"
경로당,방화3차우림필유,서울특별시 강서구 방화동,1,강서구 양천로14길 118,37.568223,126.808085,무더위쉼터(도로명주소 일치),도로명주소,방화3차우림필유(아)경로당,서울특별시 강서구 양천로14길 118 (방화3차우림필유아파트 상가)
경로당,방화5단지(아),서울특별시 강서구 방화동,1,강서구 금낭화로 287-19,37.577175,126.810148,무더위쉼터(도로명주소 일치),도로명주소,방화5단지(아)어르신사랑방,"서울특별시 강서구 금낭화로 287-19 (방화5단지아파트 관리실, 노인정)"
경로당,방화6단지(아),서울특별시 강서구 방화동,1,강서구 금낭화로23길 25,37.5779,126.8109,무더위쉼터(도로명주소 일치),도로명주소,방화6종합사회복지관,서울특별시 강서구 금낭화로23길 25
경로당,방화9단지(아),서울특별시 강서구 방화동,1,강서구 양천로11길 57,37.574991,126.8075627,무더위쉼터(도로명주소 일치),도로명주소,방화9단지(아)어르신사랑방,"서울특별시 강서구 양천로11길 57 (방화동, 방화9단지아파트)"
경로당,방화구립,서울특별시 강서구 방화동,1,강서구 방화대로37길 47-5,37.5698,126.8139,무더위쉼터(도로명주소 일치),도로명주소,방화구립어르신사랑방,서울특별시 강서구  방화대로37길  47-5  (방화동)
경로당,방화동신안네트빌(아),서울특별시 강서구 방화동,1,강서구 양천로14길 37,37.571059,126.810175,무더위쉼터(도로명주소 일치),도로명주소,방화동신안네트빌(아)어르신사랑방,서울특별시 강서구 양천로14길 37 (신안네트빌1단지경비실)
경로당,방화진로(아),서울특별시 강서구 방화동,1,강서구 금낭화로 258,37.576976,126.808473,무더위쉼터(도로명주소 일치),도로명주소,방화진로(아)어르신사랑방,서울특별시 강서구 금낭화로 258 (방화10단지진로아파트)
경로당,복종,서울특별시 강서구 방화동,1,강서구 양천로7길 11,37.5734111,126.8077332,무더위쉼터(도로명주소 일치),도로명주소,복종어르신사랑방,서울특별시 강서구  양천로7길  11   (방화동)
경로당,삼익삼환(방화4단지)(아),서울특별시 강서구 방화동,1,강서구 방화대로47가길 22,37.577001,126.814664,무더위쉼터(도로명주소 일치),도로명주소,삼익삼환(방화4단지)(아)어르신사랑방,서울특별시 강서구 방화대로47가길 22 (방화4단지아파트)
경로당,일심,서울특별시 강서구 방화동,1,강서구 방화대로 297-9,37.5668749,126.8160011,무더위쉼터(도로명주소 일치),도로명주소,방화일심어르신사랑방,서울특별시 강서구  방화대로  297-9  (방화동)
경로당,장미(방화1단지)(아),서울특별시 강서구 방화동,1,강서구 양천로 125,37.574242,126.817431,무더위쉼터(도로명주소 일치),도로명주소,장미(아)어르신사랑방,서울특별시 강서구 양천로 125 (장미아파트 관리실)
경로당,현대(아),서울특별시 강서구 방화동,1,강서구 방화대로37길 26,37.570374,126.814306,무더위쉼터(도로명주소 일치),도로명주소,마곡현대(아)어르신사랑방,"서울특별시 강서구 방화대로37길 26 (마곡현대1차아파트관리실, 노인정)"
경로당/도서관(작은도서관),"방화11단지복지관(장수)경로당, 꿈자람책놀이터작은도서관",서울특별시 강서구 방화동,2,강서구 개화동로21길 4,37.5694,126.806,무더위쉼터(도로명주소 일치),도로명주소,방화11종합사회복지관경로당,서울특별시 강서구 개화동로21길 4
경로당/도서관(작은도서관),"상록수(아), 방화2종합사회복지관(우정), 해뜰작은도서관",서울특별시 강서구 방화동,3,강서구 방화대로48길 40,37.574836,126.819511,무더위쉼터(도로명주소 일치),도로명주소,방화2종합사회복지관우정경로당,서울특별시 강서구 방화대로48길 40 (방화2단지아파트)
주민센터,방화2동 주민센터,서울특별시 강서구 방화동,1,서울특별시 강서구 개화동로21길 52,37.5715,126.8054,무더위쉼터(도로명주소 일치),도로명주소,방화2동주민센터,서울특별시 강서구 개화동로21길 52
경로당,보람더하임(아),서울특별시 강서구 보람더하임 103동,1,강서구 양천로 666,37.55147,126.870145,무더위쉼터(도로명주소 일치),도로명주소,보람더하임(아)경로당,서울특별시 강서구 양천로 666 (보람더하임 103동)
경로당,부영(아),서울특별시 강서구 부영아파트 상가동,1,강서구 강서로56나길 110,37.563027,126.843619,무더위쉼터(도로명주소 일치),도로명주소,부영(아)경로당,서울특별시 강서구 강서로56나길 110 (부영아파트 상가동)
경로당,삼성꽃마을(아),서울특별시 강서구 삼성꽃마을아파트102동,1,강서구 양천로18길 27,37.572339,126.81333,무더위쉼터(도로명주소 일치),도로명주소,삼성꽃마을(아)어르신사랑방,서울특별시 강서구 양천로18길 27 (삼성꽃마을아파트102동)
주민센터/도서관(공공도서관)/도서관(작은도서관),"화곡4동 주민센터, 강서영어도서관, 볏고을작은도서관",서울특별시 강서구 시립청소년수련관및 화곡4동주민자치센터,3,서울특별시 강서구 곰달래로57가길 26,37.534562,126.860791,무더위쉼터(도로명주소 일치),도로명주소,강서영어도서관,서울특별시 강서구 곰달래로57가길 26 (시립청소년수련관및 화곡4동주민자치센터)
경로당,신동아(아),서울특별시 강서구 신동아아파트,1,강서구 양천로67길 32,37.554987,126.869448,무더위쉼터(도로명주소 일치),도로명주소,신동아(아)어르신사랑방,서울특별시 강서구 양천로67길 32 (신동아아파트 관리실)
경로당,강변(염창)한솔솔파크(아),서울특별시 강서구 염창동,1,강서구 양천로63길 38,37.55655,126.866527,무더위쉼터(도로명주소 일치),도로명주소,강변한솔솔파크(아)어르신사랑방,서울특별시 강서구 양천로63길 38 (강변한솔솔파크 관리사무소 및 경로당)
경로당,강변힐스테이트(아) (강변 현대홈타운),서울특별시 강서구 염창동,1,강서구 양천로75길 19,37.551189,126.874225,무더위쉼터(도로명주소 일치),도로명주소,강변힐스테이트(아)경로당,서울특별시 강서구 양천로75길 19 (강변힐스테이트아파트 관리사무소 및 경로당)
경로당,관음삼성(아),서울특별시 강서구 염창동,1,강서구 양천로 656,37.552528,126.869124,무더위쉼터(도로명주소 일치),도로명주소,관음삼성(아)경로당,서울특별시 강서구 양천로 656 (삼성관음아파트)
경로당,금호타운(아),서울특별시 강서구 염창동,1,강서구 양천로 595,37.55636,126.864996,무더위쉼터(도로명주소 일치),도로명주소,금호타운(아)경로당,서울특별시 강서구 양천로 595 (염창금호타운아파트 관리사무소)
경로당,길훈(아),서울특별시 강서구 염창동,1,강서구 양천로65길 45,37.555831,126.867955,무더위쉼터(도로명주소 일치),도로명주소,길훈(아)경로당,서울특별시 강서구 양천로65길 45 (염창길훈아파트 관리사무소)
경로당,무학(아),서울특별시 강서구 염창동,1,강서구 양천로77길 45,37.551206,126.876577,무더위쉼터(도로명주소 일치),도로명주소,무학(아)경로당,서울특별시 강서구 양천로77길 45 (무학아파트)
경로당,벽산늘푸른,서울특별시 강서구 염창동,1,강서구 양천로63길 52,37.557779,126.865889,무더위쉼터(도로명주소 일치),도로명주소,벽산늘푸른경로당,서울특별시 강서구 양천로63길 52 (벽산늘푸른아파트 관리사무소)
경로당,삼정그린코아(아),서울특별시 강서구 염창동,1,강서구 공항대로75길 30,37.547597,126.874403,무더위쉼터(도로명주소 일치),도로명주소,삼정그린코아(아)경로당,서울특별시 강서구 공항대로75길 30 (삼정그린코아 관리사무소)
경로당,염창,서울특별시 강서구 염창동,1,강서구 양천로73길 36,37.5517607,126.8736845,무더위쉼터(도로명주소 일치),도로명주소,염창어르신사랑방,서울특별시 강서구 양천로73길 36
경로당,염창강변,서울특별시 강서구 염창동,1,강서구 양천로77길 58-25,37.5515226,126.8759032,무더위쉼터(도로명주소 일치),도로명주소,염창강변어르신사랑방,서울특별시 강서구 양천로77길 58-25 (염창동)
경로당,염창우성1차(아),서울특별시 강서구 염창동,1,강서구 양천로67길 77,37.55555,126.870316,무더위쉼터(도로명주소 일치),도로명주소,염창우성1차(아)경로당,서울특별시 강서구 양천로67길 77 (우성1차아파트)
경로당,염창현대1차 (아),서울특별시 강서구 염창동,1,강서구 양천로75길 57,37.552847,126.875306,무더위쉼터(도로명주소 일치),도로명주소,염창현대1차(아)어르신사랑방,서울특별시 강서구 양천로75길 57 (현대1차아파트 경로당)
경로당,증미,서울특별시 강서구 염창동,1,강서구 양천로 603-7,37.5557013,126.8657014,무더위쉼터(도로명주소 일치),도로명주소,증미어르신사랑방,서울특별시 강서구  양천로  603-7  (염창동)
경로당,한화꿈에그린(아),서울특별시 강서구 염창동,1,강서구 공항대로75길 17,37.548073,126.87329,무더위쉼터(도로명주소 일치),도로명주소,한화꿈에그린(아)경로당,서울특별시 강서구 공항대로75길 17 (염창한화꿈에그린아파트 관리사무소 및 경로당)
주민센터/도서관(작은도서관),"염창동 주민센터, 아리향기작은도서관",서울특별시 강서구 염창동,2,서울특별시 강서구 양천로67가길 63,37.5537464,126.8709109,무더위쉼터(도로명주소 일치),도로명주소,염창동주민센터,서울특별시 강서구  양천로67가길  63   (염창동)
경로당,염창동아1차(아)청솔,서울특별시 강서구 염창동아아파트,1,강서구 양천로 69길 58,37.555319,126.87302,무더위쉼터(도로명주소 일치),도로명주소,염창동아1차(아)청솔,서울특별시 강서구 양천로69길 58 (염창동아아파트)
경로당,신광명,서울특별시 강서구 외발산동,1,강서구 남부순환로19길 105,37.546867,126.822902,무더위쉼터(도로명주소 일치),도로명주소,신광명어르신사랑방,서울특별시 강서구 남부순환로19길 105
주민센터/도서관(공공도서관),"우장산동 주민센터, 우장산숲속도서관",서울특별시 강서구 우장산동주민센터,2,서울특별시 강서구 우현로 34,37.548302,126.84192,무더위쉼터(도로명주소 일치),도로명주소,우장산숲속도서관,서울특별시 강서구 우현로 34 (우장산동주민센터)
경로당,우장산숲아이파크(아),서울특별시 강서구 우장산숲아이파크 107동,1,강서구 화곡로31다길 20,37.544494,126.841858,무더위쉼터(도로명주소 일치),도로명주소,우장산숲아이파크(아)경로당,서울특별시 강서구 화곡로31다길 20 (우장산숲아이파크 107동)
경로당,우장산아이파크 e-편한세상,서울특별시 강서구 우장산아이파크이편한세상아파트 127동,1,강서구 강서로 266,37.549988,126.836967,무더위쉼터(도로명주소 일치),도로명주소,우장산아이파크e-편한세상(아)경로당,서울특별시 강서구 강서로 266 (우장산아이파크이편한세상아파트 127동)
경로당,방화동e-편한세상(아),서울특별시 강서구 이편한세상아파트103동,1,강서구 양천로6길 57,37.570101,126.808183,무더위쉼터(도로명주소 일치),도로명주소,방화동e-편한세상(아)어르신사랑방,서울특별시 강서구 양천로6길 57 (이편한세상아파트103동)
경로당,태영송화(아),서울특별시 강서구 태영송화아파트 상가동,1,강서구 공항대로61길 60,37.553523,126.867442,무더위쉼터(도로명주소 일치),도로명주소,태영송화(아)경로당,서울특별시 강서구 공항대로61길 60 (태영송화아파트 상가동)
경로당,염창한강동아(아) (동아2차),서울특별시 강서구 한강동아아파트,1,강서구 양천로 73길 80,37.553919,126.873884,무더위쉼터(도로명주소 일치),도로명주소,염창한강동아(아)경로당,서울특별시 강서구 양천로73길 80 (한강동아아파트 생활편익시설)
경로당,한강타운(아),서울특별시 강서구 한강아파트 106동,1,강서구 허준로 23,37.571364,126.844981,무더위쉼터(도로명주소 일치),도로명주소,한강타운(아)어르신사랑방,서울특별시 강서구 허준로 23 (한강아파트 106동)
경로당,거성,서울특별시 강서구 화곡동,1,강서구 초록마을로 65,37.5427671,126.8499746,무더위쉼터(도로명주소 일치),도로명주소,거성경로당,서울특별시 강서구 초록마을로 65
경로당,골안말,서울특별시 강서구 화곡동,1,강서구 곰달래로45길 17,37.5333119,126.856048,무더위쉼터(도로명주소 일치),도로명주소,골안말어르신사랑방,서울특별시 강서구  곰달래로45길  17   (화곡동)
경로당,곰달래,서울특별시 강서구 화곡동,1,강서구 월정로20길 38,37.529633,126.8407227,무더위쉼터(도로명주소 일치),도로명주소,곰달래어르신사랑방,서울특별시 강서구  월정로20길  38   (화곡동)
경로당,구립예촌,서울특별시 강서구 화곡동,1,강서구 곰달래로 83-1,37.5304029,126.842165,무더위쉼터(도로명주소 일치),도로명주소,구립예촌어르신사랑방,서울특별시 강서구  곰달래로  83-1  (화곡동)
경로당,무지개,서울특별시 강서구 화곡동,1,강서구 곰달래로57가길 19,37.5340486,126.8608809,무더위쉼터(도로명주소 일치),도로명주소,무지개어르신사랑방,서울특별시 강서구  곰달래로57가길  19   (화곡동)
경로당,봉바위,서울특별시 강서구 화곡동,1,강서구 강서로34길 34,37.543202,126.841371,무더위쉼터(도로명주소 일치),도로명주소,봉바위어르신사랑방,서울특별시 강서구 강서로34길 34
경로당,수명,서울특별시 강서구 화곡동,1,강서구 화곡로15길 18,37.5408687,126.834343,무더위쉼터(도로명주소 일치),도로명주소,수명어르신사랑방,서울특별시 강서구  화곡로15길  18   (화곡동)
경로당,신곡,서울특별시 강서구 화곡동,1,강서구 곰달래로49길 130,37.5366873,126.8544826,무더위쉼터(도로명주소 일치),도로명주소,신곡어르신사랑방,서울특별시 강서구  곰달래로49길  130   (화곡동)
경로당,안골,서울특별시 강서구 화곡동,1,강서구 강서로18아길 15-9,37.5360294,126.8507451,무더위쉼터(도로명주소 일치),도로명주소,안골어르신사랑방,서울특별시 강서구  강서로18아길  15-9  (화곡동)
경로당,약수,서울특별시 강서구 화곡동,1,강서구 초록마을로32길 32,37.5380028,126.8475012,무더위쉼터(도로명주소 일치),도로명주소,약수어르신사랑방,서울특별시 강서구  초록마을로32길  32   (화곡동)
경로당,연지,서울특별시 강서구 화곡동,1,강서구 화곡로 58길 30-7,37.552416,126.852646,무더위쉼터(도로명주소 일치),도로명주소,연지어르신복지센터,서울특별시 강서구 화곡로58길 30-7
경로당,우장산,서울특별시 강서구 화곡동,1,강서구 화곡로53길 56-10,37.552023,126.8464445,무더위쉼터(도로명주소 일치),도로명주소,우장산어르신사랑방,서울특별시 강서구  화곡로53길  56-10  (화곡동)
경로당,우장산SK뷰(아),서울특별시 강서구 화곡동,1,강서구 우현로 26,37.548132,126.843108,무더위쉼터(도로명주소 일치),도로명주소,우장산SK뷰(아)어르신사랑방,서울특별시 강서구 우현로 26 (우장산에스케이뷰 경비실)
경로당,일심,서울특별시 강서구 화곡동,1,강서구 곰달래로30길 14,37.5302272,126.8514336,무더위쉼터(도로명주소 일치),도로명주소,화곡일심어르신사랑방,서울특별시 강서구 곰달래로30길 14
경로당,중앙,서울특별시 강서구 화곡동,1,강서구 화곡로44가길 52-4,37.5497762,126.8489572,무더위쉼터(도로명주소 일치),도로명주소,중앙어르신사랑방,서울특별시 강서구  화곡로44가길  52-4  (화곡동)
경로당,태영방송인(아),서울특별시 강서구 화곡동,1,강서구 등촌로13자길 74,37.537459,126.853791,무더위쉼터(도로명주소 일치),도로명주소,태영방송인(아)경로당,서울특별시 강서구 등촌로13자길 74 (태영방송인아파트 관리실)
경로당,푸른,서울특별시 강서구 화곡동,1,강서구 강서로45다길 74,37.5446583,126.8347482,무더위쉼터(도로명주소 일치),도로명주소,푸른어르신사랑방,서울특별시 강서구  강서로45다길  74   (화곡동)
경로당,하마터,서울특별시 강서구 화곡동,1,강서구 곰달래로36길 22,37.5300881,126.8537633,무더위쉼터(도로명주소 일치),도로명주소,하마터어르신사랑방,서울특별시 강서구  곰달래로36길  22   (화곡동)
경로당,해태,서울특별시 강서구 화곡동,1,강서구 강서로7길 28,37.529984,126.846165,무더위쉼터(도로명주소 일치),도로명주소,해태(아)경로당,서울특별시 강서구 강서로7길 28 (해태드림타운)
경로당,화곡,서울특별시 강서구 화곡동,1,강서구 강서로12길 15-10,37.532109,126.8477528,무더위쉼터(도로명주소 일치),도로명주소,화곡어르신사랑방,서울특별시 강서구  강서로12길  15-10  (화곡동)
경로당,화곡대림(아),서울특별시 강서구 화곡동,1,강서구 월정로 160,37.533759,126.837639,무더위쉼터(도로명주소 일치),도로명주소,화곡대림(아)경로당,서울특별시 강서구 월정로 160 (화곡대림아파트)
경로당,화촌,서울특별시 강서구 화곡동,1,강서구 까치산로4길 30-21,37.5407,126.8445,무더위쉼터(도로명주소 일치),도로명주소,화촌어르신사랑방,서울특별시 강서구  까치산로4길  30-21  (화곡동)
경로당,화친,서울특별시 강서구 화곡동,1,강서구 강서로8길 203,37.5311046,126.8594132,무더위쉼터(도로명주소 일치),도로명주소,화친어르신사랑방,서울특별시 강서구  강서로8길  203   (화곡동)
경로당/도서관(작은도서관),"공원, 솔뫼작은도서관",서울특별시 강서구 화곡동,2,강서구 가로공원로77길 30,37.5380244,126.8385209,무더위쉼터(도로명주소 일치),도로명주소,공원어르신사랑방,서울특별시 강서구  가로공원로77길  30   (화곡동)
주민센터/도서관(작은도서관),"화곡1동 주민센터, 꿈터작은도서관",서울특별시 강서구 화곡동,2,서울특별시 강서구 곰달래로 79,37.5304289,126.8415696,무더위쉼터(도로명주소 일치),도로명주소,화곡1동주민센터,서울특별시 강서구  곰달래로  79   (화곡동)
주민센터/도서관(작은도서관),"화곡2동 주민센터, 옹달샘작은도서관",서울특별시 강서구 화곡동,2,서울특별시 강서구 곰달래로37길 13,37.5318516,126.854548,무더위쉼터(도로명주소 일치),도로명주소,화곡2동주민센터,서울특별시 강서구  곰달래로37길  13   (화곡동)
주민센터/도서관(작은도서관),"화곡3동 주민센터, 책마루작은도서관",서울특별시 강서구 화곡동,2,서울특별시 강서구 강서로33가길 17,37.5425588,126.8384421,무더위쉼터(도로명주소 일치),도로명주소,화곡3동주민센터,서울특별시 강서구  강서로33가길  17   (화곡동)
주민센터/도서관(작은도서관),"화곡8동 주민센터, 배다리작은도서관",서울특별시 강서구 화곡동,2,서울특별시 강서구 곰달래로25길 45,37.5327177,126.8483058,무더위쉼터(도로명주소 일치),도로명주소,화곡8동주민센터,서울특별시 강서구 곰달래로25길 45
주민센터/도서관(작은도서관),"화곡본동 주민센터, 초록향기작은도서관",서울특별시 강서구 화곡동,2,서울특별시 강서구 초록마을로5길 29,37.5440288,126.8476296,무더위쉼터(도로명주소 일치),도로명주소,화곡본동주민센터,서울특별시 강서구  초록마을로5길  29   (화곡동)
주민센터,화곡6동 주민센터,서울특별시 강서구 화곡제6동,1,서울특별시 강서구 공항대로46길 105,37.551549,126.850965,무더위쉼터(도로명주소 일치),도로명주소,화곡6동주민센터,서울특별시 강서구 공항대로46길 105 (화곡제6동 주민센터)
도서관(공공도서관),"관악중앙도서관, 관악중앙도서관 U-도서관",서울특별시 관악구,2,서울특별시 관악구 신림로3길 35,37.4675977,126.9448709,전국도서관표준데이터,도로명주소,관악중앙도서관,서울특별시 관악구 신림로3길 35 (관악문화재단)
도서관(공공도서관),글빛정보도서관,서울특별시 관악구,1,서울특별시 관악구 관악로 30길 23,37.486252,126.959668,전국도서관표준데이터,도로명주소,글빛정보도서관,서울특별시 관악구 관악로30길 23 (글빛정보도서관)
도서관(공공도서관),성현동작은도서관,서울특별시 관악구,1,서울특별시 관악구 관악로 37길 56,37.487313,126.9561835,전국도서관표준데이터,도로명주소,성현동작은도서관,서울특별시 관악구 관악로37길 56
도서관(작은도서관),신원동 울타리작은도서관,서울특별시 관악구,1,서울특별시 관악구 신원로3길 13,37.4816106,126.927333,전국도서관표준데이터,도로명주소,신원동주민센터,서울특별시 관악구 신원로3길 13 (신림동)
경로당,관수경로당,서울특별시 관악구 남현동,1,서울특별시 관악구 승방3나길 14(남현동 602-196),37.47288,126.98054,무더위쉼터(도로명주소 일치),도로명주소,관수경로당,서울특별시 관악구 승방3나길 14
경로당,예촌경로당,서울특별시 관악구 남현동,1,서울특별시 관악구 남현길 41(남현동 1083-1),37.4745367,126.9768906,무더위쉼터(도로명주소 일치),도로명주소,구립예촌경로당,서울특별시 관악구 남현길 41 (남현동)
주민센터/도서관(작은도서관),"남현동 주민센터, 남현동 우리작은도서관",서울특별시 관악구 남현동,2,서울특별시 관악구 남현1가길 29,37.4746879,126.9778753,무더위쉼터(도로명주소 일치),도로명주소,남현동주민센터,서울특별시 관악구 남현1가길 29 (남현동)
경로당,e편한세상서울대입구(아)경로당,서울특별시 관악구 봉천동,1,"서울특별시 관악구 청룡16길 43, 207동",37.476326,126.943169,무더위쉼터(도로명주소 일치),도로명주소,e편한세상서울대입구(아)경로당,서울특별시 관악구 청룡16길 43 (e편한세상 서울대입구 2단지)
경로당,e편한세상서울대입구2차(아)경로당,서울특별시 관악구 봉천동,1,"서울특별시 관악구 참숯1길 19, 509동",37.477937,126.942371,무더위쉼터(도로명주소 일치),도로명주소,e편한세상서울대입구2차(아)경로당,서울특별시 관악구 참숯1길 19
경로당,갑을(아)경로당,서울특별시 관악구 봉천동,1,서울특별시 관악구 관악로5길 42(봉천동 1700),37.47511,126.95212,무더위쉼터(도로명주소 일치),도로명주소,갑을(아)경로당,서울특별시 관악구 관악로5길 42 (갑을아파트101동)
경로당,건영6차(아)경로당,서울특별시 관악구 봉천동,1,서울특별시 관악구 관악로 133(봉천동 1701),37.477299,126.951713,무더위쉼터(시설명 일치),시설명,건영6차(아)경로당,서울특별시 관악구 관악로 133 (건영아파트(6차) 101동)
경로당,관악동부센트레빌(아)경로당,서울특별시 관악구 봉천동,1,서울특별시 관악구 은천로33길 5(봉천동 1719),37.487388,126.950794,무더위쉼터(도로명주소 일치),도로명주소,관악동부센트레빌(아)경로당,서울특별시 관악구 은천로33길 5
경로당,관악드림타운(아)경로당,서울특별시 관악구 봉천동,1,서울특별시 관악구 성현로 80(봉천동 1712),37.489744,126.950163,무더위쉼터(도로명주소 일치),도로명주소,관악드림타운(아)경로당,서울특별시 관악구 성현로 80
경로당,관악드림타운2단지(아)경로당,서울특별시 관악구 봉천동,1,서울특별시 관악구 구암길 106(봉천동 1712-1),37.491697,126.948056,무더위쉼터(도로명주소 일치),도로명주소,관악드림타운2단지(아)경로당,서울특별시 관악구 구암길 106
경로당,관악파크푸르지오(아)경로당,서울특별시 관악구 봉천동,1,서울특별시 관악구 행운10길 21(봉천동 1728),37.482901,126.961402,무더위쉼터(도로명주소 일치),도로명주소,관악파크푸르지오(아)경로당,서울특별시 관악구 행운10길 21
경로당,관악푸르지오삼오경로당,서울특별시 관악구 봉천동,1,"서울특별시 관악구 청림5길 28, 201동(봉천동 1717-1)",37.490059,126.960183,무더위쉼터(도로명주소 일치),도로명주소,관악푸르지오삼오경로당,서울특별시 관악구 청림5길 28 (관악푸르지오2단지아파트 관리사무소)
경로당,관악현대(아)경로당,서울특별시 관악구 봉천동,1,서울특별시 관악구 관악로 304(봉천동 1000),37.4929,126.958714,무더위쉼터(도로명주소 일치),도로명주소,관악현대(아)경로당,서울특별시 관악구 관악로 304 (현대아파트 104동)
경로당,구암경로당,서울특별시 관악구 봉천동,1,서울특별시 관악구 은천로23길 19(봉천동 480-111),37.4876868,126.9480782,무더위쉼터(도로명주소 일치),도로명주소,구암경로당,서울특별시 관악구 은천로23길 19 (봉천동)
경로당,국사봉경로당,서울특별시 관악구 봉천동,1,서울특별시 관악구 은천로15길 13-2(봉천동 622-70),37.487504,126.943705,무더위쉼터(도로명주소 일치),도로명주소,국사봉경로당,서울특별시 관악구 은천로15길 13-2
경로당,국지경로당,서울특별시 관악구 봉천동,1,서울특별시 관악구 국회단지21길 14(봉천동 635-68),37.49026,126.941507,무더위쉼터(도로명주소 일치),도로명주소,국지경로당,서울특별시 관악구  국회단지21길  14   (봉천동)
경로당,낙성대현대(아)경로당,서울특별시 관악구 봉천동,1,서울특별시 관악구 남부순환로248길 56(봉천동 181-6),37.472371,126.965824,무더위쉼터(도로명주소 일치),도로명주소,낙성대현대(아)경로당,서울특별시 관악구 남부순환로248길 56 (낙성대현대아파트)
경로당,당곡경로당,서울특별시 관악구 봉천동,1,서울특별시 관악구 당곡6길 37(봉천동 717-17),37.4922219,126.9294321,무더위쉼터(도로명주소 일치),도로명주소,당곡경로당,서울특별시 관악구 당곡6길 37 (봉천동)
경로당,덕양경로당,서울특별시 관악구 봉천동,1,서울특별시 관악구 인헌4길 20(봉천동 1637-13),37.474825,126.965907,무더위쉼터(도로명주소 일치),도로명주소,덕양경로당,서울특별시 관악구 인헌4길 20
경로당,덕진경로당,서울특별시 관악구 봉천동,1,서울특별시 관악구 남부순환로234길 37(봉천동 1621-23),37.4777001,126.956821,무더위쉼터(도로명주소 일치),도로명주소,덕진경로당,서울특별시 관악구  남부순환로234길  37   (봉천동)
경로당,두산(아)1단지경로당,서울특별시 관악구 봉천동,1,서울특별시 관악구 봉천로 387(봉천동 1708),37.48455,126.942801,무더위쉼터(도로명주소 일치),도로명주소,두산(아)1단지경로당,서울특별시 관악구 봉천로 387
경로당,두산(아)2단지경로당,서울특별시 관악구 봉천동,1,서울특별시 관악구 은천로 86(봉천동 1708-1),37.484527,126.942895,무더위쉼터(도로명주소 일치),도로명주소,두산(아)2단지경로당,서울특별시 관악구 은천로 86 (두산아파트201동)
경로당,두산(아)임대3단지경로당,서울특별시 관악구 봉천동,1,서울특별시 관악구 양녕로 31(봉천동 1708-2),37.485155,126.945793,무더위쉼터(도로명주소 일치),도로명주소,두산(아)임대3단지경로당,"서울특별시 관악구 양녕로 31 (봉천동, 두산아파트)"
경로당,반석푸른숲(아)경로당,서울특별시 관악구 봉천동,1,"서울특별시 관악구 인헌16다길 14, 301동(봉천동 1723)",37.468692,126.965627,무더위쉼터(도로명주소 일치),도로명주소,반석푸른숲경로당,서울특별시 관악구 인헌16다길 14 (반석푸른숲아파트 102동)
경로당,밤골경로당,서울특별시 관악구 봉천동,1,서울특별시 관악구 인헌3가길 8(봉천동 1642-4),37.4739,126.967356,무더위쉼터(도로명주소 일치),도로명주소,밤골경로당,서울특별시 관악구 인헌3가길 8
경로당,백설경로당,서울특별시 관악구 봉천동,1,서울특별시 관악구 관악로6길 50(봉천동 1606-11),37.476247,126.953496,무더위쉼터(도로명주소 일치),도로명주소,백설경로당,서울특별시 관악구  관악로6길  50   (봉천동)
경로당,"벽산블루밍(아)2단지경로당, 벽산블루밍(아)1단지경로당",서울특별시 관악구 봉천동,2,"서울특별시 관악구 은천로 93, 2단지(봉천동 1718)",37.489382,126.944799,무더위쉼터(도로명주소 일치),도로명주소,벽산블루밍(아)2단지경로당,서울특별시 관악구 은천로 93
경로당,벽산블루밍(아)3단지경로당,서울특별시 관악구 봉천동,1,서울특별시 관악구 양녕로 117(봉천동 1718-1),37.4920548,126.9426935,무더위쉼터(도로명주소 일치),도로명주소,벽산블루밍(아)3단지경로당,"서울특별시 관악구 양녕로 117 (봉천동, 벽산블루밍아파트)"
경로당,벽산블루밍3차(아)경로당,서울특별시 관악구 봉천동,1,서울특별시 관악구 은천로15길 24(봉천동 1720),37.488413,126.944437,무더위쉼터(도로명주소 일치),도로명주소,벽산블루밍3차(아)경로당,서울특별시 관악구 은천로15길 24
경로당,보라매경로당,서울특별시 관악구 봉천동,1,서울특별시 관악구 봉천로21길 35(봉천동 662-109),37.4884691,126.9340672,무더위쉼터(도로명주소 일치),도로명주소,보라매경로당,서울특별시 관악구 봉천로21길 35 (봉천동)
경로당,보라매삼성(아)경로당,서울특별시 관악구 봉천동,1,서울특별시 관악구 보라매로 62(봉천동 1698-1),37.494287,126.928062,무더위쉼터(도로명주소 일치),도로명주소,보라매삼성(아)경로당,서울특별시 관악구 보라매로 62
경로당,봉천벽산(아)2차경로당,서울특별시 관악구 봉천동,1,서울특별시 관악구 구암5가길 49(봉천동 1716),37.4925,126.946086,무더위쉼터(도로명주소 일치),도로명주소,봉천벽산(아)2차경로당,서울특별시 관악구 구암5가길 49
경로당,삼성(아)경로당,서울특별시 관악구 봉천동,1,서울특별시 관악구 관악로 125(봉천동 1591-2),37.476414,126.951812,무더위쉼터(도로명주소 일치),도로명주소,삼성(아)경로당,서울특별시 관악구 관악로 125 (서울대입구삼성아파트 103동)
경로당,서울대입구아이원(아)경로당,서울특별시 관악구 봉천동,1,서울특별시 관악구 청룡길 78(봉천동 1560-61),37.4782,126.945413,무더위쉼터(도로명주소 일치),도로명주소,서울대입구아이원(아)경로당,서울특별시 관악구 청룡길 78 (서울대입구아이원아파트 102동)
경로당,성현경로당,서울특별시 관악구 봉천동,1,서울특별시 관악구 은천로35길 40-3(봉천동 41-34),37.488021,126.954203,무더위쉼터(도로명주소 일치),도로명주소,성현경로당,서울특별시 관악구 은천로35길 40-3
경로당,성현동아(아)1단지경로당,서울특별시 관악구 봉천동,1,"서울특별시 관악구 관악로 285, 107동 앞(봉천동 1703)",37.489467,126.954374,무더위쉼터(도로명주소 일치),도로명주소,성현동아(아)1단지경로당,서울특별시 관악구 관악로 285
경로당,성현동아(아)2단지경로당,서울특별시 관악구 봉천동,1,서울특별시 관악구 관악로37길 20(봉천동 1703-1),37.4879609,126.9562429,무더위쉼터(도로명주소 일치),도로명주소,성현동아(아)2단지경로당,"서울특별시 관악구 관악로37길 20 (봉천동, 봉천동아아파트)"
경로당,송현경로당,서울특별시 관악구 봉천동,1,서울특별시 관악구 장군봉1길 45-6(봉천동 927-22),37.481889,126.942473,무더위쉼터(도로명주소 일치),도로명주소,송현경로당,서울특별시 관악구 장군봉1길 45-6
경로당,신봉(아)경로당,서울특별시 관악구 봉천동,1,서울특별시 관악구 양녕로6나길 18(봉천동 1705),37.484922,126.949602,무더위쉼터(도로명주소 일치),도로명주소,신봉(아)경로당,서울특별시 관악구 양녕로6나길 18 (신봉아파트 상가동)
경로당,원당경로당,서울특별시 관악구 봉천동,1,서울특별시 관악구 남부순환로247다길 60(봉천동 148-145),37.47869,126.964054,무더위쉼터(도로명주소 일치),도로명주소,관악시니어클럽,서울특별시 관악구 남부순환로247다길 60 (원당경로당)
경로당,은천2단지(아)경로당,서울특별시 관악구 봉천동,1,서울특별시 관악구 인헌12길 46-1(봉천동 1707-1),37.470365,126.96477,무더위쉼터(도로명주소 일치),도로명주소,은천2단지(아)경로당,서울특별시 관악구 인헌12길 46-1 (은천아파트 204동)
경로당,은천경로당,서울특별시 관악구 봉천동,1,서울특별시 관악구 봉천로27길 45(봉천동 936-6),37.485758,126.940835,무더위쉼터(도로명주소 일치),도로명주소,은천경로당,서울특별시 관악구  봉천로27길  45   (봉천동)
경로당,인헌(아)경로당,서울특별시 관악구 봉천동,1,서울특별시 관악구 낙성대로15길 66(봉천동 1725),37.468064,126.962555,무더위쉼터(도로명주소 일치),도로명주소,인헌(아)경로당,서울특별시 관악구 낙성대로15길 66
경로당,인헌경로당,서울특별시 관악구 봉천동,1,서울특별시 관악구 낙성대역3길 6-6(봉천동 1709-5),37.4758529,126.9618197,무더위쉼터(도로명주소 일치),도로명주소,인헌경로당,서울특별시 관악구  낙성대역3길  6-6  (봉천동)
경로당,장수경로당,서울특별시 관악구 봉천동,1,서울특별시 관악구 양녕로6다길 11-4(봉천동 1512-9),37.484464,126.949368,무더위쉼터(도로명주소 일치),도로명주소,장수경로당,서울특별시 관악구 양녕로6다길 11-4
경로당,중앙경로당,서울특별시 관악구 봉천동,1,서울특별시 관악구 은천로26길 14(봉천동 457-208),37.4859292,126.9504127,무더위쉼터(도로명주소 일치),도로명주소,중앙경로당,서울특별시 관악구  은천로26길  14   (봉천동)
경로당,청림경로당,서울특별시 관악구 봉천동,1,서울특별시 관악구 청림2길 37(봉천동 15-41),37.4866666,126.9582866,무더위쉼터(도로명주소 일치),도로명주소,구립청림경로당,서울특별시 관악구 청림2길 37 (봉천동)
경로당,푸르지오(아)경로당,서울특별시 관악구 봉천동,1,서울특별시 관악구 관악로30길 27(봉천동 1717),37.486668,126.960168,무더위쉼터(도로명주소 일치),도로명주소,푸르지오(아)경로당,서울특별시 관악구 관악로30길 27
도서관(작은도서관)/보건소,"용꿈꾸는 작은도서관, 관악구보건소",서울특별시 관악구 봉천동,2,서울특별시 관악구 관악로 145,37.4782107,126.9515012,전국도서관표준데이터,도로명주소,관악구청,서울특별시 관악구 관악로 145  (봉천동)
주민센터/도서관(공공도서관),"은천동 주민센터, 은천동작은도서관",서울특별시 관악구 봉천동,2,서울특별시 관악구 봉천로33나길 30,37.4853115,126.9424147,무더위쉼터(도로명주소 일치),도로명주소,은천동주민센터,서울특별시 관악구 봉천로33나길 30 (봉천동)
주민센터/도서관(작은도서관),"낙성대동 주민센터, 낙성동 우듬지작은도서관",서울특별시 관악구 봉천동,2,서울특별시 관악구 낙성대로4가길 5,37.4763038,126.9584068,무더위쉼터(도로명주소 일치),도로명주소,낙성대동주민센터,서울특별시 관악구 낙성대로4가길 5 (봉천동)
주민센터/도서관(작은도서관),"보라매동 주민센터, 보라매동 다사랑작은도서관",서울특별시 관악구 봉천동,2,서울특별시 관악구 봉천로 279-8,37.4881672,126.9328046,무더위쉼터(도로명주소 일치),도로명주소,보라매동주민센터,서울특별시 관악구 봉천로 279-8 (봉천동)
주민센터/도서관(작은도서관),"성현동 주민센터, 성현동 파랑새작은도서관",서울특별시 관악구 봉천동,2,서울특별시 관악구 구암길 38,37.4895134,126.9481771,무더위쉼터(도로명주소 일치),도로명주소,성현동주민센터,서울특별시 관악구 구암길 38 (봉천동)
주민센터/도서관(작은도서관),"인헌동 주민센터, 인헌동 보물섬 작은도서관",서울특별시 관악구 봉천동,2,서울특별시 관악구 남부순환로246가길 20,37.475118,126.965331,무더위쉼터(도로명주소 일치),도로명주소,인헌동주민센터,서울특별시 관악구 남부순환로246가길 20 (봉천동)
주민센터/도서관(작은도서관),"중앙동 주민센터, 중앙동 새싹작은도서관",서울특별시 관악구 봉천동,2,서울특별시 관악구 양녕로6다길 7,37.4841932,126.9497545,무더위쉼터(도로명주소 일치),도로명주소,중앙동주민센터,서울특별시 관악구 양녕로6다길 7 (봉천동)
주민센터/도서관(작은도서관),"청룡동 주민센터, 청룡동 숯고을작은도서관",서울특별시 관악구 봉천동,2,서울특별시 관악구 쑥고개로 44,37.4791345,126.9416233,무더위쉼터(도로명주소 일치),도로명주소,청룡동주민센터,서울특별시 관악구 쑥고개로 44 (봉천동)
주민센터/도서관(작은도서관),"청림동 주민센터, 청림동 푸른숲작은도서관",서울특별시 관악구 봉천동,2,서울특별시 관악구 관악로40길 39,37.4918447,126.9585971,무더위쉼터(도로명주소 일치),도로명주소,청림동주민센터,서울특별시 관악구 관악로40길 39 (봉천동)
주민센터/도서관(작은도서관),"행운동 주민센터, 행운동 마루작은도서관",서울특별시 관악구 봉천동,2,서울특별시 관악구 행운1길 43,37.4806676,126.9570315,무더위쉼터(도로명주소 일치),도로명주소,행운동주민센터,서울특별시 관악구 행운1길 43 (봉천동)
경로당,일선경로당,서울특별시 관악구 봉천동1587,1,서울특별시 관악구 쑥고개로26길 24(봉천동1587-7),37.4778233,126.9495272,무더위쉼터(도로명주소 일치),도로명주소,일선경로당,서울특별시 관악구  쑥고개로26길  24   (봉천동)
경로당,신창경로당,서울특별시 관악구 봉천동1675,1,"서울특별시 관악구 행운1길 12(봉천동1675-12, 1678-1)",37.479951,126.958589,무더위쉼터(도로명주소 일치),도로명주소,신창경로당,서울특별시 관악구  행운1길  12   (봉천동)
경로당,행운경로당,서울특별시 관악구 봉천동1724,1,서울특별시 관악구 행운9길 34(봉천동1724-2),37.483375,126.959638,무더위쉼터(도로명주소 일치),도로명주소,행운경로당,서울특별시 관악구 행운9길 34
경로당,강남경로당,서울특별시 관악구 신림동,1,서울특별시 관악구 조원로4길 24(신림동 1657-3),37.4823368,126.9047018,무더위쉼터(도로명주소 일치),도로명주소,구립강남경로당,서울특별시 관악구 조원로4길 24 (신림동)
경로당,건영1차(아)경로당,서울특별시 관악구 신림동,1,서울특별시 관악구 문성로 74(신림동 746-43),37.476314,126.912322,무더위쉼터(도로명주소 일치),도로명주소,건영1차(아)경로당,서울특별시 관악구 문성로 74 (건영아파트상가동)
경로당,건영2차(아)경로당,서울특별시 관악구 신림동,1,서울특별시 관악구 난곡로35길 28-7(신림동 721-2),37.47072,126.916847,무더위쉼터(도로명주소 일치),도로명주소,건영2차(아)경로당,서울특별시 관악구 난곡로35길 28-7 (건영아파트 라동)
경로당,국제산장(아)경로당,서울특별시 관악구 신림동,1,서울특별시 관악구 호암로 417(신림동 1693),37.460816,126.928037,무더위쉼터(도로명주소 일치),도로명주소,국제산장(아)경로당,서울특별시 관악구 호암로 417 (국제산장아파트 103동)
경로당,국회단지경로당,서울특별시 관악구 신림동,1,서울특별시 관악구 난향9길 59-1(신림동 675-330),37.460303,126.91497,무더위쉼터(도로명주소 일치),도로명주소,국회단지경로당,서울특별시 관악구 난향9길 59-1
경로당,난곡경로당,서울특별시 관악구 신림동,1,서울특별시 관악구 난곡로31길 38(신림동 712-7),37.4704392,126.918345,무더위쉼터(도로명주소 일치),도로명주소,난곡경로당,서울특별시 관악구  난곡로31길  38   (신림동)
경로당,난향경로당,서울특별시 관악구 신림동,1,서울특별시 관악구 난곡로9길 29-2(신림동 679-6),37.4640432,126.9181334,무더위쉼터(도로명주소 일치),도로명주소,난향경로당,서울특별시 관악구 난곡로9길 29-2
경로당,대학경로당,서울특별시 관악구 신림동,1,서울특별시 관악구 대학12길 16,37.466638,126.9369878,무더위쉼터(도로명주소 일치),도로명주소,구립대학경로당,서울특별시 관악구 대학12길 16 (신림동)
경로당,돌샘경로당,서울특별시 관악구 신림동,1,"서울특별시 관악구 호암로18나길 5, 지하1층(신림동 306-12외1)",37.4652907,126.9328739,무더위쉼터(도로명주소 일치),도로명주소,돌샘경로당,서울특별시 관악구 호암로18나길 5
경로당,동부(아)경로당,서울특별시 관악구 신림동,1,서울특별시 관악구 신원로 26(신림동 1695),37.480546,126.929185,무더위쉼터(도로명주소 일치),도로명주소,동부(아)경로당,서울특별시 관악구 신원로 26 (신림동부아파트 주차요금소)
경로당,무궁화경로당,서울특별시 관악구 신림동,1,서울특별시 관악구 난곡로26다길 17(신림동 646-7),37.4700094,126.9245169,무더위쉼터(도로명주소 일치),도로명주소,무궁화경로당,서울특별시 관악구 난곡로26다길 17
경로당,미성경로당,서울특별시 관악구 신림동,1,서울특별시 관악구 난곡로58길 11(신림동 1566-35),37.4800566,126.9157435,무더위쉼터(도로명주소 일치),도로명주소,미성경로당,서울특별시 관악구  난곡로58길  11   (신림동)
경로당,법원경로당,서울특별시 관악구 신림동,1,서울특별시 관악구 법원단지25길 15(신림동 610-47),37.4758019,126.922893,무더위쉼터(도로명주소 일치),도로명주소,법원경로당,서울특별시 관악구 법원단지25길 15
경로당,삼성경로당,서울특별시 관악구 신림동,1,서울특별시 관악구 난곡로63가길 47(신림동 1476-33),37.478851,126.91451,무더위쉼터(도로명주소 일치),도로명주소,삼성경로당,서울특별시 관악구 난곡로63가길 47
경로당,삼성산주공(아)경로당,서울특별시 관악구 신림동,1,서울특별시 관악구 호암로 399(신림동 1714),37.462468,126.926031,무더위쉼터(도로명주소 일치),도로명주소,삼성산주공(아)경로당,서울특별시 관악구 호암로 399 (삼성산주공아파트 301동)
경로당,새들경로당,서울특별시 관악구 신림동,1,서울특별시 관악구 관천로20길 43(신림동 1451-8),37.4884242,126.9250784,무더위쉼터(도로명주소 일치),도로명주소,새들경로당,서울특별시 관악구  관천로20길  43   (신림동)
경로당,색동경로당,서울특별시 관악구 신림동,1,서울특별시 관악구 신림로70길 74(신림동 1418-1),37.486588,126.932576,무더위쉼터(도로명주소 일치),도로명주소,색동경로당,서울특별시 관악구 신림로70길 74 (색동경로당)
경로당,서광경로당,서울특별시 관악구 신림동,1,"서울특별시 관악구 참숯5길 38(신림동 1564-64, 1564-78)",37.4761071,126.9417476,무더위쉼터(도로명주소 일치),도로명주소,서광경로당,서울특별시 관악구 참숯5길 38
경로당,서원경로당,서울특별시 관악구 신림동,1,서울특별시 관악구 서원3길 10(신림동 409-26),37.476832,126.933228,무더위쉼터(도로명주소 일치),도로명주소,서원경로당,서울특별시 관악구 서원3길 10
경로당,성우(아)경로당,서울특별시 관악구 신림동,1,서울특별시 관악구 남부순환로198길 7(신림동 10-622),37.48367,126.937285,무더위쉼터(도로명주소 일치),도로명주소,성우(아)경로당,서울특별시 관악구 남부순환로198길 7 (성우아파트 101동)
경로당,신관경로당,서울특별시 관악구 신림동,1,서울특별시 관악구 신림로48길 25(신림동 91-50),37.479402,126.933451,무더위쉼터(도로명주소 일치),도로명주소,신관경로당,서울특별시 관악구 신림로48길 25
경로당,신림SH빌(아)경로당,서울특별시 관악구 신림동,1,서울특별시 관악구 난곡로 80(신림동 1736-1),37.46242,126.919834,무더위쉼터(도로명주소 일치),도로명주소,신림SH빌(아)경로당,서울특별시 관악구 난곡로 80
경로당,신림동벽산블루밍(아)경로당,서울특별시 관악구 신림동,1,서울특별시 관악구 호암로 519(신림동 1733),37.463855,126.931375,무더위쉼터(도로명주소 일치),도로명주소,신림동벽산블루밍(아)경로당,서울특별시 관악구 호암로 519 (벽산블루밍아파트 101동)
경로당,신림동부센트레빌(아)경로당,서울특별시 관악구 신림동,1,서울특별시 관악구 미성3길 16(신림동 1734),37.473138,126.916342,무더위쉼터(도로명주소 일치),도로명주소,신림동부센트레빌(아)경로당,서울특별시 관악구 미성3길 16 (신림 동부센트레빌 103동)
경로당,신림서초(아)경로당,서울특별시 관악구 신림동,1,서울특별시 관악구 호암로16길 5(신림동 1724),37.46373,126.932083,무더위쉼터(도로명주소 일치),도로명주소,신림서초(아)경로당,서울특별시 관악구 호암로16길 5 (신림서초아파트)
경로당,신림우방(아)경로당,서울특별시 관악구 신림동,1,서울특별시 관악구  관천로27길 2(신림동 1715),37.488473,126.918655,무더위쉼터(도로명주소 일치),도로명주소,신림우방(아)경로당,서울특별시 관악구 관천로27길 2 (우방아파트 상가동)
경로당,신림푸르지오(아)경로당,서울특별시 관악구 신림동,1,서울특별시 관악구 남부순환로 1430(신림동 1730),37.479141,126.910549,무더위쉼터(도로명주소 일치),도로명주소,신림푸르지오(아)경로당,서울특별시 관악구 남부순환로 1430 (신림푸르지오아파트 103동)
경로당,신본경로당,서울특별시 관악구 신림동,1,서울특별시 관악구 남부순환로200다길 7(신림동 1510-6),37.4825952,126.9364927,무더위쉼터(도로명주소 일치),도로명주소,신본경로당,서울특별시 관악구 남부순환로200다길 7 (신림동)
경로당,신사경로당,서울특별시 관악구 신림동,1,서울특별시 관악구 조원로 151-1(신림동 480-21),37.4859096,126.9191148,무더위쉼터(도로명주소 일치),도로명주소,신사경로당,서울특별시 관악구 조원로 151-1 (신림동)
경로당,신원경로당,서울특별시 관악구 신림동,1,서울특별시 관악구 남부순환로170길 6 (신림동 1581-6),37.48269,126.924382,무더위쉼터(도로명주소 일치),도로명주소,신원경로당,서울특별시 관악구 남부순환로170길 6
경로당,약수경로당,서울특별시 관악구 신림동,1,서울특별시 관악구 미성길 123(신림동 733),37.471838,126.912226,무더위쉼터(도로명주소 일치),도로명주소,약수경로당,서울특별시 관악구 미성길 123
경로당,어울림경로당,서울특별시 관악구 신림동,1,서울특별시 관악구 남부순환로149길 34-2(신림동 524-14),37.4835879,126.9154943,무더위쉼터(도로명주소 일치),도로명주소,구립어울림경로당,서울특별시 관악구 남부순환로149길 34-2
경로당,우림경로당,서울특별시 관악구 신림동,1,서울특별시 관악구 난곡로24가길 19-4(신림동 638-62),37.469943,126.921772,무더위쉼터(도로명주소 일치),도로명주소,우림경로당,서울특별시 관악구 난곡로24가길 19-4
경로당,원신경로당,서울특별시 관악구 신림동,1,서울특별시 관악구 양지10길 15-1(신림동 368-8),37.47045,126.927994,무더위쉼터(도로명주소 일치),도로명주소,원신경로당,서울특별시 관악구 양지10길 15-1
경로당,임광관악파크(아)경로당,서울특별시 관악구 신림동,1,서울특별시 관악구 난곡로 167(신림동 1727),37.469681,126.919186,무더위쉼터(도로명주소 일치),도로명주소,임광관악파크(아)경로당,서울특별시 관악구 난곡로 167 (임광관악파크아파트 101동)
경로당,조원(아)경로당,서울특별시 관악구 신림동,1,서울특별시 관악구 조원로11길 24(신림동 1719),37.484295,126.907856,무더위쉼터(도로명주소 일치),도로명주소,조원(아)경로당,서울특별시 관악구 조원로11길 24 (우민조원아파트 101동)
경로당,조원경로당,서울특별시 관악구 신림동,1,서울특별시 관악구 조원로 48(신림동 560-6),37.483492,126.907749,무더위쉼터(도로명주소 일치),도로명주소,조원경로당,서울특별시 관악구 조원로 48
경로당,주공1단지(아)경로당,서울특별시 관악구 신림동,1,서울특별시 관악구 광신길 160(신림동 1704-1),37.465935,126.927911,무더위쉼터(도로명주소 일치),도로명주소,주공1단지(아)경로당,서울특별시 관악구 광신길 160
경로당,주공2단지(아)경로당,서울특별시 관악구 신림동,1,서울특별시 관악구 광신길 86(신림동 1713),37.463915,126.926697,무더위쉼터(도로명주소 일치),도로명주소,주공2단지(아)경로당,서울특별시 관악구 광신길 86
경로당,태흥(아)경로당,서울특별시 관악구 신림동,1,서울특별시 관악구 호암로 541(신림동 1698),37.466062,126.931009,무더위쉼터(도로명주소 일치),도로명주소,태흥(아)경로당,서울특별시 관악구 호암로 541 (신림태흥아파트)
경로당,행복경로당,서울특별시 관악구 신림동,1,서울특별시 관악구 신림로36길 12-10(신림동 94-115),37.4756227,126.9379322,무더위쉼터(도로명주소 일치),도로명주소,행복경로당,서울특별시 관악구 신림로36길 12-10
경로당,힐스테이트뉴포레(아)경로당,서울특별시 관악구 신림동,1,"서울특별시 관악구 조원로 25, 103동 1층(신림동 1746)",37.484096,126.905399,무더위쉼터(도로명주소 일치),도로명주소,힐스테이트뉴포레(아)경로당,서울특별시 관악구 조원로 25
경로당/도서관(작은도서관),"하난곡경로당, 하난곡작은도서관",서울특별시 관악구 신림동,2,서울특별시 관악구 난우10가길 20-7(신림동 597-96),37.476792,126.919933,무더위쉼터(도로명주소 일치),도로명주소,하난곡경로당,서울특별시 관악구 난우10가길 20-7
주민센터,신원동 주민센터,서울특별시 관악구 신림동,1,서울특별시 관악구 신원로3길 13-6,37.481624,126.9274389,무더위쉼터(시설명 일치),시설명,신원동주민센터,서울특별시 관악구 신원로3길 13 (신림동)
주민센터/도서관(공공도서관),"조원동 주민센터, 조원작은도서관",서울특별시 관악구 신림동,2,서울특별시 관악구 조원로12길 25,37.4825884,126.9078078,무더위쉼터(도로명주소 일치),도로명주소,조원동주민센터,서울특별시 관악구 조원로12길 25 (신림동)
주민센터/도서관(작은도서관),"난곡동 주민센터, 난곡동 책사랑 작은도서관",서울특별시 관악구 신림동,2,서울특별시 관악구 난곡로30길 40,37.4710115,126.9216424,무더위쉼터(도로명주소 일치),도로명주소,난곡동주민센터,서울특별시 관악구 난곡로30길 40 (신림동)
주민센터/도서관(작은도서관),"난향동 주민센터, 난향동 뜰안에작은도서관",서울특별시 관악구 신림동,2,서울특별시 관악구 난곡로 67,37.4615201,126.9188341,무더위쉼터(도로명주소 일치),도로명주소,난향동주민센터,서울특별시 관악구 난곡로 67 (신림동)
주민센터/도서관(작은도서관),"대학동 주민센터, 대학동 녹두작은도서관",서울특별시 관악구 신림동,2,서울특별시 관악구 신림로 111,37.470602,126.936964,무더위쉼터(도로명주소 일치),도로명주소,대학동주민센터,서울특별시 관악구 신림로 111 (신림동)
주민센터/도서관(작은도서관),"미성동 주민센터, 미성동 책의향기작은도서관",서울특별시 관악구 신림동,2,서울특별시 관악구 난곡로 249,37.478226,126.916221,무더위쉼터(시설명 일치),시설명,미성동주민센터,서울특별시 관악구 문성로 115
주민센터/도서관(작은도서관),"삼성동 주민센터, 삼성동 샛별작은도서관",서울특별시 관악구 신림동,2,서울특별시 관악구 호암로 589,37.470099,126.9329724,무더위쉼터(도로명주소 일치),도로명주소,삼성동주민센터,서울특별시 관악구 호암로 589 (신림동)
주민센터/도서관(작은도서관),"서림동 주민센터, 서림동 글사랑작은도서관",서울특별시 관악구 신림동,2,서울특별시 관악구 신림로29길 6,37.4749906,126.9349893,무더위쉼터(도로명주소 일치),도로명주소,서림동주민센터,서울특별시 관악구 신림로29길 6 (신림동)
주민센터/도서관(작은도서관),"서원동 주민센터, 서원동 어울작은도서관",서울특별시 관악구 신림동,2,서울특별시 관악구 신림로 282,37.4797827,126.9312704,무더위쉼터(도로명주소 일치),도로명주소,서원동주민센터,서울특별시 관악구 신림로 282 (신림동)
주민센터/도서관(작은도서관),"신림동 주민센터, 신림동 굴렁쇠작은도서관",서울특별시 관악구 신림동,2,서울특별시 관악구 신림동길 14,37.489463,126.926196,무더위쉼터(시설명 일치),시설명,신림동주민센터,서울특별시 관악구 봉천로 224
주민센터/도서관(작은도서관),"신사동 주민센터, 신사동 해오름작은도서관",서울특별시 관악구 신림동,2,서울특별시 관악구 조원로 142,37.4855,126.9181,무더위쉼터(도로명주소 일치),도로명주소,신사동주민센터,서울특별시 관악구 조원로 142 (신림동)
경로당,"휴먼시아(아)5경로당, 휴먼시아(아)4경로당, 휴먼시아(아)3경로당, 휴먼시아(아)2경로당",서울특별시 관악구 신림동 1735 227동,4,"서울특별시 관악구 난곡로 55, 227동(신림동 1735 227동)",37.4591,126.919046,무더위쉼터(도로명주소 일치),도로명주소,휴먼시아(아)4경로당,서울특별시 관악구 난곡로 55 (관악산휴먼시아아파트 204동)
경로당,서림경로당,서울특별시 관악구 신림동103,1,서울특별시 관악구 서림3길 47(신림동103-141 ),37.472323,126.9406227,무더위쉼터(도로명주소 일치),도로명주소,서림경로당,서울특별시 관악구  서림3길  47   (신림동)
경로당,신일경로당,서울특별시 관악구 신림동1630,1,서울특별시 관악구 문성로32길 18(신림동1630-30),37.4785019,126.9286988,무더위쉼터(도로명주소 일치),도로명주소,신일경로당,서울특별시 관악구 문성로32길 18 (신림동)
경로당,신림초원(아)경로당,서울특별시 관악구 신림동1712,1,서울특별시 관악구 미성5길 40(신림동1712),37.473436,126.914132,무더위쉼터(도로명주소 일치),도로명주소,신림초원(아)경로당,서울특별시 관악구 미성5길 40 (초원아파트)
경로당,보라매갑을(아)경로당,서울특별시 관악구 신림동1718,1,서울특별시 관악구  관천로24길 3(신림동1718),37.489122,126.921922,무더위쉼터(도로명주소 일치),도로명주소,보라매파크뷰경로당,서울특별시 관악구 관천로24길 3 (보라매파크뷰 101동)
경로당,광장제1 경로당,서울특별시 광진구 광장동,1,"광진구 아차산로73길 15 (광장동, 광장제1경로당)",37.545883,127.104005,무더위쉼터(도로명주소 일치),도로명주소,광장제1경로당,서울특별시 광진구 아차산로73길 15
경로당,광장제2 경로당,서울특별시 광진구 광장동,1,"광진구 아차산로78길 67 (광장동, 광장제2경로당)",37.551709,127.110602,무더위쉼터(도로명주소 일치),도로명주소,광장제2경로당,서울특별시 광진구 아차산로78길 67
도서관(공공도서관),광진정보도서관,서울특별시 광진구 광장동,1,서울특별시 광진구 아차산로78길 90(광장동),37.5510735,127.1106137,전국도서관표준데이터,도로명주소,광진정보도서관,서울특별시 광진구 아차산로78길 90
주민센터/도서관(작은도서관),"광장동 주민센터, 광장동새마을작은도서관",서울특별시 광진구 광장동,2,서울특별시 광진구 광장로 52,37.5469114,127.1029332,무더위쉼터(도로명주소 일치),도로명주소,광장동주민센터,서울특별시 광진구  광장로  52   (광장동)
경로당,구의 경로당,서울특별시 광진구 구의동,1,"광진구 광나루로40길 6 (구의동, 구의경로당)",37.5445034,127.0893848,무더위쉼터(도로명주소 일치),도로명주소,구의1동경로당,서울특별시 광진구  광나루로40길  6   (구의동)
경로당,구의1동제2 경로당,서울특별시 광진구 구의동,1,"광진구 광나루로30가길 27 (구의동, 구의1동 제2경로당)",37.5439311,127.0835362,무더위쉼터(도로명주소 일치),도로명주소,구의1동제2경로당,서울특별시 광진구  광나루로30가길  27   (구의동)
경로당,구의2동 경로당,서울특별시 광진구 구의동,1,"광진구 자양로38길 17-5 (구의동, 구의2동 경로당)",37.54722,127.089051,무더위쉼터(도로명주소 일치),도로명주소,구의2동경로당,서울특별시 광진구 자양로38길 17-5
경로당,구의새마을 경로당,서울특별시 광진구 구의동,1,"광진구 구의강변로3길 39 (구의동, 구의새마을 경로당)",37.536388,127.09021,무더위쉼터(도로명주소 일치),도로명주소,구의새마을경로당,서울특별시 광진구 구의강변로3길 39 (구의새마을경로당)
경로당,구의현대6차 경로당,서울특별시 광진구 구의동,1,"광진구 구의강변로94 (구의동, 현대6차아파트 경로당)",37.538645,127.094548,무더위쉼터(도로명주소 일치),도로명주소,구의현대6차아파트경로당,서울특별시 광진구 구의강변로 94 (현대아파트)
경로당,구의현대프라임 경로당,서울특별시 광진구 구의동,1,"광진구 광나루로56길 29 (구의동, 현대프라임아파트 경로당)",37.537505,127.09805,무더위쉼터(도로명주소 일치),도로명주소,구의현대프라임아파트경로당,서울특별시 광진구 광나루로56길 29 (현대프라임아파트)
경로당,래미안파크스위트 경로당,서울특별시 광진구 구의동,1,"광진구 광나루로 545(구의동, 래미안파트스위트)",37.546485,127.090544,무더위쉼터(도로명주소 일치),도로명주소,래미안파크스위트경로당,서울특별시 광진구 광나루로 545 (래미안파크스위트)
경로당,명성 경로당,서울특별시 광진구 구의동,1,"광진구 자양로26길 20-5 (구의동, 명성경로당)",37.5413809,127.0851535,무더위쉼터(도로명주소 일치),도로명주소,명성경로당,서울특별시 광진구  자양로26길  20-5  (구의동)
경로당,산의마을 경로당,서울특별시 광진구 구의동,1,"광진구 아차산로63길 21 (구의동, 산의마을 경로당)",37.5403134,127.0922674,무더위쉼터(도로명주소 일치),도로명주소,산의마을경로당,서울특별시 광진구  아차산로63길  21   (구의동)
경로당,소능 경로당,서울특별시 광진구 구의동,1,"광진구 자양로37길 85 (구의동, 소능경로당)",37.547628,127.085923,무더위쉼터(도로명주소 일치),도로명주소,소능경로당,서울특별시 광진구 자양로37길 85
경로당,아차산 경로당,서울특별시 광진구 구의동,1,"광진구 자양로47길 9-4 (구의동, 아차산경로당)",37.552141,127.091617,무더위쉼터(도로명주소 일치),도로명주소,아차산경로당,서울특별시 광진구 자양로47길 9-4
주민센터,구의2동 주민센터,서울특별시 광진구 구의동,1,서울특별시 광진구 천호대로136길 55,37.547138,127.089974,무더위쉼터(도로명주소 일치),도로명주소,광진어린이영어도서관,서울특별시 광진구 천호대로136길 55
주민센터/도서관(공공도서관),"구의3동 주민센터, 구의제3동도서관",서울특별시 광진구 구의동,2,서울특별시 광진구 강변역로 17,37.5379926,127.091984,무더위쉼터(도로명주소 일치),도로명주소,구의3동주민센터,서울특별시 광진구  강변역로  17   (구의동)
주민센터/도서관(작은도서관),"구의1동 주민센터, 구의1동새마을작은도서관",서울특별시 광진구 구의동,2,서울특별시 광진구 광나루로36길 56,37.5425184,127.0857555,무더위쉼터(도로명주소 일치),도로명주소,구의1동주민센터,서울특별시 광진구  광나루로36길  56   (구의동)
경로당,군자 경로당,서울특별시 광진구 군자동,1,"광진구 동일로52길 27 (군자동, 군자경로당)",37.554418,127.072768,무더위쉼터(도로명주소 일치),도로명주소,군자경로당,서울특별시 광진구 동일로52길 27
경로당,복조리 경로당,서울특별시 광진구 군자동,1,"광진구 광나루로17길 28 102호 (군자동, 복조리경로당)",37.5488597,127.0724033,무더위쉼터(시설명 일치),시설명,복조리경로당,"서울특별시 광진구 광나루로17길 28 (군자동, )"
경로당,양마 경로당,서울특별시 광진구 군자동,1,"광진구 동일로42길 2 (군자동, 양마경로당)",37.552876,127.070286,무더위쉼터(도로명주소 일치),도로명주소,양마경로당,서울특별시 광진구 동일로42길 2
경로당,양마제2 경로당,서울특별시 광진구 군자동,1,"광진구 군자로13길 35 (군자동, 양마제2 경로당)",37.5517694,127.0705721,무더위쉼터(도로명주소 일치),도로명주소,양마제2경로당,서울특별시 광진구 군자로13길 35 (군자동)
경로당,일성파크 경로당,서울특별시 광진구 군자동,1,"광진구 군자로12길 46 (군자동, 일성파크아파트 경로당)",37.551267,127.072673,무더위쉼터(도로명주소 일치),도로명주소,일성파크경로당,서울특별시 광진구 군자로12길 46
주민센터/도서관(공공도서관),"군자동 주민센터, 군자동도서관",서울특별시 광진구 군자동,2,서울특별시 광진구 면목로 13,37.555492,127.075486,무더위쉼터(도로명주소 일치),도로명주소,군자동도서관,서울특별시 광진구 면목로 13 (군자동 복합청사)
경로당,능동 경로당,서울특별시 광진구 능동,1,"광진구 천호대로112길 70 (능동, 능동경로당)",37.5531677,127.0801892,무더위쉼터(도로명주소 일치),도로명주소,능동경로당,서울특별시 광진구 천호대로112길 70
주민센터/도서관(작은도서관),"능동 주민센터, 능동새마을작은도서관",서울특별시 광진구 능동,2,서울특별시 광진구 천호대로112길 55,37.5537961,127.080446,무더위쉼터(도로명주소 일치),도로명주소,능동주민센터,서울특별시 광진구  천호대로112길  55   (능동)
경로당,경남아너스빌 경로당,서울특별시 광진구 자양동,1,"광진구 자양로3길 49 (자양동, 경남아너스빌아파트 경로당)",37.5295176,127.0839518,무더위쉼터(도로명주소 일치),도로명주소,경남아너스빌경로당,서울특별시 광진구 자양로3길 49  (자양동)
경로당,노유산 경로당,서울특별시 광진구 자양동,1,"광진구 동일로10가길 15-2 (자양동, 노유산경로당)",37.5387394,127.0638371,무더위쉼터(도로명주소 일치),도로명주소,노유산경로당,서울특별시 광진구 동일로10가길 15-2 (자양동)
경로당,로얄동아 경로당,서울특별시 광진구 자양동,1,"광진구 뚝섬로52마길 56 (자양동, 로얄동아아파트 경로당)",37.5282243,127.0813984,무더위쉼터(도로명주소 일치),도로명주소,로얄동아아파트경로당,"서울특별시 광진구 뚝섬로52마길 56  (자양동, 로얄동아아파트)"
경로당,마실 경로당,서울특별시 광진구 자양동,1,"광진구 자양번영로7길 16-9 (자양동, 마실 경로당)",37.5362583,127.0754691,무더위쉼터(도로명주소 일치),도로명주소,마실경로당,서울특별시 광진구 자양번영로7길 16-9
경로당,신양 경로당,서울특별시 광진구 자양동,1,"광진구 뚝섬로 543 (자양동, 신양경로당)",37.534821,127.070567,무더위쉼터(도로명주소 일치),도로명주소,신양경로당,서울특별시 광진구 뚝섬로 543
경로당,우방리버파크(아) 경로당,서울특별시 광진구 자양동,1,"광진구 능동로4길 78 (자양동, 우방리버파크아파트 경로당)",37.531138,127.070516,무더위쉼터(도로명주소 일치),도로명주소,우방리버파크아파트경로당,서울특별시 광진구 능동로4길 78 (우방리버파크 101동)
경로당,우성2차 경로당,서울특별시 광진구 자양동,1,"광진구 뚝섬로 576 (자양동, 우성2차아파트 경로당)",37.533199,127.074007,무더위쉼터(도로명주소 일치),도로명주소,우성2차아파트경로당,서울특별시 광진구 뚝섬로 576 (우성아파트)
경로당,우성3차 경로당,서울특별시 광진구 자양동,1,"광진구 뚝섬로35길 32 (자양동, 우성3차아파트 경로당)",37.53605,127.071611,무더위쉼터(도로명주소 일치),도로명주소,우성3차아파트경로당,서울특별시 광진구 뚝섬로35길 32 (자양우성3차아파트)
경로당,우성7차 경로당,서울특별시 광진구 자양동,1,"광진구 아차산로36길 39 (자양동, 우성7차아파트 경로당)",37.536295,127.074619,무더위쉼터(도로명주소 일치),도로명주소,우성7차아파트경로당,서울특별시 광진구 아차산로36길 39 (자양7차우성아파트 704동)
경로당,유수지 경로당,서울특별시 광진구 자양동,1,"광진구 뚝섬로48길 46 (자양동, 유수지 경로당)",37.5299959,127.0768171,무더위쉼터(도로명주소 일치),도로명주소,유수지경로당,서울특별시 광진구 뚝섬로48길 46 (자양동)
경로당,이튼타워리버3차 경로당,서울특별시 광진구 자양동,1,"광진구 능동로 18 (자양동, 이튼타워리버3차아파트 경로당)",37.532987,127.068039,무더위쉼터(도로명주소 일치),도로명주소,이튼타워리버3차경로당,서울특별시 광진구 능동로 18 (이튼타워리버3차 A동)
경로당,이튼타워리버5차 경로당,서울특별시 광진구 자양동,1,"광진구 능동로4길 40(자양동, 이튼타워리버5차아파트 경로당)",37.532146,127.069054,무더위쉼터(도로명주소 일치),도로명주소,이튼타워리버5차경로당,서울특별시 광진구 능동로4길 40 (이튼타워리버5차 B동)
경로당,자양1동 경로당,서울특별시 광진구 자양동,1,"광진구 아차산로40길 46 (자양동, 자양1동 경로당)",37.5356682,127.0778435,무더위쉼터(도로명주소 일치),도로명주소,자양1동경로당,서울특별시 광진구 아차산로40길 46 (자양동)
경로당,자양2동제1 경로당,서울특별시 광진구 자양동,1,"광진구 뚝섬로56길 28 (자양동, 자양2동 제1경로당)",37.530283,127.082446,무더위쉼터(도로명주소 일치),도로명주소,자양구립제1경로당,서울특별시 광진구 뚝섬로56길 28
경로당,자양2동제2 경로당,서울특별시 광진구 자양동,1,"광진구 뚝섬로62길 17 (자양동, 자양2동 제2경로당)",37.532535,127.088155,무더위쉼터(도로명주소 일치),도로명주소,자양구립제2경로당,서울특별시 광진구 뚝섬로62길 17
경로당,자양3동 경로당,서울특별시 광진구 자양동,1,"광진구 자양번영로3길 16 (자양동, 자양3동 경로당)",37.5318992,127.0743003,무더위쉼터(도로명주소 일치),도로명주소,자양제3동경로당,서울특별시 광진구 자양번영로3길 16 (자양동)
경로당,자양4동 제1 경로당,서울특별시 광진구 자양동,1,"광진구 동일로12길 24, 2층 (자양동, 자양4동 제1경로당)",37.5396209,127.0635531,무더위쉼터(도로명주소 일치),도로명주소,자양4동제1경로당,서울특별시 광진구 동일로12길 24 (자양동)
경로당,자양4동 제2 경로당,서울특별시 광진구 자양동,1,"광진구 동일로2길 17 (자양동, 자양4동제2경로당)",37.5351173,127.0613158,무더위쉼터(도로명주소 일치),도로명주소,자양4동제2경로당,서울특별시 광진구 동일로2길 17 (자양동)
경로당,자양4동 제4 경로당,서울특별시 광진구 자양동,1,"광진구 뚝섬로30가길 18 (자양동, 자양4동 제4경로당)",37.535113,127.065268,무더위쉼터(도로명주소 일치),도로명주소,자양4동제4경로당,서울특별시 광진구 뚝섬로30가길 18
경로당,자양경남 경로당,서울특별시 광진구 자양동,1,"광진구 뚝섬로52길 71 (자양동, 경남아파트 경로당)",37.5289369,127.078962,무더위쉼터(도로명주소 일치),도로명주소,자양경남아파트경로당,"서울특별시 광진구 뚝섬로52길 71  (자양동, 경남아파트)"
경로당,자양현대8차 경로당,서울특별시 광진구 자양동,1,"광진구 뚝섬로36길 19 (자양동, 자양8차현대홈타운 아파트 경로당)",37.533502,127.072084,무더위쉼터(도로명주소 일치),도로명주소,자양8차현대홈타운경로당,서울특별시 광진구 뚝섬로36길 19 (자양8차현대홈타운 801동)
경로당,자양현대9차 경로당,서울특별시 광진구 자양동,1,"광진구 뚝섬로34길 32 (자양동, 현대9차아파트 경로당)",37.533747,127.06919,무더위쉼터(도로명주소 일치),도로명주소,자양9차현대홈타운경로당,서울특별시 광진구 뚝섬로34길 32 (자양9차현대홈타운)
경로당,중앙 경로당,서울특별시 광진구 자양동,1,"광진구 뚝섬로47길 33 (자양동, 중앙 경로당)",37.533918,127.078713,무더위쉼터(도로명주소 일치),도로명주소,중앙경로당,서울특별시 광진구 뚝섬로47길 33
경로당,청아 경로당,서울특별시 광진구 자양동,1,"광진구 자양로19길 70 (자양동, 청아경로당)",37.538464,127.079727,무더위쉼터(도로명주소 일치),도로명주소,청아경로당,서울특별시 광진구 자양로19길 70
경로당,현대강변 경로당,서울특별시 광진구 자양동,1,"광진구 자양로3가길 43 (자양동, 현대강변아파트 경로당)",37.5284285,127.0859474,무더위쉼터(도로명주소 일치),도로명주소,현대강변아파트경로당,"서울특별시 광진구 자양로3가길 43  (자양동, 현대강변아파트)"
경로당/주민센터/도서관(작은도서관),"자마장 경로당, 자양1동 주민센터, 자양1동새마을작은도서관",서울특별시 광진구 자양동,3,"광진구 자양로13길 37 (자양동, 자마장 경로당)",37.5345191,127.0824159,무더위쉼터(도로명주소 일치),도로명주소,자마장경로당,서울특별시 광진구 자양로13길 37  (자양동)
도서관(공공도서관),자양한강도서관,서울특별시 광진구 자양동,1,서울특별시 광진구 뚝섬로52길 66(자양동),37.5292155,127.077668,전국도서관표준데이터,도로명주소,자양한강도서관,서울특별시 광진구 뚝섬로52길 66 (자양 문화체육센터)
보건소,광진구보건소,서울특별시 광진구 자양동,1,"서울특별시 광진구 아차산로 400 (자양동, 광진구청) 광진구보건소",37.536282,127.087753,무더위쉼터(도로명주소 일치),도로명주소,광진구청무더위쉼터,서울특별시 광진구 아차산로 400 (광진구청)
주민센터/도서관(작은도서관),"자양2동 주민센터, 자양2동새마을작은도서관",서울특별시 광진구 자양동,2,서울특별시 광진구 자양로3가길 26,37.528785,127.084456,무더위쉼터(도로명주소 일치),도로명주소,자양2동주민센터,서울특별시 광진구  자양로3가길  26   (자양동)
주민센터/도서관(작은도서관),"자양3동 주민센터, 자양3동새마을작은도서관",서울특별시 광진구 자양동,2,서울특별시 광진구 뚝섬로 568,37.5338326,127.0728868,무더위쉼터(도로명주소 일치),도로명주소,자양3동주민센터,서울특별시 광진구 뚝섬로 568 (자양동)
주민센터/도서관(공공도서관),"자양4동 주민센터, 자양제4동도서관",서울특별시 광진구 자양제4동주민센터,2,서울특별시 광진구 뚝섬로26길 58,37.534117,127.066259,무더위쉼터(도로명주소 일치),도로명주소,자양제4동도서관,서울특별시 광진구 뚝섬로26길 58 (자양제4동주민센터)
경로당,대원 경로당,서울특별시 광진구 중곡동,1,"광진구 긴고랑로36길 57-27 (중곡동, 대원경로당)",37.557602,127.091653,무더위쉼터(도로명주소 일치),도로명주소,대원경로당,서울특별시 광진구 긴고랑로36길 57-27
경로당,용곡 경로당,서울특별시 광진구 중곡동,1,"광진구 용마산로28길 31 (중곡동, 용곡경로당)",37.567656,127.087908,무더위쉼터(도로명주소 일치),도로명주소,용곡경로당,서울특별시 광진구 용마산로28길 31
경로당,용마 경로당,서울특별시 광진구 중곡동,1,"광진구 용마산로31길 38-8 (중곡동, 용마경로당)",37.5692617,127.0840609,무더위쉼터(도로명주소 일치),도로명주소,용마경로당,서울특별시 광진구 용마산로31길 38-8 (중곡동)
경로당,장수 경로당,서울특별시 광진구 중곡동,1,"광진구 긴고랑로31길 44 (중곡동, 장수경로당)",37.56171,127.086883,무더위쉼터(도로명주소 일치),도로명주소,장수경로당,서울특별시 광진구 긴고랑로31길 44
경로당,중곡1동 제1 경로당,서울특별시 광진구 중곡동,1,"광진구 긴고랑로5길 10 (중곡동, 중곡1동 제1경로당)",37.5645561,127.0791404,무더위쉼터(도로명주소 일치),도로명주소,중곡1동경로당,서울특별시 광진구 긴고랑로5길 10
경로당,중곡1동 제2 경로당,서울특별시 광진구 중곡동,1,"광진구 긴고랑로8길 51 (중곡동, 중곡1동 제2경로당)",37.5611728,127.0779688,무더위쉼터(도로명주소 일치),도로명주소,중곡1동제2경로당,서울특별시 광진구  긴고랑로8길  51   (중곡동)
경로당,중곡3동 경로당,서울특별시 광진구 중곡동,1,"광진구 동일로80길 20 (중곡동, 중곡3동 경로당)",37.570052,127.080895,무더위쉼터(도로명주소 일치),도로명주소,중곡3동경로당,서울특별시 광진구 동일로80길 20
경로당,중곡4동 경로당,서울특별시 광진구 중곡동,1,"광진구 긴고랑로39길 57 (중곡동, 중곡4동 경로당)",37.559388,127.093102,무더위쉼터(도로명주소 일치),도로명주소,중곡4동경로당,서울특별시 광진구 긴고랑로39길 57
경로당,한마음 경로당,서울특별시 광진구 중곡동,1,"광진구 긴고랑로22길 39-4 (중곡동, 한마음경로당)",37.559217,127.083744,무더위쉼터(도로명주소 일치),도로명주소,한마음경로당,서울특별시 광진구 긴고랑로22길 39-4
도서관(공공도서관),중곡문화체육센터도서관,서울특별시 광진구 중곡동,1,서울특별시 광진구 능동로 433(중곡동),37.5677778,127.0848034,전국도서관표준데이터,도로명주소,중곡문화체육센터도서관,서울특별시 광진구 능동로 433 (중곡문화체육센터)
보건소,중곡보건지소,서울특별시 광진구 중곡동,1,"서울특별시 광진구 긴고랑로 110 (중곡동, 중곡종합건강센터) 중곡보건지소",37.5593921,127.0871558,무더위쉼터(도로명주소 일치),도로명주소,중곡종합건강센터,서울특별시 광진구 긴고랑로 110 (중곡동)
주민센터/도서관(작은도서관),"중곡1동 주민센터, 중곡1동새마을작은도서관",서울특별시 광진구 중곡동,2,서울특별시 광진구 긴고랑로12길 49,37.560566,127.080038,무더위쉼터(도로명주소 일치),도로명주소,중곡1동주민센터,서울특별시 광진구  긴고랑로12길  49   (중곡동)
주민센터/도서관(작은도서관),"중곡2동 주민센터, 중곡2동새마을작은도서관",서울특별시 광진구 중곡동,2,서울특별시 광진구 능동로 346,37.5602523,127.0814064,무더위쉼터(도로명주소 일치),도로명주소,중곡2동주민센터,서울특별시 광진구  능동로  346   (중곡동)
주민센터/도서관(작은도서관),"중곡3동 주민센터, 중곡3동새마을작은도서관",서울특별시 광진구 중곡동,2,서울특별시 광진구 동일로76가길 28,37.568808,127.080116,무더위쉼터(도로명주소 일치),도로명주소,중곡3동주민센터,서울특별시 광진구 동일로76가길 28
주민센터/도서관(작은도서관),"중곡4동 주민센터, 중곡4동새마을작은도서관",서울특별시 광진구 중곡동,2,서울특별시 광진구 긴고랑로 131,37.5590837,127.0894508,무더위쉼터(도로명주소 일치),도로명주소,중곡4동주민센터,서울특별시 광진구  긴고랑로  131   (중곡동)
경로당,모진동 경로당,서울특별시 광진구 화양동,1,"광진구 광나루로24길 53 (화양동, 모진동경로당)",37.5450517,127.0780555,무더위쉼터(도로명주소 일치),도로명주소,모진경로당,서울특별시 광진구 광나루로24길 53 (화양동)
경로당,화양동 현대 경로당,서울특별시 광진구 화양동,1,"광진구 동일로24길 5 (화양동, 현대아파트 경로당)",37.544507,127.065845,무더위쉼터(도로명주소 일치),도로명주소,화양현대아파트경로당,서울특별시 광진구 동일로24길 5 (화양동현대아파트103동)
경로당,화양장수 경로당,서울특별시 광진구 화양동,1,"광진구 군자로36, 1층(화양동, 화양장수경로당)",37.546339,127.070502,무더위쉼터(도로명주소 일치),도로명주소,화양장수경로당,서울특별시 광진구 군자로 36 (화양장수경로당)
경로당/주민센터/도서관(작은도서관),"화양동 경로당, 화양동 주민센터, 화양동새마을작은도서관",서울특별시 광진구 화양동,3,"광진구 능동로17길 39 (화양동, 화양동경로당)",37.5465376,127.0713179,무더위쉼터(도로명주소 일치),도로명주소,화양경로당,서울특별시 광진구  능동로17길  39   (화양동)
도서관(공공도서관),개봉도서관,서울특별시 구로구,1,서울특별시 구로구 개봉로16길 30-11,37.4895231,126.8579748,전국도서관표준데이터,도로명주소,개봉도서관,서울특별시 구로구 개봉로16길 30-11 (개봉초등학교)
도서관(공공도서관),고척열린도서관,서울특별시 구로구,1,서울특별시 구로구 경인로43길 49,37.4983268,126.8595211,전국도서관표준데이터,도로명주소,고척아이파크MD,서울특별시 구로구 경인로43길 49 (고척아이파크)
도서관(공공도서관),구로구립온누리도서관,서울특별시 구로구,1,"서울특별시 구로구 구로중앙로27나길 9, 4층 (온누리관)",37.4974612,126.8865524,전국도서관표준데이터,도로명주소,구로구립온누리도서관,서울특별시 구로구 구로중앙로27나길 9 (구로초등학교)
도서관(공공도서관),구로기적의도서관,서울특별시 구로구,1,서울특별시 구로구 구로중앙로40길 24,37.506736,126.877312,전국도서관표준데이터,도로명주소,구로기적의도서관,서울특별시 구로구 구로중앙로40길 24 (구로기적의도서관)
도서관(공공도서관),구로미래도서관,서울특별시 구로구,1,서울특별시 구로구 새말로 111,37.50717,126.8914,전국도서관표준데이터,도로명주소,구로미래도서관,서울특별시 구로구 새말로 111
도서관(공공도서관),궁동어린이도서관,서울특별시 구로구,1,서울특별시 구로구 오리로 1352,37.502239,126.8292614,전국도서관표준데이터,도로명주소,궁동어린이도서관,서울특별시 구로구 오리로 1352 (궁동어린이도서관)
도서관(공공도서관),글마루한옥어린이도서관,서울특별시 구로구,1,서울특별시 구로구 고척로27바길 7,37.5069151,126.845627,전국도서관표준데이터,도로명주소,글마루한옥어린이도서관,서울특별시 구로구 고척로27바길 7 (개봉한옥어린이도서관)
도서관(공공도서관),꿈나무도서관,서울특별시 구로구,1,"서울특별시 구로구 구로동로26길 54, 2층 (구로구시설관리공단)",37.4898784,126.8865593,전국도서관표준데이터,도로명주소,구로꿈나무어린이도서관,서울특별시 구로구 구로동로26길 54 (구로구시설관리공단)
도서관(공공도서관),하늘도서관,서울특별시 구로구,1,서울특별시 구로구 구로동로13길 68,37.4873757,126.8813483,전국도서관표준데이터,도로명주소,하늘도서관,서울특별시 구로구 구로동로13길 68 (구로구립하늘도서관)
도서관(공공도서관),항동푸른도서관,서울특별시 구로구,1,서울특별시 구로구 연동로 290-46,37.4849826,126.8245649,전국도서관표준데이터,도로명주소,항동푸른도서관,서울특별시 구로구 연동로 290-46 (푸른도서관)
경로당,골말 경로당,서울특별시 구로구 가리봉동,1,구로구 구로동로7길 74?(가리봉동),37.4863903,126.8825385,무더위쉼터(도로명주소 일치),도로명주소,골말경로당,서울특별시 구로구 구로동로7길 74 (가리봉동)
경로당,정수 경로당,서울특별시 구로구 가리봉동,1,구로구 남부순환로105가길 10-3?(가리봉동),37.4793195,126.8928633,무더위쉼터(시설명 일치),시설명,정수경로당,"서울특별시 구로구 남부순환로105가길 10-2 (가리봉동, 리오파크빌)"
주민센터,가리봉동 주민센터,서울특별시 구로구 가리봉동,1,서울특별시 구로구 우마2길 35,37.4824503,126.8897691,무더위쉼터(도로명주소 일치),도로명주소,가리봉동주민센터,서울특별시 구로구 우마2길 35
경로당,개명 경로당,서울특별시 구로구 개봉동,1,구로구 개봉로1길 148?(개봉동),37.4819015,126.8508643,무더위쉼터(도로명주소 일치),도로명주소,개명경로당,서울특별시 구로구 개봉로1길 148 (개봉동)
경로당,개봉 푸르지오(아) 경로당,서울특별시 구로구 개봉동,1,구로구 남부순환로 775 (개봉동),37.500653,126.847957,무더위쉼터(도로명주소 일치),도로명주소,개봉푸르지오(아)경로당,서울특별시 구로구 남부순환로 775 (개봉푸르지오 상가105동)
경로당,개봉1동 경로당,서울특별시 구로구 개봉동,1,구로구 경인로35길 40-1?(개봉동),37.499108,126.854011,무더위쉼터(도로명주소 일치),도로명주소,개봉1동경로당,서울특별시 구로구 경인로35길 40-1 (경로당)
경로당,개봉2동 경로당,서울특별시 구로구 개봉동,1,구로구 개봉로17나길 62?(개봉동),37.493549,126.851947,무더위쉼터(도로명주소 일치),도로명주소,개봉2동경로당,서울특별시 구로구 개봉로17나길 62
경로당,개봉3동 경로당,서울특별시 구로구 개봉동,1,구로구 개봉로11길 7-46?(개봉동),37.4870609,126.8553809,무더위쉼터(도로명주소 일치),도로명주소,개봉3동경로당,서울특별시 구로구 개봉로11길 7-46
경로당,개봉건영(아) 경로당,서울특별시 구로구 개봉동,1,구로구 고척로21나길 85-6?(개봉동),37.501172,126.840425,무더위쉼터(도로명주소 일치),도로명주소,개봉건영(아)경로당,서울특별시 구로구 고척로21나길 85-6 (건영아파트 101동)
경로당,개봉대상(아) 경로당,서울특별시 구로구 개봉동,1,구로구 개봉로1길 170?(개봉동),37.482316,126.849795,무더위쉼터(도로명주소 일치),도로명주소,개봉대상(아)경로당,서울특별시 구로구 개봉로1길 170
경로당,개봉동아이파크(아) 경로당,서울특별시 구로구 개봉동,1,구로구 개봉로2길 133-15?(개봉동),37.49001,126.859464,무더위쉼터(도로명주소 일치),도로명주소,개봉동아이파크(아)경로당,서울특별시 구로구 개봉로2길 133-15
경로당,개봉역센트레빌레우스 경로당,서울특별시 구로구 개봉동,1,구로구 경인로 302 (개봉동),37.496149,126.854328,무더위쉼터(도로명주소 일치),도로명주소,개봉역센트레빌레우스,서울특별시 구로구 경인로 302
경로당,거성1차푸르뫼(아) 경로당,서울특별시 구로구 개봉동,1,구로구 고척로 85?(개봉동),37.500908,126.843386,무더위쉼터(도로명주소 일치),도로명주소,거성1차푸르뫼(아)경로당,서울특별시 구로구 고척로 85 (거성푸르뫼1차아파트 103동)
경로당,거성2차푸르뫼(아) 경로당,서울특별시 구로구 개봉동,1,구로구 고척로 82?(개봉동),37.500185,126.84374,무더위쉼터(도로명주소 일치),도로명주소,거성2차푸르뫼(아)경로당,서울특별시 구로구 고척로 82 (거성푸르뫼2차아파트 상가B동)
경로당,동인(아) 경로당,서울특별시 구로구 개봉동,1,구로구 서해안로34가길 22?(개봉동),37.493622,126.849137,무더위쉼터(도로명주소 일치),도로명주소,동인(아)경로당,서울특별시 구로구 서해안로34가길 22 (동인아파트 관리사무소)
경로당,두산(아) 경로당,서울특별시 구로구 개봉동,1,구로구 남부순환로95길 88?(개봉동),37.495095,126.852538,무더위쉼터(도로명주소 일치),도로명주소,두산(아)경로당,서울특별시 구로구 남부순환로95길 88 (두산아파트 상가)
경로당,백곡 경로당,서울특별시 구로구 개봉동,1,구로구 고척로21길 85?(개봉동),37.5051409,126.844444,무더위쉼터(도로명주소 일치),도로명주소,백곡경로당,서울특별시 구로구 고척로21길 85
경로당,삼호(아) 경로당,서울특별시 구로구 개봉동,1,구로구 남부순환로95길 16?(개봉동),37.494243,126.857173,무더위쉼터(도로명주소 일치),도로명주소,삼호(아)경로당,서울특별시 구로구 남부순환로95길 16 (삼호아파트 101동)
경로당,삼환(아) 경로당,서울특별시 구로구 개봉동,1,구로구 남부순환로95길 54?(개봉동),37.494873,126.854169,무더위쉼터(도로명주소 일치),도로명주소,삼환(아)경로당,서울특별시 구로구 남부순환로95길 54 (삼환아파트 106동)
경로당,상우(아) 경로당,서울특별시 구로구 개봉동,1,구로구 남부순환로97길 50?(개봉동),37.493639,126.860831,무더위쉼터(도로명주소 일치),도로명주소,상우(아)경로당,서울특별시 구로구 남부순환로97길 50 (상우아파트)
경로당,안나 경로당,서울특별시 구로구 개봉동,1,구로구 고척로 134-5 (개봉동),37.502183,126.849036,무더위쉼터(도로명주소 일치),도로명주소,안나경로당,서울특별시 구로구 고척로 134-5 (개봉동)
경로당,양송이 경로당,서울특별시 구로구 개봉동,1,구로구 고척로21가길 48-11(개봉동),37.5020829,126.8431154,무더위쉼터(도로명주소 일치),도로명주소,양송이경로당,서울특별시 구로구 고척로21가길 48-11 (개봉동)
경로당,영화(아) 경로당,서울특별시 구로구 개봉동,1,구로구 경인로40길 11?(개봉동),37.495988,126.860113,무더위쉼터(도로명주소 일치),도로명주소,영화(아)경로당,서울특별시 구로구 경인로40길 11 (영화아파트 상가동)
경로당,영화아이닉스(아) 경로당,서울특별시 구로구 개봉동,1,구로구 개봉로1길 188?(개봉동),37.482804,126.849247,무더위쉼터(도로명주소 일치),도로명주소,영화아이닉스(아)경로당,서울특별시 구로구 개봉로1길 188 (영화아이닉스아파트102동)
경로당,중앙 경로당,서울특별시 구로구 개봉동,1,구로구 개봉로15길 58-2?(개봉동),37.4901202,126.8529993,무더위쉼터(도로명주소 일치),도로명주소,중앙경로당,서울특별시 구로구 개봉로15길 58-2 (개봉동)
경로당,천수 경로당,서울특별시 구로구 개봉동,1,구로구 고척로27가길 3-6 (개봉동),37.5037998,126.8470863,무더위쉼터(도로명주소 일치),도로명주소,천수경로당,서울특별시 구로구 고척로27가길 3-6
경로당,청실(아) 경로당,서울특별시 구로구 개봉동,1,구로구 경인로40길 25?(개봉동),37.495444,126.859962,무더위쉼터(도로명주소 일치),도로명주소,청실(아)경로당,서울특별시 구로구 경인로40길 25 (청실아파트)
경로당,"한마을(아)벽산 경로당, 한마을(아) 경로당",서울특별시 구로구 개봉동,2,구로구 경인로 382 (개봉동),37.495383,126.861664,무더위쉼터(도로명주소 일치),도로명주소,한마을(아)벽산경로당,서울특별시 구로구 경인로 382
경로당,한진(아) 경로당,서울특별시 구로구 개봉동,1,구로구 개봉로3길 87 (개봉동),37.485381,126.851525,무더위쉼터(도로명주소 일치),도로명주소,한진(아)경로당,서울특별시 구로구 개봉로3길 87
경로당,"현대(아)서부 경로당, 현대(아)중부 경로당, 개봉현대(아) 경로당",서울특별시 구로구 개봉동,3,구로구 개봉로20길 6?(개봉동),37.491574,126.858794,무더위쉼터(도로명주소 일치),도로명주소,현대(아)중부경로당,서울특별시 구로구 개봉로20길 6
경로당,현대홈타운2단지(아) 경로당,서울특별시 구로구 개봉동,1,구로구 개봉로20길 158?(개봉동),37.491819,126.861235,무더위쉼터(도로명주소 일치),도로명주소,현대홈타운2단지(아)경로당,서울특별시 구로구 개봉로20길 158
주민센터,개봉1동 주민센터,서울특별시 구로구 개봉동,1,서울특별시 구로구 경인로33길 51,37.50021,126.851117,무더위쉼터(도로명주소 일치),도로명주소,개봉1동주민센터,서울특별시 구로구 경인로33길 51
주민센터,개봉2동 주민센터,서울특별시 구로구 개봉동,1,서울특별시 구로구 개봉로16가길 17,37.4908316,126.856584,무더위쉼터(도로명주소 일치),도로명주소,개봉2동주민센터,서울특별시 구로구 개봉로16가길 17 (개봉동)
주민센터,개봉3동 주민센터,서울특별시 구로구 개봉동,1,서울특별시 구로구 개봉로3길 47-5,37.48586,126.853845,무더위쉼터(시설명 일치),시설명,개봉3동주민센터,서울특별시 구로구 개봉로1가길 28
경로당,고척아이파크MD(아),서울특별시 구로구 고척1동,1,"구로구 경인로43길 49 6층 시니어라운지(고척1동, 351)",37.498327,126.859521,무더위쉼터(시설명 일치),시설명,고척아이파크MD,서울특별시 구로구 경인로43길 49 (고척아이파크)
경로당,경남1차(아) 경로당,서울특별시 구로구 고척동,1,구로구 경인로47길 150?(고척동),37.505334,126.862634,무더위쉼터(도로명주소 일치),도로명주소,경남1차(아)경로당,서울특별시 구로구 경인로47길 150 (경남1차아파트 관리사무실)
경로당,경남2차(아) 경로당,서울특별시 구로구 고척동,1,구로구 고척로52길 21?(고척동),37.504441,126.856486,무더위쉼터(도로명주소 일치),도로명주소,경남2차(아)경로당,서울특별시 구로구 고척로52길 21 (경남2차아파트 관리사무소)
경로당,고척 경로당,서울특별시 구로구 고척동,1,구로구 안양천로537다길 30?(고척동),37.5019492,126.868476,무더위쉼터(도로명주소 일치),도로명주소,고척경로당,서울특별시 구로구 안양천로537다길 30 (고척동)
경로당,고척대우(아) 경로당,서울특별시 구로구 고척동,1,구로구 고척로52길 48?(고척동),37.50307,126.855413,무더위쉼터(도로명주소 일치),도로명주소,고척대우(아)경로당,서울특별시 구로구 고척로52길 48 (고척대우아파트 101동)
경로당,고척동삼환로즈빌(아) 경로당,서울특별시 구로구 고척동,1,구로구 경인로 343?(고척동),37.497852,126.858204,무더위쉼터(도로명주소 일치),도로명주소,고척동삼환로즈빌(아)경로당,서울특별시 구로구 경인로 343
경로당,고척리가(아) 경로당,서울특별시 구로구 고척동,1,구로구 중앙로12길 17-8?(고척동),37.506117,126.862001,무더위쉼터(도로명주소 일치),도로명주소,고척리가(아)경로당,서울특별시 구로구 중앙로12길 17-8 (고척LIG리가 2단지 201동)
경로당,고척벽산베스트블루밍(아) 경로당,서울특별시 구로구 고척동,1,구로구 고척로60길 30?(고척동),37.504534,126.859018,무더위쉼터(도로명주소 일치),도로명주소,고척벽산베스트블루밍(아)경로당,서울특별시 구로구 고척로60길 30 (벽산베스트블루밍아파트 103동)
경로당,고척벽산블루밍(아) 경로당,서울특별시 구로구 고척동,1,구로구 경인로 390?(고척동),37.495777,126.864198,무더위쉼터(도로명주소 일치),도로명주소,고척벽산블루밍(아)경로당,서울특별시 구로구 경인로 390
경로당,고척파크프루지오(아) 경로당,서울특별시 구로구 고척동,1,구로구 중앙로 121?(고척동),37.507505,126.858074,무더위쉼터(도로명주소 일치),도로명주소,고척파크푸르지오(아)경로당,서울특별시 구로구 중앙로 121 (고척파크푸르지오 101동)
경로당,구립국화 경로당,서울특별시 구로구 고척동,1,구로구 경인로47다길 43?(고척동),37.5038005,126.8671964,무더위쉼터(도로명주소 일치),도로명주소,구립국화경로당,"서울특별시 구로구 경인로47다길 43 (고척동, 산업인아파트)"
경로당,그랜드(아)경로당 경로당,서울특별시 구로구 고척동,1,구로구 고척로27바길 47 (고척동),37.507641,126.847538,무더위쉼터(도로명주소 일치),도로명주소,그랜드(아)경로당,서울특별시 구로구 고척로27바길 47 (그랜드아파트)
경로당,덕의 경로당,서울특별시 구로구 고척동,1,구로구 고척로 51길 39?(고척동),37.506458,126.8542476,무더위쉼터(도로명주소 일치),도로명주소,덕의경로당,서울특별시 구로구 고척로51길 39 (고척동)
경로당,동아한신(아) 경로당,서울특별시 구로구 고척동,1,구로구 중앙로6길 17?(고척동),37.501181,126.864898,무더위쉼터(도로명주소 일치),도로명주소,동아한신(아)경로당,서울특별시 구로구 중앙로6길 17 (고척동 동아한신아파트 상가동)
경로당,마젤란(아) 경로당,서울특별시 구로구 고척동,1,구로구 경인로47길 128?(고척동),37.504475,126.864211,무더위쉼터(도로명주소 일치),도로명주소,마젤란(아)경로당,서울특별시 구로구 경인로47길 128 (고척마젤란아파트 102동)
경로당,삼덕 경로당,서울특별시 구로구 고척동,1,구로구 고척로33다길 21?(고척동),37.5063832,126.8486354,무더위쉼터(도로명주소 일치),도로명주소,삼덕경로당,"서울특별시 구로구 고척로33다길 21 (고척동, 신성빌라)"
경로당,삼익1차(아) 경로당,서울특별시 구로구 고척동,1,구로구 중앙로15길 132-17?(고척동),37.508645,126.852967,무더위쉼터(도로명주소 일치),도로명주소,삼익1차(아)경로당,서울특별시 구로구 중앙로15길 132-17 (삼익1단지아파트 노인정)
경로당,삼익2차(아) 경로당,서울특별시 구로구 고척동,1,구로구 중앙로15길 125?(고척동),37.507513,126.852699,무더위쉼터(도로명주소 일치),도로명주소,삼익2차(아)경로당,서울특별시 구로구 중앙로15길 125 (삼익아파트 202동)
경로당,서울가든 (아) 경로당,서울특별시 구로구 고척동,1,구로구 중앙로5길 62?(고척동),37.502696,126.860767,무더위쉼터(도로명주소 일치),도로명주소,서울가든(아)경로당,서울특별시 구로구 중앙로5길 62 (서울가든아파트 4동)
경로당,세곡 경로당,서울특별시 구로구 고척동,1,구로구 고척로52가길 58(고척동),37.5034306,126.8524755,무더위쉼터(도로명주소 일치),도로명주소,세곡경로당,서울특별시 구로구 고척로52가길 58
경로당,센츄리(아) 경로당,서울특별시 구로구 고척동,1,구로구 중앙로12길 12?(고척동),37.504313,126.862484,무더위쉼터(도로명주소 일치),도로명주소,센추리(아)경로당,서울특별시 구로구 중앙로12길 12 (센츄리아파트 103동)
경로당,소산 경로당,서울특별시 구로구 고척동,1,구로구 경서로5길 11-3  (고척동),37.5014989,126.8577787,무더위쉼터(도로명주소 일치),도로명주소,소산경로당,서울특별시 구로구 경서로5길 11-3
경로당,송암 경로당,서울특별시 구로구 고척동,1,구로구 고척로52길 115?(고척동),37.4998835,126.8556625,무더위쉼터(도로명주소 일치),도로명주소,송암경로당,서울특별시 구로구 고척로52길 115
경로당,양지 경로당 경로당,서울특별시 구로구 고척동,1,구로구 경인로47나길 10-5(고척동),37.5022613,126.8660701,무더위쉼터(도로명주소 일치),도로명주소,양지경로당,서울특별시 구로구 경인로47나길 10-5
경로당,오금 경로당,서울특별시 구로구 고척동,1,구로구 중앙로14나길 30 (고척동),37.5054895,126.8657935,무더위쉼터(도로명주소 일치),도로명주소,오금경로당,"서울특별시 구로구 중앙로14나길 30 (고척동, 일지빌라)"
경로당,우성꿈동산(아) 경로당,서울특별시 구로구 고척동,1,구로구 경인로47다길 34-7?(고척동),37.503096,126.8664,무더위쉼터(도로명주소 일치),도로명주소,우성꿈동산(아)경로당,서울특별시 구로구 경인로47다길 34-7 (우성꿈동산아파트 103동)
경로당,우성현대 (아) 경로당,서울특별시 구로구 고척동,1,구로구 중앙로1길 18-19?(고척동),37.499172,126.862301,무더위쉼터(도로명주소 일치),도로명주소,우성현대(아)경로당,서울특별시 구로구 중앙로1길 18-19 (우성현대아파트 상가동)
경로당,청구(아) 경로당,서울특별시 구로구 고척동,1,구로구 중앙로6길 5-15?(고척동),37.501759,126.863932,무더위쉼터(도로명주소 일치),도로명주소,청구(아)경로당,서울특별시 구로구 중앙로6길 5-15 (청구아파트 노인정)
경로당,한일유엔아이(아) 경로당,서울특별시 구로구 고척동,1,구로구 중앙로15길 151?(고척동),37.508313,126.850972,무더위쉼터(도로명주소 일치),도로명주소,한일유엔아이(아)경로당,서울특별시 구로구 중앙로15길 151 (한일유앤아이아파트 상가동)
경로당,한효 (아) 경로당,서울특별시 구로구 고척동,1,구로구 중앙로5길 24?(고척동),37.501589,126.861185,무더위쉼터(도로명주소 일치),도로명주소,한효(아)경로당,서울특별시 구로구 중앙로5길 24 (한효아파트 2동)
주민센터,고척1동 주민센터,서울특별시 구로구 고척동,1,서울특별시 구로구 중앙로3길 18-8,37.500368,126.862775,무더위쉼터(도로명주소 일치),도로명주소,고척1동주민센터,서울특별시 구로구 중앙로3길 18-8
주민센터,고척2동 주민센터,서울특별시 구로구 고척동,1,서울특별시 구로구 중앙로15길 22,37.506671,126.858585,무더위쉼터(도로명주소 일치),도로명주소,고척2동주민센터,서울특별시 구로구 중앙로15길 22
경로당,LG신도림자이(아) 경로당,서울특별시 구로구 구로동,1,구로구 새말로18길 64?(구로동),37.503564,126.892127,무더위쉼터(도로명주소 일치),도로명주소,LG신도림자이(아)경로당,서울특별시 구로구 새말로18길 64 (LG신도림자이아파트 103동)
경로당,가마산 경로당,서울특별시 구로구 구로동,1,구로구 가마산로19길 18-6(구로동),37.4947371,126.8852019,무더위쉼터(시설명 일치),시설명,가마산경로당,서울특별시 구로구 가마산로21길 21-8 (구로동)
경로당,경남아너스빌(아) 경로당,서울특별시 구로구 구로동,1,구로구 구로중앙로8길 41-23?(구로동),37.493384,126.893168,무더위쉼터(도로명주소 일치),도로명주소,경남아너스빌(아)경로당,서울특별시 구로구 구로중앙로8길 41-23 (경남아너스빌 관리동)
경로당,구로2동 경로당,서울특별시 구로구 구로동,1,구로구 구로동로28길 25-13?(구로동),37.4914214,126.8855613,무더위쉼터(도로명주소 일치),도로명주소,구로2동경로당,서울특별시 구로구 구로동로28길 25-13 (구로동)
경로당,구로4동 구 경로당,서울특별시 구로구 구로동,1,구로구 구로동로8길 27?(구로동),37.4869822,126.8862513,무더위쉼터(도로명주소 일치),도로명주소,구로4동구경로당,서울특별시 구로구 구로동로8길 27 (구로동)
경로당,구로4동복지관 경로당,서울특별시 구로구 구로동,1,구로구 구로동로20길 57 (구로동),37.4880271,126.887637,무더위쉼터(도로명주소 일치),도로명주소,구로4동복지관경로당,서울특별시 구로구 구로동로20길 57 (구로동)
경로당,구로리 경로당,서울특별시 구로구 구로동,1,구로구 구로동로 28길 102-13 (구로동),37.491495,126.8892376,무더위쉼터(도로명주소 일치),도로명주소,구로리경로당,서울특별시 구로구 구로동로28길 102-13 (구로동)
경로당,구로주공(아) 경로당,서울특별시 구로구 구로동,1,구로구 구일로4길 65?(구로동),37.493069,126.87509,무더위쉼터(도로명주소 일치),도로명주소,구로주공(아)경로당,서울특별시 구로구 구일로4길 65 (구로주공아파트 104동)
경로당,구로한일유엔아이(아) 경로당,서울특별시 구로구 구로동,1,구로구 가마산로 87?(구로동),37.486296,126.876121,무더위쉼터(도로명주소 일치),도로명주소,구로한일유엔아이(아)경로당,서울특별시 구로구 가마산로 87
경로당,구일우성(아) 경로당,서울특별시 구로구 구로동,1,구로구 구일로2길 60 (구로동),37.49003,126.877161,무더위쉼터(도로명주소 일치),도로명주소,구일우성(아)경로당,서울특별시 구로구 구일로2길 60 (구일우성아파트 202동)
경로당,극동 (아) 경로당,서울특별시 구로구 구로동,1,구로구 구로중앙로7길 28?(구로동),37.490906,126.890089,무더위쉼터(도로명주소 일치),도로명주소,극동(아)경로당,서울특별시 구로구 구로중앙로7길 28 (극동아파트 1동)
경로당,금호어울림(아) 경로당,서울특별시 구로구 구로동,1,구로구 공원로 26 (구로동),37.499887,126.89216,무더위쉼터(도로명주소 일치),도로명주소,금호어울림(아)경로당,서울특별시 구로구 공원로 26 (금호아파트)
경로당,뉴홍현(아) 경로당,서울특별시 구로구 구로동,1,구로구 구로동로42길 77 (구로동),37.498874,126.883426,무더위쉼터(도로명주소 일치),도로명주소,뉴홍현,서울특별시 구로구 구로동로42길 77 (뉴홍현솔레디움)
경로당,늘봄 경로당,서울특별시 구로구 구로동,1,구로구 구로동로21가길 5-2 (구로동),37.4891528,126.8831742,무더위쉼터(도로명주소 일치),도로명주소,늘봄경로당,서울특별시 구로구 구로동로21가길 5-2 (구로동)
경로당,늘푸른 경로당,서울특별시 구로구 구로동,1,구로구 구로동로50길 10(구로동),37.4991826,126.8828544,무더위쉼터(시설명 일치),시설명,늘푸른경로당,서울특별시 구로구 구로동로50길 14-2 (구로동)
경로당,다솜(아) 경로당,서울특별시 구로구 구로동,1,구로구 새말로16길 70 (구로동),37.502397,126.89205,무더위쉼터(도로명주소 일치),도로명주소,다솜(아)경로당,서울특별시 구로구 새말로16길 70 (다솜금호아파트)
경로당,대성스카이렉스(아) 경로당,서울특별시 구로구 구로동,1,구로구 공원로 27 (구로동),37.499419,126.890883,무더위쉼터(도로명주소 일치),도로명주소,대성스타이렉스(아)경로당,서울특별시 구로구 공원로 27 (대림역대성스카이렉스)
경로당,대원 경로당,서울특별시 구로구 구로동,1,구로구 도림로 110 (구로동),37.4914373,126.8949512,무더위쉼터(도로명주소 일치),도로명주소,대원경로당,서울특별시 구로구 도림로 110
경로당,덕영드림(아) 경로당,서울특별시 구로구 구로동,1,구로구 구로중앙로34길 17?(구로동),37.501037,126.883937,무더위쉼터(도로명주소 일치),도로명주소,덕영드림(아)경로당,서울특별시 구로구 구로중앙로34길 17 (덕영드림아파트)
경로당,두산위브(아) 경로당,서울특별시 구로구 구로동,1,구로구 디지털로31길 85?(구로동),37.486028,126.890582,무더위쉼터(도로명주소 일치),도로명주소,두산위브(아)경로당,서울특별시 구로구 디지털로31길 85 (구로두산위브 102동)
경로당,"두산임대(아) 경로당, 구로두산(아) 경로당",서울특별시 구로구 구로동,2,구로구 도림로 59?(구로동),37.4898,126.888683,무더위쉼터(도로명주소 일치),도로명주소,두산임대(아)경로당,서울특별시 구로구 도림로 59 (구로두산아파트 105동)
경로당,두산타워(아) 경로당,서울특별시 구로구 구로동,1,구로구 공원로 47 (구로동),37.500951,126.889649,무더위쉼터(도로명주소 일치),도로명주소,두산타워(아)경로당,서울특별시 구로구 공원로 47 (도림두산베어스타워)
경로당,럭키 (아) 경로당,서울특별시 구로구 구로동,1,구로구 도림로 107?(구로동),37.492005,126.894102,무더위쉼터(도로명주소 일치),도로명주소,럭키(아)경로당,서울특별시 구로구 도림로 107 (럭키아파트 관리사무소)
경로당,롯데(아) 경로당,서울특별시 구로구 구로동,1,구로구 새말로 31 (구로동),37.502656,126.88355,무더위쉼터(도로명주소 일치),도로명주소,롯데(아)경로당,서울특별시 구로구 새말로 31 (신도림롯데아파트 경비실)
경로당,마을공원  경로당,서울특별시 구로구 구로동,1,구로구 구로동로 22길 57(구로동),37.4890868,126.8875059,무더위쉼터(도로명주소 일치),도로명주소,마을공원경로당,"서울특별시 구로구 구로동로22길 57 (구로동, )"
경로당,무지개 경로당,서울특별시 구로구 구로동,1,구로구 구로동로35가길 19-16 (구로동),37.4937347,126.8813314,무더위쉼터(도로명주소 일치),도로명주소,무지개경로당,서울특별시 구로구 구로동로35가길 19-16
경로당,문성골 경로당,서울특별시 구로구 구로동,1,구로구 디지털로32가길 50?(구로동),37.4813694,126.8977869,무더위쉼터(도로명주소 일치),도로명주소,문성골경로당,서울특별시 구로구 디지털로32가길 50 (구로동)
경로당,문화 경로당,서울특별시 구로구 구로동,1,구로구 경인로58길 7 (구로동),37.5021323,126.8795652,무더위쉼터(도로명주소 일치),도로명주소,문화경로당,서울특별시 구로구 경인로58길 7
경로당,미리내 경로당,서울특별시 구로구 구로동,1,구로구 구로중앙로22길 49?(구로동),37.4979903,126.8891555,무더위쉼터(도로명주소 일치),도로명주소,미리내경로당,서울특별시 구로구 구로중앙로22길 49 (구로동)
경로당,밤동산 경로당,서울특별시 구로구 구로동,1,구로구 구로중앙로32가길 59 (구로동),37.501759,126.884875,무더위쉼터(도로명주소 일치),도로명주소,밤동산경로당,서울특별시 구로구 구로중앙로32가길 59
경로당,베타니아 경로당,서울특별시 구로구 구로동,1,구로구 디지털로27다길 15?(구로동),37.4849759,126.8893165,무더위쉼터(도로명주소 일치),도로명주소,베타니아경로당,서울특별시 구로구 디지털로27다길 15
경로당,보광 (아) 경로당,서울특별시 구로구 구로동,1,구로구 가마산로 231 (구로동),37.495373,126.885522,무더위쉼터(도로명주소 일치),도로명주소,보광(아)경로당,서울특별시 구로구 가마산로 231
경로당,삼성래미안(아) 경로당,서울특별시 구로구 구로동,1,구로구 디지털로31길 90?(구로동),37.487493,126.891333,무더위쉼터(도로명주소 일치),도로명주소,삼성래미안(아)경로당,서울특별시 구로구 디지털로31길 90 (삼성래미안아파트 105동)
경로당,상수 경로당,서울특별시 구로구 구로동,1,구로구 구로동로41길 33 (구로동),37.4946159,126.8817337,무더위쉼터(도로명주소 일치),도로명주소,상수경로당,"서울특별시 구로구 구로동로41길 33 (구로동, )"
경로당,새솔(아) 경로당,서울특별시 구로구 구로동,1,구로구 공원로 35?(구로동),37.499981,126.890336,무더위쉼터(도로명주소 일치),도로명주소,새솔(아)경로당,서울특별시 구로구 공원로 35 (새솔금호아파트)
경로당,세아(아) 경로당,서울특별시 구로구 구로동,1,구로구 공원로 3?(구로동),37.497708,126.892342,무더위쉼터(도로명주소 일치),도로명주소,세아(아)경로당,서울특별시 구로구 공원로 3 (선경오피스텔)
경로당,신구로현대 (아) 경로당,서울특별시 구로구 구로동,1,구로구 구로중앙로18길 68?(구로동),37.496559,126.892932,무더위쉼터(도로명주소 일치),도로명주소,신구로현대(아)경로당,서울특별시 구로구 구로중앙로18길 68 (신구로현대아파트 상가동)
경로당,신도림현대(아) 경로당,서울특별시 구로구 구로동,1,구로구 새말로9길 45?(구로동),37.504454,126.885661,무더위쉼터(도로명주소 일치),도로명주소,신도림현대(아)경로당(구로5동),서울특별시 구로구 새말로9길 45 (신도림현대아파트)
경로당,신성미소지움(아) 경로당,서울특별시 구로구 구로동,1,구로구 시흥대로161길 50?(구로동),37.479277,126.89688,무더위쉼터(도로명주소 일치),도로명주소,신성미소지움(아)경로당,서울특별시 구로구 시흥대로161길 50 (신성미소지움 104동)
경로당,아홉길 경로당 경로당,서울특별시 구로구 구로동,1,구로구 구로중앙로27길 28-29 (구로동),37.4984739,126.8848854,무더위쉼터(도로명주소 일치),도로명주소,아홉길경로당,서울특별시 구로구 구로중앙로27길 28-29 (구로동)
경로당,영서(아) 경로당,서울특별시 구로구 구로동,1,구로구 디지털로 319?(구로동),37.487859,126.896376,무더위쉼터(도로명주소 일치),도로명주소,영서(아)경로당,서울특별시 구로구 디지털로 319 (현대아파트)
경로당,영화참마음(아) 경로당,서울특별시 구로구 구로동,1,구로구 구일로8길 79 (구로동),37.497155,126.874478,무더위쉼터(도로명주소 일치),도로명주소,영화참마음(아)경로당,서울특별시 구로구 구일로8길 79 (영화참마음아파트)
경로당,우리유앤미(아) 경로당,서울특별시 구로구 구로동,1,구로구 구로동로43길 10 (구로동),37.496618,126.881527,무더위쉼터(도로명주소 일치),도로명주소,우리유앤미(아)경로당,서울특별시 구로구 구로동로43길 10 (우리유앤미아파트 101동)
경로당,우민늘푸른(아) 경로당,서울특별시 구로구 구로동,1,구로구 도림로20길 50?(구로동),37.488063,126.894016,무더위쉼터(도로명주소 일치),도로명주소,우민늘푸른(아)경로당,서울특별시 구로구 도림로20길 50 (우민늘푸른아파트 노인정)
경로당,우방(아) 경로당,서울특별시 구로구 구로동,1,구로구 구일로 154-17?(구로동),37.497955,126.874275,무더위쉼터(도로명주소 일치),도로명주소,우방(아)경로당,서울특별시 구로구 구일로 154-17 (우방아파트 1동)
경로당,우성 (아) 경로당,서울특별시 구로구 구로동,1,구로구 도림천로 344 (구로동),37.493894,126.893865,무더위쉼터(도로명주소 일치),도로명주소,우성(아)경로당(구로4동),서울특별시 구로구 도림천로 344 (대림2차우성아파트)
경로당,우성 (아) 경로당,서울특별시 구로구 구로동,1,구로구 구일로8길 31?(구로동),37.494814,126.872386,무더위쉼터(도로명주소 일치),도로명주소,우성(아)경로당,서울특별시 구로구 구일로8길 31 (구로우성아파트 101동)
경로당,우성(아)  경로당,서울특별시 구로구 구로동,1,구로구 공원로6가길 67 (구로동),37.503956,126.889272,무더위쉼터(도로명주소 일치),도로명주소,우성(아)경로당(구로5동),서울특별시 구로구 공원로6가길 67 (구로우성아파트 1동)
경로당,월드진영(아) 경로당,서울특별시 구로구 구로동,1,구로구 구로중앙로 229?(구로동),37.505632,126.876045,무더위쉼터(도로명주소 일치),도로명주소,월드진영(아)경로당,서울특별시 구로구 구로중앙로 229 (월드아파트 관리사무소)
경로당,은빛  경로당,서울특별시 구로구 구로동,1,구로구 구로동로22길 51 (구로동),37.4891848,126.887213,무더위쉼터(도로명주소 일치),도로명주소,은빛경로당,서울특별시 구로구 구로동로22길 51
경로당,이화우성(아) 경로당,서울특별시 구로구 구로동,1,구로구 도림로22길 8?(구로동),37.490157,126.894048,무더위쉼터(도로명주소 일치),도로명주소,이화우성(아)경로당,서울특별시 구로구 도림로22길 8 (이화우성아파트 상가동)
경로당,일신건영(아) 경로당,서울특별시 구로구 구로동,1,구로구 새말로9길 22?(구로동),37.503556,126.885814,무더위쉼터(시설명 일치),시설명,일신건영(아)경로당,
경로당,장수 경로당,서울특별시 구로구 구로동,1,구로구 구로동로17길 5-8 (구로동),37.487987,126.8840947,무더위쉼터(도로명주소 일치),도로명주소,장수경로당,서울특별시 구로구 구로동로17길 5-8
경로당,중앙하이츠(아) 경로당,서울특별시 구로구 구로동,1,구로구 구로동로47길 24?(구로동),37.498712,126.880658,무더위쉼터(도로명주소 일치),도로명주소,중앙하이츠(아),서울특별시 구로구 구로동로47길 24 (구로중앙하이츠아파트 102동)
경로당,중앙하이츠(아) 경로당,서울특별시 구로구 구로동,1,구로구 구일로8길 92?(구로동),37.496567,126.876388,무더위쉼터(도로명주소 일치),도로명주소,중앙하이츠(아)경로당,서울특별시 구로구 구일로8길 92 (중앙구로하이츠아파트 6동)
경로당,태영타운(아) 경로당,서울특별시 구로구 구로동,1,구로구 새말로 93?(구로동),37.506041,126.887922,무더위쉼터(도로명주소 일치),도로명주소,태영타운(아)경로당,서울특별시 구로구 새말로 93 (신도림태영타운 109동)
경로당,푸른솔 경로당,서울특별시 구로구 구로동,1,구로구 구로중앙로32나길 12?(구로동),37.501599,126.885526,무더위쉼터(도로명주소 일치),도로명주소,푸른솔경로당,서울특별시 구로구 구로중앙로32나길 12
경로당,한국현대(아) 경로당,서울특별시 구로구 구로동,1,구로구 구일로8길 107 (구로동),37.49787,126.875444,무더위쉼터(도로명주소 일치),도로명주소,한국현대(아)경로당,서울특별시 구로구 구일로8길 107 (한국현대아파트)
경로당,한신(아) 경로당,서울특별시 구로구 구로동,1,구로구 구일로8길 63?(구로동),37.496457,126.873588,무더위쉼터(도로명주소 일치),도로명주소,한신(아)경로당,서울특별시 구로구 구일로8길 63 (구로한신아파트)
경로당,한신휴플러스(아) 경로당,서울특별시 구로구 구로동,1,구로구 디지털로31길 120?(구로동),37.488497,126.890861,무더위쉼터(도로명주소 일치),도로명주소,한신휴플러스(아)경로당,서울특별시 구로구 디지털로31길 120 (한신휴플러스아파트 103동)
경로당,한우리 경로당,서울특별시 구로구 구로동,1,구로구 벚꽃로 414-9?(구로동),37.490447,126.880497,무더위쉼터(시설명 일치),시설명,한우리경로당,서울특별시 구로구 가마산로 161-14
경로당,한중다문화  경로당,서울특별시 구로구 구로동,1,구로구 구로동로28길 78-6 (구로동),37.491032,126.8883964,무더위쉼터(시설명 일치),시설명,한중다문화경로당,서울특별시 구로구 구로동로28길 78-4 (구로동)
경로당,현대로얄(아) 경로당,서울특별시 구로구 구로동,1,구로구 가마산로 97?(구로동),37.486402,126.877274,무더위쉼터(도로명주소 일치),도로명주소,현대로얄(아)경로당,서울특별시 구로구 가마산로 97
경로당,현대상선(아) 경로당,서울특별시 구로구 구로동,1,구로구 구일로10길 53?(구로동),37.495912,126.875036,무더위쉼터(도로명주소 일치),도로명주소,현대상선(아)경로당,서울특별시 구로구 구일로10길 53 (현대아파트 102동)
경로당,현대연예인(아) 경로당,서울특별시 구로구 구로동,1,구로구 구일로4길 46?(구로동),37.4922,126.876753,무더위쉼터(도로명주소 일치),도로명주소,현대연예인(아)경로당,서울특별시 구로구 구일로4길 46 (현대연예인아파트 바니유치원)
경로당,현대의보(아) 경로당,서울특별시 구로구 구로동,1,구로구 구일로8길 121?(구로동),37.498304,126.875938,무더위쉼터(도로명주소 일치),도로명주소,현대의보(아)경로당,서울특별시 구로구 구일로8길 121 (현대의보아파트 관리사무실)
경로당,화원 경로당,서울특별시 구로구 구로동,1,구로구 벚꽃로 490?(구로동),37.4979185,126.8804061,무더위쉼터(도로명주소 일치),도로명주소,화원경로당,서울특별시 구로구 벚꽃로 490 (구로동)
경로당/도서관(공공도서관),"구로3동 경로당, 꿈마을도서관",서울특별시 구로구 구로동,2,구로구 디지털로27다길 65?(구로동),37.4871738,126.8902592,무더위쉼터(도로명주소 일치),도로명주소,구로3동경로당,서울특별시 구로구 디지털로27다길 65
주민센터,구로1동 주민센터,서울특별시 구로구 구로동,1,서울특별시 구로구 구일로4길 57,37.493013,126.875755,무더위쉼터(도로명주소 일치),도로명주소,구로1동주민센터,서울특별시 구로구 구일로4길 57
주민센터,구로2동 주민센터,서울특별시 구로구 구로동,1,서울특별시 구로구 구로동로 141,37.4913193,126.8835711,무더위쉼터(도로명주소 일치),도로명주소,구로2동주민센터,서울특별시 구로구 구로동로 141 (구로동)
주민센터,구로3동 주민센터,서울특별시 구로구 구로동,1,서울특별시 구로구 디지털로31길 109,37.4874416,126.8903054,무더위쉼터(도로명주소 일치),도로명주소,구로3동주민센터,서울특별시 구로구 디지털로31길 109 (구로동)
주민센터,구로4동 주민센터,서울특별시 구로구 구로동,1,서울특별시 구로구 구로동로28길 94,37.491563,126.889132,무더위쉼터(도로명주소 일치),도로명주소,구로4동주민센터,서울특별시 구로구 구로동로28길 94
주민센터/보건소,"구로5동 주민센터, 구로구보건소",서울특별시 구로구 구로동,2,서울특별시 구로구 구로중앙로28길 66,37.500043,126.889289,무더위쉼터(도로명주소 일치),도로명주소,구로5동주민센터,서울특별시 구로구 구로중앙로28길 66
경로당,궁동 경로당,서울특별시 구로구 궁동,1,구로구 부일로17길 158-4 (궁동),37.4985843,126.8302765,무더위쉼터(도로명주소 일치),도로명주소,궁동경로당,서울특별시 구로구 부일로17길 158-4 (궁동)
경로당,궁동빌라 경로당,서울특별시 구로구 궁동,1,구로구 부일로19길 34  (궁동),37.494609,126.836488,무더위쉼터(도로명주소 일치),도로명주소,궁동빌라경로당,서울특별시 구로구 부일로19길 34 (노인정)
경로당,아랫말 경로당,서울특별시 구로구 궁동,1,구로구 부일로11길 4-3 (궁동),37.4936454,126.8321988,무더위쉼터(도로명주소 일치),도로명주소,아랫말경로당,서울특별시 구로구 부일로11길 4-3 (궁동)
경로당,우신빌라 경로당,서울특별시 구로구 궁동,1,구로구 오리로 1265?(궁동),37.4943014,126.8305708,무더위쉼터(도로명주소 일치),도로명주소,우신빌라경로당,"서울특별시 구로구 오리로 1265 (궁동, 우신빌라)"
주민센터,수궁동 주민센터,서울특별시 구로구 궁동,1,서울특별시 구로구 오리로15길 32,37.4938646,126.8314537,무더위쉼터(도로명주소 일치),도로명주소,수궁동주민센터,서울특별시 구로구 오리로15길 32
경로당,"대림2차(아) 경로당, 대림1차(아) 경로당",서울특별시 구로구 신도림동,2,구로구 신도림로 16 (신도림동),37.505845,126.880422,무더위쉼터(도로명주소 일치),도로명주소,대림1차(아)경로당,서울특별시 구로구 신도림로 16 (신도림 대림아파트 202동)
경로당,대림3차(아) 경로당,서울특별시 구로구 신도림동,1,구로구 신도림로 11?(신도림동),37.506875,126.877955,무더위쉼터(도로명주소 일치),도로명주소,대림3차(아)경로당,서울특별시 구로구 신도림로 11 (신도림3차대림아파트)
경로당,대림4차(아) 경로당,서울특별시 구로구 신도림동,1,구로구 경인로65길 16-15 (신도림동),37.510466,126.886956,무더위쉼터(도로명주소 일치),도로명주소,대림4차(아)경로당,서울특별시 구로구 경인로65길 16-15 (신도림4차 e-편한세상 상가동)
경로당,대림5차(아) 경로당,서울특별시 구로구 신도림동,1,구로구 신도림로 32?(신도림동),37.507436,126.880626,무더위쉼터(도로명주소 일치),도로명주소,대림5차(아)경로당,서울특별시 구로구 신도림로 32 (신도림5차 e-편한세상 701동)
경로당,동아1차(아) 경로당,서울특별시 구로구 신도림동,1,구로구 신도림로 87 (신도림동),37.510841,126.883104,무더위쉼터(도로명주소 일치),도로명주소,동아1차(아)경로당,서울특별시 구로구 신도림로 87 (신도림1차동아아파트 상가동)
경로당,동아2차(아) 경로당,서울특별시 구로구 신도림동,1,구로구 경인로 643 (신도림동),37.508821,126.885804,무더위쉼터(도로명주소 일치),도로명주소,동아2차(아)경로당,서울특별시 구로구 경인로 643
경로당,동아3차(아) 경로당,서울특별시 구로구 신도림동,1,구로구 신도림로 78?(신도림동),37.509385,126.884177,무더위쉼터(도로명주소 일치),도로명주소,동아3차(아)경로당,서울특별시 구로구 신도림로 78 (신도림3차동아아파트 노인정)
경로당,디큐브시티(아) 경로당,서울특별시 구로구 신도림동,1,구로구 경인로 662 (신도림동),37.50887,126.88862,무더위쉼터(도로명주소 일치),도로명주소,디큐브시티(아)경로당,서울특별시 구로구 경인로 662
경로당,미성(아) 경로당,서울특별시 구로구 신도림동,1,구로구 신도림로11가길 36 (신도림동),37.507513,126.87656,무더위쉼터(도로명주소 일치),도로명주소,미성(아)경로당,서울특별시 구로구 신도림로11가길 36 (미성아파트)
경로당,송학 경로당,서울특별시 구로구 신도림동,1,구로구 구로중앙로42길 110-43 (신도림동),37.5109055,126.879486,무더위쉼터(도로명주소 일치),도로명주소,송학경로당(신도림분회),서울특별시 구로구 구로중앙로42길 110-43
경로당,신도림 경로당,서울특별시 구로구 신도림동,1,구로구 경인로 619-50 (신도림동),37.506912,126.8839968,무더위쉼터(시설명 일치),시설명,신도림경로당,"서울특별시 구로구 경인로 619-3 (신도림동, 신도림3차푸르지오아파트)"
경로당,신도림7차 e편한세상 경로당,서울특별시 구로구 신도림동,1,구로구 신도림로 56-13?(신도림동),37.508517,126.882536,무더위쉼터(도로명주소 일치),도로명주소,신도림7차(아)경로당,서울특별시 구로구 신도림로 56-13 (신도림7차e-편한세상 801동)
경로당,신도림현대(아) 경로당,서울특별시 구로구 신도림동,1,구로구 신도림로19길 16 (신도림동),37.512092,126.884177,무더위쉼터(도로명주소 일치),도로명주소,신도림현대(아)경로당,서울특별시 구로구 신도림로19길 16 (현대아파트 상가)
경로당,신성은하수(아) 경로당,서울특별시 구로구 신도림동,1,구로구 경인로66길 5?(신도림동),37.507666,126.887353,무더위쉼터(도로명주소 일치),도로명주소,신성은하수(아)경로당,서울특별시 구로구 경인로66길 5 (신성은하수아파트 101동)
경로당,우성2차(아) 경로당,서울특별시 구로구 신도림동,1,구로구 신도림로 105 (신도림동),37.512126,126.885282,무더위쉼터(도로명주소 일치),도로명주소,우성2차(아)경로당,서울특별시 구로구 신도림로 105 (신도림우성2차아파트 202동)
경로당,우성3차(아) 경로당,서울특별시 구로구 신도림동,1,구로구 신도림로21길 25 (신도림동),37.512943,126.884242,무더위쉼터(도로명주소 일치),도로명주소,우성3차(아)경로당,서울특별시 구로구 신도림로21길 25 (신도림우성3차아파트 302동)
경로당,우성5차(아) 경로당,서울특별시 구로구 신도림동,1,구로구 신도림로21길 21?(신도림동),37.51267,126.883952,무더위쉼터(도로명주소 일치),도로명주소,우성5차(아)경로당,서울특별시 구로구 신도림로21길 21 (신도림우성아파트)
주민센터/도서관(작은도서관),"신도림동 주민센터, 신도림어린이영어작은도서관",서울특별시 구로구 신도림동,2,서울특별시 구로구 신도림로 40,37.5077837,126.880604,무더위쉼터(도로명주소 일치),도로명주소,신도림동주민센터,서울특별시 구로구 신도림로 40 (신도림동)
경로당,오류2동 은빛경로당,서울특별시 구로구 오류2동,1,"구로구 오리로10길 44-28 (오류2동, 172-59)",37.487757,126.839299,무더위쉼터(도로명주소 일치),도로명주소,오류2동은빛경로당,서울특별시 구로구 오리로10길 44-28
경로당,가든빌라(아) 경로당,서울특별시 구로구 오류동,1,구로구 경인로 83 (오류동),37.492294,126.831391,무더위쉼터(도로명주소 일치),도로명주소,가든빌라(아)경로당,서울특별시 구로구 경인로 83 (서울가든빌라 3동)
경로당,경남아너스빌(아) 경로당,서울특별시 구로구 오류동,1,구로구 오류로 65?(오류동),37.490617,126.839803,무더위쉼터(도로명주소 일치),도로명주소,경남아너스빌(아)경로당(오류2동),서울특별시 구로구 오류로 65 (경남아너스빌 101동)
경로당,구립새마을 경로당,서울특별시 구로구 오류동,1,구로구 고척로4길 15-1?(오류동),37.495869,126.841307,무더위쉼터(도로명주소 일치),도로명주소,새마을경로당,서울특별시 구로구 고척로4길 15-1
경로당,금강(아) 경로당,서울특별시 구로구 오류동,1,구로구 서해안로34가길 18?(오류동),37.492703,126.847753,무더위쉼터(도로명주소 일치),도로명주소,금강(아)경로당,서울특별시 구로구 서해안로34가길 18 (금강아파트 상가동)
경로당,금강수목원(아) 경로당,서울특별시 구로구 오류동,1,구로구 오리로 1197?(오류동),37.488267,126.832325,무더위쉼터(도로명주소 일치),도로명주소,금강수목원(아)경로당,서울특별시 구로구 오리로 1197 (금강수목원아파트 104동)
경로당,"동부골든임대(아) 경로당, 동부골든(아)서부 경로당, 동부골든(아)동부 경로당",서울특별시 구로구 오류동,3,구로구 고척로 49 (오류동),37.499291,126.839532,무더위쉼터(도로명주소 일치),도로명주소,동부골든임대(아)경로당,서울특별시 구로구 고척로 49 (동부골든아파트)
경로당,동부돌타운(아) 경로당,서울특별시 구로구 오류동,1,구로구 경인로 248-13 (오류동),37.497277,126.848508,무더위쉼터(도로명주소 일치),도로명주소,동부돌타운(아)경로당,서울특별시 구로구 경인로 248-13
경로당,동산경로당 경로당,서울특별시 구로구 오류동,1,구로구 고척로3길 85?(오류동),37.497733,126.836885,무더위쉼터(도로명주소 일치),도로명주소,오류1동동산경로당,서울특별시 구로구 고척로3길 85 (구립동산경로당)
경로당,동선(아) 경로당,서울특별시 구로구 오류동,1,구로구 경인로 158?(오류동),37.493606,126.839375,무더위쉼터(도로명주소 일치),도로명주소,동선(아)경로당,서울특별시 구로구 경인로 158
경로당,삼천리(아) 경로당,서울특별시 구로구 오류동,1,구로구 경인로8길 75?(오류동),37.492345,126.838698,무더위쉼터(도로명주소 일치),도로명주소,삼천리(아)경로당,서울특별시 구로구 경인로8길 75 (삼천리아파트 103동)
경로당,영풍마드레빌(아) 경로당,서울특별시 구로구 오류동,1,구로구 경인로8길 64?(오류동),37.49157,126.838569,무더위쉼터(도로명주소 일치),도로명주소,영풍마드레빌(아)경로당,서울특별시 구로구 경인로8길 64 (영풍마드레빌아파트 112동)
경로당,오류 동부 덕고개(아) 경로당,서울특별시 구로구 오류동,1,구로구 경인로 248-14 (오류동),37.496905,126.847864,무더위쉼터(도로명주소 일치),도로명주소,오류동부덕고개(아)경로당,서울특별시 구로구 경인로 248-14
경로당,오류2동  경로당,서울특별시 구로구 오류동,1,구로구 오류로8라길 3?(오류동),37.4916023,126.8427747,무더위쉼터(도로명주소 일치),도로명주소,오류2동경로당,서울특별시 구로구 오류로8라길 3 (오류동)
경로당,오류대우푸르지오(아) 경로당,서울특별시 구로구 오류동,1,구로구 오류로8길 11?(오류동),37.4918,126.841573,무더위쉼터(도로명주소 일치),도로명주소,오류대우푸르지오(아)경로당,서울특별시 구로구 오류로8길 11 (오류동푸르지오 관리실)
경로당,오류동금호어울림(아) 경로당,서울특별시 구로구 오류동,1,구로구 고척로 41?(오류동),37.498559,126.839105,무더위쉼터(도로명주소 일치),도로명주소,오류동금호어울림(아)경로당,서울특별시 구로구 고척로 41 (금호어울림아파트 101동)
경로당,오류라인(아) 경로당,서울특별시 구로구 오류동,1,구로구 경인로 230-13?(오류동),37.496532,126.846965,무더위쉼터(도로명주소 일치),도로명주소,오류라인(아)경로당,서울특별시 구로구 경인로 230-13
경로당,오리골 경로당,서울특별시 구로구 오류동,1,구로구 오류로 54?(오류동),37.489542,126.840042,무더위쉼터(도로명주소 일치),도로명주소,오리골경로당,서울특별시 구로구 오류로 54 (성민빌딩)
경로당,오정  경로당,서울특별시 구로구 오류동,1,구로구 오리로13가길 30 (오류동),37.48957,126.830284,무더위쉼터(도로명주소 일치),도로명주소,오정경로당,서울특별시 구로구 오리로13가길 30 (동보아파트상가)
경로당,우림필유(아) 경로당,서울특별시 구로구 오류동,1,구로구 서해안로 2368?(오류동),37.493997,126.846583,무더위쉼터(도로명주소 일치),도로명주소,우림필유(아)경로당,서울특별시 구로구 서해안로 2368 (우림필유 노인정)
경로당,응골 경로당,서울특별시 구로구 오류동,1,구로구 서해안로 2340-11?(오류동),37.493638,126.847025,무더위쉼터(시설명 일치),시설명,응골경로당,서울특별시 구로구 오류로8길 126-3
경로당,장미 경로당,서울특별시 구로구 오류동,1,구로구 경인로15나길 3?(오류동),37.4955342,126.8383473,무더위쉼터(도로명주소 일치),도로명주소,장미경로당,서울특별시 구로구 경인로15나길 3 (오류동)
경로당,천왕연지타운1단지 경로당,서울특별시 구로구 오류동,1,구로구 오류로 30 (오류동),37.48579,126.840565,무더위쉼터(도로명주소 일치),도로명주소,천왕연지타운1단지(아)경로당,서울특별시 구로구 오류로 30 (천왕연지타운1단지 106동)
경로당,한신플러스타운(아) 경로당,서울특별시 구로구 오류동,1,구로구 고척로 52?(오류동),37.498389,126.841208,무더위쉼터(도로명주소 일치),도로명주소,한신플러스(아)경로당,서울특별시 구로구 고척로 52 (한신플러스타운 상가동)
경로당,행복주택 경로당 경로당,서울특별시 구로구 오류동,1,구로구 경인로20가길 38 (오류동),37.495462,126.845886,무더위쉼터(도로명주소 일치),도로명주소,행복주택경로당,서울특별시 구로구 경인로20가길 38
경로당,희망 경로당 경로당,서울특별시 구로구 오류동,1,구로구 경인로11길 4-9 (오류동),37.4942737,126.8383632,무더위쉼터(도로명주소 일치),도로명주소,희망경로당,서울특별시 구로구 경인로11길 4-9 (오류동)
경로당/주민센터,"오류골 경로당 경로당, 오류1동 주민센터",서울특별시 구로구 오류동,2,구로구 경인로27길 7 (오류동),37.497032,126.845111,무더위쉼터(도로명주소 일치),도로명주소,오류골경로당,서울특별시 구로구 경인로27길 7 (오류동)
주민센터,오류2동 주민센터,서울특별시 구로구 오류동,1,서울특별시 구로구 오류로 45,37.4887627,126.8394745,무더위쉼터(도로명주소 일치),도로명주소,오류2동주민센터,서울특별시 구로구 오류로 45
경로당,"6.25참전유공자회 경로당, 수궁 경로당",서울특별시 구로구 온수동,2,구로구 부일로9길 111 (온수동),37.4967476,126.8232329,무더위쉼터(도로명주소 일치),도로명주소,수궁분회경로당,서울특별시 구로구 부일로9길 111 (온수동)
경로당,동진빌라 경로당,서울특별시 구로구 온수동,1,구로구 경인로 31-9 (온수동),37.4903603,126.8248465,무더위쉼터(시설명 일치),시설명,동진빌라경로당,서울특별시 구로구 경인로 19 (온수동)
경로당,성원빌라 경로당,서울특별시 구로구 온수동,1,구로구 경인로 15-7?(온수동),37.4896612,126.8233651,무더위쉼터(도로명주소 일치),도로명주소,성원빌라경로당,"서울특별시 구로구 경인로 15-7 (온수동, 성원빌라)"
경로당,온수 경로당,서울특별시 구로구 온수동,1,구로구 부일로1길 62?(온수동),37.4932684,126.8191241,무더위쉼터(도로명주소 일치),도로명주소,온수경로당,서울특별시 구로구 부일로1길 62 (온수동)
경로당,온수힐스테이트(아) 경로당,서울특별시 구로구 온수동,1,구로구 부일로9길 127?(온수동),37.496201,126.821542,무더위쉼터(도로명주소 일치),도로명주소,온수힐스테이트(아)경로당,서울특별시 구로구 부일로9길 127 (온수 힐스테이트 104동)
경로당,천왕연지타운2단지 경로당,서울특별시 구로구 천왕동,1,구로구 오리로 1102-10 (천왕동),37.483134,126.845028,무더위쉼터(도로명주소 일치),도로명주소,천왕연지타운2단지(아)경로당,서울특별시 구로구 오리로 1102-10 (천왕연지타운2단지 201동)
경로당,천왕이펜하우스1단지 경로당,서울특별시 구로구 천왕동,1,구로구 천왕로 91?(천왕동),37.486011,126.83711,무더위쉼터(도로명주소 일치),도로명주소,천왕이펜하우스1단지(아)경로당,서울특별시 구로구 천왕로 91 (천왕 이펜하우스 1단지 104동)
경로당,천왕이펜하우스2단지 경로당,서울특별시 구로구 천왕동,1,구로구 천왕로 92?(천왕동),37.484615,126.83932,무더위쉼터(도로명주소 일치),도로명주소,천왕이펜하우스2단지(아)경로당,서울특별시 구로구 천왕로 92 (천왕이펜하우스2단지 201동)
경로당,천왕이펜하우스3단지 경로당,서울특별시 구로구 천왕동,1,구로구 천왕로 56?(천왕동),37.48218,126.840436,무더위쉼터(도로명주소 일치),도로명주소,천왕이펜하우스3단지(아)경로당,서울특별시 구로구 천왕로 56 (천왕 이펜하우스 3단지 303동)
경로당,천왕이펜하우스4단지 경로당,서울특별시 구로구 천왕동,1,구로구 천왕로 29 (천왕동),37.480137,126.838333,무더위쉼터(도로명주소 일치),도로명주소,천왕이펜하우스4단지(아)경로당,서울특별시 구로구 천왕로 29 (천왕 이펜하우스 4단지 403동)
경로당,천왕이펜하우스5단지 경로당,서울특별시 구로구 천왕동,1,구로구 천왕로 10?(천왕동),37.479813,126.841745,무더위쉼터(도로명주소 일치),도로명주소,천왕이펜하우스5단지(아)경로당,서울특별시 구로구 천왕로 10 (천왕 이펜하우스 5단지 503동)
경로당,천왕이펜하우스6단지 경로당,서울특별시 구로구 천왕동,1,구로구 천왕로 9?(천왕동),37.478366,126.840972,무더위쉼터(도로명주소 일치),도로명주소,천왕이펜하우스6단지(아)경로당,서울특별시 구로구 천왕로 9 (천왕이펜하우스6단지 상가)
경로당,천왕이펜하우스8단지 경로당,서울특별시 구로구 천왕동,1,구로구 금오로 882 (천왕동),37.47651,126.842367,무더위쉼터(도로명주소 일치),도로명주소,천왕이펜하우스8단지(아)경로당,서울특별시 구로구 금오로 882 (천왕이펜하우스8단지 801동)
경로당,구립수목원 경로당,서울특별시 구로구 항동,1,구로구 연동로 296-12 (항동),37.486295,126.824346,무더위쉼터(도로명주소 일치),도로명주소,구립수목원경로당,서울특별시 구로구 연동로 296-12 (늘푸른빌)
경로당,그린빌라 경로당,서울특별시 구로구 항동,1,구로구 연동로 287 (항동),37.485952,126.822326,무더위쉼터(도로명주소 일치),도로명주소,그린빌라경로당,서울특별시 구로구 연동로 287 (그린빌라 B37~B40)
경로당,수목원현대홈타운(아) 경로당,서울특별시 구로구 항동,1,구로구 연동로13길 25 (항동),37.484326,126.820469,무더위쉼터(도로명주소 일치),도로명주소,수목원현대홈타운(아)경로당,서울특별시 구로구 연동로13길 25 (서울수목원현대홈타운스위트 101동)
경로당,한양수자인에듀힐즈(아) 경로당,서울특별시 구로구 항동,1,구로구 항동로 42 (항동),37.478477,126.825802,무더위쉼터(도로명주소 일치),도로명주소,한양수자인에듀힐즈(아)경로당,서울특별시 구로구 항동로 42 (한양수자인 에듀힐즈 501동)
경로당,항동 중흥S클래스  경로당,서울특별시 구로구 항동,1,구로구 연동로 233 (항동),37.481167,126.822637,무더위쉼터(도로명주소 일치),도로명주소,중흥s클래스(아)경로당,서울특별시 구로구 연동로 233 (항동중흥에스클래스베르데카운티 101동)
경로당,항동 하버라인 2단지(아) 경로당,서울특별시 구로구 항동,1,구로구 연동로 234 (항동),37.481993,126.822411,무더위쉼터(도로명주소 일치),도로명주소,하버라인2단지(아)경로당,서울특별시 구로구 연동로 234 (하버라인 2단지 201동)
경로당,항동 하버라인 3단지(아) 경로당,서울특별시 구로구 항동,1,구로구 항동로 43 (항동),37.479166,126.824064,무더위쉼터(도로명주소 일치),도로명주소,하버라인3단지(아)경로당,서울특별시 구로구 항동로 43 (하버라인 3단지 301동)
경로당,항동8단지(아) 경로당,서울특별시 구로구 항동,1,구로구 서해안로 2036 (항동),37.474645,126.817895,무더위쉼터(도로명주소 일치),도로명주소,항동8단지(아)경로당,서울특별시 구로구 서해안로 2036 (항동 하버라인 8단지 801동)
경로당,항서 경로당,서울특별시 구로구 항동,1,구로구 연동로 169 (항동),37.476548,126.822897,무더위쉼터(도로명주소 일치),도로명주소,항서경로당,서울특별시 구로구 연동로 169 (매화빌라3동)
주민센터,항동 주민센터,서울특별시 구로구 항동,1,서울특별시 구로구 연동로 191-19,37.4792566,126.8224112,무더위쉼터(도로명주소 일치),도로명주소,항동주민센터,서울특별시 구로구 연동로 191-19 (항동)
경로당,신흥경로당,서울특별시 금천구,1,금하로23길 155,37.4570322,126.9073526,무더위쉼터(도로명주소 일치),도로명주소,신흥경로당,서울특별시 금천구 금하로23길 155
도서관(공공도서관),금천구립가산도서관,서울특별시 금천구,1,"서울특별시 금천구 가산로5길 43, 금천구립가산정보도서관",37.4734924,126.892128,전국도서관표준데이터,도로명주소,금천구립가산도서관,서울특별시 금천구 가산로5길 43 (가산동)
도서관(공공도서관),금천구립독산도서관,서울특별시 금천구,1,서울특별시 금천구 독산로 54길 114,37.4675802,126.9081059,전국도서관표준데이터,도로명주소,금천구립독산도서관(1층로비),서울특별시 금천구 독산로54길 114 (금천구립독산도서관)
도서관(작은도서관),지혜의숲 작은도서관,서울특별시 금천구,1,"서울특별시 금천구 시흥대로90길 25, 신일교회",37.4618145,126.8992884,전국도서관표준데이터,도로명주소,신일교회(1층로비및카페),서울특별시 금천구 시흥대로90길 25 (독산동)
도서관(작은도서관),참새작은도서관,서울특별시 금천구,1,"서울특별시 금천구 한내로 69-15, 3층",37.457388,126.8865496,전국도서관표준데이터,도로명주소,독산1동주민센터분소,서울특별시 금천구 한내로 69-15 (주공13단지아파트1315동)
도서관(작은도서관),책이든거리작은도서관,서울특별시 금천구,1,"서울특별시 금천구 범안로 1142, 고가도로 아래",37.4657639,126.8889751,전국도서관표준데이터,시설명,책이든거리작은도서관,
경로당,매봉경로당,서울특별시 금천구 가산동,1,시흥대로149가길 6,37.4755881,126.895548,무더위쉼터(시설명 일치),시설명,매봉경로당,"서울특별시 금천구 가산동 시흥대로149가길  6 , 조마공원 (가산동)"
경로당,상록경로당,서울특별시 금천구 가산동,1,벚꽃로38길 35,37.4828,126.8843,무더위쉼터(도로명주소 일치),도로명주소,상록경로당,서울특별시 금천구 벚꽃로38길 35 (가산동)
경로당,우정경로당,서울특별시 금천구 가산동,1,두산로3길 49,37.4726854,126.8887064,무더위쉼터(도로명주소 일치),도로명주소,우정경로당,서울특별시 금천구 두산로3길 49
주민센터,가산동 주민센터,서울특별시 금천구 가산동,1,서울특별시 금천구 가산로 129,37.4768451,126.8917582,무더위쉼터(도로명주소 일치),도로명주소,금천누리종합사회복지관,서울특별시 금천구 가산로 129
경로당/도서관(작은도서관),"금천롯데캐슬골드파크1차경로당, 롯데캐슬1차 작은도서관",서울특별시 금천구 금천롯데캐슬 골드파크 1차 102동,2,벚꽃로 40,37.459752,126.89446,무더위쉼터(도로명주소 일치),도로명주소,금천롯데캐슬골드파크1차경로당,서울특별시 금천구 벚꽃로 40 (금천롯데캐슬 골드파크 1차 102동)
경로당,대덕트윈빌아파트경로당,서울특별시 금천구 대덕트윈빌 101동,1,시흥대로112길 6,37.467339,126.899029,무더위쉼터(도로명주소 일치),도로명주소,대덕트윈빌아파트경로당,서울특별시 금천구 시흥대로112길 6 (대덕트윈빌 101동)
주민센터/도서관(작은도서관),"독산2동 주민센터, 미래향기작은도서관",서울특별시 금천구 독산2동주민센터,2,서울특별시 금천구 독산로 179,37.463144,126.90348,무더위쉼터(도로명주소 일치),도로명주소,독산2동주민센터마을카페(1층),서울특별시 금천구 독산로 179 (독산2동주민센터)
주민센터/도서관(작은도서관),"독산4동 주민센터, 꿈씨어린이작은도서관",서울특별시 금천구 독산4동주민센터,2,서울특별시 금천구 독산로 232,37.46756,126.902149,무더위쉼터(도로명주소 일치),도로명주소,독산4동주민센터,서울특별시 금천구 독산로 232 (독산4동주민센터)
경로당,감로천경로당,서울특별시 금천구 독산동,1,독산로72길 86-5,37.4695383,126.906447,무더위쉼터(도로명주소 일치),도로명주소,금천호암노인종합복지관,서울특별시 금천구 독산로72길 86-5
경로당,구룡경로당,서울특별시 금천구 독산동,1,남부순환로122길 5,37.4791717,126.9022011,무더위쉼터(시설명 일치),시설명,구룡경로당,서울특별시 금천구 독산동 남부순환로122길  5   (독산동)
경로당,금천롯데캐슬골드파크3차경로당,서울특별시 금천구 독산동,1,시흥대로 291,37.459919,126.89725,무더위쉼터(도로명주소 일치),도로명주소,금천롯데캐슬골드파크3차경로당,서울특별시 금천구 시흥대로 291 (금천롯데캐슬골드파크3차)
경로당,금천현대아파트경로당,서울특별시 금천구 독산동,1,벚꽃로 73,37.462267,126.890337,무더위쉼터(도로명주소 일치),도로명주소,금천현대아파트경로당,서울특별시 금천구 벚꽃로 73 (금천현대아파트부설어린이집)
경로당,동산경로당,서울특별시 금천구 독산동,1,독산로54길 247,37.4729248,126.9059886,무더위쉼터(도로명주소 일치),도로명주소,동산경로당,서울특별시 금천구 독산로54길 247
경로당,만수경로당,서울특별시 금천구 독산동,1,시흥대로90길 60-3,37.4628214,126.900969,무더위쉼터(도로명주소 일치),도로명주소,만수경로당,서울특별시 금천구 시흥대로90길 60-3
경로당,말미경로당,서울특별시 금천구 독산동,1,"범안로17길 22, 2층",37.4674,126.8944,무더위쉼터(도로명주소 일치),도로명주소,금천어르신복지센터,서울특별시 금천구 범안로17길 22 (독산동)
경로당,목화경로당,서울특별시 금천구 독산동,1,문성로7가길 14,37.4775444,126.906504,무더위쉼터(도로명주소 일치),도로명주소,목화경로당,서울특별시 금천구 문성로7가길 14 (독산동)
경로당,문성경로당,서울특별시 금천구 독산동,1,독산로93길 18,37.474045,126.9022738,무더위쉼터(시설명 일치),시설명,문성경로당,서울특별시 금천구 독산동 독산로93길  18   (독산동)
경로당,복지경로당,서울특별시 금천구 독산동,1,벚꽃로10길 94,37.464581,126.895285,무더위쉼터(도로명주소 일치),도로명주소,복지경로당,서울특별시 금천구 벚꽃로10길 94
경로당,세일경로당,서울특별시 금천구 독산동,1,시흥대로147길 30-15,37.4747791,126.896187,무더위쉼터(도로명주소 일치),도로명주소,세일경로당,서울특별시 금천구 시흥대로147길 30-15
경로당,영보경로당,서울특별시 금천구 독산동,1,시흥대로141길 61-1,37.475583,126.897327,무더위쉼터(도로명주소 일치),도로명주소,영보경로당,서울특별시 금천구 시흥대로141길 61-1
경로당,정심경로당,서울특별시 금천구 독산동,1,독산로75길 12-7,37.469376,126.901665,무더위쉼터(도로명주소 일치),도로명주소,정심경로당,서울특별시 금천구 독산로75길 12-7 (정심경로당 소망공원)
경로당,정훈경로당,서울특별시 금천구 독산동,1,독산로64길 79,37.466802,126.906432,무더위쉼터(도로명주소 일치),도로명주소,정훈경로당,서울특별시 금천구 독산로64길 79
경로당,진도3차아파트경로당,서울특별시 금천구 독산동,1,범안로17길 41,37.468504,126.893454,무더위쉼터(도로명주소 일치),도로명주소,진도3차아파트경로당,서울특별시 금천구 범안로17길 41 (진도3차아파트 진도3차아파트)
경로당,참새공원경로당,서울특별시 금천구 독산동,1,한내로 55,37.4569538,126.8871926,무더위쉼터(도로명주소 일치),도로명주소,참새경로당,서울특별시 금천구 한내로 55
경로당,철쭉경로당,서울특별시 금천구 독산동,1,금하로1마길 15-8,37.4528822,126.889601,무더위쉼터(도로명주소 일치),도로명주소,철쭉경로당,서울특별시 금천구 금하로1마길 15-8
도서관(작은도서관),책달샘숲속작은도서관,서울특별시 금천구 독산동,1,"서울특별시 금천구 독산동 373, 감로천생태공원 내",37.469984,126.907914,전국도서관표준데이터,시설명,책달샘숲속작은도서관,
보건소,독산보건지소,서울특별시 금천구 독산동,1,"서울특별시 금천구 독산로87길 27 (독산동, 독산보건지소) 독산보건지소",37.4736703,126.9022527,무더위쉼터(도로명주소 일치),도로명주소,독산보건지소,서울특별시 금천구 독산로87길 27 (독산동)
주민센터/도서관(작은도서관),"독산1동 주민센터, 해오름작은도서관",서울특별시 금천구 독산동,2,서울특별시 금천구 시흥대로123길 11,37.4702215,126.8970489,무더위쉼터(시설명 일치),시설명,독산1동주민센터,서울특별시 금천구 독산동 시흥대로123길  11   (독산동)
주민센터/도서관(작은도서관),"독산3동 주민센터, 청개구리작은도서관",서울특별시 금천구 독산동,2,서울특별시 금천구 독산로 317,37.4751601,126.9031743,무더위쉼터(도로명주소 일치),도로명주소,독산3동주민센터,서울특별시 금천구 독산로 317
경로당,백운한비치2차아파트경로당,서울특별시 금천구 백운한비치Ⅱ101동,1,금하로23길 52,37.453498,126.909866,무더위쉼터(도로명주소 일치),도로명주소,백운한비치2차아파트경로당,서울특별시 금천구 금하로23길 52 (백운한비치Ⅱ101동)
경로당,백운한비치1차아파트경로당,서울특별시 금천구 백운한비치아파트1동,1,탑골로2길 19,37.45148,126.911863,무더위쉼터(도로명주소 일치),도로명주소,백운한비치1차아파트경로당,서울특별시 금천구 탑골로2길 19 (백운한비치아파트1동)
경로당,"벽산타운경로당, 벽산아파트5단지경로당",서울특별시 금천구 벽산5단지아파트 524동,2,금하로 816,37.448158,126.916987,무더위쉼터(도로명주소 일치),도로명주소,벽산아파트5단지경로당,서울특별시 금천구 금하로 816 (벽산5단지아파트 524동)
주민센터,시흥3동 주민센터,서울특별시 금천구 시흥3동주민센터,1,서울특별시 금천구 시흥대로18길 40,37.440264,126.905828,무더위쉼터(도로명주소 일치),도로명주소,시흥3동주민센터,서울특별시 금천구 시흥대로18길 40 (시흥3동주민센터)
주민센터/도서관(작은도서관),"시흥4동 주민센터, 도란도란작은도서관",서울특별시 금천구 시흥4동주민센터,2,서울특별시 금천구 독산로36길 14,37.458938,126.906146,무더위쉼터(도로명주소 일치),도로명주소,시흥4동주민센터,서울특별시 금천구 독산로36길 14 (시흥4동주민센터)
경로당,금산경로당,서울특별시 금천구 시흥동,1,"시흥대로24길 50, 2층",37.4412742,126.9071673,무더위쉼터(도로명주소 일치),도로명주소,금산경로당,서울특별시 금천구 시흥대로24길 50
경로당,남서울힐스테이트경로당,서울특별시 금천구 시흥동,1,시흥대로 165,37.447625,126.900616,무더위쉼터(도로명주소 일치),도로명주소,남서울힐스테이트경로당,서울특별시 금천구 시흥대로 165 (남서울힐스테이트 부대시설)
경로당,대명경로당,서울특별시 금천구 시흥동,1,독산로11길 4,37.452227,126.9055948,무더위쉼터(도로명주소 일치),도로명주소,대명경로당,서울특별시 금천구 독산로11길 4 (시흥동)
경로당,박산경로당,서울특별시 금천구 시흥동,1,시흥대로2길 60,37.4350423,126.9065287,무더위쉼터(도로명주소 일치),도로명주소,박산경로당,서울특별시 금천구 시흥대로2길 60
경로당,산장경로당,서울특별시 금천구 시흥동,1,탑골로2길 59-9,37.4508156,126.9138957,무더위쉼터(도로명주소 일치),도로명주소,산장경로당,서울특별시 금천구 탑골로2길 59-9
경로당,새재미경로당,서울특별시 금천구 시흥동,1,독산로39길 16,37.4588453,126.9042611,무더위쉼터(도로명주소 일치),도로명주소,새재미경로당,서울특별시 금천구 독산로39길 16
경로당,시흥베르빌아파트경로당,서울특별시 금천구 시흥동,1,시흥대로77길 23,37.4581271,126.8984574,무더위쉼터(도로명주소 일치),도로명주소,금천구시각장애인쉼터,"서울특별시 금천구 시흥대로77길 23 (시흥동, 시흥베르빌아파트)"
경로당,읍내경로당,서울특별시 금천구 시흥동,1,은행나무로10길 12-1,37.4504237,126.9063177,무더위쉼터(도로명주소 일치),도로명주소,읍내경로당,서울특별시 금천구 은행나무로10길 12-1
경로당,장수경로당,서울특별시 금천구 시흥동,1,독산로50길 57-1,37.4628413,126.9075398,무더위쉼터(시설명 일치),시설명,장수경로당,서울특별시 금천구 시흥동 독산로50길  57-1  (시흥동)
경로당,탑동경로당,서울특별시 금천구 시흥동,1,금하로23가길 14-1,37.4515244,126.9095322,무더위쉼터(도로명주소 일치),도로명주소,탑동경로당,서울특별시 금천구 금하로23가길 14-1 (시흥동)
경로당,한울경로당,서울특별시 금천구 시흥동,1,"독산로50마길 39-8, 101호",37.4611121,126.913054,무더위쉼터(도로명주소 일치),도로명주소,한울경로당,"서울특별시 금천구 독산로50마길 39-8 (시흥동, 삼성빌라)"
도서관(공공도서관)/보건소,"금천구립금나래도서관, 금천구보건소",서울특별시 금천구 시흥동,2,"서울특별시 금천구 시흥대로73길 70, 금천구의회",37.4570656,126.8960369,전국도서관표준데이터,도로명주소,우리은행금천구청지점,서울특별시 금천구 시흥대로73길 70 (시흥동)
도서관(작은도서관)/보건소,"꿈꾸는작은도서관, 박미보건지소",서울특별시 금천구 시흥동,2,"서울특별시 금천구 시흥대로12길 10-5, 2층",37.4386618,126.904464,전국도서관표준데이터,도로명주소,동네방네마을이음센터(로비),서울특별시 금천구 시흥대로12길 10-5 (남부도로사업소 청사)
주민센터,시흥1동 주민센터,서울특별시 금천구 시흥동,1,서울특별시 금천구 시흥대로58길 36,37.4535702,126.903237,무더위쉼터(시설명 일치),시설명,시흥1동주민센터,서울특별시 금천구 시흥동 시흥대로58길  36   (시흥동)
주민센터/도서관(공공도서관),"시흥2동 주민센터, 금천구립시흥도서관",서울특별시 금천구 시흥동,2,서울특별시 금천구 금하로 764,37.4496974,126.9141886,무더위쉼터(도로명주소 일치),도로명주소,시흥2동마을활력소(늘솔나루),서울특별시 금천구 금하로 764 (시흥동)
주민센터/도서관(작은도서관),"시흥5동 주민센터, 행궁마을작은도서관",서울특별시 금천구 시흥동,2,서울특별시 금천구 금하로24길 6,37.4508,126.9084,무더위쉼터(도로명주소 일치),도로명주소,시흥5동주민센터,서울특별시 금천구 금하로24길 6 (시흥동)
경로당,목련아파트경로당,서울특별시 금천구 시흥목련아파트103동,1,금하로3길 26,37.454535,126.897596,무더위쉼터(도로명주소 일치),도로명주소,목련아파트경로당,서울특별시 금천구 금하로3길 26 (시흥목련아파트103동)
경로당,현대빌라경로당,서울특별시 금천구 현대빌라 8동,1,시흥대로 53,37.440065,126.902123,무더위쉼터(도로명주소 일치),도로명주소,현대빌라경로당,서울특별시 금천구 시흥대로 53 (현대빌라 8동)
도서관(공공도서관),월계어린이도서관,서울특별시 노원구,1,서울특별시 노원구 월계로42길 9 월계문화복지센터 3층,37.6235884,127.0687815,전국도서관표준데이터,도로명주소,월계노인복지관,서울특별시 노원구 월계로42길 9 (월계동)
도서관(작은도서관),초안산숲속작은도서관,서울특별시 노원구,1,서울특별시 노원구 덕릉로 60길 199,37.6320801,127.0444276,전국도서관표준데이터,도로명주소,초안산숲속작은도서관,서울특별시 노원구 덕릉로60길 199
도서관(작은도서관),한내지혜의숲도서관,서울특별시 노원구,1,서울특별시 노원구 마들로 86,37.6235884,127.0687815,전국도서관표준데이터,도로명주소,한내지혜의숲,서울특별시 노원구 마들로 86
도서관(작은도서관),한내행복발전소,서울특별시 노원구,1,서울특별시 노원구 마들로3길 15,37.6265077,127.0619783,전국도서관표준데이터,시설명,한내행복발전소,서울특별시 노원구 마들로3길 13 (한내행복발전소)
주민센터/도서관(작은도서관),"공릉1동 주민센터, 도란도란작은도서관",서울특별시 노원구 공릉1동주민센터,2,서울특별시 노원구 동일로186길 3-24,37.624829,127.073842,무더위쉼터(도로명주소 일치),도로명주소,공덕골아름드리,서울특별시 노원구 동일로186길 3-24 (공릉1동주민센터)
경로당,8단지청솔아파트경로당,서울특별시 노원구 공릉동,1,"노원구 노원로1가길 10(공릉동, 청솔8단지)",37.623523,127.085708,무더위쉼터(도로명주소 일치),도로명주소,8단지청솔아파트경로당,서울특별시 노원구 노원로1가길 10 (청솔8단지)
경로당,9단지청솔아파트경로당(청솔아파트경로당),서울특별시 노원구 공릉동,1,"노원구 노원로1길 21(공릉동, 공릉9단지청솔아파트)",37.621186,127.085135,무더위쉼터(도로명주소 일치),도로명주소,9단지청솔아파트경로당(청솔아파트경로당),서울특별시 노원구 노원로1길 21 (공릉9단지청솔아파트 경로당)
경로당,건영장미아파트경로당,서울특별시 노원구 공릉동,1,"노원구 공릉로51길 14-17(공릉동, 건영장미아파트)",37.629314,127.074736,무더위쉼터(도로명주소 일치),도로명주소,건영장미아파트경로당,서울특별시 노원구 공릉로51길 14-17 (건영장미아파트 경로당)
경로당,공노회경로당,서울특별시 노원구 공릉동,1,노원구 공릉로32길 35-2(공릉동),37.6221051,127.0812151,무더위쉼터(도로명주소 일치),도로명주소,공노회경로당,서울특별시 노원구 공릉로32길 35-2 (공릉동)
경로당,공덕경로당,서울특별시 노원구 공릉동,1,노원구 동일로184길 33(공릉동),37.6243485,127.075392,무더위쉼터(도로명주소 일치),도로명주소,공덕경로당,서울특별시 노원구 동일로184길 33 (공릉동)
경로당,공릉1단지경로당,서울특별시 노원구 공릉동,1,"노원구 동일로 1127(공릉동, 공릉1단지아파트)",37.6307171,127.0698881,무더위쉼터(도로명주소 일치),도로명주소,공릉1단지아파트경로당,"서울특별시 노원구 동일로 1127 (공릉동, 공릉1단지아파트)"
경로당,공릉1동 대동아파트경로당,서울특별시 노원구 공릉동,1,"노원구 동일로175길 38(공릉동, 대동아파트)",37.61981,127.072473,무더위쉼터(도로명주소 일치),도로명주소,공릉1동대동아파트경로당,서울특별시 노원구 동일로175길 38 (대동아파트 101동)
경로당,공릉1동대아아파트경로당,서울특별시 노원구 공릉동,1,"노원구 동일로183길 34(공릉동, 대아아파트)",37.623336,127.071429,무더위쉼터(도로명주소 일치),도로명주소,대아아파트경로당,서울특별시 노원구 동일로183길 34 (대아아파트)
경로당,공릉1동삼익아파트경로당,서울특별시 노원구 공릉동,1,"노원구 섬밭로 17(공릉동, 삼익아파트)",37.617696,127.072451,무더위쉼터(도로명주소 일치),도로명주소,공릉1동삼익아파트경로당,서울특별시 노원구 섬밭로 17 (삼익아파트 경로당)
경로당,공릉1동현대아파트경로당,서울특별시 노원구 공릉동,1,"노원구 동일로176길 39-12(공릉동, 현대아파트)",37.6211533,127.0772159,무더위쉼터(도로명주소 일치),도로명주소,공릉1동현대아파트경로당,"서울특별시 노원구 동일로176길 39-12  (공릉동, 현대아파트)"
경로당,공릉2단지경로당,서울특별시 노원구 공릉동,1,"노원구 동일로198가길 149(공릉동, 공릉2단지아파트)",37.630429,127.066931,무더위쉼터(도로명주소 일치),도로명주소,공릉2단지경로당,서울특별시 노원구 동일로198가길 149 (공릉2단지아파트)
경로당,공릉2동경로당,서울특별시 노원구 공릉동,1,노원구 공릉로 129(공릉동),37.6217503,127.0789781,무더위쉼터(도로명주소 일치),도로명주소,공릉2동경로당,서울특별시 노원구 공릉로 129 (공릉동)
경로당,공릉3단지경로당,서울특별시 노원구 공릉동,1,"노원구 섬밭로 123(공릉동, 공릉3단지아파트)",37.627226,127.068689,무더위쉼터(도로명주소 일치),도로명주소,공릉3단지경로당,서울특별시 노원구 섬밭로 123 (공릉3단지아파트)
경로당,공릉4단지경로당,서울특별시 노원구 공릉동,1,"노원구 동일로198가길 13(공릉동, 공릉삼익4단지아파트)",37.629831,127.072063,무더위쉼터(도로명주소 일치),도로명주소,공릉4단지경로당,서울특별시 노원구 동일로198가길 13 (공릉삼익4단지아파트 관리사무소.경로당)
경로당,공릉경로당,서울특별시 노원구 공릉동,1,"노원구 공릉로 169-9 B01호(공릉동, 진주빌라B동)",37.6252534,127.0791498,무더위쉼터(도로명주소 일치),도로명주소,공릉경로당,"서울특별시 노원구 공릉로 169-9 (공릉동, 진주빌라)"
경로당,공릉대주파크빌경로당,서울특별시 노원구 공릉동,1,"노원구 섬밭로 52(공릉동, 대주파크빌)",37.621262,127.072132,무더위쉼터(도로명주소 일치),도로명주소,공릉대주파크빌경로당,서울특별시 노원구 섬밭로 52 (대주파크빌 101동)
경로당,공릉동신도1차아파트경로당,서울특별시 노원구 공릉동,1,"노원구 동일로191가길 59(공릉동, 공릉동신도1차아파트)",37.627569,127.069705,무더위쉼터(도로명주소 일치),도로명주소,공릉동신도1차아파트경로당,서울특별시 노원구 동일로191가길 59 (공릉동 신도1차아파트 관리사무소/경로당)
경로당,공릉두산아파트경로당,서울특별시 노원구 공릉동,1,"노원구 공릉로 126(공릉동, 두산힐스빌아파트)",37.621537,127.079639,무더위쉼터(도로명주소 일치),도로명주소,공릉두산아파트경로당,서울특별시 노원구 공릉로 126 (두산힐스빌아파트 유치원)
경로당,공릉비선아파트경로당,서울특별시 노원구 공릉동,1,"노원구 화랑로51길 78(공릉동, 비선아파트)",37.626281,127.087688,무더위쉼터(도로명주소 일치),도로명주소,공릉비선아파트경로당,서울특별시 노원구 화랑로51길 78 (비선아파트)
경로당,공릉아파트경로당,서울특별시 노원구 공릉동,1,"노원구 화랑로51길 81(공릉동, 공릉아파트)",37.624647,127.087648,무더위쉼터(도로명주소 일치),도로명주소,공릉아파트경로당,서울특별시 노원구 화랑로51길 81 (공릉아파트 경비실)
경로당,공릉우성아파트경로당,서울특별시 노원구 공릉동,1,"노원구 동일로198길 24(공릉동, 공릉우성아파트)",37.628573,127.072629,무더위쉼터(도로명주소 일치),도로명주소,공릉우성아파트경로당,서울특별시 노원구 동일로198길 24 (공릉우성아파트 관리사무소.경로당)
경로당,공릉풍림아파트경로당,서울특별시 노원구 공릉동,1,"노원구 섬밭로 139(공릉동, 공릉풍림아파트)",37.628991,127.067177,무더위쉼터(도로명주소 일치),도로명주소,공릉풍림아파트경로당,서울특별시 노원구 섬밭로 139 (공릉풍림아파트 관리사무소)
경로당,공릉한보아파트경로당,서울특별시 노원구 공릉동,1,"노원구 공릉로46길 19(공릉동, 한보아파트)",37.628065,127.080516,무더위쉼터(도로명주소 일치),도로명주소,공릉한보아파트경로당,서울특별시 노원구 공릉로46길 19 (공릉동 한보에센시티아파트 관리사무소)
경로당,공릉행복경로당(공릉3동경로당),서울특별시 노원구 공릉동,1,"노원구 동일로192나길 16-15, 2-201(공릉동, 임성타운4차)",37.6278387,127.0755824,무더위쉼터(도로명주소 일치),도로명주소,공릉행복경로당,"서울특별시 노원구 동일로192나길 16-15 (공릉동, 임성타운4차)"
경로당,공릉효성아파트경로당,서울특별시 노원구 공릉동,1,"노원구 공릉로34길 45(공릉동, 공릉효성아파트)",37.624203,127.080891,무더위쉼터(도로명주소 일치),도로명주소,공릉효성아파트경로당,서울특별시 노원구 공릉로34길 45 (화랑해링턴플레이스아파트 경로당)
경로당,대동2차아파트경로당,서울특별시 노원구 공릉동,1,"노원구 동일로195길 39(공릉동, 공릉동2차대동아파트)",37.626671,127.070071,무더위쉼터(도로명주소 일치),도로명주소,대동2차아파트경로당,서울특별시 노원구 동일로195길 39 (공릉동2차대동아파트)
경로당,대아아파트경로당,서울특별시 노원구 공릉동,1,"노원구 공릉로 157(공릉동, 대아아파트)",37.623906,127.078611,무더위쉼터(도로명주소 일치),도로명주소,공릉2동대아아파트경로당,서울특별시 노원구 공릉로 157 (대아아파트 노인정)
경로당,동부아파트경로당,서울특별시 노원구 공릉동,1,"노원구 공릉로 206(공릉동, 동부아파트)",37.628054,127.078394,무더위쉼터(도로명주소 일치),도로명주소,동부아파트경로당,서울특별시 노원구 공릉로 206 (동부아파트 노인정)
경로당,동신아파트경로당,서울특별시 노원구 공릉동,1,"노원구 공릉로 213(공릉동, 동신아파트)",37.628636,127.076881,무더위쉼터(도로명주소 일치),도로명주소,공릉동동신아파트경로당,서울특별시 노원구 공릉로 213 (동신아파트)
경로당,삼익2차아파트경로당,서울특별시 노원구 공릉동,1,"노원구 공릉로34길 118(공릉동, 공릉삼익2차아파트)",37.625864,127.079993,무더위쉼터(도로명주소 일치),도로명주소,삼익2차아파트경로당,서울특별시 노원구 공릉로34길 118 (공릉삼익2차아파트 상가)
경로당,삼익아파트경로당,서울특별시 노원구 공릉동,1,"노원구 공릉로46길 32(공릉동, 삼익아파트)",37.626793,127.082047,무더위쉼터(도로명주소 일치),도로명주소,공릉2동삼익아파트경로당,"서울특별시 노원구 공릉로46길 32 (삼익포레스트아파트 경로당, 관리사무실)"
경로당,성우아파트경로당,서울특별시 노원구 공릉동,1,"노원구 공릉로27길 110(공릉동, 현대성우아파트)",37.626699,127.077472,무더위쉼터(도로명주소 일치),도로명주소,성우아파트경로당,서울특별시 노원구 공릉로27길 110 (현대 성우아파트 101동)
경로당,신도2차브래뉴아파트경로당,서울특별시 노원구 공릉동,1,"노원구 동일로193길 7(공릉동, 공릉2차신도브래뉴아파트)",37.6258504,127.071889,무더위쉼터(도로명주소 일치),도로명주소,신도2차브래뉴아파트경로당,"서울특별시 노원구 동일로193길 7  (공릉동, 공릉2차 신도 브래뉴 아파트)"
경로당,신성미소지움경로당,서울특별시 노원구 공릉동,1,"노원구 공릉로42길 13-14(공릉동, 신성미소지움아파트)",37.624626,127.080834,무더위쉼터(도로명주소 일치),도로명주소,신성미소지움경로당,서울특별시 노원구 공릉로42길 13-14 (공릉동신성미소지움아파트 관리실 및 노인정)
경로당,신원아파트경로당,서울특별시 노원구 공릉동,1,"노원구 동일로192나길 26(공릉동, 신원아파트)",37.628048,127.074916,무더위쉼터(도로명주소 일치),도로명주소,신원아파트경로당,서울특별시 노원구 동일로192나길 26 (신원아파트 정자)
경로당,우방아파트경로당,서울특별시 노원구 공릉동,1,"노원구 노원로 58(공릉동, 우방아파트)",37.626945,127.088409,무더위쉼터(도로명주소 일치),도로명주소,우방아파트경로당,서울특별시 노원구 노원로 58 (우방아파트)
경로당,태강아파트경로당,서울특별시 노원구 공릉동,1,"노원구 공릉로34길 62(공릉동, 태강아파트)",37.623483,127.083007,무더위쉼터(도로명주소 일치),도로명주소,태강아파트경로당,서울특별시 노원구 공릉로34길 62 (태강아파트)
경로당,태릉우성아파트경로당,서울특별시 노원구 공릉동,1,"노원구 노원로 29(공릉동, 태능우성아파트)",37.624821,127.084386,무더위쉼터(도로명주소 일치),도로명주소,태릉우성아파트경로당,서울특별시 노원구 노원로 29 (우성아파트)
경로당,태릉해링턴플레이스경로당,서울특별시 노원구 공릉동,1,"노원구 공릉로34길 86(공릉동, 태릉해링턴플레이스)",37.625986,127.083207,무더위쉼터(도로명주소 일치),도로명주소,태릉해링턴플레이스경로당,서울특별시 노원구 공릉로34길 86 (공릉동)
경로당,한마음경로당,서울특별시 노원구 공릉동,1,노원구 동일로178길 25-5(공릉동),37.6216313,127.0759311,무더위쉼터(도로명주소 일치),도로명주소,한마음경로당,서울특별시 노원구 동일로178길 25-5 (공릉동)
경로당,화랑타운아파트경로당,서울특별시 노원구 공릉동,1,"노원구 화랑로51길 17(공릉동, 화랑타운아파트)",37.623719,127.088917,무더위쉼터(도로명주소 일치),도로명주소,화랑타운아파트경로당,서울특별시 노원구 화랑로51길 17 (화랑타운아파트 710동)
경로당,효성화운트빌아파트경로당,서울특별시 노원구 공릉동,1,"노원구 노원로 62(공릉동, 공릉효성화운트빌)",37.627345,127.08713,무더위쉼터(도로명주소 일치),도로명주소,효성화운트빌아파트경로당,서울특별시 노원구 노원로 62 (공릉해링턴플레이스 경비실(5개동))
경로당/도서관(작은도서관),"공릉1동경로당, 공릉행복도서관",서울특별시 노원구 공릉동,2,"노원구 동일로179길 22(공릉동, 공릉행복발전소 1층)",37.622055,127.072804,무더위쉼터(도로명주소 일치),도로명주소,공릉행복발전소,서울특별시 노원구 동일로179길 22 (공릉행복발전소)
주민센터/도서관(작은도서관),"공릉2동 주민센터, 책이랑친구랑작은도서관",서울특별시 노원구 공릉동,2,서울특별시 노원구 노원로 1길 68,37.6212893,127.083385,무더위쉼터(도로명주소 일치),도로명주소,공릉2동주민센터,서울특별시 노원구 노원로1길 68 (공릉동)
경로당,상계대동아파트경로당,서울특별시 노원구 상계2동,1,노원구 노원구 상계2동 1284,37.656665,127.071665,무더위쉼터(시설명 일치),시설명,상계대동아파트경로당,서울특별시 노원구 상계로26길 20 (대동청솔아파트 상가동)
경로당,계산경로당,서울특별시 노원구 상계동,1,노원구 동일로239다길 19(상계동),37.675998,127.051017,무더위쉼터(도로명주소 일치),도로명주소,계산경로당,서울특별시 노원구 동일로239다길 19 (계산노인정)
경로당,극동늘푸른아파트경로당,서울특별시 노원구 상계동,1,"노원구 동일로246길 39(상계동, 극동아파트)",37.67747,127.057623,무더위쉼터(도로명주소 일치),도로명주소,극동늘푸른아파트경로당,서울특별시 노원구 동일로246길 39 (극동아파트 경로당)
경로당,금호타운아파트경로당,서울특별시 노원구 상계동,1,"노원구 한글비석로46나길 10(상계동, 금호아파트)",37.667303,127.068803,무더위쉼터(도로명주소 일치),도로명주소,금호타운아파트경로당(상계5동),서울특별시 노원구 한글비석로46나길 10 (금호아파트 102동)
경로당,노원센트럴푸르지오경로당,서울특별시 노원구 상계동,1,"노원구 수락산로 12(상계동, 노원센트럴푸르지오)",37.665632,127.074947,무더위쉼터(도로명주소 일치),도로명주소,노원센트럴푸르지오경로당,서울특별시 노원구 수락산로 12 (노원센트럴푸르지오)
경로당,노원우성아파트경로당,서울특별시 노원구 상계동,1,"노원구 상계로7길 18(상계동, 우성아파트)",37.658192,127.06498,무더위쉼터(도로명주소 일치),도로명주소,노원우성아파트경로당,서울특별시 노원구 상계로7길 18 (우성아파트)
경로당,노원현대아파트경로당,서울특별시 노원구 상계동,1,"노원구 상계로3길 50(상계동, 노원현대아파트)",37.658504,127.063503,무더위쉼터(도로명주소 일치),도로명주소,노원현대아파트경로당,서울특별시 노원구 상계로3길 50 (노원현대아파트)
경로당,대림아파트경로당,서울특별시 노원구 상계동,1,"노원구 동일로221길 22(상계동, 대림아파트)",37.659302,127.057698,무더위쉼터(도로명주소 일치),도로명주소,대림아파트경로당,서울특별시 노원구 동일로221길 22 (대림아파트)
경로당,대망드림힐아파트경로당,서울특별시 노원구 상계동,1,"노원구 동일로242라길 27(상계동, 대망드림힐아파트)",37.676092,127.058139,무더위쉼터(도로명주소 일치),도로명주소,대망드림힐아파트경로당,서울특별시 노원구 동일로242라길 27 (대망드림힐아파트)
경로당,덕산경로당,서울특별시 노원구 상계동,1,노원구 덕릉로 849(상계동),37.672236,127.082376,무더위쉼터(시설명 일치),시설명,덕산경로당,서울특별시 노원구 덕릉로129길 7
경로당,도암경로당,서울특별시 노원구 상계동,1,노원구 덕릉로126나길 14(상계동),37.6708,127.083197,무더위쉼터(도로명주소 일치),도로명주소,도암경로당,서울특별시 노원구 덕릉로126나길 14 (도암경노당)
경로당,동아불암106동경로당,서울특별시 노원구 상계동,1,"노원구 덕릉로112길 13(상계동, 동아불암아파트)",37.666035,127.078223,무더위쉼터(도로명주소 일치),도로명주소,동아불암106동경로당,서울특별시 노원구 덕릉로112길 13 (동아불암아파트)
경로당,동아불암아파트경로당,서울특별시 노원구 상계동,1,"노원구 덕릉로 780(상계동, 동아불암아파트)",37.667207,127.079515,무더위쉼터(도로명주소 일치),도로명주소,동아불암아파트경로당,서울특별시 노원구 덕릉로 780 (동아불암아파트 노인정.관리사무소)
경로당,두산아파트경로당,서울특별시 노원구 상계동,1,"노원구 동일로241길 53(상계동, 두산아파트)",37.677481,127.053736,무더위쉼터(도로명주소 일치),도로명주소,두산아파트경로당,서울특별시 노원구 동일로241길 53 (두산아파트 경로당)
경로당,미도아파트경로당,서울특별시 노원구 상계동,1,"노원구 덕릉로 459-18(상계동, 미도아파트)",37.64576,127.06086,무더위쉼터(도로명주소 일치),도로명주소,미도아파트경로당,서울특별시 노원구 덕릉로 459-18 (미도아파트)
경로당,보람아파트경로당,서울특별시 노원구 상계동,1,"노원구 한글비석로 479(상계동, 보람아파트1단지)",37.664528,127.064466,무더위쉼터(도로명주소 일치),도로명주소,상계보람아파트경로당,서울특별시 노원구 한글비석로 479 (보람아파트1단지 관리사무소)
경로당,복지경로당,서울특별시 노원구 상계동,1,노원구 한글비석로 426-12(상계동),37.662567,127.0705265,무더위쉼터(도로명주소 일치),도로명주소,복지경로당,서울특별시 노원구 한글비석로 426-12 (상계동)
경로당,봉산경로당,서울특별시 노원구 상계동,1,"노원구 동일로242가길 26-23(상계동, 구립), 24-37(상계동, 사립)",37.6768639,127.0563617,무더위쉼터(도로명주소 일치),도로명주소,봉산경로당,서울특별시 노원구 동일로242가길 26-23 (상계동)
경로당,북현경로당,서울특별시 노원구 상계동,1,"노원구 동일로237바길 17(상계동, 북부현대아파트)",37.6744311,127.0504716,무더위쉼터(도로명주소 일치),도로명주소,북현경로당,"서울특별시 노원구 동일로237바길 17  (상계동, 북부현대아파트)"
경로당,불암경로당,서울특별시 노원구 상계동,1,노원구 한글비석로47길 99-3(상계동),37.6596453,127.0660526,무더위쉼터(도로명주소 일치),도로명주소,불암경로당,서울특별시 노원구 한글비석로47길 99-3 (상계동)
경로당,불암현대아파트106동경로당,서울특별시 노원구 상계동,1,"노원구 덕릉로118길 27(상계동, 불암현대아파트)",37.668568,127.080524,무더위쉼터(시설명 일치),시설명,불암현대아파트106동경로당,
경로당,불암현대아파트경로당,서울특별시 노원구 상계동,1,"노원구 덕릉로118길 29(상계동, 상계불암현대아파트)",37.66649,127.079895,무더위쉼터(도로명주소 일치),도로명주소,불암현대아파트경로당,서울특별시 노원구 덕릉로118길 29 (불암현대아파트 상가)
경로당,상계1동 현대4차아파트경로당,서울특별시 노원구 상계동,1,"노원구 동일로231다길 23(상계동, 현대4차아파트)",37.672749,127.051055,무더위쉼터(도로명주소 일치),도로명주소,상계1동현대4차아파트경로당,서울특별시 노원구 동일로231다길 23 (현대4차아파트)
경로당,상계2차중앙하이츠아파트경로당,서울특별시 노원구 상계동,1,"노원구 노원로 428(상계동, 상계2차중앙하이츠아파트)",37.654529,127.068782,무더위쉼터(도로명주소 일치),도로명주소,상계2차중앙하이츠아파트경로당,서울특별시 노원구 노원로 428 (상계2차중앙하이츠아파트)
경로당,상계5동경로당,서울특별시 노원구 상계동,1,노원구 한글비석로37길 22(상계동),37.6614565,127.0689601,무더위쉼터(도로명주소 일치),도로명주소,상계5동경로당,서울특별시 노원구 한글비석로37길 22 (상계동)
경로당,상계대림아파트경로당,서울특별시 노원구 상계동,1,"노원구 상계로 193-14(상계동, 상계대림아파트)",37.66257,127.074,무더위쉼터(도로명주소 일치),도로명주소,상계대림아파트경로당(상계5동),서울특별시 노원구 상계로 193-14 (상계대림아파트 대림유치원)
경로당,상계대림아파트경로당,서울특별시 노원구 상계동,1,"노원구 동일로239길 68(상계동, 상계대림아파트)",37.67444,127.050954,무더위쉼터(도로명주소 일치),도로명주소,상계대림아파트경로당,서울특별시 노원구 동일로239길 68 (상계대림아파트 101동)
경로당,상계동 동양메이저아파트경로당,서울특별시 노원구 상계동,1,"노원구 상계로5길 12(상계동, 동양메이저아파트)",37.657524,127.063656,무더위쉼터(도로명주소 일치),도로명주소,상계동동양메이저아파트경로당,서울특별시 노원구 상계로5길 12 (동양메이저아파트 102동)
경로당,상계동양우아파트경로당,서울특별시 노원구 상계동,1,"노원구 노원로30길 81(상계동, 상계양우아파트)",37.656489,127.071071,무더위쉼터(도로명주소 일치),도로명주소,상계동양우아파트경로당,서울특별시 노원구 노원로30길 81 (청솔상계양우아파트)
경로당,상계미라보아파트경로당,서울특별시 노원구 상계동,1,"노원구 덕릉로127길 25 (상계동, 성림아파트)",37.671907,127.081371,무더위쉼터(도로명주소 일치),도로명주소,상계미라보아파트경로당,서울특별시 노원구 덕릉로127길 25 (불암산센트럴아파트)
경로당,상계벽산아파트경로당,서울특별시 노원구 상계동,1,"노원구 한글비석로 396(상계동, 벽산아파트)",37.66091,127.071737,무더위쉼터(도로명주소 일치),도로명주소,상계벽산아파트경로당,서울특별시 노원구 한글비석로 396 (벽산아파트 경로당)
경로당,상계불암대림아파트207동경로당,서울특별시 노원구 상계동,1,"노원구 덕릉로94가길 41(상계동, 상계불암대림아파트)",37.6639493,127.0779669,무더위쉼터(도로명주소 일치),도로명주소,상계불암대림아파트207동경로당,"서울특별시 노원구 덕릉로94가길 41 (상계동, 상계불암대림아파트)"
경로당,상계불암대림아파트경로당,서울특별시 노원구 상계동,1,"노원구 덕릉로 730(상계동, 상계불암대림아파트)",37.663708,127.077681,무더위쉼터(시설명 일치),시설명,상계불암대림아파트경로당,서울특별시 노원구 덕릉로94가길 41 (상계불암대림아파트)
경로당,상계성원아파트경로당,서울특별시 노원구 상계동,1,"노원구 노원로34길 34(상계동, 성원아파트)",37.660493,127.065863,무더위쉼터(도로명주소 일치),도로명주소,상계성원아파트경로당,서울특별시 노원구 노원로34길 34 (성원아파트 101동)
경로당,상계수락경로당,서울특별시 노원구 상계동,1,"노원구 동일로242라길20,201호(상계동)",37.6759299,127.0576465,무더위쉼터(도로명주소 일치),도로명주소,상계수락경로당,"서울특별시 노원구 동일로242라길 20 (상계동, 삼성프라임)"
경로당,상계신동아아파트경로당,서울특별시 노원구 상계동,1,"노원구 한글비석로52길 66(상계동, 신동아아파트)",37.667366,127.067487,무더위쉼터(도로명주소 일치),도로명주소,상계신동아아파트경로당,서울특별시 노원구 한글비석로52길 66 (신동아아파트 경비실)
경로당,상계우방아파트효도의집경로당,서울특별시 노원구 상계동,1,"노원구 동일로230가길 15(상계동, 상계우방아파트)",37.67184,127.056711,무더위쉼터(도로명주소 일치),도로명주소,상계우방아파트효도의집경로당,서울특별시 노원구 동일로230가길 15 (상계우방아파트)
경로당,상일경로당,서울특별시 노원구 상계동,1,노원구 동일로237가길 10(상계동),37.6743292,127.0545298,무더위쉼터(도로명주소 일치),도로명주소,상일경로당,서울특별시 노원구 동일로237가길 10 (상계동)
경로당,송암경로당,서울특별시 노원구 상계동,1,노원구 한글비석로44길 64-20(상계동),37.6645374,127.07194,무더위쉼터(도로명주소 일치),도로명주소,송암경로당,서울특별시 노원구 한글비석로44길 64-20 (상계동)
경로당,수락리버시티3단지경로당,서울특별시 노원구 상계동,1,"노원구 누원로 28(상계동, 수락리버시티3단지)",37.688156,127.054018,무더위쉼터(도로명주소 일치),도로명주소,수락리버시티3단지경로당,서울특별시 노원구 누원로 28 (수락리버시티 3단지 304동)
경로당,수락리버시티4단지경로당,서울특별시 노원구 상계동,1,"노원구 누원로 18(상계동, 수락리버시티4단지)",37.686422,127.053431,무더위쉼터(도로명주소 일치),도로명주소,수락리버시티4단지경로당,서울특별시 노원구 누원로 18 (수락리버시티4단지 407동)
경로당,수락산벨리체아파트경로당,서울특별시 노원구 상계동,1,"노원구 동일로250길 18(상계동, 수락산벨리체아파트)",37.681894,127.057044,무더위쉼터(도로명주소 일치),도로명주소,수락산벨리체아파트경로당,서울특별시 노원구 동일로250길 18 (수락산벨리체아파트)
경로당,수락파크빌아파트경로당,서울특별시 노원구 상계동,1,"노원구 동일로248길 16(상계동, 수락파크빌아파트)",37.678998,127.056741,무더위쉼터(도로명주소 일치),도로명주소,수락파크빌아파트경로당,서울특별시 노원구 동일로248길 16 (수락파크빌아파트 경로당)
경로당,수락한신아파트경로당,서울특별시 노원구 상계동,1,"노원구 동일로242길 80(상계동, 수락한신아파트)",37.673733,127.060152,무더위쉼터(도로명주소 일치),도로명주소,수락한신아파트경로당,"서울특별시 노원구 동일로242길 80 (수락한신아파트 관리실,노인정)"
경로당,수락현대아파트경로당,서울특별시 노원구 상계동,1,"노원구 동일로242길 95(상계동, 수락현대아파트)",37.675393,127.059384,무더위쉼터(도로명주소 일치),도로명주소,수락현대아파트경로당,서울특별시 노원구 동일로242길 95 (수락현대아파트 경로당)
경로당,수암경로당,서울특별시 노원구 상계동,1,노원구 덕릉로115가길 21(상계동),37.667597,127.0785275,무더위쉼터(도로명주소 일치),도로명주소,수암경로당,서울특별시 노원구 덕릉로115가길 21 (상계동)
경로당,숲속경로당,서울특별시 노원구 상계동,1,노원구 수락산로 32(상계동),37.6656266,127.0730773,무더위쉼터(도로명주소 일치),도로명주소,숲속경로당,서울특별시 노원구 수락산로 32
경로당,양지마을경로당,서울특별시 노원구 상계동,1,노원구 덕릉로137길 45(상계동),37.674572,127.083181,무더위쉼터(시설명 일치),시설명,양지마을경로당,서울특별시 노원구 덕릉로137길 35 (양지마을경로당)
경로당,우림루미아트1차경로당,서울특별시 노원구 상계동,1,"노원구 동일로230가길 71(상계동, 우림루미아트)",37.674377,127.055861,무더위쉼터(도로명주소 일치),도로명주소,우림루미아트1차경로당,서울특별시 노원구 동일로230가길 71 (우림루미아트 102동)
경로당,우림루미아트경로당,서울특별시 노원구 상계동,1,"노원구 동일로238길 33(상계동, 우림루미아트2차)",37.6745903,127.0570832,무더위쉼터(도로명주소 일치),도로명주소,우림루미아트경로당,"서울특별시 노원구 동일로238길 33  (상계동, 우림루미아트)"
경로당,원터경로당,서울특별시 노원구 상계동,1,노원구 상계로10길 24-7(상계동),37.6562818,127.06745,무더위쉼터(도로명주소 일치),도로명주소,원터경로당,서울특별시 노원구 상계로10길 24-7 (상계동)
경로당,은빛1단지경로당,서울특별시 노원구 상계동,1,"노원구 동일로245길 162(상계동, 은빛1단지아파트)",37.681055,127.054075,무더위쉼터(도로명주소 일치),도로명주소,은빛1단지경로당,서울특별시 노원구 동일로245길 162 (은빛1단지아파트 경로당)
경로당,은빛2단지경로당,서울특별시 노원구 상계동,1,"노원구 동일로245가길 41(상계동, 은빛2단지아파트)",37.680109,127.053439,무더위쉼터(도로명주소 일치),도로명주소,은빛2단지경로당,서울특별시 노원구 동일로245가길 41 (은빛2단지아파트 경로당)
경로당,은빛3단지어르신방경로당,서울특별시 노원구 상계동,1,"노원구 동일로250길 17(상계동, 은빛3단지아파트)",37.6828099,127.0566809,무더위쉼터(도로명주소 일치),도로명주소,은빛3단지어르신방경로당,"서울특별시 노원구 동일로250길 17 (상계동, 은빛3단지아파트)"
경로당,임광아파트경로당,서울특별시 노원구 상계동,1,"노원구 노원로 569(상계동, 임광아파트)",37.660661,127.056134,무더위쉼터(도로명주소 일치),도로명주소,임광아파트경로당,서울특별시 노원구 노원로 569 (임광아파트 상가)
경로당,주공10단지경로당,서울특별시 노원구 상계동,1,"노원구 노원로 564(상계동, 상계주공10단지아파트)",37.662924,127.054199,무더위쉼터(도로명주소 일치),도로명주소,주공10단지경로당(상계8동),서울특별시 노원구 노원로 564 (상계주공10단지아파트 1018동)
경로당,주공11단지경로당,서울특별시 노원구 상계동,1,"노원구 동일로227길 25(상계동, 상계주공11단지아파트)",37.666493,127.054508,무더위쉼터(도로명주소 일치),도로명주소,주공11단지경로당,서울특별시 노원구 동일로227길 25 (상계주공11단지아파트 노인정)
경로당,주공12단지경로당,서울특별시 노원구 상계동,1,"노원구 한글비석로 530(상계동, 상계주공12단지아파트)",37.66609,127.059162,무더위쉼터(도로명주소 일치),도로명주소,상계주공12단지경로당,서울특별시 노원구 한글비석로 530 (상계주공12단지아파트 1213동)
경로당,주공13단지경로당,서울특별시 노원구 상계동,1,"노원구 한글비석로54길 92(상계동, 상계주공13단지아파트)",37.66731,127.062335,무더위쉼터(도로명주소 일치),도로명주소,상계주공13단지경로당,서울특별시 노원구 한글비석로54길 92 (상계주공13단지아파트 1309동)
경로당,주공14단지경로당,서울특별시 노원구 상계동,1,"노원구 동일로228길 23(상계동, 상계주공14단지아파트)",37.669705,127.059049,무더위쉼터(도로명주소 일치),도로명주소,상계주공14단지경로당,서울특별시 노원구 동일로228길 23 (상계주공14단지아파트 경로당)
경로당,주공16단지경로당,서울특별시 노원구 상계동,1,"노원구 동일로227길 86(상계동, 상계주공16단지아파트)",37.66882,127.052781,무더위쉼터(도로명주소 일치),도로명주소,주공16단지경로당,서울특별시 노원구 동일로227길 86 (상계주공16단지아파트)
경로당,주공1단지경로당,서울특별시 노원구 상계동,1,"노원구 덕릉로 459-21(상계동, 상계주공1단지아파트)",37.647142,127.057982,무더위쉼터(도로명주소 일치),도로명주소,주공1단지경로당,서울특별시 노원구 덕릉로 459-21 (상계주공1단지아파트 관리사무소)
경로당,주공2단지경로당,서울특별시 노원구 상계동,1,"노원구 동일로215길 23(상계동, 상계주공2단지아파트)",37.649706,127.058348,무더위쉼터(도로명주소 일치),도로명주소,주공2단지경로당,서울특별시 노원구 동일로215길 23 (상계주공2단지아파트)
경로당,주공3단지경로당,서울특별시 노원구 상계동,1,"노원구 동일로215길 48(상계동, 상계주공3단지아파트)",37.652183,127.057739,무더위쉼터(도로명주소 일치),도로명주소,주공3단지경로당,서울특별시 노원구 동일로215길 48 (상계주공3단지아파트 관리사무실)
경로당,주공4단지경로당,서울특별시 노원구 상계동,1,"노원구 동일로214길 21(상계동, 상계주공4단지아파트)",37.650023,127.063541,무더위쉼터(도로명주소 일치),도로명주소,주공4단지경로당,서울특별시 노원구 동일로214길 21 (상계주공4단지아파트 4단지 관리동)
경로당,주공5단지경로당,서울특별시 노원구 상계동,1,"노원구 동일로216길 47(상계동, 상계주공5단지아파트)",37.652239,127.063941,무더위쉼터(도로명주소 일치),도로명주소,주공5단지경로당,서울특별시 노원구 동일로216길 47 (상계주공5단지아파트 관리사무소)
경로당,주공6단지경로당,서울특별시 노원구 상계동,1,"노원구 노해로 508(상계동, 상계주공6단지아파트)",37.654485,127.064365,무더위쉼터(도로명주소 일치),도로명주소,"주공6단지경로당(상계6,7동)",서울특별시 노원구 노해로 508 (상계주공6단지아파트 6단지 관리동)
경로당,주공7단지경로당,서울특별시 노원구 상계동,1,"노원구 동일로 1456(상계동, 상계주공7단지아파트)",37.659467,127.060766,무더위쉼터(도로명주소 일치),도로명주소,주공7단지경로당,서울특별시 노원구 동일로 1456 (상계주공7단지아파트)
경로당,주공9단지경로당,서울특별시 노원구 상계동,1,"노원구 노원로 532(상계동, 상계주공9단지아파트)",37.66351,127.061045,무더위쉼터(도로명주소 일치),도로명주소,주공9단지경로당,서울특별시 노원구 노원로 532 (상계주공9단지아파트 경로당)
경로당,중계센트럴파크아파트경로당,서울특별시 노원구 상계동,1,"노원구 덕릉로70가길 21(상계동, 중계센트럴파크)",37.643486,127.06051,무더위쉼터(도로명주소 일치),도로명주소,중계센트럴파크아파트경로당,서울특별시 노원구 덕릉로70가길 21 (중계센트럴파크 101동)
경로당,중앙하이츠아파트경로당,서울특별시 노원구 상계동,1,"노원구 노원로28길 15(상계동, 상계1차중앙하이츠아파트)",37.653886,127.068201,무더위쉼터(도로명주소 일치),도로명주소,중앙하이츠아파트경로당(상계2동),서울특별시 노원구 노원로28길 15 (상계1차중앙하이츠아파트 102동)
경로당,청솔경로당,서울특별시 노원구 상계동,1,노원구 노원로30길 73(상계동),37.6561268,127.070725,무더위쉼터(도로명주소 일치),도로명주소,청솔경로당,서울특별시 노원구 노원로30길 73 (상계동)
경로당,청암1단지아파트경로당,서울특별시 노원구 상계동,1,"노원구 덕릉로112길 24(상계동, 청암1단지아파트)",37.664941,127.078699,무더위쉼터(도로명주소 일치),도로명주소,청암1단지아파트경로당,서울특별시 노원구 덕릉로112길 24 (청암1단지아파트 관리사무소)
경로당,청암2단지아파트경로당,서울특별시 노원구 상계동,1,"노원구 덕릉로94가길 20(상계동, 청암2단지아파트)",37.663261,127.078413,무더위쉼터(도로명주소 일치),도로명주소,청암2단지아파트경로당,서울특별시 노원구 덕릉로94가길 20 (청암2단지아파트 경로당)
경로당,한신1차아파트경로당,서울특별시 노원구 상계동,1,"노원구 한글비석로46가길 16(상계동, 한신1차아파트)",37.666719,127.069173,무더위쉼터(도로명주소 일치),도로명주소,한신1차아파트경로당,서울특별시 노원구 한글비석로46가길 16 (한신1차아파트 아파트관리실)
경로당,한신2차아파트경로당,서울특별시 노원구 상계동,1,"노원구 한글비석로48길 6(상계동, 한신2차아파트)",37.665025,127.06879,무더위쉼터(도로명주소 일치),도로명주소,한신2차아파트경로당,서울특별시 노원구 한글비석로48길 6 (한신2차아파트 관리사무실)
경로당,한신3차아파트경로당,서울특별시 노원구 상계동,1,"노원구 한글비석로46가길 34(상계동, 한신3차아파트)",37.666381,127.067584,무더위쉼터(도로명주소 일치),도로명주소,한신3차아파트경로당,서울특별시 노원구 한글비석로46가길 34 (한신3차아파트 경로당)
경로당,한신아파트경로당,서울특별시 노원구 상계동,1,"노원구 동일로230길 63(상계동, 조흥한신아파트)",37.67402,127.059492,무더위쉼터(도로명주소 일치),도로명주소,한신아파트경로당,서울특별시 노원구 동일로230길 63 (한신아파트 경로당)
경로당,한양아파트경로당,서울특별시 노원구 상계동,1,"노원구 동일로216길 92(상계동, 한양아파트)",37.651516,127.067005,무더위쉼터(도로명주소 일치),도로명주소,한양아파트경로당,서울특별시 노원구 동일로216길 92 (한양아파트)
경로당,한일유앤아이아파트경로당,서울특별시 노원구 상계동,1,"노원구 노원로28길 62(상계동, 한일유앤아이아파트)",37.654482,127.071568,무더위쉼터(도로명주소 일치),도로명주소,한일유앤아이아파트경로당,서울특별시 노원구 노원로28길 62 (한일유앤아이아파트 관리사무소)
경로당,현대1차아파트경로당,서울특별시 노원구 상계동,1,"노원구 동일로237길 41(상계동, 현대1차아파트)",37.672913,127.052673,무더위쉼터(도로명주소 일치),도로명주소,현대1차아파트경로당(상계1동),"서울특별시 노원구 동일로237길 41 (상계1차현대아파트 관리사무소,경로당)"
경로당,현대2차아파트경로당,서울특별시 노원구 상계동,1,"노원구 동일로231길 86(상계동, 현대2차아파트)",37.672653,127.050821,무더위쉼터(도로명주소 일치),도로명주소,현대2차아파트경로당(상계1동),서울특별시 노원구 동일로231길 86 (현대2차아파트)
경로당,현대3차아파트경로당,서울특별시 노원구 상계동,1,"노원구 수락산로 234(상계동, 현대3차아파트)",37.671742,127.053159,무더위쉼터(도로명주소 일치),도로명주소,현대3차아파트경로당,서울특별시 노원구 수락산로 234 (상계3차현대아파트 경로당)
경로당,희망경로당,서울특별시 노원구 상계동,1,노원구 덕릉로130길 48(상계동),37.6720172,127.0857105,무더위쉼터(도로명주소 일치),도로명주소,희망경로당,서울특별시 노원구 덕릉로130길 48 (상계동)
보건소,노원구보건소,서울특별시 노원구 상계동,1,"서울특별시 노원구 노해로 437 (상계동, 노원구청), 보건소 노원구보건소",37.6541095,127.0567319,무더위쉼터(도로명주소 일치),도로명주소,노원구청1층로비,서울특별시 노원구 노해로 437 (상계동)
주민센터,상계6·7동 주민센터,서울특별시 노원구 상계동,1,서울특별시 노원구 노원로 429,37.654893,127.0669752,무더위쉼터(도로명주소 일치),도로명주소,상계6.7동주민센터,서울특별시 노원구 노원로 429 (상계동)
주민센터/도서관(작은도서관),"상계10동 주민센터, 가온작은도서관",서울특별시 노원구 상계동,2,서울특별시 노원구 노원로 530,37.659732,127.063218,무더위쉼터(시설명 일치),시설명,상계10동주민센터,서울특별시 노원구 노원로 495 (해링턴플레이스 노원 센트럴)
주민센터/도서관(작은도서관),"상계1동 주민센터, 푸른숲작은도서관",서울특별시 노원구 상계동,2,서울특별시 노원구 동일로 1697,37.6798826,127.0548999,무더위쉼터(도로명주소 일치),도로명주소,상계1동주민센터,서울특별시 노원구 동일로 1697 (상계동)
주민센터/도서관(작은도서관),"상계2동 주민센터, 파랑새작은도서관",서울특별시 노원구 상계동,2,서울특별시 노원구 상계로 118,37.6575021,127.0678196,무더위쉼터(도로명주소 일치),도로명주소,상계2동주민센터,서울특별시 노원구 상계로 118 (상계동)
주민센터/도서관(작은도서관),"상계3·4동 주민센터, 수락작은도서관",서울특별시 노원구 상계동,2,서울특별시 노원구 덕릉로 859,37.6728813,127.0831865,무더위쉼터(도로명주소 일치),도로명주소,상계3.4동주민센터,서울특별시 노원구 덕릉로 859 (상계동)
주민센터/도서관(작은도서관),"상계5동 주민센터, 해솔작은도서관",서울특별시 노원구 상계동,2,서울특별시 노원구 한글비석로 434,37.6629598,127.0693758,무더위쉼터(도로명주소 일치),도로명주소,상계5동주민센터,서울특별시 노원구 한글비석로 434 (상계동)
주민센터/도서관(작은도서관),"상계8동 주민센터, 상계숲속작은도서관, 반디작은도서관",서울특별시 노원구 상계동,3,서울특별시 노원구 동일로227길 97,37.6667498,127.0515713,무더위쉼터(도로명주소 일치),도로명주소,상계8동주민센터,서울특별시 노원구 동일로227길 97 (상계동)
주민센터/도서관(작은도서관),"상계9동 주민센터, 한울작은도서관",서울특별시 노원구 상계동,2,서울특별시 노원구 한글비석로 487,37.6644992,127.0638853,무더위쉼터(도로명주소 일치),도로명주소,상계9동주민센터,서울특별시 노원구 한글비석로 487 (상계동)
주민센터,월계3동 주민센터,서울특별시 노원구 월계3동주민센터,1,서울특별시 노원구 마들로 57,37.620964,127.069265,무더위쉼터(도로명주소 일치),도로명주소,월계3동주민센터,서울특별시 노원구 마들로 57 (월계3동주민센터)
경로당,2단지각심경로당,서울특별시 노원구 월계동,1,"노원구 초안산로1길 18(월계동, 월계주공2단지아파트)",37.628534,127.052369,무더위쉼터(도로명주소 일치),도로명주소,2단지각심경로당,서울특별시 노원구 초안산로1길 18 (월계주공2단지아파트 관리사무소/경로당)
경로당,sk뷰아파트경로당,서울특별시 노원구 월계동,1,"노원구 월계로42길 97(월계동,sk뷰아파트)",37.621664,127.05399,무더위쉼터(도로명주소 일치),도로명주소,sk뷰아파트경로당,서울특별시 노원구 월계로42길 97 (꿈의숲 SK뷰 아파트 101동)
경로당,건양노블레스아파트경로당,서울특별시 노원구 월계동,1,"노원구 화랑로45길 42-18(월계동, 건양노블레스아파트)",37.617305,127.066832,무더위쉼터(도로명주소 일치),도로명주소,건양노블레스아파트경로당,서울특별시 노원구 화랑로45길 42-18 (건양노블레스아파트)
경로당,광운경로당,서울특별시 노원구 월계동,1,노원구 광운로19가길 53(월계동),37.6252768,127.0591271,무더위쉼터(도로명주소 일치),도로명주소,광운경로당,서울특별시 노원구 광운로19가길 53 (월계동)
경로당,그랑빌아파트경로당,서울특별시 노원구 월계동,1,"노원구 마들로 31(월계동, 그랑빌아파트)",37.617803,127.068242,무더위쉼터(도로명주소 일치),도로명주소,그랑빌아파트경로당,서울특별시 노원구 마들로 31 (그랑빌아파트 관리사무소)
경로당,극동아파트경로당,서울특별시 노원구 월계동,1,"노원구 덕릉로60길 268(월계동, 극동아파트)",37.62924,127.045993,무더위쉼터(시설명 일치),시설명,극동아파트경로당,서울특별시 노원구 덕릉로60길 266 (극동아파트 101동)
경로당,녹천역두산위브아파트경로당,서울특별시 노원구 월계동,1,"노원구 마들로5길 25(월계동,녹천역두산위브아파트)",37.640652,127.052769,무더위쉼터(도로명주소 일치),도로명주소,녹천역두산위브아파트경로당,서울특별시 노원구 마들로5길 25 (녹천역두산위브아파트 102동)
경로당,대동아파트경로당,서울특별시 노원구 월계동,1,"노원구 광운로 46(월계동, 대동아파트)",37.621913,127.060938,무더위쉼터(도로명주소 일치),도로명주소,대동아파트경로당,서울특별시 노원구 광운로 46 (대동아파트 103동)
경로당,대우아파트경로당,서울특별시 노원구 월계동,1,"노원구 초안산로5길 22(월계동, 대우아파트)",37.63295,127.051435,무더위쉼터(도로명주소 일치),도로명주소,대우아파트경로당,서울특별시 노원구 초안산로5길 22 (대우아파트 상가동)
경로당,동신아파트경로당,서울특별시 노원구 월계동,1,"노원구 광운로2나길 30(월계동, 동신아파트)",37.616524,127.061719,무더위쉼터(도로명주소 일치),도로명주소,동신아파트경로당,서울특별시 노원구 광운로2나길 30 (동신아파트)
경로당,롯데캐슬루나아파트경로당,서울특별시 노원구 월계동,1,"노원구 월계로45길 21(월계동, 롯데캐슬루나아파트)",37.626271,127.049699,무더위쉼터(도로명주소 일치),도로명주소,롯데캐슬루나아파트경로당,서울특별시 노원구 월계로45길 21 (롯데캐슬루나아파트 노인정동)
경로당,미성아파트경로당,서울특별시 노원구 월계동,1,"노원구 마들로 59(월계동, 월계미성아파트)",37.621131,127.066933,무더위쉼터(도로명주소 일치),도로명주소,월계미성아파트경로당,서울특별시 노원구 마들로 59 (월계미성아파트 경로당)
경로당,벼루마을경로당,서울특별시 노원구 월계동,1,노원구 월계로44길 62(월계동),37.6225767,127.0525235,무더위쉼터(도로명주소 일치),도로명주소,벼루마을경로당,서울특별시 노원구 월계로44길 62 (월계동)
경로당,사슴1단지경로당,서울특별시 노원구 월계동,1,"노원구 월계로 372(월계동, 월계사슴1단지아파트)",37.6301648,127.060023,무더위쉼터(도로명주소 일치),도로명주소,노원1종합사회복지관,"서울특별시 노원구 월계로 372 (월계동, 월계사슴1단지아파트)"
경로당,사슴2단지경로당,서울특별시 노원구 월계동,1,"노원구 월계로55길 16(월계동, 월계사슴2단지아파트)",37.632493,127.06034,무더위쉼터(도로명주소 일치),도로명주소,사슴2단지경로당,서울특별시 노원구 월계로55길 16 (월계사슴2단지아파트)
경로당,사슴3단지경로당,서울특별시 노원구 월계동,1,"노원구 월계로55길 15(월계동, 월계사슴3단지아파트)",37.632233,127.060099,무더위쉼터(도로명주소 일치),도로명주소,사슴3단지경로당,서울특별시 노원구 월계로55길 15 (월계사슴3단지아파트)
경로당,삼미아파트경로당,서울특별시 노원구 월계동,1,"노원구 마들로 111(월계동, 월계미륭아파트) 미륭 삼호3차",37.623883,127.063571,무더위쉼터(도로명주소 일치),도로명주소,삼미아파트경로당,"서울특별시 노원구 마들로 111 (월계미륭아파트,월계삼호아파트 노인정 및 독서실)"
경로당,삼창아파트경로당,서울특별시 노원구 월계동,1,"노원구 광운로2나길 50(월계동, 삼창아파트)",37.618679,127.059873,무더위쉼터(도로명주소 일치),도로명주소,삼창아파트경로당,서울특별시 노원구 광운로2나길 50 (삼창아파트)
경로당,서광아파트경로당,서울특별시 노원구 월계동,1,"노원구 마들로1길 44(월계동, 서광아파트)",37.622776,127.065148,무더위쉼터(도로명주소 일치),도로명주소,서광아파트경로당,서울특별시 노원구 마들로1길 44 (서광아파트)
경로당,선곡경로당,서울특별시 노원구 월계동,1,노원구 광운로2길 15-6(월계동),37.6176181,127.0582983,무더위쉼터(도로명주소 일치),도로명주소,선곡경로당,서울특별시 노원구 광운로2길 15-6 (월계동)
경로당,성북역신도브래뉴경로당,서울특별시 노원구 월계동,1,"노원구 광운로19길 38(월계동, 성북역신도브래뉴)",37.623187,127.059193,무더위쉼터(도로명주소 일치),도로명주소,성북역신도브래뉴경로당,서울특별시 노원구 광운로19길 38 (성북역신도브래뉴 놀이터)
경로당,성원아파트경로당,서울특별시 노원구 월계동,1,"노원구 마들로3길 37(월계동, 성원아파트)",37.629598,127.062339,무더위쉼터(도로명주소 일치),도로명주소,성원아파트경로당,서울특별시 노원구 마들로3길 37 (성원아파트 관리사무소/경로당)
경로당,세양청마루아파트경로당,서울특별시 노원구 월계동,1,"노원구 석계로13길 35(월계동, 세양청마루아파트)",37.620534,127.06015,무더위쉼터(도로명주소 일치),도로명주소,세양청마루아파트경로당,서울특별시 노원구 석계로13길 35 (세양청마루아파트 경로당)
경로당,연촌경로당,서울특별시 노원구 월계동,1,노원구 광운로 15길 35-2 동광빌라 101호,37.6213594,127.0571986,무더위쉼터(도로명주소 일치),도로명주소,연촌경로당,"서울특별시 노원구 광운로15길 35-2 (월계동, 동광빌라)"
경로당,월계동원베네스트경로당,서울특별시 노원구 월계동,1,"노원구 월계로53길 21(월계동, 동원베네스트)",37.631452,127.058408,무더위쉼터(도로명주소 일치),도로명주소,월계동원베네스트경로당,서울특별시 노원구 월계로53길 21 (동원베네스트 관리노인정)
경로당,월계센트럴아이파크아파트경로당,서울특별시 노원구 월계동,1,"노원구 초안산로2라길 26, 101동 1층(월계센트럴아이파크아파트)",37.630338,127.058278,무더위쉼터(도로명주소 일치),도로명주소,월계센트럴아이파크아파트경로당,서울특별시 노원구 초안산로2라길 26 (월계센트럴아이파크아파트)
경로당,월계역신도브래뉴경로당,서울특별시 노원구 월계동,1,"노원구 월계로 338(월계동, 월계역신도브래뉴)",37.629165,127.058404,무더위쉼터(시설명 일치),시설명,월계역신도브래뉴경로당,서울특별시 노원구 광운로 132 (월계역신도브래뉴)
경로당,월계우남아파트경로당,서울특별시 노원구 월계동,1,"노원구 화랑로 355(월계동, 우남아파트)",37.615913,127.067123,무더위쉼터(도로명주소 일치),도로명주소,월계우남아파트경로당,서울특별시 노원구 화랑로 355 (우남아파트)
경로당,월계유원아파트경로당,서울특별시 노원구 월계동,1,"노원구 덕릉로60길 252(월계동, 유원아파트)",37.629269,127.045078,무더위쉼터(도로명주소 일치),도로명주소,월계유원아파트경로당,서울특별시 노원구 덕릉로60길 252 (유원아파트)
경로당,월계종합복지관경로당,서울특별시 노원구 월계동,1,"노원구 초안산로1길 15(월계동, 월계주공1단지아파트)",37.627287,127.052817,무더위쉼터(시설명 일치),시설명,월계종합복지관경로당,서울특별시 노원구 초안산로1길 51 (월계종합사회복지관)
경로당,월계풍림아이원아파트경로당,서울특별시 노원구 월계동,1,"노원구 화랑로47길 38(월계동, 월계풍림아이원아파트)",37.616956,127.066099,무더위쉼터(도로명주소 일치),도로명주소,월계풍림아이원아파트경로당,서울특별시 노원구 화랑로47길 38 (월계풍림아이원아파트)
경로당,월계한일1차아파트경로당,서울특별시 노원구 월계동,1,"노원구 석계로15길 25(월계동, 한일아파트)",37.622011,127.061357,무더위쉼터(도로명주소 일치),도로명주소,월계한일1차아파트경로당,서울특별시 노원구 석계로15길 25 (월계1차한일아파트 관리/노인정)
경로당,월계한일2차아파트경로당,서울특별시 노원구 월계동,1,"노원구 석계로13길 6-10(월계동, 월계2차한일아파트)",37.621021,127.061982,무더위쉼터(도로명주소 일치),도로명주소,월계한일2차아파트경로당,서울특별시 노원구 석계로13길 6-10 (월계2차한일아파트 관리/노인정)
경로당,월계현대아파트경로당,서울특별시 노원구 월계동,1,"노원구 석계로 49(월계동, 현대아파트)",37.618688,127.062557,무더위쉼터(도로명주소 일치),도로명주소,월계현대아파트경로당,서울특별시 노원구 석계로 49
경로당,월계흥화브라운빌경로당,서울특별시 노원구 월계동,1,"노원구 우이천로2나길 14(월계동, 월계흥화브라운빌)",37.632099,127.044027,무더위쉼터(도로명주소 일치),도로명주소,월계흥화브라운빌경로당,서울특별시 노원구 우이천로2나길 14 (월계 흥화브라운빌 102동)
경로당,월성경로당,서울특별시 노원구 월계동,1,노원구 광운로13길 9 (월계동),37.6212999,127.0587409,무더위쉼터(도로명주소 일치),도로명주소,월성경로당,서울특별시 노원구 광운로13길 9 (월계동)
경로당,월천아파트경로당,서울특별시 노원구 월계동,1,"노원구 마들로 127(월계동, 월계삼호아파트) 삼호4차",37.626221,127.065909,무더위쉼터(도로명주소 일치),도로명주소,월천아파트경로당,서울특별시 노원구 마들로 127 (월계삼호아파트)
경로당,인덕마을경로당,서울특별시 노원구 월계동,1,"노원구 초안산로2길 94-14, 1층2호(월계동)",37.6324101,127.0580515,무더위쉼터(도로명주소 일치),도로명주소,인덕마을경로당,"서울특별시 노원구 초안산로2길 94-14 (월계동, 전철연립)"
경로당,장은하이빌아파트경로당,서울특별시 노원구 월계동,1,"노원구 석계로13길 6-9(월계동, 장은아파트)",37.6207,127.062317,무더위쉼터(도로명주소 일치),도로명주소,장은하이빌아파트경로당,서울특별시 노원구 석계로13길 6-9 (장은아파트)
경로당,청백1단지경로당,서울특별시 노원구 월계동,1,"노원구 초안산로 89(월계동, 월계청백1단지아파트)",37.635784,127.051436,무더위쉼터(도로명주소 일치),도로명주소,청백1단지경로당,서울특별시 노원구 초안산로 89 (월계청백1단지아파트 104동)
경로당,청백3단지경로당,서울특별시 노원구 월계동,1,"노원구 월계로45가길 89(월계동, 월계청백3단지아파트)",37.631799,127.050001,무더위쉼터(도로명주소 일치),도로명주소,청백3단지경로당,서울특별시 노원구 월계로45가길 89 (월계청백3단지아파트 통합경비실)
경로당,청백4단지경로당,서울특별시 노원구 월계동,1,"노원구 월계로45가길 94(월계동, 월계청백4단지아파트)",37.631823,127.052321,무더위쉼터(도로명주소 일치),도로명주소,청백4단지경로당,서울특별시 노원구 월계로45가길 94 (월계청백4단지아파트 열교환실)
경로당,초안1단지경로당,서울특별시 노원구 월계동,1,"노원구 덕릉로60길 185(월계동, 초안아파트)",37.633155,127.043952,무더위쉼터(도로명주소 일치),도로명주소,초안1단지경로당,서울특별시 노원구 덕릉로60길 185 (초안아파트 103동)
경로당,초안산쌍용스윗닷홈경로당,서울특별시 노원구 월계동,1,"노원구 덕릉로60길 222(월계동, 초안산쌍용스윗닷홈아파트)",37.630914,127.044213,무더위쉼터(도로명주소 일치),도로명주소,초안산쌍용스윗닷홈경로당,서울특별시 노원구 덕릉로60길 222 (초안산쌍용스윗닷홈아파트)
경로당,초안아파트경로당,서울특별시 노원구 월계동,1,"노원구 우이천로 102(월계동, 초안아파트)",37.630643,127.04362,무더위쉼터(도로명주소 일치),도로명주소,초안아파트경로당,서울특별시 노원구 우이천로 102 (초안아파트 204동)
주민센터/도서관(작은도서관),"월계1동 주민센터, 꿈꾸는작은도서관",서울특별시 노원구 월계동,2,서울특별시 노원구 석계로 59,37.6198913,127.0629734,무더위쉼터(도로명주소 일치),도로명주소,월계1동주민센터,서울특별시 노원구 석계로 59 (월계동)
주민센터/도서관(작은도서관),"월계2동 주민센터, 달내작은도서관",서울특별시 노원구 월계동,2,서울특별시 노원구 초안산로5길 28,37.6324674,127.0507586,무더위쉼터(도로명주소 일치),도로명주소,월계2동주민센터,서울특별시 노원구 초안산로5길 28 (월계동)
경로당,3차청구아파트경로당,서울특별시 노원구 중계동,1,"노원구 중계로 233(중계동, 청구3차아파트)",37.649717,127.074304,무더위쉼터(도로명주소 일치),도로명주소,3차청구아파트경로당,서울특별시 노원구 중계로 233 (청구3차아파트 관리사무소/경로당)
경로당,건영2차아파트경로당,서울특별시 노원구 중계동,1,"노원구 덕릉로 517(중계동, 중계건영2차아파트)",37.646945,127.065233,무더위쉼터(시설명 일치),시설명,건영2차아파트경로당,서울특별시 노원구 동일로210길 22 (중계주공1단지아파트 마들사회복지관)
경로당,건영3차아파트경로당,서울특별시 노원구 중계동,1,"노원구 노원로22길 71(중계동, 건영3차아파트)",37.648799,127.074055,무더위쉼터(도로명주소 일치),도로명주소,건영3차아파트경로당,서울특별시 노원구 노원로22길 71 (건영3차아파트)
경로당,건영아파트경로당,서울특별시 노원구 중계동,1,"노원구 덕릉로 718(중계동, 중계동건영아파트)",37.661717,127.07626,무더위쉼터(도로명주소 일치),도로명주소,건영아파트경로당,서울특별시 노원구 덕릉로 718 (중계동건영아파트 관리노인정)
경로당,경남아너스빌아파트경로당,서울특별시 노원구 중계동,1,"노원구 덕릉로94길 10(중계동, 경남아너스빌)",37.662087,127.076093,무더위쉼터(도로명주소 일치),도로명주소,경남아너스빌아파트경로당,서울특별시 노원구 덕릉로94길 10 (경남아너스빌 노인정)
경로당,금호타운아파트경로당,서울특별시 노원구 중계동,1,"노원구 중계로12길 24(중계동, 금호아파트)",37.646824,127.081878,무더위쉼터(도로명주소 일치),도로명주소,금호타운아파트경로당,서울특별시 노원구 중계로12길 24 (금호아파트)
경로당,대호프라자경로당,서울특별시 노원구 중계동,1,"노원구 한글비석로 384, 4층(중계동,대호프라자)",37.6597791,127.0729646,무더위쉼터(도로명주소 일치),도로명주소,대호프라자경로당,서울특별시 노원구 한글비석로 384  (중계동)
경로당,동진경로당,서울특별시 노원구 중계동,1,"노원구 중계로16나길 11(중계동, 동진아파트)",37.652626,127.081951,무더위쉼터(도로명주소 일치),도로명주소,동진경로당,서울특별시 노원구 중계로16나길 11 (동진아파트)
경로당,"롯데아파트경로당, 상아아파트경로당, 경남아파트경로당",서울특별시 노원구 중계동,3,"노원구 섬밭로 265(중계동, 롯데아파트)",37.638858,127.064013,무더위쉼터(도로명주소 일치),도로명주소,롯데아파트경로당,"서울특별시 노원구 섬밭로 265 (경남,롯데,상아아파트 노인정,관리사무소)"
경로당,마들사회복지관경로당,서울특별시 노원구 중계동,1,"노원구 동일로210길 22(중계동, 중계주공1단지아파트)",37.646945,127.065233,무더위쉼터(도로명주소 일치),도로명주소,건영2차아파트경로당,서울특별시 노원구 동일로210길 22 (중계주공1단지아파트 마들사회복지관)
경로당,배삿골현대아파트경로당,서울특별시 노원구 중계동,1,"노원구 중계로8길 20(중계동, 현대6차아파트)",37.645841,127.082129,무더위쉼터(도로명주소 일치),도로명주소,배삿골현대아파트경로당,"서울특별시 노원구 중계로8길 20 (중계현대6차아파트 관리.노인정,독서실,주민공동시설)"
경로당,삼성아파트경로당,서울특별시 노원구 중계동,1,"노원구 중계로14나길 25(중계동, 삼성아파트)",37.648957,127.082661,무더위쉼터(도로명주소 일치),도로명주소,삼성아파트경로당,서울특별시 노원구 중계로14나길 25 (삼성아파트)
경로당,삼창아파트경로당,서울특별시 노원구 중계동,1,"노원구 한글비석로 383(중계동,삼창아파트)",37.659073,127.072753,무더위쉼터(도로명주소 일치),도로명주소,삼창아파트경로당(중계4동),서울특별시 노원구 한글비석로 383 (삼창타워프라자)
경로당,신안?동진아파트경로당,서울특별시 노원구 중계동,1,"노원구 중계로 196(중계동, 신안동진아파트)",37.649647,127.078482,무더위쉼터(시설명 일치),시설명,신안?동진아파트경로당,서울특별시 노원구 중계로 195 (중계동)
경로당,양지대림1단지아파트경로당,서울특별시 노원구 중계동,1,"노원구 덕릉로71길 30(중계동, 양지대림아파트)",37.651146,127.070922,무더위쉼터(도로명주소 일치),도로명주소,양지대림1단지아파트경로당,서울특별시 노원구 덕릉로71길 30 (양지대림아파트 관리사무소)
경로당,"양지대림1차106,107동경로당",서울특별시 노원구 중계동,1,"노원구 덕릉로73길 31(중계동, 양지대림아파트)",37.652119,127.072061,무더위쉼터(도로명주소 일치),도로명주소,"양지대림1차106,107동경로당",서울특별시 노원구 덕릉로73길 31 (양지대림아파트)
경로당,양지대림2단지아파트경로당,서울특별시 노원구 중계동,1,"노원구 덕릉로73길 28(중계동, 양지대림아파트)",37.652516,127.07258,무더위쉼터(도로명주소 일치),도로명주소,양지대림2단지아파트경로당,서울특별시 노원구 덕릉로73길 28 (양지대림2차아파트 관리사무소)
경로당,양지대림2차209동경로당,서울특별시 노원구 중계동,1,"노원구 덕릉로77길 27(중계동, 양지대림2차아파트)",37.654495,127.073052,무더위쉼터(도로명주소 일치),도로명주소,양지대림2차209동경로당,서울특별시 노원구 덕릉로77길 27 (양지대림아파트 관리사무소)
경로당,염광아파트경로당,서울특별시 노원구 중계동,1,"노원구 덕릉로79길 23(중계동, 염광아파트)",37.656204,127.072912,무더위쉼터(도로명주소 일치),도로명주소,염광아파트경로당,서울특별시 노원구 덕릉로79길 23 (염광아파트 관리사무실)
경로당,은행경로당,서울특별시 노원구 중계동,1,"노원구 중계로8길 124, 201호(중계동, 세한빌라)",37.648254,127.08363,무더위쉼터(도로명주소 일치),도로명주소,은행경로당,서울특별시 노원구 중계로8길 124
경로당,주공2단지아파트경로당,서울특별시 노원구 중계동,1,"노원구 한글비석로14길 8(중계동, 주공2단지아파트)",37.657652,127.078303,무더위쉼터(도로명주소 일치),도로명주소,주공2단지아파트경로당,서울특별시 노원구 한글비석로14길 8 (주공2단지아파트 경로당)
경로당,주공4단지아파트경로당,서울특별시 노원구 중계동,1,"노원구 덕릉로76길 29(중계동, 주공4단지아파트)",37.655958,127.076305,무더위쉼터(도로명주소 일치),도로명주소,주공4단지아파트경로당,서울특별시 노원구 덕릉로76길 29 (주공4단지아파트 관리사무실)
경로당,주공6단지경로당,서울특별시 노원구 중계동,1,"노원구 한글비석로8길 41(중계동, 중계6단지주공아파트)",37.648305,127.078843,무더위쉼터(도로명주소 일치),도로명주소,주공6단지경로당,서울특별시 노원구 한글비석로8길 41 (중계6단지주공아파트 관리동)
경로당,주공8단지경로당,서울특별시 노원구 중계동,1,"노원구 한글비석로5길 62(중계동, 중계8단지주공아파트)",37.646282,127.075538,무더위쉼터(도로명주소 일치),도로명주소,주공8단지경로당,서울특별시 노원구 한글비석로5길 62 (중계8단지주공아파트 801동)
경로당,중계2단지아파트경로당,서울특별시 노원구 중계동,1,"노원구 동일로208길 19(중계동, 중계무지개아파트)",37.643251,127.065942,무더위쉼터(시설명 일치),시설명,중계2단지아파트경로당,서울특별시 노원구 동일로208길 20 (무지개아파트 경로당)
경로당,중계4단지목화아파트경로당,서울특별시 노원구 중계동,1,"노원구 노원로19길 31(중계동, 시영4단지목화아파트)",37.643454,127.069657,무더위쉼터(도로명주소 일치),도로명주소,중계4단지목화아파트경로당,서울특별시 노원구 노원로19길 31 (목화아파트403동)
경로당,중계5단지경로당,서울특별시 노원구 중계동,1,"노원구 중계로 230(중계동, 중계5단지주공아파트)",37.653153,127.076029,무더위쉼터(도로명주소 일치),도로명주소,중계5단지경로당,서울특별시 노원구 중계로 230 (중계5단지주공아파트 관리사무소/경로당)
경로당,중계7단지경로당,서울특별시 노원구 중계동,1,"노원구 한글비석로8길 42(중계동, 주공7단지아파트)",37.647431,127.079798,무더위쉼터(도로명주소 일치),도로명주소,중계7단지경로당,서울특별시 노원구 한글비석로8길 42 (주공7단지아파트 경로당)
경로당,중계동부경로당,서울특별시 노원구 중계동,1,"노원구 동일로207길 17(중계동, 중계그린아파트)",37.642777,127.064325,무더위쉼터(도로명주소 일치),도로명주소,중계동부경로당,서울특별시 노원구 동일로207길 17 (중계그린아파트 동부경로당)
경로당,중계불암경로당,서울특별시 노원구 중계동,1,"노원구 중계로 184(중계동, 라이프청구신동아아파트)",37.651448,127.079313,무더위쉼터(도로명주소 일치),도로명주소,중계불암경로당,"서울특별시 노원구 중계로 184 (라이프청구신동아아파트 독서,회의실,관리)"
경로당,중계사회복지관경로당,서울특별시 노원구 중계동,1,"노원구 덕릉로 662(중계동, 주공3단지아파트)",37.6566279,127.0758641,무더위쉼터(도로명주소 일치),도로명주소,중계종합사회복지관,"서울특별시 노원구 덕릉로 662 (중계동, 주공3단지아파트)"
경로당,중계서부경로당,서울특별시 노원구 중계동,1,"노원구 섬밭로 285(중계동, 중계그린아파트)",37.641237,127.062429,무더위쉼터(도로명주소 일치),도로명주소,중계서부경로당,서울특별시 노원구 섬밭로 285 (중계그린아파트)
경로당,중계성원2차경로당,서울특별시 노원구 중계동,1,"노원구 덕릉로 89길 8(중계동, 성원2차아파트)",37.661238,127.075378,무더위쉼터(도로명주소 일치),도로명주소,중계성원2차경로당,서울특별시 노원구 덕릉로89길 8 (성원2차아파트 201동)
경로당,중계주공10단지경로당,서울특별시 노원구 중계동,1,"노원구 노원로22길 53(중계동, 주공10단지아파트)",37.64808,127.073048,무더위쉼터(도로명주소 일치),도로명주소,중계주공10단지경로당,서울특별시 노원구 노원로22길 53 (주공10단지아파트 관리사무소/경로당)
경로당,중앙하이츠아파트경로당,서울특별시 노원구 중계동,1,"노원구 한글비석로14길 37(중계동, 중앙하이츠아파트)",37.658979,127.07643,무더위쉼터(도로명주소 일치),도로명주소,중앙하이츠아파트경로당,서울특별시 노원구 한글비석로14길 37 (중앙하이츠아파트)
경로당,진로대림아파트경로당,서울특별시 노원구 중계동,1,"노원구 중계로14가길 5(중계동, 진로유통조합아파트)",37.648436,127.082287,무더위쉼터(도로명주소 일치),도로명주소,진로대림아파트경로당,서울특별시 노원구 중계로14가길 5 (진로유통조합아파트)
경로당,천보경로당,서울특별시 노원구 중계동,1,노원구 중계로14길 39-4(중계동),37.6502573,127.0822129,무더위쉼터(도로명주소 일치),도로명주소,천보경로당,서울특별시 노원구 중계로14길 39-4 (중계동)
경로당,청암3단지아파트경로당,서울특별시 노원구 중계동,1,"노원구 덕릉로86길 70(중계동, 청암3단지아파트)",37.660837,127.079345,무더위쉼터(도로명주소 일치),도로명주소,청암3단지아파트경로당,서울특별시 노원구 덕릉로86길 70 (청암3단지 아파트 304동)
경로당,편백경로당,서울특별시 노원구 중계동,1,노원구 중계로16길 36-1,37.6509474,127.0823416,무더위쉼터(도로명주소 일치),도로명주소,편백경로당,서울특별시 노원구 중계로16길 36-1 (중계동)
경로당,평화사회복지관경로당,서울특별시 노원구 중계동,1,"노원구 노원로 331(중계동, 시영3단지목련아파트)",37.646509,127.06901,무더위쉼터(도로명주소 일치),도로명주소,평화종합사회복지관,서울특별시 노원구 노원로 331 (시영3단지목련아파트308동)
경로당,학도경로당,서울특별시 노원구 중계동,1,"노원구 중계로8길 39(중계동, 현대5차아파트)",37.646411,127.084915,무더위쉼터(도로명주소 일치),도로명주소,학도경로당,서울특별시 노원구 중계로8길 39 (중계동)
경로당,한우리경로당,서울특별시 노원구 중계동,1,노원구 덕릉로92길 13-11(중계동),37.660586,127.0767412,무더위쉼터(도로명주소 일치),도로명주소,한우리경로당,서울특별시 노원구 덕릉로92길 13-11 (중계동)
경로당,한화꿈에그린더퍼스트경로당,서울특별시 노원구 중계동,1,"노원구 덕릉로 83길 9-7(중계동,한화꿈의그린더퍼스트아파트)",37.659537,127.075,무더위쉼터(도로명주소 일치),도로명주소,한화꿈에그린더퍼스트경로당,서울특별시 노원구 덕릉로83길 9-7 (중계 한화 꿈에그린 The FIRST 101동)
경로당,한화꿈에그린아파트경로당,서울특별시 노원구 중계동,1,"노원구 중계로8길 29(중계동, 한화꿈에그린아파트)",37.647963,127.083018,무더위쉼터(도로명주소 일치),도로명주소,한화꿈에그린아파트경로당,서울특별시 노원구 중계로8길 29 (한화꿈에그린아파트 106동)
경로당,현대1차아파트경로당,서울특별시 노원구 중계동,1,"노원구 중계로8길 106(중계동, 현대1차아파트)",37.648752,127.084948,무더위쉼터(도로명주소 일치),도로명주소,현대1차아파트경로당,서울특별시 노원구 중계로8길 106 (현대그룹중계동주택조합1차(아) 관리사무소.경로당)
경로당,현대2차아파트경로당,서울특별시 노원구 중계동,1,"노원구 한글비석로15길 51(중계동, 현대아파트)",37.655914,127.074128,무더위쉼터(도로명주소 일치),도로명주소,현대2차아파트경로당(중계4동),서울특별시 노원구 한글비석로15길 51 (현대아파트 경로당)
경로당,현대2차아파트경로당,서울특별시 노원구 중계동,1,"노원구 중계로8길 103(중계동, 현대그룹중계동주택조합2차아파트)",37.648043,127.085065,무더위쉼터(도로명주소 일치),도로명주소,현대2차아파트경로당,서울특별시 노원구 중계로8길 103 (현대그룹중계동주택조합2차(아))
주민센터/도서관(작은도서관),"중계1동 주민센터, 책사랑북카페",서울특별시 노원구 중계동,2,서울특별시 노원구 한글비석로 279,37.6525911,127.077519,무더위쉼터(도로명주소 일치),도로명주소,중계1동주민센터,서울특별시 노원구 한글비석로 279 (중계동)
주민센터/도서관(작은도서관),"중계2·3동 주민센터, 하늘작은도서관",서울특별시 노원구 중계동,2,서울특별시 노원구 노원로17길 56,37.6420765,127.0687455,무더위쉼터(도로명주소 일치),도로명주소,중계2.3동주민센터,서울특별시 노원구 노원로17길 56 (중계동)
주민센터/도서관(작은도서관),"중계4동 주민센터, 중계사랑북카페",서울특별시 노원구 중계동,2,서울특별시 노원구 덕릉로82길 50,37.6588108,127.0779642,무더위쉼터(도로명주소 일치),도로명주소,중계4동주민센터,서울특별시 노원구 덕릉로82길 50 (중계동)
주민센터/도서관(작은도서관),"중계본동 주민센터, 책누리작은도서관",서울특별시 노원구 중계동,2,서울특별시 노원구 중계로 143,37.6477704,127.080346,무더위쉼터(도로명주소 일치),도로명주소,중계본동주민센터,서울특별시 노원구 중계로 143 (중계동)
경로당,포레나노원아파트경로당,서울특별시 노원구 포레나노원 101동,1,노원구 노원로38길 76 시니어클럽하우스,37.664769,127.062713,무더위쉼터(도로명주소 일치),도로명주소,포레나노원아파트경로당,서울특별시 노원구 노원로38길 76 (포레나노원 101동)
경로당,미성아파트경로당,서울특별시 노원구 하계동,1,"노원구 공릉로59길 28(하계동, 미성아파트)",37.634325,127.069576,무더위쉼터(도로명주소 일치),도로명주소,미성아파트경로당,서울특별시 노원구 공릉로59길 28 (미성아파트)
경로당,삼사경로당,서울특별시 노원구 하계동,1,"노원구 섬밭로 229(하계동, 극동건영벽산아파트)",37.635307,127.064329,무더위쉼터(도로명주소 일치),도로명주소,삼사경로당,"서울특별시 노원구 섬밭로 229 (극동,건영,벽산아파트 노인정 및 관리실)"
경로당,삼익?선경아파트경로당,서울특별시 노원구 하계동,1,"노원구 노원로 214(하계동, 삼익선경아파트)",37.63855,127.077646,무더위쉼터(도로명주소 일치),도로명주소,삼익?선경아파트경로당,"서울특별시 노원구 노원로 214 (삼익,선경아파트)"
경로당,에너지제로주택경로당,서울특별시 노원구 하계동,1,노원구 한글비석로 97,37.6382587,127.0730606,무더위쉼터(도로명주소 일치),도로명주소,에너지제로주택경로당,서울특별시 노원구 한글비석로 97  (하계동)
경로당,중계9단지아파트경로당,서울특별시 노원구 하계동,1,"노원구 노원로16길 15(하계동, 중계주공9단지아파트)",37.6424758,127.0736647,무더위쉼터(도로명주소 일치),도로명주소,중계9단지아파트경로당,"서울특별시 노원구 노원로16길 15 (하계동, 중계주공9단지아파트)"
경로당,하계1차청구아파트경로당,서울특별시 노원구 하계동,1,"노원구 한글비석로 91(하계동, 하계1차청구아파트)",37.639445,127.071003,무더위쉼터(도로명주소 일치),도로명주소,하계1차청구아파트경로당,서울특별시 노원구 한글비석로 91 (하계1차청구아파트)
경로당,하계2차현대아파트경로당,서울특별시 노원구 하계동,1,"노원구 노원로18길 19(하계동, 하계2차현대아파트)",37.645167,127.071092,무더위쉼터(시설명 일치),시설명,하계2차현대아파트경로당,서울특별시 노원구 노원로 314 (하계2차현대아파트 상가동)
경로당,하계6단지경로당,서울특별시 노원구 하계동,1,"노원구 섬밭로 196(하계동, 장미아파트)",37.633175,127.06774,무더위쉼터(도로명주소 일치),도로명주소,하계6단지경로당,서울특별시 노원구 섬밭로 196 (장미아파트 관리사무소 및 노인정)
경로당,하계7단지경로당,서울특별시 노원구 하계동,1,"노원구 공릉로59길 25(하계동, 시영7단지청솔아파트)",37.633091,127.070455,무더위쉼터(도로명주소 일치),도로명주소,하계7단지경로당,서울특별시 노원구 공릉로59길 25 (청솔아파트)
경로당,하계경로당,서울특별시 노원구 하계동,1,노원구 공릉로58마길 7(하계동),37.63679,127.0765936,무더위쉼터(도로명주소 일치),도로명주소,하계경로당,서울특별시 노원구 공릉로58마길 7 (하계동)
경로당,하계우방아파트경로당,서울특별시 노원구 하계동,1,"노원구 공릉로58길 176(하계동, 우방아파트)",37.637673,127.077172,무더위쉼터(도로명주소 일치),도로명주소,하계우방아파트경로당,서울특별시 노원구 공릉로58길 176 (우방아파트 경비실)
경로당,"학여울청구 117동경로당(117동), 학여울청구아파트경로당",서울특별시 노원구 하계동,2,"노원구 동일로207길 186(하계동, 학여울청구아파트)",37.635901,127.06084,무더위쉼터(도로명주소 일치),도로명주소,학여울청구아파트경로당,서울특별시 노원구 동일로207길 186 (학여울청구아파트)
경로당,학여울청구 B단지아파트경로당(118동),서울특별시 노원구 하계동,1,"노원구 한글비석로 6(하계동, 학여울청구아파트)",37.632354,127.064747,무더위쉼터(도로명주소 일치),도로명주소,학여울청구B단지아파트경로당,서울특별시 노원구 한글비석로 6 (학여울청구아파트 118동)
경로당,한동경로당,서울특별시 노원구 하계동,1,"노원구 한글비석로 151(하계동, 한신동성아파트)",37.640415,127.075353,무더위쉼터(도로명주소 일치),도로명주소,한동경로당,서울특별시 노원구 한글비석로 151 (한신동성아파트 한동경로당)
경로당,한청경로당,서울특별시 노원구 하계동,1,"노원구 공릉로 351(하계동, 한신청구아파트)",37.637533,127.069905,무더위쉼터(도로명주소 일치),도로명주소,한청경로당,서울특별시 노원구 공릉로 351 (한신청구아파트)
경로당,현우경로당,서울특별시 노원구 하계동,1,"노원구 섬밭로 272(하계동, 현대우성아파트)",37.637382,127.066199,무더위쉼터(시설명 일치),시설명,현우경로당,"서울특별시 노원구 섬밭로 232 (현대아파트,우성아파트 노인정)"
주민센터/도서관(작은도서관),"하계1동 주민센터, 가재울작은도서관",서울특별시 노원구 하계동,2,서울특별시 노원구 노원로 261,37.6405685,127.0725918,무더위쉼터(도로명주소 일치),도로명주소,하계1동주민센터,서울특별시 노원구 노원로 261 (하계동)
주민센터/도서관(작은도서관),"하계2동 주민센터, 열린작은도서관",서울특별시 노원구 하계동,2,서울특별시 노원구 공릉로55길 88,37.6319895,127.0679435,무더위쉼터(도로명주소 일치),도로명주소,하계2동주민센터,서울특별시 노원구 공릉로55길 88 (하계동)
경로당,효성아파트경로당,서울특별시 노원구 효성아파트 104동,1,노원구 dfua,37.621263,127.088305,무더위쉼터(시설명 일치),시설명,효성아파트경로당,서울특별시 노원구 화랑로 556 (효성아파트 104동)
경로당,금호2차A경로당,서울특별시 도봉구,1,도봉구 해등로 241-14,37.656629,127.029777,무더위쉼터(도로명주소 일치),도로명주소,금호2차아파트경로당,서울특별시 도봉구 해등로 241-14 (금호타운2차아파트 경로당)
경로당,세심천(특별)경로당,서울특별시 도봉구,1,도봉구 시루봉로 65-59,37.656542,127.02465,무더위쉼터(시설명 일치),시설명,세심천경로당,
도서관(공공도서관),"학마을도서관 (종합자료실), 학마을도서관 (어린이 자료실)",서울특별시 도봉구,2,서울특별시 도봉구 도봉구 시루봉로 128,37.6621078,127.0278197,전국도서관표준데이터,시설명,학마을도서관,서울특별시 도봉구 시루봉로 128 (도봉구평생학습관)
경로당,도봉극동A경로당,서울특별시 도봉구 극동아파트,1,도봉구 도봉로180길 77,37.68235,127.049469,무더위쉼터(도로명주소 일치),도로명주소,도봉극동아파트경로당,서울특별시 도봉구 도봉로180길 77 (극동아파트)
경로당,대동A경로당,서울특별시 도봉구 대동아파트 101동,1,도봉구 도봉로 642-30,37.661639,127.044155,무더위쉼터(도로명주소 일치),도로명주소,창동대동아파트경로당,서울특별시 도봉구 도봉로 642-30 (대동아파트 101동)
경로당,"대상타운현대2차A경로당, 대상타운현대1차A경로당",서울특별시 도봉구 대상타운현대아파트 207동,2,도봉구 마들로 616,37.664876,127.049603,무더위쉼터(도로명주소 일치),도로명주소,대상타운현대아파트2차경로당,서울특별시 도봉구 마들로 616 (대상타운현대아파트 207동)
주민센터,도봉2동 주민센터,서울특별시 도봉구 도봉2동주민센터,1,서울특별시 도봉구 마들로 668,37.669738,127.046533,무더위쉼터(도로명주소 일치),도로명주소,도봉2동주민센터,서울특별시 도봉구 마들로 668 (도봉2동주민센터(도봉서원종합복지관))
경로당,도봉2동구립경로당,서울특별시 도봉구 도봉동,1,도봉구 도봉로162길 12-9,37.6745563,127.0456463,무더위쉼터(도로명주소 일치),도로명주소,도봉경로당,서울특별시 도봉구 도봉로162길 12-9  (도봉동)
경로당,도봉2동한신A경로당,서울특별시 도봉구 도봉동,1,도봉구 마들로 859-19,37.685245,127.047456,무더위쉼터(도로명주소 일치),도로명주소,도봉한신아파트경로당,서울특별시 도봉구 마들로 859-19 (도봉한신아파트 경로회관)
경로당,도봉산경로당,서울특별시 도봉구 도봉동,1,도봉구 도봉산4길 28-3,37.6889061,127.0427871,무더위쉼터(도로명주소 일치),도로명주소,도봉산경로당,서울특별시 도봉구 도봉산4길 28-3  (도봉동)
경로당,럭키A경로당,서울특별시 도봉구 도봉동,1,도봉구 도봉로169길 31,37.679942,127.044269,무더위쉼터(도로명주소 일치),도로명주소,럭키아파트경로당,서울특별시 도봉구 도봉로169길 31 (럭키아파트)
경로당,무수경로당,서울특별시 도봉구 도봉동,1,도봉구 도봉로173길 40-5,37.6798,127.0414,무더위쉼터(도로명주소 일치),도로명주소,무수경로당,서울특별시 도봉구 도봉로173길 40-5 (도봉동)
경로당,삼환A경로당,서울특별시 도봉구 도봉동,1,도봉구 도봉로180길 6-83,37.68083,127.049173,무더위쉼터(도로명주소 일치),도로명주소,삼환아파트경로당,서울특별시 도봉구 도봉로180길 6-83 (삼환도봉아파트)
경로당,서광A경로당,서울특별시 도봉구 도봉동,1,도봉구 마들로 770,37.677354,127.049487,무더위쉼터(도로명주소 일치),도로명주소,서광아파트경로당,서울특별시 도봉구 마들로 770 (서광아파트 경비실)
경로당,서울가든A경로당,서울특별시 도봉구 도봉동,1,도봉구 도봉산길 35,37.686986,127.041002,무더위쉼터(도로명주소 일치),도로명주소,가든아파트경로당,서울특별시 도봉구 도봉산길 35 (서울가든아파트 노인정)
경로당,서원경로당,서울특별시 도봉구 도봉동,1,도봉구 도봉로181길 34-7,37.6846364,127.0441927,무더위쉼터(도로명주소 일치),도로명주소,서원경로당,서울특별시 도봉구 도봉로181길 34-7
경로당,서원제1A(분양)경로당,서울특별시 도봉구 도봉동,1,도봉구 마들로 684-19,37.672317,127.047988,무더위쉼터(도로명주소 일치),도로명주소,서원아파트경로당,서울특별시 도봉구 마들로 684-19 (서원아파트)
경로당,서원제2A(임대)경로당,서울특별시 도봉구 도봉동,1,도봉구 마들로 684-20,37.670992,127.047797,무더위쉼터(도로명주소 일치),도로명주소,서원아파트제2경로당,서울특별시 도봉구 마들로 684-20 (서원아파트)
경로당,성황당경로당,서울특별시 도봉구 도봉동,1,도봉구 도봉로165길 28-8,37.6774923,127.0434308,무더위쉼터(도로명주소 일치),도로명주소,성황당경로당,서울특별시 도봉구 도봉로165길 28-8  (도봉동)
경로당,안골경로당,서울특별시 도봉구 도봉동,1,도봉구 도봉로191길 100-7,37.6898595,127.0409645,무더위쉼터(시설명 일치),시설명,안골경로당,서울특별시 도봉구  도봉로191길  88   (도봉동)
경로당,약수경로당,서울특별시 도봉구 도봉동,1,도봉구 시루봉로23가길 17,37.6723315,127.0393141,무더위쉼터(도로명주소 일치),도로명주소,약수경로당,서울특별시 도봉구  시루봉로23가길  17   (도봉동)
경로당,오봉경로당,서울특별시 도봉구 도봉동,1,도봉구 도봉로 157길 35-4,37.6733716,127.0418677,무더위쉼터(도로명주소 일치),도로명주소,오봉경로당,서울특별시 도봉구 도봉로157길 35-4
주민센터,도봉1동 주민센터,서울특별시 도봉구 도봉동,1,서울특별시 도봉구 도봉로169나길 22,37.6787002,127.0434201,무더위쉼터(도로명주소 일치),도로명주소,도봉1동주민센터,서울특별시 도봉구 도봉로169나길 22  (도봉동)
경로당,도봉숲 아뜨리움경로당,서울특별시 도봉구 도봉숲 아뜨리움 105동,1,도봉구 도봉로167길 38,37.678088,127.042173,무더위쉼터(도로명주소 일치),도로명주소,도봉숲아뜨리움경로당,서울특별시 도봉구 도봉로167길 38 (도봉숲 아뜨리움 105동)
경로당,도봉파크빌2단지A경로당,서울특별시 도봉구 도봉파크빌2단지 202동,1,도봉구 마들로 835,37.684473,127.050926,무더위쉼터(도로명주소 일치),도로명주소,도봉파크빌2단지아파트경로당,서울특별시 도봉구 마들로 835 (도봉파크빌2단지 202동)
경로당,도봉파크빌3단지A경로당,서울특별시 도봉구 도봉파크빌3단지아파트 303동,1,도봉구 마들로 891,37.687727,127.048965,무더위쉼터(도로명주소 일치),도로명주소,도봉파크빌3단지아파트경로당,서울특별시 도봉구 마들로 891 (도봉파크빌3단지아파트 303동)
경로당,동아그린A경로당,서울특별시 도봉구 동아그린아파트,1,도봉구 노해로63다길 34,37.654812,127.04651,무더위쉼터(도로명주소 일치),도로명주소,동아그린아파트경로당,서울특별시 도봉구 노해로63다길 34 (동아그린아파트)
경로당,동아A경로당,서울특별시 도봉구 동아아파트,1,도봉구 노해로70길 12,37.650761,127.049517,무더위쉼터(도로명주소 일치),도로명주소,동아아파트경로당,서울특별시 도봉구 노해로70길 12 (동아아파트)
경로당,동아에코빌A경로당,서울특별시 도봉구 동아에코빌아파트 102동,1,도봉구 도봉로180길 6-23,37.681854,127.047639,무더위쉼터(도로명주소 일치),도로명주소,동아에코빌아파트경로당,서울특별시 도봉구 도봉로180길 6-23 (동아에코빌아파트 102동)
경로당,동아청솔A경로당,서울특별시 도봉구 동아청솔아파트,1,도봉구 노해로69길 103,37.656872,127.048654,무더위쉼터(도로명주소 일치),도로명주소,동아청솔아파트경로당,서울특별시 도봉구 노해로69길 103 (동아청솔아파트)
경로당,도봉래미안A경로당,서울특별시 도봉구 래미안도봉아파트 101동,1,도봉구 도봉로170길 40,37.679932,127.047112,무더위쉼터(도로명주소 일치),도로명주소,래미안도봉아파트경로당,서울특별시 도봉구 도봉로170길 40 (래미안도봉아파트 101동)
경로당,거성학마을A경로당,서울특별시 도봉구 방학동,1,도봉구 도당로 116,37.666498,127.038901,무더위쉼터(도로명주소 일치),도로명주소,거성학마을아파트경로당,서울특별시 도봉구 도당로 116 (거성학마을아파트 관리사무소)
경로당,금광A경로당,서울특별시 도봉구 방학동,1,도봉구 도봉로150바길 26,37.664712,127.045244,무더위쉼터(도로명주소 일치),도로명주소,금광아파트경로당,"서울특별시 도봉구 도봉로150바길 26 (금광포란재아파트 관리사무소,노인정,경비실)"
경로당,방학1동구립경로당,서울특별시 도봉구 방학동,1,도봉구 방학로 130-9,37.663376,127.0375997,무더위쉼터(도로명주소 일치),도로명주소,방학1동경로당,서울특별시 도봉구 방학로 130-9  (방학동)
경로당,방학3동구립경로당,서울특별시 도봉구 방학동,1,도봉구 시루봉로 128,37.662146,127.027836,무더위쉼터(도로명주소 일치),도로명주소,학마을도서관,서울특별시 도봉구 시루봉로 128 (도봉구평생학습관)
경로당,방학삼익A경로당,서울특별시 도봉구 방학동,1,도봉구 도당로 37,37.66138,127.033421,무더위쉼터(도로명주소 일치),도로명주소,삼익세라믹경로당,서울특별시 도봉구 도당로 37 (삼익세라믹아파트 노인정)
경로당,방학청구A경로당,서울특별시 도봉구 방학동,1,도봉구 시루봉로 71,37.657096,127.02591,무더위쉼터(도로명주소 일치),도로명주소,청구아파트경로당,서울특별시 도봉구 시루봉로 71 (청구아파트 관리실)
경로당,벽산1차A경로당,서울특별시 도봉구 방학동,1,도봉구 방학로11길 36,37.660471,127.032391,무더위쉼터(도로명주소 일치),도로명주소,벽산1차아파트경로당,"서울특별시 도봉구 방학로11길 36 (벽산아파트 관리실,노인정)"
경로당,벽산2차A경로당,서울특별시 도봉구 방학동,1,도봉구 시루봉로5길 48,37.658539,127.026143,무더위쉼터(도로명주소 일치),도로명주소,벽산2차아파트경로당,서울특별시 도봉구 시루봉로5길 48 (벽산아파트)
경로당,성삼경로당,서울특별시 도봉구 방학동,1,도봉구 도당로15길 36,37.66703,127.036087,무더위쉼터(도로명주소 일치),도로명주소,성삼경로당,서울특별시 도봉구 도당로15길 36
경로당,송학경로당,서울특별시 도봉구 방학동,1,도봉구 도당로13라길 14-3,37.6668623,127.0351267,무더위쉼터(도로명주소 일치),도로명주소,송학경로당,서울특별시 도봉구 도당로13라길 14-3  (방학동)
경로당,신동아5차A경로당,서울특별시 도봉구 방학동,1,도봉구 방학로12길 53,37.663399,127.029002,무더위쉼터(도로명주소 일치),도로명주소,신동아5차아파트경로당,서울특별시 도봉구 방학로12길 53 (방학동)
경로당,신우경로당,서울특별시 도봉구 방학동,1,도봉구 도당로13다길 39,37.6652827,127.0326912,무더위쉼터(도로명주소 일치),도로명주소,신우경로당,서울특별시 도봉구 도당로13다길 39  (방학동)
경로당,우성1차A경로당,서울특별시 도봉구 방학동,1,도봉구 해등로 286-5,37.657727,127.024763,무더위쉼터(도로명주소 일치),도로명주소,우성아파트경로당,서울특별시 도봉구 해등로 286-5 (우성1차아파트)
경로당,우성2차A경로당,서울특별시 도봉구 방학동,1,도봉구 해등로 307,37.65699,127.022734,무더위쉼터(도로명주소 일치),도로명주소,우성2차아파트경로당,서울특별시 도봉구 해등로 307 (우성2차아파트)
경로당,원당경로당,서울특별시 도봉구 방학동,1,도봉구 해등로32가길 16,37.660252,127.022242,무더위쉼터(도로명주소 일치),도로명주소,원당경로당,서울특별시 도봉구 해등로32가길 16
경로당,윗들경로당,서울특별시 도봉구 방학동,1,도봉구 도봉로150마길 37,37.6677711,127.0448953,무더위쉼터(도로명주소 일치),도로명주소,윗들경로당,서울특별시 도봉구 도봉로150마길 37  (방학동)
경로당,청학경로당,서울특별시 도봉구 방학동,1,도봉구 도당로13라길 104-4,37.6691214,127.0389837,무더위쉼터(도로명주소 일치),도로명주소,청학경로당,서울특별시 도봉구 도당로13라길 104-4  (방학동)
주민센터,방학1동 주민센터,서울특별시 도봉구 방학동,1,서울특별시 도봉구 방학로2길 27,37.667063,127.041125,무더위쉼터(시설명 일치),시설명,방학1동주민센터,서울특별시 도봉구 도당로 134 (도봉새마을금고)
주민센터,방학2동 주민센터,서울특별시 도봉구 방학동,1,서울특별시 도봉구 시루봉로 226,37.668219,127.0350462,무더위쉼터(도로명주소 일치),도로명주소,방학2동주민센터,서울특별시 도봉구 시루봉로 226  (방학동)
주민센터,방학3동 주민센터,서울특별시 도봉구 방학동,1,서울특별시 도봉구 시루봉로 94,37.6591803,127.0279437,무더위쉼터(도로명주소 일치),도로명주소,방학3동주민센터,서울특별시 도봉구 시루봉로 94  (방학동)
경로당,동부센트레빌A경로당,서울특별시 도봉구 방학동부센트레빌 102동,1,도봉구 방학로 120,37.663979,127.038933,무더위쉼터(도로명주소 일치),도로명주소,방학동동부센트레빌아파트경로당,서울특별시 도봉구 방학로 120 (방학동부센트레빌 102동)
경로당,방학삼성래미안A1차경로당,서울특별시 도봉구 방학동삼성래미안,1,도봉구 마들로 646,37.66685,127.04808,무더위쉼터(도로명주소 일치),도로명주소,래미안1단지아파트경로당,서울특별시 도봉구 마들로 646 (방학동삼성래미안)
경로당,북한산월드메르디앙A경로당,서울특별시 도봉구 북한산월드메르디앙 101동,1,도봉구 삼양로 566,37.653647,127.013188,무더위쉼터(도로명주소 일치),도로명주소,북한산월드메르디앙아파트경로당,서울특별시 도봉구 삼양로 566 (북한산월드메르디앙 101동)
경로당,북한산코오롱하늘채A경로당,서울특별시 도봉구 북한산코오롱하늘채아파트 101동,1,도봉구 우이천로 367,37.648279,127.023398,무더위쉼터(도로명주소 일치),도로명주소,북한산코오롱하늘채경로당,서울특별시 도봉구 우이천로 367 (북한산코오롱하늘채아파트 101동)
경로당,북한산한신휴플러스A경로당,서울특별시 도봉구 북한산한신휴플러스아파트 101동,1,도봉구 도봉로136가길 73,37.655653,127.042528,무더위쉼터(도로명주소 일치),도로명주소,북한산한신휴플러스아파트경로당,"서울특별시 도봉구 도봉로136가길 73 (북한산한신휴플러스아파트 101동, 102동)"
경로당,방학삼성래미안2차A,서울특별시 도봉구 삼성래미안아파트2차 201동,1,도봉구 도봉로150길 42,37.664691,127.046188,무더위쉼터(도로명주소 일치),도로명주소,래미안2차아파트경로당,서울특별시 도봉구 도봉로150길 42 (삼성래미안아파트2차 201동)
경로당,수산트리플A경로당,서울특별시 도봉구 수산트리플아파트 101동,1,도봉구 우이천로20길 6,37.640229,127.034407,무더위쉼터(도로명주소 일치),도로명주소,수산트리플아파트경로당,서울특별시 도봉구 우이천로20길 6 (수산트리플아파트 101동)
경로당,신동아1차제1A경로당,서울특별시 도봉구 신동아1단지아파트,1,도봉구 방학로 193,37.660921,127.027829,무더위쉼터(도로명주소 일치),도로명주소,신동아1차아파트제1경로당,"서울특별시 도봉구 방학로 193 (신동아1단지아파트 노인정,관리실)"
경로당,신동아1차제2A경로당,서울특별시 도봉구 신동아1단지아파트 21동,1,도봉구 시루봉로 107,37.659254,127.027597,무더위쉼터(도로명주소 일치),도로명주소,신동아1차아파트제2경로당,서울특별시 도봉구 시루봉로 107 (신동아1단지아파트 21동)
경로당,신동아3차A경로당,서울특별시 도봉구 신동아3차아파트,1,도봉구 방학로15길 26-7,37.659904,127.022998,무더위쉼터(도로명주소 일치),도로명주소,신동아3차아파트경로당,"서울특별시 도봉구 방학로15길 26-7 (신동아3차아파트 노인정,관리사무소)"
경로당,신동아2차A경로당,서울특별시 도봉구 신동아아파트,1,도봉구 방학로15길 40,37.658451,127.02462,무더위쉼터(도로명주소 일치),도로명주소,신동아2차아파트경로당,서울특별시 도봉구 방학로15길 40 (신동아아파트 노인정)
경로당,쌍문3동구립경로당,서울특별시 도봉구 쌍문3동경로당,1,도봉구 노해로48길 71,37.650559,127.032209,무더위쉼터(도로명주소 일치),도로명주소,쌍문3동경로당,서울특별시 도봉구 노해로48길 71 (쌍문3동경로당)
경로당,쌍문극동A경로당,서울특별시 도봉구 쌍문극동아파트 104동,1,도봉구 노해로45길 26,37.651689,127.027377,무더위쉼터(도로명주소 일치),도로명주소,쌍문극동아파트경로당,서울특별시 도봉구 노해로45길 26 (쌍문극동아파트 104동)
경로당,경남A경로당,서울특별시 도봉구 쌍문동,1,도봉구 도봉로129길 45-12,37.655179,127.035131,무더위쉼터(도로명주소 일치),도로명주소,경남아파트경로당,서울특별시 도봉구 도봉로129길 45-12 (경남아파트 노인정)
경로당,계성경로당,서울특별시 도봉구 쌍문동,1,도봉구 우이천로30길 25,37.6488952,127.025755,무더위쉼터(시설명 일치),시설명,계성경로당,서울특별시 도봉구 우이천로30길 29-1
경로당,금호1차A경로당,서울특별시 도봉구 쌍문동,1,도봉구 해등로26길 20,37.658793,127.033939,무더위쉼터(도로명주소 일치),도로명주소,금호1차아파트경로당,서울특별시 도봉구 해등로26길 20 (금호아파트)
경로당,꽃동네경로당,서울특별시 도봉구 쌍문동,1,도봉구 시루봉로1길 114-14,37.6541661,127.0229571,무더위쉼터(도로명주소 일치),도로명주소,꽃동네경로당,서울특별시 도봉구  시루봉로1길  114-14  (쌍문동)
경로당,동익A경로당,서울특별시 도봉구 쌍문동,1,도봉구 우이천로32길 67,37.651505,127.024069,무더위쉼터(도로명주소 일치),도로명주소,동익아파트경로당,서울특별시 도봉구 우이천로32길 67
경로당,미라보A경로당,서울특별시 도봉구 쌍문동,1,도봉구 시루봉로2길 62,37.6554,127.03191,무더위쉼터(도로명주소 일치),도로명주소,미라보아파트경로당,"서울특별시 도봉구 시루봉로2길 62 (쌍문미라보아파트 관리실,노인정)"
경로당,백운경로당,서울특별시 도봉구 쌍문동,1,도봉구 노해로57길 62,37.6537994,127.034601,무더위쉼터(도로명주소 일치),도로명주소,백운경로당,서울특별시 도봉구 노해로57길 62  (쌍문동)
경로당,브라운스톤A경로당,서울특별시 도봉구 쌍문동,1,도봉구 노해로40길 71,37.647334,127.029414,무더위쉼터(도로명주소 일치),도로명주소,브라운스톤쌍문아파트경로당,서울특별시 도봉구 노해로40길 71 (브라운스톤쌍문 경비실)
경로당,쌍문1동구립경로당,서울특별시 도봉구 쌍문동,1,도봉구 우이천로34길 9-14,37.649967,127.02277,무더위쉼터(도로명주소 일치),도로명주소,쌍문1동경로당,서울특별시 도봉구 우이천로34길 9-14
경로당,쌍문2동구립경로당,서울특별시 도봉구 쌍문동,1,도봉구 방학로3가길 7-3,37.658518,127.0382,무더위쉼터(도로명주소 일치),도로명주소,쌍문2동경로당,서울특별시 도봉구 방학로3가길 7-3
경로당,쌍문4동구립경로당,서울특별시 도봉구 쌍문동,1,도봉구 노해로 213-24,37.6521813,127.0318964,무더위쉼터(도로명주소 일치),도로명주소,쌍문4동경로당,서울특별시 도봉구 노해로 213-24
경로당,쌍문삼익A경로당,서울특별시 도봉구 쌍문동,1,도봉구 해등로195,37.6577,127.03454,무더위쉼터(도로명주소 일치),도로명주소,삼익아파트경로당,서울특별시 도봉구 해등로 195 (삼익세라믹아파트)
경로당,쌍문성원A경로당,서울특별시 도봉구 쌍문동,1,도봉구 해등로 242-11,37.658452,127.02902,무더위쉼터(도로명주소 일치),도로명주소,쌍문성원아파트경로당,서울특별시 도봉구 해등로 242-11 (성원아파트)
경로당,쌍문현대1차A경로당,서울특별시 도봉구 쌍문동,1,도봉구 해등로 242-12,37.658441,127.030902,무더위쉼터(도로명주소 일치),도로명주소,쌍문현대1차아파트경로당,서울특별시 도봉구 해등로 242-12 (현대아파트 관리사무소)
경로당,쌍신경로당,서울특별시 도봉구 쌍문동,1,도봉구 우이천로34길 70,37.651534,127.023824,무더위쉼터(도로명주소 일치),도로명주소,쌍신경로당,서울특별시 도봉구 우이천로34길 70
경로당,쌍우경로당,서울특별시 도봉구 쌍문동,1,도봉구 우이천로45길 22-4,37.6545044,127.0149511,무더위쉼터(도로명주소 일치),도로명주소,쌍우경로당,서울특별시 도봉구 우이천로45길 22-4  (쌍문동)
경로당,우이그린빌라경로당,서울특별시 도봉구 쌍문동,1,도봉구 해등로 337-20,37.656554,127.019109,무더위쉼터(도로명주소 일치),도로명주소,우이그린빌라경로당,서울특별시 도봉구 해등로 337-20 (우이그린빌라)
경로당,한양1차A경로당,서울특별시 도봉구 쌍문동,1,도봉구 우이천로 304,37.645107,127.029856,무더위쉼터(도로명주소 일치),도로명주소,한양아파트경로당,"서울특별시 도봉구 우이천로 304 (쌍문한양아파트 노인정,관리사무소)"
경로당,"한양2,3,4차A경로당",서울특별시 도봉구 쌍문동,1,도봉구 해등로 231,37.656917,127.03138,무더위쉼터(도로명주소 일치),도로명주소,"한양2,3,4차아파트경로당",서울특별시 도봉구 해등로 231 (한양아파트 노인정)
경로당,한양6차A경로당,서울특별시 도봉구 쌍문동,1,도봉구 시루봉로 58,37.65583,127.029408,무더위쉼터(도로명주소 일치),도로명주소,한양6차아파트경로당,"서울특별시 도봉구 시루봉로 58 (쌍문6차 한양아파트 관리사무소,경로당)"
경로당,한양7차A경로당,서울특별시 도봉구 쌍문동,1,도봉구 해등로25길 41,37.655995,127.033805,무더위쉼터(도로명주소 일치),도로명주소,한양7차아파트경로당,서울특별시 도봉구 해등로25길 41 (한양7차아파트 경로당)
경로당,현대3차A경로당,서울특별시 도봉구 쌍문동,1,도봉구 우이천로38가길 32,37.651836,127.021719,무더위쉼터(도로명주소 일치),도로명주소,현대3차아파트경로당,서울특별시 도봉구 우이천로38가길 32 (쌍문현대3차아파트 관리사무소)
경로당,효문경로당,서울특별시 도봉구 쌍문동,1,도봉구 노해로42길 60-3,37.6486687,127.0299098,무더위쉼터(도로명주소 일치),도로명주소,효문경로당,서울특별시 도봉구 노해로42길 60-3  (쌍문동)
주민센터,쌍문1동 주민센터,서울특별시 도봉구 쌍문동,1,서울특별시 도봉구 노해로 147,37.6479934,127.026034,무더위쉼터(도로명주소 일치),도로명주소,쌍문1동주민센터,서울특별시 도봉구 노해로 147  (쌍문동)
주민센터,쌍문2동 주민센터,서울특별시 도봉구 쌍문동,1,서울특별시 도봉구 도봉로137길 21,37.6599555,127.0397685,무더위쉼터(도로명주소 일치),도로명주소,쌍문2동주민센터,서울특별시 도봉구 도봉로137길 21 (쌍문동)
주민센터,쌍문3동 주민센터,서울특별시 도봉구 쌍문동,1,서울특별시 도봉구 노해로44길 9,37.6489915,127.0279706,무더위쉼터(도로명주소 일치),도로명주소,쌍문3동주민센터,서울특별시 도봉구 노해로44길 9  (쌍문동)
주민센터,쌍문4동 주민센터,서울특별시 도봉구 쌍문동,1,서울특별시 도봉구 시루봉로 62-7,37.6565048,127.0284668,무더위쉼터(도로명주소 일치),도로명주소,쌍문4동주민센터,서울특별시 도봉구 시루봉로 62-7  (쌍문동)
경로당,쌍문삼성래미안A경로당,서울특별시 도봉구 쌍문동삼성래미안,1,도봉구 우이천로 328,37.646139,127.027636,무더위쉼터(도로명주소 일치),도로명주소,삼성래미안아파트경로당,서울특별시 도봉구 우이천로 328 (쌍문동삼성래미안)
경로당,염광A경로당,서울특별시 도봉구 염광아파트 101동,1,도봉구 우이천로30길 28,37.648544,127.02639,무더위쉼터(도로명주소 일치),도로명주소,염광아파트경로당,서울특별시 도봉구 우이천로30길 28 (염광아파트 101동)
경로당,유원A경로당,서울특별시 도봉구 유원도봉아파트 1동,1,도봉구 도봉로180길 50,37.68231,127.048399,무더위쉼터(도로명주소 일치),도로명주소,유원아파트경로당,서울특별시 도봉구 도봉로180길 50 (유원도봉아파트 1동)
경로당,ESA1단지A경로당,서울특별시 도봉구 이에스에이아파트 101동,1,도봉구 마들로 657,37.668847,127.045596,무더위쉼터(도로명주소 일치),도로명주소,ESA1단지아파트경로당,서울특별시 도봉구 마들로 657 (이에스에이아파트 101동)
경로당,주공3단지A경로당,서울특별시 도봉구 주공3단지아파트 관리동,1,도봉구 해등로 50,37.649408,127.044249,무더위쉼터(도로명주소 일치),도로명주소,주공3단지아파트경로당,서울특별시 도봉구 해등로 50 (주공3단지아파트 관리동)
경로당,도봉주공A경로당,서울특별시 도봉구 주공아파트 101동,1,도봉구 도봉로180길 83-14,37.683319,127.050634,무더위쉼터(도로명주소 일치),도로명주소,도봉주공아파트경로당,서울특별시 도봉구 도봉로180길 83-14 (주공아파트 101동)
경로당,건영캐스빌A경로당,서울특별시 도봉구 창동,1,도봉구 우이천로20길 7,37.641342,127.034024,무더위쉼터(도로명주소 일치),도로명주소,창동건영캐스빌아파트경로당,"서울특별시 도봉구 우이천로20길 7 (건영캐스빌아파트 관리사무소,노인정)"
경로당,대우그린A경로당,서울특별시 도봉구 창동,1,도봉구 덕릉로 371,37.646162,127.050113,무더위쉼터(도로명주소 일치),도로명주소,대우그린아파트경로당,서울특별시 도봉구 덕릉로 371 (대우그린아파트)
경로당,만수정(성원A)경로당,서울특별시 도봉구 창동,1,도봉구 마들로16길 56,37.660658,127.049829,무더위쉼터(도로명주소 일치),도로명주소,만수정경로당,서울특별시 도봉구 마들로16길 56 (성원아파트)
경로당,북한산아이파크A경로당,서울특별시 도봉구 창동,1,도봉구 도봉로136길 28,37.657197,127.043796,무더위쉼터(도로명주소 일치),도로명주소,북한산아이파크아파트경로당,서울특별시 도봉구 도봉로136길 28 (북한산 아이파크)
경로당,"삼성제2A경로당, 삼성제1A경로당",서울특별시 도봉구 창동,2,도봉구 노해로66길 21,37.647294,127.049014,무더위쉼터(도로명주소 일치),도로명주소,삼성아파트제2경로당,서울특별시 도봉구 노해로66길 21 (삼성아파트)
경로당,상아1차A경로당,서울특별시 도봉구 창동,1,도봉구 해등로 118,37.654525,127.042664,무더위쉼터(도로명주소 일치),도로명주소,상아1차아파트경로당,서울특별시 도봉구 해등로 118 (상아1차아파트 관리사무실)
경로당,상아2차A경로당,서울특별시 도봉구 창동,1,도봉구 노해로63가길 7,37.653678,127.043485,무더위쉼터(도로명주소 일치),도로명주소,상아2차아파트경로당,서울특별시 도봉구 노해로63가길 7 (상아2차아파트)
경로당,신창A경로당,서울특별시 도봉구 창동,1,도봉구 덕릉로62길 13,37.641412,127.041948,무더위쉼터(도로명주소 일치),도로명주소,신창아파트경로당,서울특별시 도봉구 덕릉로62길 13 (신창아파트)
경로당,쌍용A경로당,서울특별시 도봉구 창동,1,도봉구 마들로 551,37.659767,127.046933,무더위쉼터(도로명주소 일치),도로명주소,쌍용아파트경로당,서울특별시 도봉구 마들로 551 (쌍용아파트)
경로당,장수경로당,서울특별시 도봉구 창동,1,도봉구 도봉로104길 101,37.6440198,127.0374763,무더위쉼터(도로명주소 일치),도로명주소,장수경로당,서울특별시 도봉구 도봉로104길 101  (창동)
경로당,주공17단지(녹천)경로당,서울특별시 도봉구 창동,1,도봉구 덕릉로66길 17,37.643776,127.052451,무더위쉼터(도로명주소 일치),도로명주소,녹천경로당,서울특별시 도봉구 덕릉로66길 17 (주공17단지아파트)
경로당,주공18단지(노송)경로당,서울특별시 도봉구 창동,1,도봉구 노해로70길 126,37.646413,127.052483,무더위쉼터(도로명주소 일치),도로명주소,노송경로당,"서울특별시 도봉구 노해로70길 126 (주공18단지아파트 관리사무소,경로당)"
경로당,주공19단지A경로당,서울특별시 도봉구 창동,1,도봉구 노해로70길 54,37.649847,127.050654,무더위쉼터(도로명주소 일치),도로명주소,주공19단지아파트경로당,서울특별시 도봉구 노해로70길 54 (주공19단지아파트 노인정)
경로당,주공1단지A경로당,서울특별시 도봉구 창동,1,도봉구 해등로 113,37.654016,127.039217,무더위쉼터(도로명주소 일치),도로명주소,주공1단지아파트경로당,서울특별시 도봉구 해등로 113 (주공1단지아파트)
경로당,주공2단지A경로당,서울특별시 도봉구 창동,1,도봉구 해등로12길 44,37.652797,127.04154,무더위쉼터(도로명주소 일치),도로명주소,주공2단지아파트경로당,서울특별시 도봉구 해등로12길 44 (주공2단지아파트)
경로당,창2동구립경로당,서울특별시 도봉구 창동,1,도봉구 덕릉로59나길 15-6,37.6412397,127.0391232,무더위쉼터(도로명주소 일치),도로명주소,창2동구립경로당,서울특별시 도봉구 덕릉로59나길 15-6 (창동)
경로당,창2동한신A경로당,서울특별시 도봉구 창동,1,도봉구 도봉로110다길 5,37.645474,127.03427,무더위쉼터(도로명주소 일치),도로명주소,창2동한신아파트경로당,서울특별시 도봉구 도봉로110다길 5 (창동 한신아파트)
경로당,창3동구립경로당,서울특별시 도봉구 창동,1,도봉구 우이천로4나길 24,37.6348231,127.0402309,무더위쉼터(도로명주소 일치),도로명주소,창3동경로당,서울특별시 도봉구 우이천로4나길 24  (창동)
경로당,창3동한신A경로당,서울특별시 도봉구 창동,1,도봉구 덕릉로60바길 21,37.639111,127.040955,무더위쉼터(도로명주소 일치),도로명주소,창3동한신아파트경로당,서울특별시 도봉구 덕릉로60바길 21 (한신아파트)
경로당,창5동구립경로당,서울특별시 도봉구 창동,1,도봉구 노해로63가길 34,37.6541179,127.0453486,무더위쉼터(도로명주소 일치),도로명주소,창5동경로당,서울특별시 도봉구 노해로63가길 34  (창동)
경로당,창일경로당,서울특별시 도봉구 창동,1,도봉구 도봉로116길 41,37.6484448,127.037729,무더위쉼터(도로명주소 일치),도로명주소,창일경로당,서울특별시 도봉구 도봉로116길 41 (창동)
경로당,초안경로당,서울특별시 도봉구 창동,1,도봉구 덕릉로59차길 14,37.6412673,127.0357329,무더위쉼터(도로명주소 일치),도로명주소,초안경로당,서울특별시 도봉구 덕릉로59차길 14  (창동)
경로당,초안산신도브래뉴A경로당,서울특별시 도봉구 창동,1,도봉구 우이천로4라길 11-14,37.633552,127.042188,무더위쉼터(도로명주소 일치),도로명주소,초안산신도브래뉴아파트경로당,"서울특별시 도봉구 우이천로4라길 11-14 (초안산신도브래뉴 관리,노인정)"
경로당,초헌약수경로당,서울특별시 도봉구 창동,1,도봉구 덕릉로60바길 31,37.6393112,127.0415238,무더위쉼터(도로명주소 일치),도로명주소,초헌약수경로당,서울특별시 도봉구 덕릉로60바길 31  (창동)
도서관(공공도서관),"도봉문화정보도서관(어린이열람실), 도봉문화정보도서관(종합자료실)",서울특별시 도봉구 창동,2,서울특별시 도봉구 도봉구 덕릉로 315 (창동),37.6445808,127.0438827,전국도서관표준데이터,시설명,도봉문화정보도서관,서울특별시 도봉구 덕릉로 315 (도봉문화정보도서관)
주민센터,창1동 주민센터,서울특별시 도봉구 창동,1,서울특별시 도봉구 해등로 46,37.6483916,127.0438153,무더위쉼터(도로명주소 일치),도로명주소,창1동주민센터,서울특별시 도봉구 해등로 46 (창동)
주민센터,창2동 주민센터,서울특별시 도봉구 창동,1,서울특별시 도봉구 덕릉로59길 73-3,37.6414117,127.0356792,무더위쉼터(도로명주소 일치),도로명주소,창2동주민센터,서울특별시 도봉구 덕릉로59길 73-3  (창동)
주민센터,창3동 주민센터,서울특별시 도봉구 창동,1,서울특별시 도봉구 덕릉로62길 89,37.638092,127.0429158,무더위쉼터(도로명주소 일치),도로명주소,창3동주민센터,서울특별시 도봉구 덕릉로62길 89  (창동)
주민센터,창4동 주민센터,서울특별시 도봉구 창동,1,서울특별시 도봉구 노해로 390,37.652249,127.0515364,무더위쉼터(도로명주소 일치),도로명주소,창4동주민센터,서울특별시 도봉구 노해로 390
주민센터,창5동 주민센터,서울특별시 도봉구 창동,1,서울특별시 도봉구 도봉로136나길 20,37.6563328,127.04364,무더위쉼터(도로명주소 일치),도로명주소,창5동주민센터,서울특별시 도봉구 도봉로136나길 20  (창동)
경로당,창4동현대2차A경로당,서울특별시 도봉구 창동2,1,도봉구 도봉로136길 111,37.660726,127.046283,무더위쉼터(도로명주소 일치),도로명주소,현대2차아파트경로당,"서울특별시 도봉구 도봉로136길 111 (창동2, 3차 현대아파트 관리사무소)"
경로당,금용A경로당,서울특별시 도봉구 창동금용아파트,1,도봉구 우이천로 200,37.638041,127.035415,무더위쉼터(도로명주소 일치),도로명주소,금용아파트경로당,서울특별시 도봉구 우이천로 200 (창동금용아파트 노인정)
경로당,금호어울림A경로당,서울특별시 도봉구 창동금호어울림아파트 101동,1,도봉구 도봉로136가길 68,37.656785,127.041198,무더위쉼터(도로명주소 일치),도로명주소,금호어울림아파트경로당,서울특별시 도봉구 도봉로136가길 68 (창동금호어울림아파트 101동)
경로당,대림A경로당,서울특별시 도봉구 창동대림아파트 104동,1,도봉구 노해로63길 75,37.653706,127.045661,무더위쉼터(도로명주소 일치),도로명주소,창동대림아파트경로당,서울특별시 도봉구 노해로63길 75 (창동대림아파트 104동)
경로당,대우A경로당,서울특별시 도봉구 창동대우아파트,1,도봉구 덕릉로63가길 43,37.642397,127.038665,무더위쉼터(도로명주소 일치),도로명주소,대우아파트경로당,서울특별시 도봉구 덕릉로63가길 43 (창동대우아파트)
경로당,창5동신도브래뉴A경로당,서울특별시 도봉구 창동신도브래뉴1차아파트 101동,1,도봉구 도봉로136나길 40,37.656134,127.044506,무더위쉼터(도로명주소 일치),도로명주소,창5동신도브래뉴아파트경로당,서울특별시 도봉구 도봉로136나길 40 (창동신도브래뉴1차아파트 101동)
경로당,한승미메이드A경로당,서울특별시 도봉구 창동한승미메이드아파트 관리동,1,도봉구 덕릉로60길 164-13,37.632949,127.043167,무더위쉼터(도로명주소 일치),도로명주소,한승미메이드아파트경로당,서울특별시 도봉구 덕릉로60길 164-13 (창동한승미메이드아파트 관리동)
경로당,태영데시앙A경로당,서울특별시 도봉구 태영창동데시앙 103동,1,도봉구 도봉로110다길 51,37.643008,127.033264,무더위쉼터(도로명주소 일치),도로명주소,태영데시앙아파트경로당,서울특별시 도봉구 도봉로110다길 51 (태영창동데시앙 103동)
경로당,한양5차A경로당,서울특별시 도봉구 한양아파트 52동,1,도봉구 해등로25길 36,37.656066,127.03171,무더위쉼터(도로명주소 일치),도로명주소,한양5차아파트경로당,서울특별시 도봉구 해등로25길 36 (한양아파트 52동)
경로당,현대4차A경로당,서울특별시 도봉구 현대4차아파트 404동,1,도봉구 노해로69가길 54,37.65959,127.046513,무더위쉼터(도로명주소 일치),도로명주소,창동현대4차아이파크아파트경로당,서울특별시 도봉구 노해로69가길 54 (현대4차아파트 404동)
경로당,창동현대1차A경로당,서울특별시 도봉구 현대아파트 상가동,1,도봉구 해등로16길 12,37.656216,127.040592,무더위쉼터(도로명주소 일치),도로명주소,창동현대1차아파트경로당,서울특별시 도봉구 해등로16길 12 (현대아파트 상가동)
경로당,현대타운A경로당,서울특별시 도봉구 현대타운아파트 101동,1,도봉구 도봉로114길 22-8,37.647008,127.035151,무더위쉼터(도로명주소 일치),도로명주소,현대타운아파트경로당,서울특별시 도봉구 도봉로114길 22-8 (현대타운아파트 101동)
경로당,답십리3동경로당,서울특별시 동대문구 답십리동,1,서울특별시 동대문구 황물로 30 (답십리동),37.5741917,127.0452064,무더위쉼터(도로명주소 일치),도로명주소,답십리3동경로당,서울특별시 동대문구 황물로 30 (답십리동)
경로당,"답십리래미안위브아파트제2경로당, 답십리래미안위브아파트경로당",서울특별시 동대문구 답십리동,2,"서울특별시 동대문구 답십리로 130, 309동 지하1층 (답십리동)",37.571091,127.053318,무더위쉼터(도로명주소 일치),도로명주소,답십리래미안위브아파트제2경로당,서울특별시 동대문구 답십리로 130 (래미안위브 309동)
경로당,답십리사랑경로당,서울특별시 동대문구 답십리동,1,서울특별시 동대문구 답십리로60길 70 (답십리동),37.5700972,127.0633999,무더위쉼터(도로명주소 일치),도로명주소,답십리사랑경로당,서울특별시 동대문구 답십리로60길 70 (답십리동)
경로당,대우아파트경로당,서울특별시 동대문구 답십리동,1,서울특별시 동대문구 답십리로41길 33 (답십리동),37.573865,127.0533,무더위쉼터(도로명주소 일치),도로명주소,답십리대우아파트경로당,서울특별시 동대문구 답십리로41길 33 (답십리 대우아파트 103동)
경로당,대우아파트제2경로당,서울특별시 동대문구 답십리동,1,서울특별시 동대문구 답십리로41길 7 (답십리동),37.573184,127.054557,무더위쉼터(도로명주소 일치),도로명주소,답십리대우아파트제2경로당,서울특별시 동대문구 답십리로41길 7 (답십리대우아파트105동)
경로당,동답한신아파트경로당,서울특별시 동대문구 답십리동,1,서울특별시 동대문구 답십리로 210-30 (답십리동),37.57081,127.062579,무더위쉼터(도로명주소 일치),도로명주소,동답한신아파트경로당,서울특별시 동대문구 답십리로 210-30 (동답한신아파트)
경로당,동아아파트경로당,서울특별시 동대문구 답십리동,1,서울특별시 동대문구 한천로11길 10-1 (답십리동),37.569342,127.061708,무더위쉼터(도로명주소 일치),도로명주소,답십리동아아파트경로당,서울특별시 동대문구 한천로11길 10-1 (동아아파트105동)
경로당,동아아파트제2경로당,서울특별시 동대문구 답십리동,1,서울특별시 동대문구 한천로11길 10 (답십리동),37.5682,127.061108,무더위쉼터(도로명주소 일치),도로명주소,동아아파트제2경로당,서울특별시 동대문구 한천로11길 10
경로당,두산아파트제2경로당,서울특별시 동대문구 답십리동,1,서울특별시 동대문구 답십리로56길 21-1 (답십리동),37.5689747,127.0593631,무더위쉼터(도로명주소 일치),도로명주소,두산아파트제2경로당,"서울특별시 동대문구 답십리로56길 21-1 (답십리동, 두산아파트)"
경로당,삼성래미안엘파인아파트경로당,서울특별시 동대문구 답십리동,1,서울특별시 동대문구 한천로33길 11 (답십리동),37.575611,127.066851,무더위쉼터(도로명주소 일치),도로명주소,래미안엘파인아파트경로당,서울특별시 동대문구 한천로33길 11 (래미안엘파인아파트관리동)
경로당,쌈지공원경로당,서울특별시 동대문구 답십리동,1,서울특별시 동대문구 천호대로75길 57 (답십리동),37.5681775,127.0560908,무더위쉼터(도로명주소 일치),도로명주소,쌈지공원경로당,서울특별시 동대문구 천호대로75길 57 (답십리동)
경로당,장답경로당,서울특별시 동대문구 답십리동,1,서울특별시 동대문구 황물로17길 24 (답십리동),37.56483,127.059555,무더위쉼터(도로명주소 일치),도로명주소,장답경로당,서울특별시 동대문구 황물로17길 24
경로당,중산경로당,서울특별시 동대문구 답십리동,1,서울특별시 동대문구 답십리로48길 54 (답십리동),37.570363,127.0576411,무더위쉼터(도로명주소 일치),도로명주소,중산경로당,서울특별시 동대문구 답십리로48길 54 (답십리동)
경로당,청계한신휴플러스경로당,서울특별시 동대문구 답십리동,1,서울특별시 동대문구 서울시립대로 14 (답십리동),37.572355,127.046019,무더위쉼터(도로명주소 일치),도로명주소,청계한신휴플러스아파트경로당,서울특별시 동대문구 서울시립대로 14 (청계한신휴플러스110동)
경로당,청솔우성아파트제2경로당,서울특별시 동대문구 답십리동,1,서울특별시 동대문구 답십리로57길 53 (답십리동),37.575242,127.061014,무더위쉼터(도로명주소 일치),도로명주소,청솔우성아파트제2경로당,"서울특별시 동대문구  답십리로57길  53   (답십리동, 답십리청솔우성아파트)"
주민센터,답십리1동 주민센터,서울특별시 동대문구 답십리동,1,서울특별시 동대문구 사가정로 30,37.571867,127.051175,무더위쉼터(도로명주소 일치),도로명주소,답십리1동주민센터,서울특별시 동대문구 사가정로 30
주민센터,답십리2동 주민센터,서울특별시 동대문구 답십리동,1,서울특별시 동대문구 한천로11길 18,37.567312,127.061209,무더위쉼터(도로명주소 일치),도로명주소,답십리2동주민센터,서울특별시 동대문구 한천로11길 18
경로당,신설동경로당,서울특별시 동대문구 신설동,1,서울특별시 동대문구 하정로2길 10 (신설동),37.574788,127.027293,무더위쉼터(도로명주소 일치),도로명주소,신설동경로당,서울특별시 동대문구 하정로2길 10
주민센터,신설동 주민센터,서울특별시 동대문구 신설동역자이르네,1,서울특별시 동대문구 천호대로26,37.573906,127.026015,무더위쉼터(도로명주소 일치),도로명주소,신설동주민센터,서울특별시 동대문구 천호대로 26 (신설동역자이르네)
경로당,신일경로당,서울특별시 동대문구 용두동,1,서울특별시 동대문구 무학로18길 5 (용두동),37.570741,127.030849,무더위쉼터(도로명주소 일치),도로명주소,신일경로당,서울특별시 동대문구 무학로18길 5
보건소,동대문구보건소,서울특별시 동대문구 용두동,1,"서울특별시 동대문구 천호대로 145 (용두동, 동대문구청) 보건소",37.574515,127.039707,무더위쉼터(도로명주소 일치),도로명주소,동대문구청,서울특별시 동대문구 천호대로 145 (동대문구청)
경로당,동부경로당,서울특별시 동대문구 용신동,1,서울특별시 동대문구 천호대로45길 57 (용신동),37.5753077,127.0436427,무더위쉼터(도로명주소 일치),도로명주소,동부경로당,서울특별시 동대문구 천호대로45길 57 (용두동)
경로당,래미안용두1차아파트경로당,서울특별시 동대문구 용신동,1,서울특별시 동대문구 고산자로29길 18 (용신동),37.576301,127.036963,무더위쉼터(도로명주소 일치),도로명주소,래미안용두1차아파트경로당,서울특별시 동대문구 고산자로29길 18
경로당,명성경로당,서울특별시 동대문구 용신동,1,서울특별시 동대문구 무학로28길 22-2 (용신동),37.574396,127.031945,무더위쉼터(도로명주소 일치),도로명주소,명성경로당,서울특별시 동대문구 무학로28길 22-2 (명성경로당)
주민센터,용두동 주민센터,서울특별시 동대문구 용신동주민센터,1,서울특별시 동대문구 천호대로27길 35,37.575814,127.037243,무더위쉼터(도로명주소 일치),도로명주소,용두동주민센터,서울특별시 동대문구 천호대로27길 35 (용신동주민센터)
경로당,고황경로당,서울특별시 동대문구 이문동,1,서울특별시 동대문구 이문로9길 52 (이문동),37.594523,127.0565234,무더위쉼터(도로명주소 일치),도로명주소,이문청소년독서실,서울특별시 동대문구 이문로9길 52  (이문동)
경로당,신이문경로당,서울특별시 동대문구 이문동,1,서울특별시 동대문구 신이문로8길 32 (이문동),37.601511,127.063361,무더위쉼터(도로명주소 일치),도로명주소,신이문경로당,서울특별시 동대문구 신이문로8길 32
경로당,쌍용아파트경로당,서울특별시 동대문구 이문동,1,서울특별시 동대문구 한천로58길 47 (이문동),37.599462,127.068079,무더위쉼터(도로명주소 일치),도로명주소,이문쌍용아파트경로당,서울특별시 동대문구 한천로58길 47 (쌍용아파트)
경로당,쌍용아파트제2경로당,서울특별시 동대문구 이문동,1,서울특별시 동대문구 한천로58길 75-45 (이문동),37.6017202,127.0679569,무더위쉼터(도로명주소 일치),도로명주소,쌍용아파트제2경로당,"서울특별시 동대문구 한천로58길 75-45 (이문동, 쌍용아파트)"
경로당,이문대림e편한세상아파트제2경로당,서울특별시 동대문구 이문동,1,서울특별시 동대문구 이문로54길 16 (이문동),37.604694,127.062957,무더위쉼터(도로명주소 일치),도로명주소,이문e편한세상아파트제2경로당,서울특별시 동대문구 이문로54길 16
경로당,이문삼성래미안2차아파트경로당,서울특별시 동대문구 이문동,1,서울특별시 동대문구 이문로12길 3-10 (이문동),37.593527,127.060218,무더위쉼터(도로명주소 일치),도로명주소,이문삼성래미안2차아파트경로당,서울특별시 동대문구 이문로12길 3-10 (래미안이문2차아파트106동)
경로당,중앙하이츠빌경로당,서울특별시 동대문구 이문동,1,서울특별시 동대문구 외대역동로 101 (이문동),37.596285,127.064517,무더위쉼터(도로명주소 일치),도로명주소,중앙하이츠빌아파트경로당,서울특별시 동대문구 외대역동로 101 (중앙하이츠빌)
경로당,진성경로당,서울특별시 동대문구 이문동,1,서울특별시 동대문구 이문로16길 19 (이문동),37.594285,127.059687,무더위쉼터(도로명주소 일치),도로명주소,진성경로당,서울특별시 동대문구 이문로16길 19
경로당,현대아파트경로당,서울특별시 동대문구 이문동,1,서울특별시 동대문구 한천로58길 107 (이문동),37.601351,127.070192,무더위쉼터(도로명주소 일치),도로명주소,이문현대아파트경로당,서울특별시 동대문구 한천로58길 107 (현대아파트102동)
경로당,현대아파트제2경로당,서울특별시 동대문구 이문동,1,서울특별시 동대문구 한천로58길 135 (이문동),37.602289,127.070671,무더위쉼터(도로명주소 일치),도로명주소,(이문)현대아파트제2경로당,서울특별시 동대문구 한천로58길 135
주민센터,이문1동 주민센터,서울특별시 동대문구 이문동,1,서울특별시 동대문구 외대역동로 114-1,37.597768,127.065476,무더위쉼터(도로명주소 일치),도로명주소,이문1동주민센터,서울특별시 동대문구  외대역동로  114-1  (이문동)
주민센터,이문2동 주민센터,서울특별시 동대문구 이문동,1,서울특별시 동대문구 신이문로 27-5,37.603359,127.065099,무더위쉼터(도로명주소 일치),도로명주소,이문2동주민센터,서울특별시 동대문구 신이문로 27-5
주민센터,장안1동 주민센터,서울특별시 동대문구 장안1동주민센터,1,서울특별시 동대문구 한천로18길 52,37.567807,127.066506,무더위쉼터(도로명주소 일치),도로명주소,장안1동주민센터,서울특별시 동대문구 한천로18길 52 (장안1동주민센터)
경로당,근린경로당,서울특별시 동대문구 장안동,1,서울특별시 동대문구 장한로 191 (장안동),37.577164,127.070914,무더위쉼터(도로명주소 일치),도로명주소,동대문청소년독서실,서울특별시 동대문구 장한로 191 (동대문구청소년독서실)
경로당,늘봄경로당,서울특별시 동대문구 장안동,1,서울특별시 동대문구 장한로26나길 6 (장안동),37.571309,127.072576,무더위쉼터(도로명주소 일치),도로명주소,늘봄경로당,서울특별시 동대문구 장한로26나길 6
경로당,미나리경로당,서울특별시 동대문구 장안동,1,서울특별시 동대문구 천호대로87길 43 (장안동),37.563674,127.06794,무더위쉼터(도로명주소 일치),도로명주소,미나리경로당,서울특별시 동대문구 천호대로87길 43
경로당,샛별경로당,서울특별시 동대문구 장안동,1,서울특별시 동대문구 장한로17길 20 (장안동),37.568065,127.067435,무더위쉼터(도로명주소 일치),도로명주소,샛별경로당,서울특별시 동대문구 장한로17길 20
경로당,안골경로당,서울특별시 동대문구 장안동,1,서울특별시 동대문구 천호대로77다길 20 (장안동),37.565401,127.064346,무더위쉼터(도로명주소 일치),도로명주소,안골경로당,서울특별시 동대문구 천호대로77다길 20
경로당,장수(신부파스카아파트)경로당,서울특별시 동대문구 장안동,1,서울특별시 동대문구 장한로12길 35 (장안동),37.565518,127.069963,무더위쉼터(도로명주소 일치),도로명주소,장수경로당(신부파스카아파트),서울특별시 동대문구 장한로12길 35 (신부파스카아파트 501동 501동)
경로당,장평경로당,서울특별시 동대문구 장안동,1,서울특별시 동대문구 한천로28길 27 (장안동),37.573291,127.068429,무더위쉼터(도로명주소 일치),도로명주소,장평경로당,서울특별시 동대문구 한천로28길 27
경로당,정은스카이빌아파트경로당,서울특별시 동대문구 장안동,1,"서울특별시 동대문구 답십리로69길 99, 101동 106호 (장안동)",37.576916,127.073868,무더위쉼터(도로명주소 일치),도로명주소,정은스카이빌아파트경로당,서울특별시 동대문구 답십리로69길 99 (장안동정은스카이빌아파트 101동)
주민센터,장안2동 주민센터,서울특별시 동대문구 장안동,1,서울특별시 동대문구 사가정로 230-1,37.578487,127.070595,무더위쉼터(도로명주소 일치),도로명주소,장안2동주민센터,서울특별시 동대문구 사가정로 230-1
경로당,SK아파트경로당,서울특별시 동대문구 전농동,1,서울특별시 동대문구 사가정로 148 (전농동),37.576642,127.060466,무더위쉼터(도로명주소 일치),도로명주소,전농SK아파트경로당,서울특별시 동대문구 사가정로 148 (전농SK아파트 112동)
경로당,SK아파트제2경로당,서울특별시 동대문구 전농동,1,서울특별시 동대문구 전농로 10길 111 (전농동),37.5772103,127.0627213,무더위쉼터(도로명주소 일치),도로명주소,SK아파트제2경로당,"서울특별시 동대문구 전농로10길 111 (전농동, 전농SK아파트)"
경로당,"래미안아름숲아파트제2경로당, 래미안아름숲아파트경로당",서울특별시 동대문구 전농동,2,서울특별시 동대문구 전농로16길 51 (전농동),37.580781,127.060982,무더위쉼터(도로명주소 일치),도로명주소,래미안아름숲아파트제2경로당,서울특별시 동대문구 전농로16길 51
경로당,"래미안크레시티3단지아파트경로당, 래미안크레시티2단지아파트경로당, 래미안크레시티1단지아파트경로당",서울특별시 동대문구 전농동,3,"서울특별시 동대문구 사가정로 65 (전농동, 3단지내)",37.577112,127.053971,무더위쉼터(도로명주소 일치),도로명주소,래미안크레시티3단지아파트경로당,서울특별시 동대문구 사가정로 65 (래미안 크레시티 303동)
경로당,삼성래미안아파트제2경로당,서울특별시 동대문구 전농동,1,서울특별시 동대문구 전농로 190 (전농동),37.581459,127.055541,무더위쉼터(도로명주소 일치),도로명주소,전농삼성아파트제2경로당,"서울특별시 동대문구  전농로  190   (전농동, 전농동삼성아파트)"
경로당,성너머경로당,서울특별시 동대문구 전농동,1,서울특별시 동대문구 사가정로 187 (전농동),37.5787493,127.0655966,무더위쉼터(시설명 일치),시설명,성너머경로당,서울특별시 동대문구 사가정로 191-1 (전농동)
경로당,전농1동경로당,서울특별시 동대문구 전농동,1,서울특별시 동대문구 전농로27길 81 (전농동),37.5788447,127.0521199,무더위쉼터(도로명주소 일치),도로명주소,전농1동경로당,서울특별시 동대문구 전농로27길 81 (전농동)
경로당,"전농동아아파트103경로당, 전농동아아파트101,102경로당",서울특별시 동대문구 전농동,2,서울특별시 동대문구 서울시립대로 31 (전농동),37.574882,127.045704,무더위쉼터(도로명주소 일치),도로명주소,전농동아아파트제1경로당,서울특별시 동대문구 서울시립대로 31 (동아아파트경비실)
경로당,창방경로당,서울특별시 동대문구 전농동,1,서울특별시 동대문구 답십리로23길 70-6 (전농동),37.5782157,127.0505494,무더위쉼터(도로명주소 일치),도로명주소,창방경로당,서울특별시 동대문구 답십리로23길 70-6 (전농동)
경로당,청송경로당,서울특별시 동대문구 전농동,1,서울특별시 동대문구 전농로17길 19-8 (전농동),37.578726,127.055512,무더위쉼터(도로명주소 일치),도로명주소,청송경로당,서울특별시 동대문구 전농로17길 19-8 (청송경로당)
경로당,화목경로당,서울특별시 동대문구 전농동,1,서울특별시 동대문구 전농로31길 33 (전농동),37.5829304,127.0516303,무더위쉼터(도로명주소 일치),도로명주소,화목경로당,서울특별시 동대문구 전농로31길 33 (전농동)
주민센터,전농1동 주민센터,서울특별시 동대문구 전농동,1,서울특별시 동대문구 서울특별시립대로9길 21,37.57795,127.04773,무더위쉼터(도로명주소 일치),도로명주소,전농1동주민센터,서울특별시 동대문구 서울시립대로9길 21
주민센터,전농2동 주민센터,서울특별시 동대문구 전농동,1,서울특별시 동대문구 사가정로 137,37.5780542,127.0600149,무더위쉼터(도로명주소 일치),도로명주소,전농2동주민센터,서울특별시 동대문구 사가정로 137 (전농동)
경로당,감초마을경로당,서울특별시 동대문구 제기동,1,"서울특별시 동대문구 약령시로9길 45, 3층(제기동)",37.585086,127.035149,무더위쉼터(도로명주소 일치),도로명주소,감초마을경로당,서울특별시 동대문구 약령시로9길 45
경로당,만수경로당,서울특별시 동대문구 제기동,1,서울특별시 동대문구 약령시로5길 22 (제기동),37.58413,127.03421,무더위쉼터(도로명주소 일치),도로명주소,만수경로당,서울특별시 동대문구 약령시로5길 22
경로당,방아다리경로당,서울특별시 동대문구 제기동,1,서울특별시 동대문구 약령시로9길 75 (제기동),37.5861867,127.0358589,무더위쉼터(도로명주소 일치),도로명주소,방아다리경로당,서울특별시 동대문구 약령시로9길 75 (제기동)
경로당,섬마을경로당,서울특별시 동대문구 제기동,1,서울특별시 동대문구 고산자로62길 32 (제기동),37.5900869,127.037648,무더위쉼터(도로명주소 일치),도로명주소,섬마을경로당,서울특별시 동대문구 고산자로62길 32 (제기동)
경로당,안암골벽산아파트경로당,서울특별시 동대문구 제기동,1,서울특별시 동대문구 약령시로 25 (제기동),37.583453,127.03191,무더위쉼터(도로명주소 일치),도로명주소,안암골벽산아파트경로당,서울특별시 동대문구 약령시로 25 (안암골벽산아파트 상가 1)
경로당,이수아파트경로당,서울특별시 동대문구 제기동,1,서울특별시 동대문구 왕산로23길 89 (제기동),37.5822,127.034084,무더위쉼터(도로명주소 일치),도로명주소,제기이수아파트경로당,서울특별시 동대문구 왕산로23길 89 (이수브라운스톤상가)
경로당,제기경로당,서울특별시 동대문구 제기동,1,서울특별시 동대문구 경동시장로23길 14 (제기동),37.5857446,127.0395014,무더위쉼터(도로명주소 일치),도로명주소,제기경로당,서울특별시 동대문구 경동시장로23길 14 (제기동)
경로당,제기한신아파트제2경로당,서울특별시 동대문구 제기동,1,서울특별시 동대문구 회기로8길 20 (제기동),37.5904312,127.0398715,무더위쉼터(도로명주소 일치),도로명주소,제기한신아파트제2경로당,"서울특별시 동대문구 회기로8길 20 (제기동, 한신아파트)"
경로당,행복마을경로당,서울특별시 동대문구 제기동,1,서울특별시 동대문구 고산자로56길 53 (제기동),37.5900401,127.038635,무더위쉼터(시설명 일치),시설명,행복마을경로당,서울특별시 동대문구 고산자로56길 51 (제기동)
주민센터,제기동 주민센터,서울특별시 동대문구 제기동,1,서울특별시 동대문구 약령시로 71,37.583068,127.037902,무더위쉼터(도로명주소 일치),도로명주소,제기동주민센터,서울특별시 동대문구 약령시로 71
경로당,청량경로당,서울특별시 동대문구 청량리동,1,서울특별시 동대문구 왕산로43다길 5 (청량리동),37.5862632,127.0472583,무더위쉼터(도로명주소 일치),도로명주소,청량경로당,서울특별시 동대문구 왕산로43다길 5 (청량리동)
경로당,청량리미주아파트경로당,서울특별시 동대문구 청량리동,1,서울특별시 동대문구 약령시로 154 (청량리동),37.582363,127.045692,무더위쉼터(도로명주소 일치),도로명주소,청량리미주아파트경로당,서울특별시 동대문구 약령시로 154 (미주아파트)
경로당,한신아파트제2경로당,서울특별시 동대문구 청량리동,1,"서울특별시 동대문구 제기로 129 (청량리동, 106동 앞)",37.5877319,127.0477545,무더위쉼터(도로명주소 일치),도로명주소,청량한신아파트경로당,"서울특별시 동대문구 제기로 129 (청량리동, 한신아파트)"
경로당,홍릉경로당,서울특별시 동대문구 청량리동,1,서울특별시 동대문구 제기로23길 10 (청량리동),37.5872027,127.0427737,무더위쉼터(도로명주소 일치),도로명주소,홍릉경로당,서울특별시 동대문구 제기로23길 10 (청량리동)
경로당,홍릉동부아파트경로당,서울특별시 동대문구 청량리동,1,서울특별시 동대문구 홍릉로10길 48 (청량리동),37.586131,127.046192,무더위쉼터(도로명주소 일치),도로명주소,홍릉동부센트레빌아파트경로당,서울특별시 동대문구 홍릉로10길 48 (홍릉동부아파트)
경로당,홍릉동부아파트제2경로당,서울특별시 동대문구 청량리동,1,서울특별시 동대문구 제기로26길 26 (청량리동),37.5853472,127.0450777,무더위쉼터(도로명주소 일치),도로명주소,홍릉동부아파트제2경로당,"서울특별시 동대문구 제기로26길 26 (청량리동, 동부센트레빌아파트)"
주민센터,청량리동 주민센터,서울특별시 동대문구 청량리동,1,서울특별시 동대문구 왕산로 239,37.583177,127.0483875,무더위쉼터(도로명주소 일치),도로명주소,청량리동주민센터,서울특별시 동대문구 왕산로 239 (청량리동)
경로당,회기동경로당,서울특별시 동대문구 회기동,1,서울특별시 동대문구 이문로3길 54 (회기동),37.590711,127.052038,무더위쉼터(도로명주소 일치),도로명주소,회기동경로당,서울특별시 동대문구 이문로3길 54
주민센터,회기동 주민센터,서울특별시 동대문구 회기동,1,서울특별시 동대문구 회기로25길 12-1,37.5907989,127.0553551,무더위쉼터(도로명주소 일치),도로명주소,회기동주민센터,서울특별시 동대문구 회기로25길 12-1 (회기동)
경로당,수복경로당,서울특별시 동대문구 휘경동,1,서울특별시 동대문구 망우로6길 24 (휘경동),37.586678,127.055585,무더위쉼터(도로명주소 일치),도로명주소,수복경로당,서울특별시 동대문구 망우로6길 24 (휘경2동구립경로당)
경로당,아름경로당,서울특별시 동대문구 휘경동,1,서울특별시 동대문구 휘경로 78 (휘경동),37.593623,127.068243,무더위쉼터(도로명주소 일치),도로명주소,아름경로당,서울특별시 동대문구 휘경로 78
경로당,휘경1동경로당,서울특별시 동대문구 휘경동,1,서울특별시 동대문구 회기로29길 20-1,37.591056,127.0581937,무더위쉼터(도로명주소 일치),도로명주소,휘경1동경로당,"서울특별시 동대문구 회기로29길 20-1 (휘경동, )"
경로당,휘경2동경로당,서울특별시 동대문구 휘경동,1,서울특별시 동대문구 망우로20가길 34-6 (휘경동),37.5902,127.064863,무더위쉼터(도로명주소 일치),도로명주소,휘경2동경로당,서울특별시 동대문구 망우로20가길 34-6
주민센터,휘경1동 주민센터,서울특별시 동대문구 휘경동,1,서울특별시 동대문구 외대역동로6길 3,37.5929051,127.0657307,무더위쉼터(도로명주소 일치),도로명주소,휘경1동주민센터,서울특별시 동대문구 외대역동로6길 3 (휘경동)
주민센터,휘경2동 주민센터,서울특별시 동대문구 휘경동,1,서울특별시 동대문구 한천로 329,37.5901209,127.0685792,무더위쉼터(도로명주소 일치),도로명주소,휘경2동주민센터,서울특별시 동대문구 한천로 329 (휘경동)
경로당,삼일공원,서울특별시 동작구,1,사당로23길 93,37.485747,126.974415,무더위쉼터(도로명주소 일치),도로명주소,삼일공원경로당,서울특별시 동작구 사당로23길 93 (삼일(3~1)공원)
도서관(공공도서관),김영삼도서관,서울특별시 동작구,1,서울특별시 동작구 매봉로1,37.5054736,126.9499672,전국도서관표준데이터,도로명주소,김영삼도서관,서울특별시 동작구 매봉로 1 (상도1동)
도서관(공공도서관),까망돌도서관,서울특별시 동작구,1,서울특별시 동작구 서달로129,37.5051193,126.9605064,전국도서관표준데이터,도로명주소,까망돌도서관,서울특별시 동작구 서달로 129 (흑석동)
도서관(공공도서관),사당솔밭도서관,서울특별시 동작구,1,서울특별시 동작구 솔밭로 86,37.484056,126.967369,전국도서관표준데이터,도로명주소,사당솔밭도서관,서울특별시 동작구 솔밭로 86 (사당동)
도서관(공공도서관),신대방누리도서관,서울특별시 동작구,1,서울특별시 동작구 신대방1다길 19,37.4860566,126.9058817,전국도서관표준데이터,도로명주소,신대방누리도서관,서울특별시 동작구 신대방1다길 19
도서관(공공도서관),약수도서관,서울특별시 동작구,1,서울특별시 동작구 양녕로22바길 64,37.497851,126.9474396,전국도서관표준데이터,도로명주소,약수도서관,서울특별시 동작구 양녕로22바길 64 (상도동)
도서관(작은도서관),신대방햇살도서관,서울특별시 동작구,1,서울특별시 동작구 여의대방로16길53,37.4947198,126.9167677,전국도서관표준데이터,도로명주소,동작구민체육센터,서울특별시 동작구 여의대방로16길 53 (동작구민체육센터)
경로당,건영A,서울특별시 동작구 건영아파트 관리동,1,만양로 26,37.507451,126.949517,무더위쉼터(도로명주소 일치),도로명주소,건영아파트경로당,"서울특별시 동작구 만양로 26 (건영아파트 관리동,노인정,주민복지시설)"
경로당,경동A,서울특별시 동작구 경동윈츠리버아파트,1,노량진로32길 156,37.510004,126.954554,무더위쉼터(도로명주소 일치),도로명주소,경동A경로당,서울특별시 동작구 노량진로32길 156 (경동윈츠리버아파트)
경로당,극동A,서울특별시 동작구 극동아파트,1,동작대로29길 119,37.490429,126.973992,무더위쉼터(도로명주소 일치),도로명주소,극동아파트경로당,서울특별시 동작구 동작대로29길 119 (극동아파트)
주민센터,노량진2동 주민센터,서울특별시 동작구 노량진2동,1,서울특별시 동작구 장승배기로19길 48 (노량진2동 302-97),37.5085193,126.9373525,무더위쉼터(도로명주소 일치),도로명주소,노량진2동주민센터,서울특별시 동작구  장승배기로19길  48   (노량진동)
경로당,노량진1동,서울특별시 동작구 노량진동,1,만양로 77,37.5103903,126.9446152,무더위쉼터(도로명주소 일치),도로명주소,노량진1동경로당,서울특별시 동작구  만양로  77   (노량진동)
경로당,백송,서울특별시 동작구 노량진동,1,장승배기로19다길 14,37.508822,126.937673,무더위쉼터(도로명주소 일치),도로명주소,백송경로당,서울특별시 동작구 장승배기로19다길 14
경로당,삼익A,서울특별시 동작구 노량진동,1,만양로 84,37.510929,126.945132,무더위쉼터(도로명주소 일치),도로명주소,삼익A경로당,서울특별시 동작구 만양로 84 (삼익주상복합아파트)
경로당,신동아리버파크A,서울특별시 동작구 노량진동,1,만양로 19,37.506033,126.941645,무더위쉼터(도로명주소 일치),도로명주소,신동아아파트우리경로당,서울특별시 동작구 만양로 19
경로당,우성A,서울특별시 동작구 노량진동,1,만양로8길 50,37.509754,126.947767,무더위쉼터(도로명주소 일치),도로명주소,우성아파트경로당,서울특별시 동작구 만양로8길 50 (우성아파트)
경로당,한강형인A,서울특별시 동작구 노량진동,1,만양로36,37.507708,126.948314,무더위쉼터(도로명주소 일치),도로명주소,형인한강아파트경로당,서울특별시 동작구 만양로 36 (형인한강아파트)
주민센터,노량진1동 주민센터,서울특별시 동작구 노량진동,1,"서울특별시 동작구 노량진로 190, 3층·4층(노량진동 333)",37.51323,126.9465454,무더위쉼터(도로명주소 일치),도로명주소,노량진1동주민센터,"서울특별시 동작구 노량진로 190  (노량진동, 고려교육타워-어바니엘한강)"
경로당,대림A,서울특별시 동작구 대림아파트 상가동,1,상도로60길 20,37.49323,126.954029,무더위쉼터(도로명주소 일치),도로명주소,대림아파트경로당,서울특별시 동작구 상도로60길 20 (대림아파트 상가동)
경로당,대림A,서울특별시 동작구 대방동,1,여의대방로44길 10,37.507319,126.924744,무더위쉼터(도로명주소 일치),도로명주소,대방대림아파트경로당,서울특별시 동작구 여의대방로44길 10 (대림아파트)
경로당,대방,서울특별시 동작구 대방동,1,여의대방로36길 99,37.508645,126.931501,무더위쉼터(도로명주소 일치),도로명주소,대방경로당,서울특별시 동작구 여의대방로36길 99 (학구단위노인회)
경로당,대방2차e편한세상A,서울특별시 동작구 대방동,1,알마타길 53,37.512065,126.93093,무더위쉼터(도로명주소 일치),도로명주소,대방2차e편한세상아파트경로당,서울특별시 동작구 알마타길 53 (대방2차 e-편한세상)
경로당,대방중앙,서울특별시 동작구 대방동,1,여의대방로24라길 4,37.4981152,126.9226176,무더위쉼터(도로명주소 일치),도로명주소,대방중앙경로당,서울특별시 동작구  여의대방로24라길  4   (대방동)
경로당,북대방,서울특별시 동작구 대방동,1,여의대방로54길 24,37.5121291,126.9277976,무더위쉼터(도로명주소 일치),도로명주소,북대방경로당,서울특별시 동작구  여의대방로54길  24   (대방동)
경로당,성원A,서울특별시 동작구 대방동,1,여의대방로 256,37.509582,126.926075,무더위쉼터(도로명주소 일치),도로명주소,성원아파트경로당,서울특별시 동작구 여의대방로 256 (성원아파트 상가)
경로당,신대방2동,서울특별시 동작구 대방동,1,여의대방로24가길 2,37.4982089,126.9212576,무더위쉼터(도로명주소 일치),도로명주소,신대방2동경로당,서울특별시 동작구  여의대방로24가길  2   (대방동)
경로당,우정A,서울특별시 동작구 대방동,1,여의대방로62길 23,37.514217,126.929731,무더위쉼터(도로명주소 일치),도로명주소,우정아파트경로당,서울특별시 동작구 여의대방로62길 23 (우정아파트)
경로당,"주공2단지A, 주공1단지A",서울특별시 동작구 대방동,2,여의대방로44길 47,37.509536,126.929493,무더위쉼터(도로명주소 일치),도로명주소,대방주공2단지아파트경로당,"서울특별시 동작구 여의대방로44길 47 (대방1,2단지주공아파트)"
경로당,코오롱하늘채A,서울특별시 동작구 대방동,1,여의대방로24다길 40,37.498552,126.923129,무더위쉼터(도로명주소 일치),도로명주소,코오롱하늘채아파트경로당,서울특별시 동작구 여의대방로24다길 40 (보라매코오롱하늘채아파트)
경로당,현대2차A,서울특별시 동작구 대방동,1,알마타길 58,37.510792,126.931266,무더위쉼터(도로명주소 일치),도로명주소,대방2차현대아파트경로당,서울특별시 동작구 알마타길 58 (대방2차현대아파트)
주민센터,대방동 주민센터,서울특별시 동작구 대방동,1,서울특별시 동작구 여의대방로44길 20(대방동 501-2),37.5081683,126.9263395,무더위쉼터(도로명주소 일치),도로명주소,대방동주민센터,서울특별시 동작구  여의대방로44길  20   (대방동)
경로당,경남아너스빌A,서울특별시 동작구 대방동경남아너스빌,1,여의대방로54길 6,37.511451,126.925693,무더위쉼터(도로명주소 일치),도로명주소,경남아너스빌아파트경로당,서울특별시 동작구 여의대방로54길 6 (대방동경남아너스빌 관리/노인정)
경로당,현대1차A,서울특별시 동작구 대방동현대아파트,1,등용로 127,37.512705,126.930784,무더위쉼터(도로명주소 일치),도로명주소,대방동현대1차아파트경로당,서울특별시 동작구 등용로 127 (대방동현대아파트)
경로당,동아A,서울특별시 동작구 동아아파트,1,양녕로23길 43,37.496281,126.940039,무더위쉼터(도로명주소 일치),도로명주소,동아아파트경로당,서울특별시 동작구 양녕로23길 43 (동아아파트)
경로당,이수스위첸포레힐즈 실버클럽,서울특별시 동작구 동작동,1,동작대로45길 10,37.498322,126.982966,무더위쉼터(도로명주소 일치),도로명주소,이수스위첸포레힐즈실버클럽경로당,서울특별시 동작구 동작대로45길 10 (이수스위첸포레힐즈아파트 경로당)
경로당,동작동금강KCC A,서울특별시 동작구 동작동금강,1,동작대로39가길 55,37.494027,126.978561,무더위쉼터(도로명주소 일치),도로명주소,금강KCC아파트경로당,서울특별시 동작구 동작대로39가길 55 (동작동금강KCC아파트)
경로당,동작삼성래미안A,서울특별시 동작구 동작삼성래미안아파트 109동,1,사당로23바길 9,37.489172,126.970515,무더위쉼터(도로명주소 일치),도로명주소,동작삼성래미안아파트경로당,서울특별시 동작구 사당로23바길 9 (동작삼성래미안아파트 109동)
경로당,동작상떼빌A,서울특별시 동작구 동작상떼빌아파트 101동,1,신대방1가길 38,37.487546,126.906882,무더위쉼터(도로명주소 일치),도로명주소,동작상떼빌아파트경로당,서울특별시 동작구 신대방1가길 38 (동작상떼빌아파트 101동)
경로당,래미안트윈파크A,서울특별시 동작구 래미안 트윈파크 103동,1,노량진로23가길 23,37.51425,126.950717,무더위쉼터(도로명주소 일치),도로명주소,래미안트윈파크아파트경로당,서울특별시 동작구 노량진로23가길 23 (래미안 트윈파크 103동)
경로당,래미안상도3차A,서울특별시 동작구 래미안상도3차아파트 301동,1,상도로53길 8,37.498377,126.953828,무더위쉼터(도로명주소 일치),도로명주소,래미안상도3차아파트경로당,서울특별시 동작구 상도로53길 8 (래미안상도3차아파트 301동)
경로당,보라매자이더포레스트,서울특별시 동작구 보라매자이 더 포레스트 101동,1,여의대방로22길 121,37.498559,126.926088,무더위쉼터(도로명주소 일치),도로명주소,보라매자이더포레스트,서울특별시 동작구 여의대방로22길 121 (보라매자이 더 포레스트 101동)
경로당,SH-VilleA,서울특별시 동작구 본동,1,노량진로22길 60,37.5107755,126.9497923,무더위쉼터(도로명주소 일치),도로명주소,본동에스에이치빌아파트경로당,"서울특별시 동작구  노량진로22길  60   (본동, 본동 에스에이치빌)"
경로당,극동강변A,서울특별시 동작구 본동,1,매봉로 156,37.511807,126.951914,무더위쉼터(도로명주소 일치),도로명주소,극동강변아파트경로당,서울특별시 동작구 매봉로 156
경로당,유원강변A,서울특별시 동작구 본동,1,노량진로23가길 16,37.51473,126.951535,무더위쉼터(도로명주소 일치),도로명주소,유원강변아파트경로당,서울특별시 동작구 노량진로23가길 16 (유원강변아파트 상가)
경로당,충신,서울특별시 동작구 본동,1,노량진로28길 31,37.5117555,126.9558768,무더위쉼터(도로명주소 일치),도로명주소,충신경로당,서울특별시 동작구  노량진로28길  31   (본동)
경로당,한마음,서울특별시 동작구 본동,1,만양로4길 38,37.508243,126.950237,무더위쉼터(도로명주소 일치),도로명주소,한마음경로당,서울특별시 동작구 만양로4길 38 (본동)
경로당,"한신휴플러스A101동, 한신휴플러스A",서울특별시 동작구 본동,2,매봉로 99,37.509471,126.949124,무더위쉼터(도로명주소 일치),도로명주소,한신휴플러스아파트경로당,서울특별시 동작구 매봉로 99 (한신휴플러스아파트)
경로당,본동삼성래미안A,서울특별시 동작구 본동삼성래미안아파트,1,매봉로 123,37.509812,126.950203,무더위쉼터(도로명주소 일치),도로명주소,본동삼성래미안아파트경로당,서울특별시 동작구 매봉로 123 (본동삼성래미안아파트)
주민센터,사당1동 주민센터,서울특별시 동작구 사당1동,1,서울특별시 동작구 동작대로17길 28(사당1동 1004-52),37.4831526,126.978693,무더위쉼터(도로명주소 일치),도로명주소,사당1동주민센터,"서울특별시 동작구  동작대로17길  28 , 사당1동 주민센터 (사당동)"
주민센터,사당4동 주민센터,서울특별시 동작구 사당4동,1,서울특별시 동작구 사당로16아길 6(사당4동 300-8),37.481481,126.975389,무더위쉼터(시설명 일치),시설명,사당4동주민센터,서울특별시 동작구 사당로20나길 3 (마일스톤316)
주민센터,사당5동 주민센터,서울특별시 동작구 사당5동,1,서울특별시 동작구 사당로2가길 219(사당5동 228-11),37.4856322,126.9670068,무더위쉼터(도로명주소 일치),도로명주소,사당5동주민센터,서울특별시 동작구  사당로2가길  219   (사당동)
경로당,경남아너스빌A(대아A),서울특별시 동작구 사당동,1,사당로9가길 82,37.48829,126.967835,무더위쉼터(도로명주소 일치),도로명주소,경남아너스빌아파트(대아)경로당,서울특별시 동작구 사당로9가길 82 (경남아너스빌 아파트)
경로당,남성,서울특별시 동작구 사당동,1,동작대로25길 48,37.4853063,126.9798994,무더위쉼터(도로명주소 일치),도로명주소,남성경로당,"서울특별시 동작구  동작대로25길  48 , 남성경로당 (사당동)"
경로당,남해오네뜨A,서울특별시 동작구 사당동,1,사당로2가길 173,37.487033,126.965593,무더위쉼터(도로명주소 일치),도로명주소,남해오네뜨아파트경로당,서울특별시 동작구 사당로2가길 173 (남해오네뜨아파트)
경로당,대림A,서울특별시 동작구 사당동,1,사당로23길 137,37.487397,126.97226,무더위쉼터(도로명주소 일치),도로명주소,사당대림아파트경로당,서울특별시 동작구 사당로23길 137 (대림아파트 상가)
경로당,래미안로이파크A,서울특별시 동작구 사당동,1,사당로23길112,37.488496,126.973399,무더위쉼터(도로명주소 일치),도로명주소,래미안로이파크아파트경로당,서울특별시 동작구 사당로23길 112 (사당동)
경로당,르메이에르A,서울특별시 동작구 사당동,1,사당로20길 119,37.478459,126.973741,무더위쉼터(도로명주소 일치),도로명주소,르메이에르아파트경로당,서울특별시 동작구 사당로20길 119 (르메이에르)
경로당,배나무골,서울특별시 동작구 사당동,1,동작대로29바길 3,37.4896695,126.9804665,무더위쉼터(도로명주소 일치),도로명주소,배나무골경로당,"서울특별시 동작구  동작대로29바길  3 , 동작동노인정(배나무골경로당) (사당동)"
경로당,사당3동,서울특별시 동작구 사당동,1,사당로29다길 32-6,37.486533,126.97846,무더위쉼터(도로명주소 일치),도로명주소,사당3동경로당,서울특별시 동작구 사당로29다길 32-6
경로당,사당4동,서울특별시 동작구 사당동,1,사당로16라길 9,37.4826508,126.9703237,무더위쉼터(도로명주소 일치),도로명주소,사당4동경로당,서울특별시 동작구  사당로16라길  9   (사당동)
경로당,사당5동,서울특별시 동작구 사당동,1,사당로6길 3-8,37.4863757,126.9675831,무더위쉼터(도로명주소 일치),도로명주소,사당5동구립경로당,서울특별시 동작구  사당로6길  3-8  (사당동)
경로당,사당KCC A,서울특별시 동작구 사당동,1,사당로20나길 57,37.481336,126.97373,무더위쉼터(도로명주소 일치),도로명주소,사당KCC아파트경로당,서울특별시 동작구 사당로20나길 57 (케이씨씨아파트)
경로당,사당롯데캐슬2차,서울특별시 동작구 사당동,1,사당로27길 181,37.490201,126.971502,무더위쉼터(도로명주소 일치),도로명주소,사당롯데캐슬2차아파트경로당,서울특별시 동작구 사당로27길 181 (사당 롯데캐슬)
경로당,사당자이A,서울특별시 동작구 사당동,1,사당로2가길 102,37.488729,126.962327,무더위쉼터(도로명주소 일치),도로명주소,사당자이아파트경로당,서울특별시 동작구 사당로2가길 102 (사당자이아파트)
경로당,삼익,서울특별시 동작구 사당동,1,사당로27길 190,37.4901814,126.9723165,무더위쉼터(도로명주소 일치),도로명주소,삼익경로당,"서울특별시 동작구  사당로27길  190   (사당동, 롯데캐슬)"
경로당,삼익그린뷰A,서울특별시 동작구 사당동,1,남부순환로255길 21,37.477278,126.969334,무더위쉼터(도로명주소 일치),도로명주소,삼익그린뷰아파트경로당,서울특별시 동작구 남부순환로255길 21 (사당삼익그린뷰아파트)
경로당,삼호그린A,서울특별시 동작구 사당동,1,사당로2가길 188,37.48609,126.965322,무더위쉼터(도로명주소 일치),도로명주소,삼호그린아파트경로당,서울특별시 동작구 사당로2가길 188 (삼호그린아파트)
경로당,삼화,서울특별시 동작구 사당동,1,사당로13길 42,37.4859376,126.9719025,무더위쉼터(도로명주소 일치),도로명주소,삼화경로당,서울특별시 동작구  사당로13길  42   (사당동)
경로당,송학,서울특별시 동작구 사당동,1,동작대로9가길24-4,37.4797852,126.9789173,무더위쉼터(도로명주소 일치),도로명주소,송학경로당(사당동),서울특별시 동작구 동작대로9가길 24-4
경로당,신남성,서울특별시 동작구 사당동,1,사당로16길 56,37.4813537,126.9720229,무더위쉼터(도로명주소 일치),도로명주소,신남성경로당,서울특별시 동작구  사당로16길  56   (사당동)
경로당,신동아4차A,서울특별시 동작구 사당동,1,동작대로29길 110,37.489519,126.978162,무더위쉼터(도로명주소 일치),도로명주소,사당신동아A경로당,서울특별시 동작구 동작대로29길 110
경로당,제일A,서울특별시 동작구 사당동,1,사당로16다길 57,37.482898,126.969535,무더위쉼터(도로명주소 일치),도로명주소,제일아파트경로당,서울특별시 동작구 사당로16다길 57 (제일아파트)
경로당,진흥A,서울특별시 동작구 사당동,1,사당로16아길 43,37.480296,126.969165,무더위쉼터(도로명주소 일치),도로명주소,진흥아파트경로당,서울특별시 동작구 사당로16아길 43 (진흥아파트)
경로당,현대A,서울특별시 동작구 사당동,1,사당로17길 111,37.488159,126.970142,무더위쉼터(도로명주소 일치),도로명주소,현대아파트경로당,서울특별시 동작구 사당로17길 111 (현대아파트)
경로당/도서관(작은도서관),"사당1동, 다울작은도서관",서울특별시 동작구 사당동,2,사당로20길 132,37.4788873,126.973231,무더위쉼터(도로명주소 일치),도로명주소,사당1동경로당,서울특별시 동작구 사당로20길 132
주민센터,사당2동 주민센터,서울특별시 동작구 사당동,1,서울특별시 동작구 동작대로29길 52(사당동),37.4887525,126.9792455,무더위쉼터(도로명주소 일치),도로명주소,사당2동주민센터,"서울특별시 동작구  동작대로29길  52 , 사당2동 주민센터 (사당동)"
주민센터,사당3동 주민센터,서울특별시 동작구 사당동,1,서울특별시 동작구 사당로17길 86,37.4866648,126.9720599,무더위쉼터(도로명주소 일치),도로명주소,사당3동주민센터,서울특별시 동작구 사당로17길 86  (사당동)
경로당,삼성A,서울특별시 동작구 사당동삼성아파트,1,동작대로35아길 14,37.493675,126.97936,무더위쉼터(도로명주소 일치),도로명주소,삼성아파트경로당,서울특별시 동작구 동작대로35아길 14 (사당동삼성아파트)
경로당,우성3단지A,서울특별시 동작구 사당우성아파트 304동,1,동작대로29길 115,37.490286,126.975655,무더위쉼터(도로명주소 일치),도로명주소,우성3단지아파트경로당,서울특별시 동작구 동작대로29길 115 (사당우성아파트 304동)
경로당,휴먼시아A,서울특별시 동작구 사당휴먼시아아파트 103동,1,사당로16길 96,37.478956,126.970175,무더위쉼터(도로명주소 일치),도로명주소,휴먼시아아파트경로당,서울특별시 동작구 사당로16길 96 (사당휴먼시아아파트 103동)
경로당,상도더샵A,서울특별시 동작구 상도 더?騁팎컷? 상가B동,1,장승배기로10길 130,37.502127,126.943048,무더위쉼터(도로명주소 일치),도로명주소,상도더샵아파트경로당,서울특별시 동작구 장승배기로10길 130 (상도 더?騁팎컷? 상가B동)
경로당,터널,서울특별시 동작구 상도1동,1,매봉로 36,37.5065081,126.9513111,무더위쉼터(도로명주소 일치),도로명주소,상도은빛복지관,서울특별시 동작구 매봉로 36 (상도1동)
주민센터,상도2동 주민센터,서울특별시 동작구 상도2동,1,서울특별시 동작구 상도로 211 (상도2동 25-48),37.5054945,126.9423314,무더위쉼터(도로명주소 일치),도로명주소,상도2동주민센터,서울특별시 동작구  상도로  211   (상도동)
주민센터,상도3동 주민센터,서울특별시 동작구 상도3동,1,서울특별시 동작구 성대로2길 11(상도3동 315-37),37.4992063,126.9313412,무더위쉼터(도로명주소 일치),도로명주소,상도3동주민센터,서울특별시 동작구  성대로2길  11   (상도동)
경로당,SH-VilleA,서울특별시 동작구 상도동,1,상도로53길 70,37.501055,126.953631,무더위쉼터(도로명주소 일치),도로명주소,상도에스에이치빌아파트경로당,서울특별시 동작구 상도로53길 70
경로당,갑을명가1차A,서울특별시 동작구 상도동,1,국사봉길 178,37.493561,126.934245,무더위쉼터(도로명주소 일치),도로명주소,갑을명가1차아파트경로당,서울특별시 동작구 국사봉길 178 (상도1차 갑을명가아파트)
경로당,경향렉스빌A,서울특별시 동작구 상도동,1,양녕로23길 9,37.495206,126.941867,무더위쉼터(도로명주소 일치),도로명주소,경향렉스빌아파트경로당,서울특별시 동작구 양녕로23길 9 (경향렉스빌 경비실)
경로당,고경,서울특별시 동작구 상도동,1,"상도로53길 27, 101호",37.4997795,126.9534145,무더위쉼터(도로명주소 일치),도로명주소,고경경로당,"서울특별시 동작구 상도로53길 27 (상도동, )"
경로당,국사봉,서울특별시 동작구 상도동,1,"양녕로20길 56, 1층",37.4948648,126.9441381,무더위쉼터(도로명주소 일치),도로명주소,국사봉경로당,서울특별시 동작구 양녕로20길 56 (상도동)
경로당,낙원,서울특별시 동작구 상도동,1,상도로30길 73,37.5039572,126.9448461,무더위쉼터(도로명주소 일치),도로명주소,낙원경로당,서울특별시 동작구  상도로30길  73   (상도동)
경로당,도화,서울특별시 동작구 상도동,1,"성대로17길 55, 1층",37.4998692,126.9349208,무더위쉼터(도로명주소 일치),도로명주소,도화경로당,서울특별시 동작구 성대로17길 55 (상도동)
경로당,래미안상도2차A,서울특별시 동작구 상도동,1,상도로55길 47,37.498142,126.95808,무더위쉼터(도로명주소 일치),도로명주소,래미안상도2차아파트경로당,서울특별시 동작구 상도로55길 47 (래미안상도2차아파트 노인정)
경로당,브라운스톤상도A,서울특별시 동작구 상도동,1,상도로31길 19,37.506011,126.943811,무더위쉼터(도로명주소 일치),도로명주소,브라운스톤상도아파트경로당,서울특별시 동작구 상도로31길 19 (브라운스톤상도아파트)
경로당,삼호A,서울특별시 동작구 상도동,1,상도로 407,37.493064,126.958097,무더위쉼터(도로명주소 일치),도로명주소,삼호아파트경로당,서울특별시 동작구 상도로 407 (삼호아파트)
경로당,삼환나우빌A,서울특별시 동작구 상도동,1,상도로55길 25,37.498434,126.956908,무더위쉼터(도로명주소 일치),도로명주소,삼환나우빌아파트경로당,서울특별시 동작구 상도로55길 25 (삼환나우빌)
경로당,상도1동,서울특별시 동작구 상도동,1,상도로38길 86,37.5003623,126.9482213,무더위쉼터(도로명주소 일치),도로명주소,상도1동경로당,서울특별시 동작구 상도로38길 86
경로당,상도2동,서울특별시 동작구 상도동,1,양녕로36길 13,37.5022189,126.9461932,무더위쉼터(도로명주소 일치),도로명주소,상도2동경로당,서울특별시 동작구  양녕로36길  13   (상도동)
경로당,상도3동,서울특별시 동작구 상도동,1,국사봉1길 221-7,37.4934517,126.9363305,무더위쉼터(도로명주소 일치),도로명주소,상도3동경로당,서울특별시 동작구 국사봉1길 221-7
경로당,상도4동,서울특별시 동작구 상도동,1,"양녕로22바길 95, 102호",37.4991694,126.9470062,무더위쉼터(도로명주소 일치),도로명주소,상도4동경로당,"서울특별시 동작구 양녕로22바길 95 (상도동, 다나네스트빌)"
경로당,"상도래미안1차A108동, 상도래미안1차A",서울특별시 동작구 상도동,2,등용로 37,37.504633,126.934045,무더위쉼터(도로명주소 일치),도로명주소,상도래미안1차아파트경로당,서울특별시 동작구 등용로 37 (상도래미안1차아파트)
경로당,상도중앙,서울특별시 동작구 상도동,1,"국사봉1길 109-1, 지1층",37.49695,126.932115,무더위쉼터(도로명주소 일치),도로명주소,상도중앙경로당,서울특별시 동작구 국사봉1길 109-1
경로당,성대,서울특별시 동작구 상도동,1,상도로13길 16,37.5012735,126.9302762,무더위쉼터(도로명주소 일치),도로명주소,성대경로당,서울특별시 동작구  상도로13길  16   (상도동)
경로당,성대골,서울특별시 동작구 상도동,1,성대로10나길 1-4,37.4973118,126.9349758,무더위쉼터(도로명주소 일치),도로명주소,성대골경로당,서울특별시 동작구  성대로10나길  1-4  (상도동)
경로당,송학(상4),서울특별시 동작구 상도동,1,성대로29길 53,37.5006327,126.9377329,무더위쉼터(도로명주소 일치),도로명주소,송학경로당(상도동),서울특별시 동작구 성대로29길 53 (상도동)
경로당,쌍용스윗닷홈A,서울특별시 동작구 상도동,1,상도로 107,37.500917,126.932006,무더위쉼터(도로명주소 일치),도로명주소,쌍용스윗닷홈아파트경로당,서울특별시 동작구 상도로 107 (쌍용스윗닷홈)
경로당,약수,서울특별시 동작구 상도동,1,양녕로 210-10,37.4995625,126.9448521,무더위쉼터(도로명주소 일치),도로명주소,약수경로당,"서울특별시 동작구 양녕로 210-10 (상도동, 구립 약수경로당 행복주택)"
경로당,이편한세상 상도노빌리티A,서울특별시 동작구 상도동,1,만양로 6,37.505359,126.948382,무더위쉼터(도로명주소 일치),도로명주소,이편한세상상도노빌리티아파트경로당,서울특별시 동작구 만양로 6 (e편한세상 상도 노빌리티 근린생활시설)
경로당,장수,서울특별시 동작구 상도동,1,"상도로15길 76, 2층",37.5037088,126.9353919,무더위쉼터(도로명주소 일치),도로명주소,장수경로당,서울특별시 동작구 상도로15길 76 (상도동)
경로당,중앙하이츠A,서울특별시 동작구 상도동,1,상도로 320,37.500024,126.949748,무더위쉼터(도로명주소 일치),도로명주소,중앙하이츠아파트경로당,"서울특별시 동작구 상도로 320 (중앙하이츠빌아파트 관리소,노인정)"
경로당,청송,서울특별시 동작구 상도동,1,상도로52길 23,37.4972114,126.9510114,무더위쉼터(도로명주소 일치),도로명주소,청송경로당,서울특별시 동작구  상도로52길  23   (상도동)
경로당,파크엘A,서울특별시 동작구 상도동,1,양녕로 220,37.500712,126.947207,무더위쉼터(도로명주소 일치),도로명주소,파크엘아파트경로당,서울특별시 동작구 양녕로 220 (상도동)
경로당,현대A,서울특별시 동작구 상도동,1,사당로2길 2-32,37.494238,126.959486,무더위쉼터(도로명주소 일치),도로명주소,상도현대아파트경로당,서울특별시 동작구 사당로2길 2-32 (상도현대아파트)
주민센터,상도1동 주민센터,서울특별시 동작구 상도동,1,서울특별시 동작구 상도로53길 9(상도동 437),37.4981222,126.953069,무더위쉼터(도로명주소 일치),도로명주소,상도1동주민센터,서울특별시 동작구  상도로53길  9   (상도동)
주민센터,상도4동 주민센터,서울특별시 동작구 상도동,1,서울특별시 동작구 양녕로27길 44(상도동 202-58),37.4995092,126.9413356,무더위쉼터(도로명주소 일치),도로명주소,상도4동주민센터,서울특별시 동작구 양녕로27길 44 (상도동)
경로당,동원베네스트A,서울특별시 동작구 상도동원베네스트아파트,1,상도로34길 42,37.502944,126.944387,무더위쉼터(도로명주소 일치),도로명주소,동원베네스트아파트경로당,서울특별시 동작구 상도로34길 42 (상도동원베네스트아파트)
경로당,상도패리스,서울특별시 동작구 상도패리스 상도패리스아파트 101동,1,상도로47바길40,37.503832,126.953783,무더위쉼터(도로명주소 일치),도로명주소,상도패리스경로당,서울특별시 동작구 상도로47바길 40 (상도패리스 상도패리스아파트 101동)
경로당,숲속마을신동아파밀리에,서울특별시 동작구 숲속마을 신동아,1,여의대방로10길 100,37.49172,126.914552,무더위쉼터(도로명주소 일치),도로명주소,숲속마을신동아파밀리에경로당,서울특별시 동작구 여의대방로10길 100 (숲속마을 신동아 파밀리에)
주민센터,신대방1동 주민센터,서울특별시 동작구 신대방1동,1,서울특별시 동작구 신대방길72(신대방1동 604-8),37.4889453,126.9100392,무더위쉼터(도로명주소 일치),도로명주소,신대방1동주민센터,서울특별시 동작구  신대방길  72   (신대방동)
경로당,경남A,서울특별시 동작구 신대방동,1,신대방길 85,37.489394,126.908428,무더위쉼터(도로명주소 일치),도로명주소,경남아파트경로당,서울특별시 동작구 신대방길 85 (경남아파트 노인정/관리사무소)
경로당,경남교수A,서울특별시 동작구 신대방동,1,여의대방로10길 14,37.495982,126.913556,무더위쉼터(도로명주소 일치),도로명주소,경남교수아파트경로당,서울특별시 동작구 여의대방로10길 14 (경남교수아파트)
경로당,보라매e편한세상A,서울특별시 동작구 신대방동,1,보라매로 70,37.495494,126.928576,무더위쉼터(도로명주소 일치),도로명주소,보라매e편한세상아파트경로당,서울특별시 동작구 보라매로 70 (보라매e편한세상아파트)
경로당,보라매롯데낙천대A,서울특별시 동작구 신대방동,1,여의대방로10길 38,37.494307,126.913511,무더위쉼터(도로명주소 일치),도로명주소,보라매롯데낙천대아파트경로당,서울특별시 동작구 여의대방로10길 38 (보라매롯데낙천대아파트)
경로당,보라매파크빌A,서울특별시 동작구 신대방동,1,여의대방로10길 59,37.494436,126.915544,무더위쉼터(도로명주소 일치),도로명주소,보라매파크빌아파트경로당,서울특별시 동작구 여의대방로10길 59 (보라매파크빌아파트)
경로당,신대방1동,서울특별시 동작구 신대방동,1,신대방1길 18,37.4868788,126.9106603,무더위쉼터(도로명주소 일치),도로명주소,신대방1동경로당,서울특별시 동작구 신대방1길 18 (신대방동)
경로당,신대방벽산A,서울특별시 동작구 신대방동,1,여의대방로22길 24,37.497403,126.921723,무더위쉼터(도로명주소 일치),도로명주소,신대방벽산아파트경로당,서울특별시 동작구 여의대방로22길 24 (벽산아파트)
경로당,우성2차A,서울특별시 동작구 신대방동,1,여의대방로 8,37.492811,126.910359,무더위쉼터(도로명주소 일치),도로명주소,우성2차아파트경로당,서울특별시 동작구 여의대방로 8 (신대방2차우성아파트)
경로당,한성A,서울특별시 동작구 신대방동,1,여의대방로10길 13,37.495575,126.915233,무더위쉼터(도로명주소 일치),도로명주소,한성아파트경로당,서울특별시 동작구 여의대방로10길 13 (한성아파트)
경로당,현대A,서울특별시 동작구 신대방동,1,여의대방로 28,37.494489,126.91223,무더위쉼터(도로명주소 일치),도로명주소,신대방현대아파트경로당,서울특별시 동작구 여의대방로 28 (현대아파트)
경로당,현진에버빌A,서울특별시 동작구 신대방동,1,신대방1나길 45,37.485964,126.906989,무더위쉼터(도로명주소 일치),도로명주소,현진에버빌아파트경로당,"서울특별시 동작구 신대방1나길 45 (현진에버빌 관리,노인정)"
주민센터,신대방2동 주민센터,서울특별시 동작구 신대방동,1,서울특별시 동작구 여의대방로24길 76(신대방동 723),37.4984069,126.9245377,무더위쉼터(도로명주소 일치),도로명주소,신대방2동주민센터,서울특별시 동작구 여의대방로24길 76 (신대방동)
경로당,신동아A,서울특별시 동작구 신동아아파트,1,매봉로 134,37.509758,126.952176,무더위쉼터(도로명주소 일치),도로명주소,신동아아파트경로당,서울특별시 동작구 매봉로 134 (신동아아파트)
경로당,아이파크A,서울특별시 동작구 아이파크상도동 105동,1,장승배기로 26,37.500855,126.942933,무더위쉼터(도로명주소 일치),도로명주소,아이파크아파트경로당,서울특별시 동작구 장승배기로 26 (아이파크상도동 105동)
경로당,아크로리버하임아파트,서울특별시 동작구 아크로리버하임 104동,1,현충로52,37.509579,126.96133,무더위쉼터(도로명주소 일치),도로명주소,아크로리버하임아파트경로당,서울특별시 동작구 현충로 52 (아크로리버하임 104동)
경로당,우성1차A,서울특별시 동작구 우성아파트 2동,1,여의대방로 22,37.492317,126.911647,무더위쉼터(도로명주소 일치),도로명주소,우성1차아파트경로당,서울특별시 동작구 여의대방로 22 (우성아파트 2동)
경로당,이수힐스테이트 A,서울특별시 동작구 이수힐스테이트 109동,1,동작대로39길 22,37.494502,126.979922,무더위쉼터(도로명주소 일치),도로명주소,이수힐스테이트아파트경로당,서울특별시 동작구 동작대로39길 22 (이수힐스테이트 109동)
경로당,한강쌍용A,서울특별시 동작구 한강쌍용아파트101동,1,노량진로24길 2,37.512223,126.953068,무더위쉼터(도로명주소 일치),도로명주소,한강쌍용A경로당,서울특별시 동작구 노량진로24길 2 (한강쌍용아파트101동)
경로당,달마,서울특별시 동작구 흑석동,1,서달로 54-15,37.4990849,126.9616631,무더위쉼터(도로명주소 일치),도로명주소,달마경로당,서울특별시 동작구  서달로  54-15  (흑석동)
경로당,롯데캐슬에듀포레A,서울특별시 동작구 흑석동,1,서달로 123,37.504389,126.959048,무더위쉼터(도로명주소 일치),도로명주소,롯데캐슬에듀포레아파트경로당,서울특별시 동작구 서달로 123 (롯데캐슬 에듀포레 102)
경로당,명수대현대A,서울특별시 동작구 흑석동,1,현충로 119,37.507858,126.966924,무더위쉼터(도로명주소 일치),도로명주소,명수대현대아파트경로당,서울특별시 동작구 현충로 119 (명수대현대아파트)
경로당,"비개(흑석2동), 흑석",서울특별시 동작구 흑석동,2,"서달로13길 17,5층",37.5084509,126.961876,무더위쉼터(도로명주소 일치),도로명주소,흑석경로당,서울특별시 동작구  서달로13길  17   (흑석동)
경로당,송림,서울특별시 동작구 흑석동,1,서달로2길 29,37.5011847,126.9632142,무더위쉼터(도로명주소 일치),도로명주소,송림경로당,"서울특별시 동작구  서달로2길  29   (흑석동, 청호아파트)"
경로당,우리유앤미A,서울특별시 동작구 흑석동,1,서달로 83,37.500705,126.95956,무더위쉼터(도로명주소 일치),도로명주소,우리유앤미아파트경로당,서울특별시 동작구 서달로 83 (우리유앤미아파트)
경로당,한강현대A,서울특별시 동작구 흑석동,1,현충로 151,37.506828,126.970308,무더위쉼터(도로명주소 일치),도로명주소,한강현대아파트경로당,서울특별시 동작구 현충로 151 (한강현대아파트)
경로당,해피,서울특별시 동작구 흑석동,1,흑석로13마길 61,37.507416,126.95888,무더위쉼터(도로명주소 일치),도로명주소,해피경로당,서울특별시 동작구 흑석로13마길 61 (흑석동)
경로당,흑석자이A,서울특별시 동작구 흑석동,1,"서달로90, 308동",37.5027,126.962741,무더위쉼터(도로명주소 일치),도로명주소,흑석자이아파트경로당,서울특별시 동작구 서달로 90 (흑석자이아파트)
경로당,흑석한강센트레빌2차A,서울특별시 동작구 흑석동,1,서달로91,37.502168,126.958616,무더위쉼터(도로명주소 일치),도로명주소,흑석한강센트레빌2차아파트경로당,서울특별시 동작구 서달로 91 (흑석동)
주민센터,흑석동 주민센터,서울특별시 동작구 흑석동,1,서울특별시 동작구 흑석한강로 11 (흑석동 335-2),37.5057831,126.9665907,무더위쉼터(도로명주소 일치),도로명주소,흑석동주민센터,서울특별시 동작구  흑석한강로  11   (흑석동)
경로당,동양A,서울특별시 동작구 흑석동양아파트 106동,1,서달로1길 17,37.500461,126.958659,무더위쉼터(도로명주소 일치),도로명주소,동양아파트경로당,서울특별시 동작구 서달로1길 17 (흑석동양아파트 106동)
경로당,흑석한강센트레빌1차,서울특별시 동작구 흑석한강센트레빌 101동,1,흑석한강로12,37.505863,126.965079,무더위쉼터(도로명주소 일치),도로명주소,흑석한강센트레빌1차아파트경로당,서울특별시 동작구 흑석한강로 12 (흑석한강센트레빌 101동)
경로당,흑석한강푸르지오아파트,서울특별시 동작구 흑석한강푸르지오 101동,1,흑석한강로27,37.503206,126.965452,무더위쉼터(도로명주소 일치),도로명주소,흑석한강푸르지오아파트경로당,서울특별시 동작구 흑석한강로 27 (흑석한강푸르지오 101동)
경로당,힐스테이트 상도 센트럴파크(엠코),서울특별시 동작구 힐스테이트 상도 센트럴파크 108동,1,상도로 346-1,37.495373,126.951015,무더위쉼터(도로명주소 일치),도로명주소,힐스테이트상도센트럴파크아파트경로당,서울특별시 동작구 상도로 346-1 (힐스테이트 상도 센트럴파크 108동)
경로당,힐스테이트 상도 프레스티지,서울특별시 동작구 힐스테이트 상도 프레스티지 203동,1,상도로 346-2,37.496008,126.94854,무더위쉼터(도로명주소 일치),도로명주소,힐스테이트상도프레스티지,서울특별시 동작구 상도로 346-2 (힐스테이트 상도 프레스티지 203동)
도서관(공공도서관),마포중앙도서관,서울특별시 마포구,1,서울특별시 마포구 성산로 128,37.5637954,126.9082019,전국도서관표준데이터,도로명주소,마포중앙도서관,서울특별시 마포구 성산로 128 (마포중앙도서관)
경로당,공덕1동경로당,서울특별시 마포구 공덕동,1,만리재옛길 78-1,37.549857,126.959406,무더위쉼터(시설명 일치),시설명,공덕1동경로당,서울특별시 마포구 만리재옛길 78
경로당,공덕2동제1경로당,서울특별시 마포구 공덕동,1,마포대로10길 13(공덕동) 5층,37.547277,126.954457,무더위쉼터(시설명 일치),시설명,공덕2동제1경로당,서울특별시 마포구 마포대로10길 13 (LG화재)
경로당,"공덕삼성(아)제2경로당, 공덕삼성(아)경로당",서울특별시 마포구 공덕동,2,"마포대로 115-8 (공덕동, 삼성아파트)",37.548108,126.951066,무더위쉼터(도로명주소 일치),도로명주소,공덕삼성(아)제2경로당,서울특별시 마포구 마포대로 115-8 (공덕삼성아파트 106동)
경로당,아현1경로당,서울특별시 마포구 공덕동,1,환일길 52-1(공덕동),37.553586,126.960979,무더위쉼터(도로명주소 일치),도로명주소,아현1동경로당,서울특별시 마포구 환일길 52-1
경로당,연봉경로당,서울특별시 마포구 공덕동,1,만리재로16길 10-5(공덕동),37.550349,126.962212,무더위쉼터(도로명주소 일치),도로명주소,연봉경로당,서울특별시 마포구 만리재로16길 10-5 (연봉경로당)
경로당,큰덕경로당,서울특별시 마포구 공덕동,1,만리재로 106(공덕동),37.549523,126.960515,무더위쉼터(도로명주소 일치),도로명주소,큰덕경로당,서울특별시 마포구 만리재로 106 (연봉파출소)
주민센터,공덕동 주민센터,서울특별시 마포구 공덕동,1,서울특별시 마포구 만리재옛길 84,37.550151,126.960021,무더위쉼터(도로명주소 일치),도로명주소,공덕동주민센터,서울특별시 마포구 만리재옛길 84
주민센터/도서관(작은도서관),"아현동 주민센터, 꿈을 이루는 도서관",서울특별시 마포구 공덕동,2,서울특별시 마포구 마포대로7길 18,37.5471888,126.9521874,무더위쉼터(도로명주소 일치),도로명주소,아현동주민센터,서울특별시 마포구 마포대로7길 18 (공덕동)
경로당,노고산경로당,서울특별시 마포구 노고산동,1,고산길 38-4(노고산동),37.55386,126.939245,무더위쉼터(도로명주소 일치),도로명주소,노고산경로당,서울특별시 마포구 고산길 38-4
주민센터/도서관(작은도서관),"대흥동 주민센터, 해오름도서관",서울특별시 마포구 노고산동,2,서울특별시 마포구 신촌로26길 10,37.5558478,126.9423652,무더위쉼터(도로명주소 일치),도로명주소,대흥동주민센터,서울특별시 마포구 신촌로26길 10 (노고산동)
경로당,당인경로당,서울특별시 마포구 당인동,1,"어울마당로 14, 202호(당인동)",37.54653,126.919584,무더위쉼터(도로명주소 일치),도로명주소,당인경로당,서울특별시 마포구 어울마당로 14 (현대타운)
경로당,대경경로당,서울특별시 마포구 대흥동,1,백범로18길 26(대흥동),37.5467938,126.9426594,무더위쉼터(도로명주소 일치),도로명주소,대경경로당,서울특별시 마포구 백범로18길 26
경로당,대흥동1경로당,서울특별시 마포구 대흥동,1,독막로36길 16 (대흥동),37.545751,126.940846,무더위쉼터(도로명주소 일치),도로명주소,대흥동1경로당,서울특별시 마포구 독막로36길 16
경로당,대흥중앙경로당,서울특별시 마포구 대흥동,1,대흥로18길 11(대흥동),37.549263,126.943962,무더위쉼터(도로명주소 일치),도로명주소,대흥중앙경로당,서울특별시 마포구 대흥로18길 11
경로당,"태영(아)201동경로당, 대흥동태영(아)경로당",서울특별시 마포구 대흥동,2,"독막로 266 (대흥동, 태영아파트)",37.544731,126.942571,무더위쉼터(도로명주소 일치),도로명주소,태영(아)201동경로당,서울특별시 마포구 독막로 266 (대흥동태영아파트113동)
경로당,대동경로당,서울특별시 마포구 도화동,1,새창로6라길 10(도화동),37.540694,126.953517,무더위쉼터(도로명주소 일치),도로명주소,대동경로당,서울특별시 마포구 새창로6라길 10
경로당,도일경로당,서울특별시 마포구 도화동,1,새창로4라길 16(도화동),37.540571,126.951791,무더위쉼터(시설명 일치),시설명,도일경로당,
경로당,도화경로당,서울특별시 마포구 도화동,1,새창로6다길 3(도화동),37.540935,126.95288,무더위쉼터(도로명주소 일치),도로명주소,도화경로당,서울특별시 마포구 새창로6다길 3
경로당,삼개경로당,서울특별시 마포구 도화동,1,삼개로5길 20(도화동),37.537851,126.948109,무더위쉼터(도로명주소 일치),도로명주소,삼개경로당,서울특별시 마포구 삼개로5길 20 (도화2동경로당)
경로당,"현대홈타운2차임대(아)경로당, 도화현대홈타운(아)경로당",서울특별시 마포구 도화동,2,"새창로8길 72 (도화동, 현대홈타운)",37.53777,126.950859,무더위쉼터(도로명주소 일치),도로명주소,도화현대홈타운(아)경로당,서울특별시 마포구 새창로8길 72 (현대홈타운210동)
주민센터,도화동 주민센터,서울특별시 마포구 도화동,1,서울특별시 마포구 도화길 37,37.5415255,126.9498754,무더위쉼터(도로명주소 일치),도로명주소,도화동주민센터,서울특별시 마포구 도화길 37 (도화동)
경로당,동교동경로당,서울특별시 마포구 동교동,1,연희로1길 5(동교동),37.559572,126.926227,무더위쉼터(도로명주소 일치),도로명주소,동교동경로당,서울특별시 마포구 연희로1길 5
경로당,세교경로당,서울특별시 마포구 동교동,1,와우산로37길 16(동교동),37.556276,126.930121,무더위쉼터(도로명주소 일치),도로명주소,세교경로당,서울특별시 마포구 와우산로37길 16 (구립동교어린이집)
경로당,"마포동경로당, 도화쌍용황금(아)경로당",서울특별시 마포구 마포동,2,"마포대로4라길 30 (마포동, 마포쌍용황금아파트)",37.536312,126.94516,무더위쉼터(시설명 일치),시설명,마포동경로당,서울특별시 마포구 마포대로4나길 69 (마포동민회관)
경로당,망원2동1경로당,서울특별시 마포구 망원동,1,월드컵로31길 69(망원동),37.560128,126.901248,무더위쉼터(도로명주소 일치),도로명주소,망원2동제1경로당,서울특별시 마포구 월드컵로31길 69 (망원2동노인정)
경로당,서림경로당,서울특별시 마포구 망원동,1,희우정로15길 25-9(망원동),37.55282,126.901378,무더위쉼터(도로명주소 일치),도로명주소,서림경로당,서울특별시 마포구 희우정로15길 25-9 (서림경로당)
경로당,쌈지경로당,서울특별시 마포구 망원동,1,방울내로 24-12(망원동),37.557289,126.898648,무더위쉼터(도로명주소 일치),도로명주소,쌈지경로당,서울특별시 마포구 방울내로 24-12 (구립망원2동2노인정)
경로당,오칠경로당,서울특별시 마포구 망원동,1,월드컵로23길 18-5 (망원동),37.557051,126.90749,무더위쉼터(도로명주소 일치),도로명주소,오칠경로당,서울특별시 마포구 월드컵로23길 18-5
주민센터,망원1동 주민센터,서울특별시 마포구 망원동,1,서울특별시 마포구 포은로6길 10,37.555586,126.905599,무더위쉼터(도로명주소 일치),도로명주소,망원1동주민센터,서울특별시 마포구 포은로6길 10
주민센터/도서관(작은도서관),"망원2동 주민센터, 아름드리도서관",서울특별시 마포구 망원동,2,서울특별시 마포구 방울내로7길 11,37.560291,126.902282,무더위쉼터(도로명주소 일치),도로명주소,망원2동주민센터,서울특별시 마포구 방울내로7길 11
경로당,SH공사공덕2삼성(아)경로당,서울특별시 마포구 삼성래미안공덕2차아파트201동,1,만리재옛길 101,37.55132,126.960779,무더위쉼터(도로명주소 일치),도로명주소,sh공사공덕2삼성(아)경로당,서울특별시 마포구 만리재옛길 101 (삼성래미안공덕2차아파트201동)
경로당,농바우경로당,서울특별시 마포구 상수동,1,와우산로5길 12(상수동),37.546853,126.922485,무더위쉼터(도로명주소 일치),도로명주소,농바우경로당,서울특별시 마포구 와우산로5길 12
경로당,상암경로문화센터,서울특별시 마포구 상암동,1,월드컵북로50길 7-5(상암동),37.577122,126.893305,무더위쉼터(도로명주소 일치),도로명주소,상암경로문화센터,서울특별시 마포구 월드컵북로50길 7-5 (상암경로문화센터)
경로당,상암월드컵파크1단지(아)경로당,서울특별시 마포구 상암동,1,"월드컵북로47길 8 (상암동, 상암월드컵1단지아파트)",37.575298,126.893308,무더위쉼터(도로명주소 일치),도로명주소,상암월드컵파크1단지(아)경로당,서울특별시 마포구 월드컵북로47길 8 (상암월드컵아파트1단지 어린이집)
경로당,상암월드컵파크8단지(아)경로당,서울특별시 마포구 상암동,1,"월드컵로42길 12 (상암동, 상암월드컵파크8단지아파트)",37.577604,126.882901,무더위쉼터(도로명주소 일치),도로명주소,상암월드컵파크8단지(아)경로당,서울특별시 마포구 월드컵로42길 12 (상암월드컵8단지806동)
주민센터,상암동 주민센터,서울특별시 마포구 상암동,1,서울특별시 마포구 매봉산로2길 16,37.57825,126.89465,무더위쉼터(도로명주소 일치),도로명주소,상암동주민센터,서울특별시 마포구 매봉산로2길 16
경로당,신교경로당,서울특별시 마포구 서교동,1,잔다리로9길4-8(서교동),37.557519,126.912972,무더위쉼터(도로명주소 일치),도로명주소,신교경로당,서울특별시 마포구 잔다리로9길 4-8
경로당,홍익경로당,서울특별시 마포구 서교동,1,와우산로21길 19-3(서교동),37.553388,126.923159,무더위쉼터(시설명 일치),시설명,홍익경로당,서울특별시 마포구 홍익로 13-9
주민센터,서교동 주민센터,서울특별시 마포구 서교동,1,서울특별시 마포구 동교로15길 7,37.555139,126.914564,무더위쉼터(도로명주소 일치),도로명주소,서교동주민센터,서울특별시 마포구 동교로15길 7
경로당,가좌행복경로당,서울특별시 마포구 성산동,1,"성암로 28(성산동, 가좌행복주택)",37.569265,126.913107,무더위쉼터(도로명주소 일치),도로명주소,가좌행복경로당,서울특별시 마포구 성암로 28 (가좌행복주택)
경로당,간데마을경로당,서울특별시 마포구 성산동,1,성암로9길 14 (성산동),37.572989,126.903476,무더위쉼터(도로명주소 일치),도로명주소,간데마을경로당,서울특별시 마포구 성암로9길 14
경로당,다솜경로당,서울특별시 마포구 성산동,1,월드컵북로20길 16,37.564093,126.91413,무더위쉼터(도로명주소 일치),도로명주소,다솜경로당,서울특별시 마포구 월드컵북로20길 16
경로당,무리울새마을경로당,서울특별시 마포구 성산동,1,월드컵북로 198-17(성산동),37.568889,126.907227,무더위쉼터(도로명주소 일치),도로명주소,무리울새마을경로당,서울특별시 마포구 월드컵북로 198-17 (무리울새마을경로당)
경로당,백합경로당,서울특별시 마포구 성산동,1,월드컵로 215 (성산동),37.564351,126.901199,무더위쉼터(도로명주소 일치),도로명주소,백합경로당,서울특별시 마포구 월드컵로 215
경로당,샛터경로당,서울특별시 마포구 성산동,1,새터산2길 7(성산동),37.565125,126.907529,무더위쉼터(도로명주소 일치),도로명주소,샛터경로당,서울특별시 마포구 새터산2길 7
경로당,성미경로당,서울특별시 마포구 성산동,1,성미산로1길 100-20,37.561906,126.906281,무더위쉼터(도로명주소 일치),도로명주소,성미경로당,서울특별시 마포구 성미산로1길 100-20
경로당,성산1동1경로당,서울특별시 마포구 성산동,1,월드컵북로15안길 26(성산동),37.562055,126.909645,무더위쉼터(도로명주소 일치),도로명주소,성산1동1경로당,서울특별시 마포구 월드컵북로15안길 26 (성산1동제1노인정)
경로당,성산1동2경로당,서울특별시 마포구 성산동,1,성미산로5길 55-14(성산동),37.5603334,126.908667,무더위쉼터(도로명주소 일치),도로명주소,성산1동2경로당,서울특별시 마포구 성미산로5길 55-14
보건소,마포구보건소,서울특별시 마포구 성산동,1,"서울특별시 마포구 월드컵로 212 (성산동, 마포구청), 마포구보건소 마포구보건소",37.566242,126.901942,무더위쉼터(도로명주소 일치),도로명주소,우리은행마포구청지점,서울특별시 마포구 월드컵로 212 (마포구청)
주민센터,성산1동 주민센터,서울특별시 마포구 성산동,1,서울특별시 마포구 성산로4길 15,37.5633768,126.9078612,무더위쉼터(도로명주소 일치),도로명주소,성산1동주민센터,서울특별시 마포구 성산로4길 15 (성산동)
주민센터/도서관(작은도서관),"성산2동 주민센터, 성메도서관",서울특별시 마포구 성산동,2,서울특별시 마포구  월드컵북로30길 22,37.568578,126.908982,무더위쉼터(도로명주소 일치),도로명주소,성산2동주민센터,서울특별시 마포구 월드컵북로30길 22
경로당,신공덕삼성(아)제2경로당,서울특별시 마포구 신공덕1차삼성래미안(112~113동,1,백범로37길 6 (신공덕1차삼성래미안(112~113동)),37.542337,126.956138,무더위쉼터(도로명주소 일치),도로명주소,신공덕삼성(아)제2경로당,서울특별시 마포구 백범로37길 6 (신공덕삼성아파트113동)
경로당,덕성경로당,서울특별시 마포구 신공덕동,1,임정로15길 6-5(신공덕동),37.543691,126.9572,무더위쉼터(도로명주소 일치),도로명주소,덕성경로당,서울특별시 마포구 임정로15길 6-5
경로당,"한마음경로당, 신공덕2삼성래미안(아)경로당",서울특별시 마포구 신공덕동,2,"만리재로 74 (신공덕동, 신공덕2차삼성래미안)",37.546442,126.957897,무더위쉼터(도로명주소 일치),도로명주소,한마음경로당,서울특별시 마포구 만리재로 74 (신공덕2차삼성래미안208동)
경로당,동막경로당,서울특별시 마포구 신수동,1,독막로32길 16(신수동),37.545775,126.936892,무더위쉼터(시설명 일치),시설명,동막경로당,서울특별시 마포구 독막로28길 34
경로당,수복경로당,서울특별시 마포구 신수동,1,창전로2길 39-3(신수동),37.549251,126.933384,무더위쉼터(도로명주소 일치),도로명주소,수복경로당,서울특별시 마포구 창전로2길 39-3
경로당,익수경로당,서울특별시 마포구 신수동,1,독막로29길 17(신수동),37.545775,126.936892,무더위쉼터(시설명 일치),시설명,익수경로당,서울특별시 마포구 독막로28길 34
주민센터,신수동 주민센터,서울특별시 마포구 신수동,1,서울특별시 마포구 독막로 192,37.547122,126.935158,무더위쉼터(도로명주소 일치),도로명주소,신수동주민센터,서울특별시 마포구 독막로 192
경로당,공덕자이(아)제2경로당,서울특별시 마포구 아현동,1,마포대로26길 22,37.554477,126.958767,무더위쉼터(도로명주소 일치),도로명주소,공덕자이(아)제2경로당,서울특별시 마포구 마포대로26길 22 (공덕자이)
경로당,느티나무경로당,서울특별시 마포구 연남동,1,성미산로18길 18,37.56068,126.918361,무더위쉼터(도로명주소 일치),도로명주소,느티나무경로당,서울특별시 마포구 성미산로18길 18
경로당,연남동경로당,서울특별시 마포구 연남동,1,동교로41길 36(연남동),37.563857,126.923428,무더위쉼터(도로명주소 일치),도로명주소,연남동경로당,서울특별시 마포구 동교로41길 36 (연남동주민커뮤니티센터)
경로당,연동경로당,서울특별시 마포구 연남동,1,성미산로29안길 30(연남동),37.565574,126.923751,무더위쉼터(도로명주소 일치),도로명주소,연동경로당,서울특별시 마포구 성미산로29안길 30 (연동경로당)
경로당,연서경로당,서울특별시 마포구 연남동,1,연남로11길 3(연남동),37.565688,126.918747,무더위쉼터(도로명주소 일치),도로명주소,연서경로당,서울특별시 마포구 연남로11길 3 (연서경로당)
주민센터,연남동 주민센터,서울특별시 마포구 연남동,1,서울특별시 마포구 성미산로29길 17-9,37.564471,126.922006,무더위쉼터(도로명주소 일치),도로명주소,연남동주민센터,서울특별시 마포구 성미산로29길 17-9
경로당,송암경로당,서울특별시 마포구 염리동,1,숭문길 59-2(염리동),37.5492869,126.9454686,무더위쉼터(도로명주소 일치),도로명주소,송암경로당,서울특별시 마포구 숭문길 59-2
경로당,염리경로당,서울특별시 마포구 염리동,1,숭문길 35,37.548144,126.945168,무더위쉼터(도로명주소 일치),도로명주소,염리경로당,서울특별시 마포구 숭문길 35 (용강지구대)
경로당,염리삼성(아)제2경로당,서울특별시 마포구 염리동,1,"백범로25길 83 (염리동, 염리삼성래미안아파트)",37.549782,126.947789,무더위쉼터(도로명주소 일치),도로명주소,염리삼성(아)제2경로당,서울특별시 마포구 백범로25길 83 (염리삼성래미안201동)
주민센터,염리동 주민센터,서울특별시 마포구 염리동,1,서울특별시 마포구 숭문길 14,37.547036,126.945634,무더위쉼터(도로명주소 일치),도로명주소,염리동주민센터,서울특별시 마포구 숭문길 14
주민센터/도서관(작은도서관),"용강동 주민센터, 용강동도서관",서울특별시 마포구 용강동,2,서울특별시 마포구 토정로31길 31,37.542352,126.942853,무더위쉼터(도로명주소 일치),도로명주소,용강동주민센터,서울특별시 마포구 토정로31길 31
경로당,낙루경로당,서울특별시 마포구 중동,1,월드컵북로38나길 25(중동),37.570672,126.906582,무더위쉼터(도로명주소 일치),도로명주소,낙루경로당,서울특별시 마포구 월드컵북로38나길 25
경로당,창전동경로당,서울특별시 마포구 창전동,1,서강로1길 30(창전동),37.549191,126.930213,무더위쉼터(도로명주소 일치),도로명주소,창전동경로당,서울특별시 마포구 서강로1길 30 (서강동전산교육장)
경로당,"창전삼성(아)제2경로당, 창전삼성(아)경로당",서울특별시 마포구 창전동,2,"서강로 95(창전동, 삼성아파트)",37.551231,126.930994,무더위쉼터(도로명주소 일치),도로명주소,창전삼성(아)제2경로당,서울특별시 마포구 서강로 95 (창전동삼성아파트101동)
주민센터/도서관(공공도서관),"서강동 주민센터, 서강도서관",서울특별시 마포구 창전동,2,서울특별시 마포구 독막로 165,37.547689,126.932027,무더위쉼터(도로명주소 일치),도로명주소,서강동주민센터,서울특별시 마포구 독막로 165
경로당,양화진경로당,서울특별시 마포구 합정동,1,양화진길 43(합정동),37.546713,126.912383,무더위쉼터(도로명주소 일치),도로명주소,양화진경로당,서울특별시 마포구 양화진길 43 (합정어린이집)
경로당,합정경로당,서울특별시 마포구 합정동,1,동교로8길 58(합정동) 3층,37.549418,126.905738,무더위쉼터(시설명 일치),시설명,합정경로당,서울특별시 마포구 동교로8길 58
경로당,희우경로당,서울특별시 마포구 합정동,1,동교로 62-6(합정동),37.553158,126.909072,무더위쉼터(도로명주소 일치),도로명주소,희우경로당,서울특별시 마포구 동교로 62-6
주민센터,합정동 주민센터,서울특별시 마포구 합정동,1,서울특별시 마포구 월드컵로5길 11,37.5516099,126.9117692,무더위쉼터(시설명 일치),시설명,합정동주민센터,"서울특별시 마포구 월드컵로3길 14 (합정동, 마포 한강 2차 푸르지오)"
도서관(공공도서관),남가좌새롬어린이도서관,서울특별시 서대문구,1,서울특별시 서대문구 증가로10길 16-15,37.5783398,126.9240465,전국도서관표준데이터,도로명주소,남가좌새롬어린이도서관,서울특별시 서대문구 증가로10길 16-15 (남가좌새롬어린이도서관)
도서관(공공도서관),홍은도담도서관,서울특별시 서대문구,1,서울특별시 서대문구 홍은중앙로 129,37.601701,126.9489544,전국도서관표준데이터,도로명주소,홍은도담도서관,서울특별시 서대문구  홍은중앙로  129   (홍은동)
도서관(작은도서관),새싹작은도서관,서울특별시 서대문구,1,"서울특별시 서대문구 통일로27길 19, 홍제1동 자치회관",37.5831643,126.9484101,전국도서관표준데이터,도로명주소,홍제1동자치회관,"서울특별시 서대문구  통일로27길  19 , 홍제1동자치회관 (홍제동)"
도서관(작은도서관),아이누리작은도서관,서울특별시 서대문구,1,"서울특별시 서대문구 증가로 13-10, 연희동자치회관",37.5693016,126.9307755,전국도서관표준데이터,도로명주소,연희동자치회관,서울특별시 서대문구 증가로 13-10 (연희동)
도서관(작은도서관),알음알음작은도서관,서울특별시 서대문구,1,"서울특별시 서대문구 경기대로 40, 충현동자치회관",37.562901,126.9623774,전국도서관표준데이터,도로명주소,충현동자치회관,"서울특별시 서대문구  경기대로  40 , 충현동 자치회관 (충정로3가)"
도서관(작은도서관),햇살작은도서관,서울특별시 서대문구,1,"서울특별시 서대문구 세검정로1길 45, 홍은1동 자치회관 2층",37.5932354,126.9439056,전국도서관표준데이터,도로명주소,홍은1동자치회관,서울특별시 서대문구 세검정로1길 45 (홍은동)
경로당,"DMC아파트제4경로당, DMC아파트제3경로당, DMC아파트제2경로당, DMC아파트제1경로당",서울특별시 서대문구 DMC 래미안 e편한세상 406동,4,서대문구 수색로 100,37.577363,126.909634,무더위쉼터(도로명주소 일치),도로명주소,DMC아파트제4경로당,서울특별시 서대문구 수색로 100 (DMC 래미안 e편한세상 406동)
경로당,DMC금호리첸시아A경로당,서울특별시 서대문구 DMC금호리첸시아 101동,1,서대문구 수색로2길 39,37.570829,126.915911,무더위쉼터(도로명주소 일치),도로명주소,DMC금호리첸시아A경로당,서울특별시 서대문구 수색로2길 39 (DMC금호리첸시아 101동)
경로당,두산위브A경로당,서울특별시 서대문구 DMC두산위브 102동,1,서대문구 증가로 200-8,37.580429,126.917096,무더위쉼터(도로명주소 일치),도로명주소,두산위브A경로당,서울특별시 서대문구 증가로 200-8 (DMC두산위브 102동)
경로당,"가좌울경로당, 남가좌삼성A경로당",서울특별시 서대문구 DMC래미안클라시스 104동,2,"서대문구 증가로 191, 202동 옆",37.578035,126.91675,무더위쉼터(도로명주소 일치),도로명주소,남가좌삼성A경로당,서울특별시 서대문구 증가로 191 (DMC래미안클라시스 104동)
경로당,가재울센트레빌A경로당,서울특별시 서대문구 DMC센트레빌 207동,1,서대문구 거북골로 120,37.576194,126.915567,무더위쉼터(도로명주소 일치),도로명주소,가재울센트레빌A경로당,서울특별시 서대문구 거북골로 120 (DMC센트레빌 207동)
경로당,DMC(가재울)아이파크경로당,서울특별시 서대문구 DMC아이파크아파트 104동,1,서대문구 거북골로14길 32,37.57596,126.914441,무더위쉼터(도로명주소 일치),도로명주소,가재울아이파크A시니어스클럽,서울특별시 서대문구 거북골로14길 32 (DMC아이파크아파트 104동)
경로당,DMC에코자이시니어스클럽,서울특별시 서대문구 DMC에코자이 105동,1,서대문구 거북골로 84,37.577533,126.91911,무더위쉼터(도로명주소 일치),도로명주소,DMC에코자이시니어스클럽,서울특별시 서대문구 거북골로 84 (DMC에코자이 105동)
경로당,"DMC파크뷰자이2단지경로당, DMC파크뷰자이1단지경로당",서울특별시 서대문구 DMC파크뷰자이 214동,2,서대문구 가재울미래로 2,37.573554,126.915291,무더위쉼터(도로명주소 일치),도로명주소,DMC파크뷰자이2단지경로당,서울특별시 서대문구 가재울미래로 2 (DMC파크뷰자이 214동)
경로당,북가좌연희한양A경로당 (DMC한양),서울특별시 서대문구 DMC한양 5동,1,서대문구 응암로 28,37.575705,126.909378,무더위쉼터(도로명주소 일치),도로명주소,북가좌연희한양아파트경로당,서울특별시 서대문구 응암로 28 (DMC한양 5동)
경로당,DMC센트럴아이파크경로당,서울특별시 서대문구 남가좌동,1,서대문구 증가로 150,37.579276,126.92073,무더위쉼터(도로명주소 일치),도로명주소,DMC센트럴아이파크경로당,서울특별시 서대문구 증가로 150 (남가좌동)
경로당,남가좌2동분회경로당,서울특별시 서대문구 남가좌동,1,서대문구 가재울로8길 27-14,37.5763238,126.9225249,무더위쉼터(도로명주소 일치),도로명주소,남가좌2동분회경로당,서울특별시 서대문구 가재울로8길 27-14 (남가좌동)
경로당,래미안남가좌2차A경로당,서울특별시 서대문구 남가좌동,1,서대문구 수색로6길 43,37.571785,126.912821,무더위쉼터(도로명주소 일치),도로명주소,래미안남가좌2차A경로당,서울특별시 서대문구 수색로6길 43 (래미안남가좌2차아파트 관리사무소)
경로당,삼오경로당,서울특별시 서대문구 남가좌동,1,서대문구 명지대3길 36-4,37.5821248,126.9217631,무더위쉼터(도로명주소 일치),도로명주소,삼오경로당,서울특별시 서대문구 명지대3길 36-4 (남가좌동)
주민센터,남가좌제2동 주민센터,서울특별시 서대문구 남가좌동,1,서울특별시 서대문구 증가로10길 28,37.5784334,126.9238653,무더위쉼터(도로명주소 일치),도로명주소,남가좌2동주민센터,서울특별시 서대문구 증가로10길 28
주민센터/도서관(작은도서관),"남가좌제1동 주민센터, 파랑새작은도서관",서울특별시 서대문구 남가좌동,2,서울특별시 서대문구 모래내로15길 37,37.5732669,126.9196951,무더위쉼터(도로명주소 일치),도로명주소,남가좌1동주민센터,서울특별시 서대문구 모래내로15길 37 (남가좌동)
경로당,"현대A경로당, 가좌상록경로당",서울특별시 서대문구 남가좌동현대아파트,2,서대문구 가재울로 45,37.575442,126.92019,무더위쉼터(도로명주소 일치),도로명주소,현대A경로당,서울특별시 서대문구 가재울로 45 (남가좌동현대아파트)
경로당,"돈의문센트레빌A경로당, 서대문센트레빌제2경로당",서울특별시 서대문구 냉천동,2,서대문구 독립문로14길 33,37.566555,126.96409,무더위쉼터(도로명주소 일치),도로명주소,서대문센트레빌제2경로당,서울특별시 서대문구 독립문로14길 33
경로당,천연동분회경로당,서울특별시 서대문구 냉천동,1,서대문구 독립문로 50,37.5678988,126.962499,무더위쉼터(도로명주소 일치),도로명주소,천연동분회경로당,서울특별시 서대문구 독립문로 50
경로당,대림A경로당,서울특별시 서대문구 대림아파트 1동,1,서대문구 연희로32길 20,37.575567,126.935857,무더위쉼터(도로명주소 일치),도로명주소,대림A경로당,서울특별시 서대문구 연희로32길 20 (대림아파트 1동)
경로당,독립문극동A경로당,서울특별시 서대문구 독립문극동아파트 111동,1,서대문구 독립문공원길 17,37.572295,126.956415,무더위쉼터(도로명주소 일치),도로명주소,독립문극동A경로당,서울특별시 서대문구 독립문공원길 17 (독립문극동아파트 111동)
경로당,독립문파크빌A경로당,서울특별시 서대문구 독립문파크빌아파트 104동,1,서대문구 통일로 279-75,37.574995,126.951947,무더위쉼터(도로명주소 일치),도로명주소,독립문파크빌A경로당,서울특별시 서대문구 통일로 279-75 (독립문파크빌아파트 104동)
경로당,동부A경로당,서울특별시 서대문구 동부센트레빌아파트 102동,1,서대문구 독립문로14길 74,37.566781,126.960253,무더위쉼터(도로명주소 일치),도로명주소,동부A경로당,서울특별시 서대문구 독립문로14길 74 (동부센트레빌아파트 102동)
경로당,두산A경로당,서울특별시 서대문구 두산아파트 104동,1,서대문구 모래내로 309,37.559216,126.950278,무더위쉼터(시설명 일치),시설명,두산A경로당,서울특별시 서대문구 이화여대8길 62 (두산아파트 104동)
경로당,두산A경로당,서울특별시 서대문구 두산아파트 104동,1,서대문구 이화여대8길 62,37.559216,126.950278,무더위쉼터(도로명주소 일치),도로명주소,두산A경로당,서울특별시 서대문구 이화여대8길 62 (두산아파트 104동)
경로당,래미안루센티아시니어스클럽,서울특별시 서대문구 래미안 루센티아 106동,1,서대문구 거북골로 100,37.576292,126.917801,무더위쉼터(도로명주소 일치),도로명주소,래미안루센티아시니어스클럽,서울특별시 서대문구 거북골로 100 (래미안 루센티아 106동)
경로당,무악재한화A경로당,서울특별시 서대문구 무악재한화아파트 101동,1,서대문구 통일로 357,37.582286,126.949553,무더위쉼터(도로명주소 일치),도로명주소,무악재한화A경로당,서울특별시 서대문구 통일로 357 (무악재한화아파트 101동)
경로당,무악청구A경로당,서울특별시 서대문구 무악청구아파트 109동,1,서대문구 통일로 348,37.581783,126.952036,무더위쉼터(도로명주소 일치),도로명주소,무악청구A경로당,서울특별시 서대문구 통일로 348 (무악청구아파트 109동)
경로당,문화촌현대A경로당,서울특별시 서대문구 문화촌현대아파트 103동,1,서대문구 문화촌길 6-24,37.592727,126.949344,무더위쉼터(도로명주소 일치),도로명주소,문화촌현대A경로당,서울특별시 서대문구 문화촌길 6-24 (문화촌현대아파트 103동)
경로당,미근경로당,서울특별시 서대문구 미근동,1,서대문구 충정로6길 27,37.5626561,126.9662797,무더위쉼터(도로명주소 일치),도로명주소,미근경로당(구충정로동분회),서울특별시 서대문구 충정로6길 27 (미근동)
경로당,북가좌휴먼센터경로당,서울특별시 서대문구 북가좌동,1,"서대문구 증가로30길 45-9, 2층",37.5847065,126.9137128,무더위쉼터(도로명주소 일치),도로명주소,북가좌휴먼센터경로당,"서울특별시 서대문구  증가로30길  45-9, 공공건축물(주민커뮤니티센터) (북가좌동)"
경로당,신가경로당,서울특별시 서대문구 북가좌동,1,서대문구 거북골로22길 29-51,37.5802505,126.9083613,무더위쉼터(도로명주소 일치),도로명주소,신가경로당,서울특별시 서대문구 거북골로22길 29-51 (북가좌동)
경로당,요진아파트 실버문화원,서울특별시 서대문구 북가좌동,1,"서대문구 수색로 102, 5층",37.57288,126.908359,무더위쉼터(도로명주소 일치),도로명주소,요진아파트실버문화원,서울특별시 서대문구 수색로 102 (DMC요진아파트)
경로당,은가경로당,서울특별시 서대문구 북가좌동,1,서대문구 증가로20길 43,37.5812257,126.9179249,무더위쉼터(도로명주소 일치),도로명주소,은가경로당,서울특별시 서대문구 증가로20길 43 (북가좌동)
경로당,현대A경로당,서울특별시 서대문구 북가좌동,1,서대문구 응암로 33,37.576942,126.908154,무더위쉼터(도로명주소 일치),도로명주소,현대A경로당(북가좌1동),서울특별시 서대문구 응암로 33 (DMC현대아파트)
주민센터/도서관(작은도서관),"북가좌제1동 주민센터, 늘푸른열린작은도서관",서울특별시 서대문구 북가좌동,2,서울특별시 서대문구 수색로 100-55,37.5743045,126.9102019,무더위쉼터(도로명주소 일치),도로명주소,북가좌1동주민센터,서울특별시 서대문구 수색로 100-55 (북가좌동)
경로당,"거북경로당, 삼호A경로당",서울특별시 서대문구 북가좌삼호아파트 103동,2,"서대문구 거북골로 154, 105동",37.576505,126.913804,무더위쉼터(도로명주소 일치),도로명주소,삼호A경로당(북가좌동),서울특별시 서대문구 거북골로 154 (북가좌삼호아파트 103동)
경로당,DMC신일해피트리A경로당,서울특별시 서대문구 북가좌신일해피트리아파트 102동,1,서대문구 수색로 147-1,37.5748,126.904681,무더위쉼터(도로명주소 일치),도로명주소,신일해피트리A경로당,서울특별시 서대문구 수색로 147-1 (북가좌신일해피트리아파트 102동)
경로당,능안경로당,서울특별시 서대문구 북아현동,1,서대문구 북아현로18길 47,37.563781,126.9565558,무더위쉼터(도로명주소 일치),도로명주소,능안경로당,서울특별시 서대문구 북아현로18길 47 (북아현동)
경로당,동심경로당,서울특별시 서대문구 북아현동,1,서대문구 신촌로27길 47,37.5573979,126.9487971,무더위쉼터(도로명주소 일치),도로명주소,동심경로당,서울특별시 서대문구 신촌로27길 47 (북아현동)
경로당/주민센터/도서관(작은도서관),"북아현동경로당, 북아현동 주민센터, 북아현마을 북카페",서울특별시 서대문구 북아현동,3,서대문구 북아현로 24,37.5594531,126.9569755,무더위쉼터(도로명주소 일치),도로명주소,북아현동주민센터,서울특별시 서대문구 북아현로 24 (북아현동)
주민센터,충현동 주민센터,서울특별시 서대문구 북아현동,1,서울특별시 서대문구 북아현로22길 38,37.5648082,126.9547205,무더위쉼터(도로명주소 일치),도로명주소,충현동주민센터,"서울특별시 서대문구  북아현로22길  38 , 충현동주민센터 (북아현동)"
경로당,신촌경로당,서울특별시 서대문구 신촌동,1,서대문구 성산로24길 1-20,37.5676837,126.9480693,무더위쉼터(도로명주소 일치),도로명주소,신촌경로당,"서울특별시 서대문구  성산로24길  1-20, 신촌경로당 (신촌동)"
경로당,럭키A경로당,서울특별시 서대문구 신촌럭키아파트 105동,1,서대문구 이화여대길 50-12,37.559471,126.947405,무더위쉼터(도로명주소 일치),도로명주소,럭키A경로당,서울특별시 서대문구 이화여대길 50-12 (신촌럭키아파트 105동)
경로당,"푸르지오아파트2단지경로당, 푸르지오아파트1단지경로당",서울특별시 서대문구 신촌푸르지오 104동,2,서대문구 북아현로1길 50,37.560509,126.951879,무더위쉼터(도로명주소 일치),도로명주소,푸르지오아파트1단지경로당,서울특별시 서대문구 북아현로1길 50 (신촌푸르지오 104동)
경로당,연희대우A경로당,서울특별시 서대문구 연희 대우 아파트 104동,1,서대문구 연희로 38-20,37.561191,126.92928,무더위쉼터(도로명주소 일치),도로명주소,연희대우A경로당,서울특별시 서대문구 연희로 38-20 (연희 대우 아파트 104동)
경로당,연산경로당,서울특별시 서대문구 연희동,1,서대문구 연희로18안길 34-3,37.5673967,126.9356084,무더위쉼터(도로명주소 일치),도로명주소,연산경로당,서울특별시 서대문구 연희로18안길 34-3 (연희동)
경로당,연서경로당,서울특별시 서대문구 연희동,1,서대문구 홍제천로2길 111,37.5722218,126.9235537,무더위쉼터(도로명주소 일치),도로명주소,연희노인복지관,서울특별시 서대문구 홍제천로2길 111 (연희동)
경로당,연희궁경로당,서울특별시 서대문구 연희동,1,서대문구 성산로17길 30,37.5635184,126.9327721,무더위쉼터(시설명 일치),시설명,연희궁경로당,서울특별시 서대문구 성산로17길 30-2 (연희동)
경로당,홍연경로당,서울특별시 서대문구 연희동,1,서대문구 홍연길 70,37.5763002,126.9305252,무더위쉼터(도로명주소 일치),도로명주소,홍연경로당,서울특별시 서대문구 홍연길 70 (연희동)
주민센터,연희동 주민센터,서울특별시 서대문구 연희동,1,서울특별시 서대문구 연희로 189,37.5738986,126.9352307,무더위쉼터(도로명주소 일치),도로명주소,연희동주민센터,서울특별시 서대문구 연희로 189 (연희동)
경로당,연희성원A경로당,서울특별시 서대문구 연희동성원아파트 104동,1,서대문구 연희로32길 48,37.576649,126.939234,무더위쉼터(도로명주소 일치),도로명주소,연희성원A경로당,서울특별시 서대문구 연희로32길 48 (연희동성원아파트 104동)
경로당,임광A경로당,서울특별시 서대문구 연희동임광아파트 101동,1,서대문구 동교로 291,37.56495,126.927016,무더위쉼터(도로명주소 일치),도로명주소,임광A경로당,서울특별시 서대문구 동교로 291 (연희동임광아파트 101동)
경로당,삼호A경로당,서울특별시 서대문구 영천동,1,서대문구 독립문로 10,37.569757,126.957915,무더위쉼터(도로명주소 일치),도로명주소,삼호A경로당,서울특별시 서대문구 독립문로 10
주민센터,천연동 주민센터,서울특별시 서대문구 영천동,1,서울특별시 서대문구 성산로 694,37.5711382,126.9590166,무더위쉼터(도로명주소 일치),도로명주소,천연동주민센터,"서울특별시 서대문구  성산로  694 , 천연동주민센터 (영천동)"
경로당,월드컵현대A경로당,서울특별시 서대문구 월드컵현대아파트 102동,1,서대문구 수색로 154,37.575926,126.904704,무더위쉼터(도로명주소 일치),도로명주소,월드컵현대A경로당,서울특별시 서대문구 수색로 154 (월드컵현대아파트 102동)
경로당,"유원하나A제2경로당, 유원하나A경로당",서울특별시 서대문구 유원하나아파트 101동노인정,2,서대문구 세검정로 134,37.595056,126.952477,무더위쉼터(도로명주소 일치),도로명주소,유원하나A경로당,서울특별시 서대문구 세검정로 134 (유원하나아파트 101동노인정)
경로당,인왕산벽산A경로당,서울특별시 서대문구 인왕산벽산아파트 102동,1,서대문구 세무서길 106-12,37.592399,126.94844,무더위쉼터(도로명주소 일치),도로명주소,인왕산벽산A경로당,서울특별시 서대문구 세무서길 106-12 (인왕산벽산아파트 102동)
경로당,인왕산어울림A경로당,서울특별시 서대문구 인왕산어울림 101동,1,서대문구 통일로26길 17,37.583779,126.950971,무더위쉼터(도로명주소 일치),도로명주소,인왕산어울림A경로당,서울특별시 서대문구 통일로26길 17 (인왕산어울림 101동)
경로당,"인왕산현대A제2경로당, 인왕산현대A경로당",서울특별시 서대문구 인왕산현대아파트 107동,2,서대문구 통일로34길 46,37.585158,126.950968,무더위쉼터(도로명주소 일치),도로명주소,인왕산현대A제2경로당,서울특별시 서대문구 통일로34길 46 (인왕산현대아파트 107동)
경로당,창천경로당,서울특별시 서대문구 창천동,1,서대문구 신촌로11길 35-4,37.5584394,126.9332446,무더위쉼터(도로명주소 일치),도로명주소,창천경로당,서울특별시 서대문구 신촌로11길 35-4 (창천동)
주민센터,신촌동 주민센터,서울특별시 서대문구 창천동,1,서울특별시 서대문구 연세로2나길 47,37.5577105,126.9393316,무더위쉼터(도로명주소 일치),도로명주소,신촌동주민센터,서울특별시 서대문구 연세로2나길 47 (창천동)
경로당,천연뜨란채경로당,서울특별시 서대문구 천연뜨란채 107동,1,서대문구 독립문로8길 54,37.567453,126.958165,무더위쉼터(도로명주소 일치),도로명주소,천연뜨란채A경로당,서울특별시 서대문구 독립문로8길 54 (천연뜨란채 107동)
경로당,현대그린A경로당,서울특별시 서대문구 현대그린아파트 102동,1,서대문구 세무서2길 64,37.589254,126.949594,무더위쉼터(도로명주소 일치),도로명주소,현대그린A경로당,서울특별시 서대문구 세무서2길 64 (현대그린아파트 102동)
경로당/주민센터/도서관(작은도서관),"홍은2동경로당, 홍은제2동 주민센터, 행복작은도서관",서울특별시 서대문구 홍은2동주민센터,3,"서대문구 모래내로 334, 2층",37.580093,126.934077,무더위쉼터(도로명주소 일치),도로명주소,홍은2동주민센터,서울특별시 서대문구 모래내로 334 (홍은2동주민센터 서대문구청 제4별관)
경로당,논골문화원,서울특별시 서대문구 홍은동,1,서대문구 연희로41나길 1,37.5918377,126.9335302,무더위쉼터(도로명주소 일치),도로명주소,논골문화원,서울특별시 서대문구 연희로41나길 1 (홍은동)
경로당,미성A경로당,서울특별시 서대문구 홍은동,1,서대문구 연희로41길 114,37.593755,126.935625,무더위쉼터(도로명주소 일치),도로명주소,미성A경로당,서울특별시 서대문구 연희로41길 114 (미성아파트 노인정)
경로당,백련경로당,서울특별시 서대문구 홍은동,1,서대문구 명지대길 50,37.5823773,126.9241493,무더위쉼터(도로명주소 일치),도로명주소,백련경로당,서울특별시 서대문구 명지대길 50 (홍은동)
경로당,북한산더샵아파트경로당,서울특별시 서대문구 홍은동,1,서대문구 통일로 510,37.593602,126.941587,무더위쉼터(도로명주소 일치),도로명주소,북한산더샵아파트경로당,서울특별시 서대문구 통일로 510 (북한산더샵)
경로당,상지경로당,서울특별시 서대문구 홍은동,1,서대문구 통일로 555-1,37.5969,126.9374,무더위쉼터(도로명주소 일치),도로명주소,상지경로당,서울특별시 서대문구 통일로 555-1 (홍은동)
경로당,아름다운홍일경로당,서울특별시 서대문구 홍은동,1,서대문구 통일로48가길 37,37.5946,126.9424,무더위쉼터(도로명주소 일치),도로명주소,아름다운홍일경로당,"서울특별시 서대문구 통일로48가길 37 (홍은동, 홍은풍림1차아파트)"
경로당,우정경로당,서울특별시 서대문구 홍은동,1,서대문구 홍은중앙로 164,37.6047802,126.949878,무더위쉼터(도로명주소 일치),도로명주소,우정경로당,서울특별시 서대문구 홍은중앙로 164  (홍은동)
경로당,유원A경로당,서울특별시 서대문구 홍은동,1,"서대문구 홍은중앙로1길 32, 3층",37.597513,126.944685,무더위쉼터(시설명 일치),시설명,유원A경로당,서울특별시 서대문구 홍은중앙로1길 33 (유원홍은아파트 경비실)
경로당,정원단지경로당,서울특별시 서대문구 홍은동,1,서대문구 연희로39나길 8,37.5866963,126.9319217,무더위쉼터(도로명주소 일치),도로명주소,정원단지경로당,"서울특별시 서대문구  연희로39나길  8 , 정원단지경로당 (홍은동)"
경로당,포방터경로당,서울특별시 서대문구 홍은동,1,서대문구 홍은중앙로9길 43,37.6011975,126.9483921,무더위쉼터(도로명주소 일치),도로명주소,포방터경로당,서울특별시 서대문구 홍은중앙로9길 43 (홍은동)
경로당,풍림2차A경로당,서울특별시 서대문구 홍은동,1,서대문구 세검정로1길 35,37.593356,126.942875,무더위쉼터(도로명주소 일치),도로명주소,풍림2차A경로당,서울특별시 서대문구 세검정로1길 35 (풍림2차아파트 노인정)
경로당,현대A경로당,서울특별시 서대문구 홍은동,1,서대문구 연희로 377,37.590049,126.93765,무더위쉼터(도로명주소 일치),도로명주소,홍은현대A경로당,서울특별시 서대문구 연희로 377 (현대아파트 관리사무소)
경로당,홍남경로당,서울특별시 서대문구 홍은동,1,서대문구 증가로4길 38-9,37.5773268,126.9274815,무더위쉼터(도로명주소 일치),도로명주소,홍남경로당,서울특별시 서대문구 증가로4길 38-9
경로당,홍은1동분회경로당,서울특별시 서대문구 홍은동,1,서대문구 세검정로1길 116,37.5954015,126.9464398,무더위쉼터(도로명주소 일치),도로명주소,홍은1동분회경로당,"서울특별시 서대문구  세검정로1길  116 , 홍은동종합사회복지관 (홍은동)"
주민센터,홍은제1동 주민센터,서울특별시 서대문구 홍은동,1,서울특별시 서대문구 홍은중앙로 85,37.5988518,126.9471445,무더위쉼터(도로명주소 일치),도로명주소,홍은1동주민센터,서울특별시 서대문구 홍은중앙로 85
경로당,홍은풍림아이원A경로당,서울특별시 서대문구 홍은동풍림아이원아파트 105동,1,서대문구 홍은중앙로 149,37.604056,126.948289,무더위쉼터(도로명주소 일치),도로명주소,홍은풍림아이원A경로당,서울특별시 서대문구 홍은중앙로 149 (홍은동풍림아이원아파트 105동)
경로당,벽산A경로당,서울특별시 서대문구 홍은벽산아파트 109동,1,서대문구 세검정로1길 95,37.59544,126.943885,무더위쉼터(도로명주소 일치),도로명주소,벽산A경로당,서울특별시 서대문구 세검정로1길 95 (홍은벽산아파트 109동)
경로당,홍제센트럴아이파크경로당,서울특별시 서대문구 홍제 센트럴 IPARK 107동,1,"서대문구 통일로 395, 107동",37.584578,126.94637,무더위쉼터(도로명주소 일치),도로명주소,홍제센트럴아이파크경로당,서울특별시 서대문구 통일로 395 (홍제 센트럴 IPARK 107동)
경로당,홍제금호어울림경로당,서울특별시 서대문구 홍제금호어울림 102동,1,서대문구 모래내로 411,37.584599,126.940761,무더위쉼터(도로명주소 일치),도로명주소,홍제금호어울림A경로당,서울특별시 서대문구 모래내로 411 (홍제금호어울림 102동)
경로당,개미마을경로당,서울특별시 서대문구 홍제동,1,서대문구 세검정로4길 129-16,37.590631,126.9539201,무더위쉼터(도로명주소 일치),도로명주소,개미마을경로당,서울특별시 서대문구 세검정로4길 129-16 (홍제동)
경로당,느티나무경로당,서울특별시 서대문구 홍제동,1,서대문구 통일로36다길 2,37.5878299,126.9473128,무더위쉼터(도로명주소 일치),도로명주소,느티나무경로당,서울특별시 서대문구 통일로36다길 2
경로당,은빛홍삼경로당,서울특별시 서대문구 홍제동,1,서대문구 세무서7길 21-4,37.5916129,126.9456267,무더위쉼터(도로명주소 일치),도로명주소,은빛홍삼경로당,서울특별시 서대문구 세무서7길 21-4 (홍제동)
경로당,인왕경로당,서울특별시 서대문구 홍제동,1,서대문구 통일로26길 12-5,37.582761,126.9506843,무더위쉼터(도로명주소 일치),도로명주소,인왕노인복지관,서울특별시 서대문구 통일로26길 12-5 (홍제동)
경로당,초원경로당,서울특별시 서대문구 홍제동,1,서대문구 홍제내2길 56,37.5868269,126.9371964,무더위쉼터(도로명주소 일치),도로명주소,초원경로당,"서울특별시 서대문구  홍제내2길  56 , 초원경로당 (홍제동)"
경로당,푸르지오센트럴파크경로당,서울특별시 서대문구 홍제동,1,"서대문구 통일로 339, 103동",37.581262,126.949886,무더위쉼터(도로명주소 일치),도로명주소,푸르지오센트럴파크경로당,서울특별시 서대문구 통일로 339 (서대문푸르지오센트럴파크아파트)
경로당,해링턴플레이스경로당,서울특별시 서대문구 홍제동,1,"서대문구 세무서8길 30, 109동",37.589398,126.947848,무더위쉼터(도로명주소 일치),도로명주소,해링턴플레이스경로당,서울특별시 서대문구 세무서8길 30 (홍제역해링턴플레이스)
경로당,홍제1동분회경로당,서울특별시 서대문구 홍제동,1,서대문구 모래내로 459-6,37.5858358,126.9454423,무더위쉼터(도로명주소 일치),도로명주소,홍제1동분회경로당,"서울특별시 서대문구  모래내로  459-6, 고은어린이집 (홍제동)"
경로당,홍제고은경로당,서울특별시 서대문구 홍제동,1,서대문구 통일로39길 60,37.587141,126.941641,무더위쉼터(도로명주소 일치),도로명주소,홍제고은경로당,서울특별시 서대문구 통일로39길 60 (홍제동)
경로당/주민센터/도서관(작은도서관),"홍제3동분회경로당, 홍제제3동 주민센터, 문화촌어린이도서관",서울특별시 서대문구 홍제동,3,서대문구 세검정로4길 32,37.5937611,126.9497306,무더위쉼터(도로명주소 일치),도로명주소,홍제3동분회경로당,"서울특별시 서대문구  세검정로4길  32 , 홍제제3동주민센터 (홍제동)"
주민센터,홍제제1동 주민센터,서울특별시 서대문구 홍제동,1,서울특별시 서대문구 통일로 435-1,37.5877171,126.9449294,무더위쉼터(도로명주소 일치),도로명주소,홍제1동주민센터,서울특별시 서대문구 통일로 435-1 (홍제동)
주민센터/도서관(작은도서관),"홍제제2동 주민센터, 꿈이있는작은도서관",서울특별시 서대문구 홍제동,2,서울특별시 서대문구 통일로34길 27,37.5861056,126.9493681,무더위쉼터(도로명주소 일치),도로명주소,홍제2동주민센터,서울특별시 서대문구 통일로34길 27
경로당,홍제성원아파트경로당,서울특별시 서대문구 홍제동성원아파트,1,서대문구 모래내로 430,37.583638,126.942768,무더위쉼터(도로명주소 일치),도로명주소,홍제성원A경로당,서울특별시 서대문구 모래내로 430 (홍제동성원아파트 관리실)
경로당,삼성래미안A경로당,서울특별시 서대문구 홍제삼성래미안아파트 101동,1,서대문구 통일로 319,37.578569,126.950653,무더위쉼터(도로명주소 일치),도로명주소,삼성래미안A경로당,서울특별시 서대문구 통일로 319 (홍제삼성래미안아파트 101동)
경로당,"홍제원현대A제2경로당, 홍제원현대A경로당",서울특별시 서대문구 홍제원현대아파트 112동,2,서대문구 통일로34길 43,37.588012,126.950303,무더위쉼터(도로명주소 일치),도로명주소,홍제원현대A경로당,서울특별시 서대문구 통일로34길 43 (홍제원현대아파트 112동)
경로당,홍제한양A경로당,서울특별시 서대문구 홍제한양아파트 103동,1,서대문구 통일로25길 30,37.583417,126.947378,무더위쉼터(도로명주소 일치),도로명주소,홍제한양A경로당,서울특별시 서대문구 통일로25길 30 (홍제한양아파트 103동)
경로당,힐스테이트신촌경로당,서울특별시 서대문구 힐스테이트 신촌 109동,1,서대문구 이화여대8길 123,37.562448,126.950911,무더위쉼터(도로명주소 일치),도로명주소,힐스테이트신촌경로당,서울특별시 서대문구 이화여대8길 123 (힐스테이트 신촌 109동)
도서관(공공도서관),내곡도서관,서울특별시 서초구,1,서울특별시 서초구 청계산로7길 9-20,37.4520032,127.0544446,전국도서관표준데이터,도로명주소,서초구립내곡도서관,서울특별시 서초구 청계산로7길 9-20 (신원동)
도서관(공공도서관),반포도서관,서울특별시 서초구,1,서울특별시 서초구 고무래로 34,37.502477,127.0125134,전국도서관표준데이터,도로명주소,서초구립반포도서관,서울특별시 서초구 고무래로 34 (반포동)
도서관(공공도서관),방배숲환경도서관,서울특별시 서초구,1,서울특별시 서초구 서초대로 160-7,37.4889626,127.0000503,전국도서관표준데이터,도로명주소,서초방배숲환경도서관,서울특별시 서초구 서초대로 160-7 (방배동)
도서관(공공도서관),서초그림책도서관,서울특별시 서초구,1,서울특별시 서초구 명달로 150,37.490693,127.005102,전국도서관표준데이터,도로명주소,서초그림책도서관,서울특별시 서초구 명달로 150 (서초구교통섬 내 그림책도서관)
도서관(공공도서관),서초청소년도서관,서울특별시 서초구,1,서울특별시 서초구 효령로77길 37,37.4909066,127.0280952,전국도서관표준데이터,시설명,서초청소년도서관,"서울특별시 서초구 서운로 62 (서초동, 래미안 리더스원)"
도서관(공공도서관),양재도서관,서울특별시 서초구,1,서울특별시 서초구 양재천로 33,37.473627,127.0335724,전국도서관표준데이터,도로명주소,서초구립양재도서관,서울특별시 서초구 양재천로 33 (양재동)
경로당,금호베스트빌아파트 경로당,서울특별시 서초구 금호베스트빌아파트 101동,1,서초구 나루터로46,37.514682,127.013893,무더위쉼터(도로명주소 일치),도로명주소,금호베스트빌(아)경로당,서울특별시 서초구 나루터로 46 (금호베스트빌아파트 101동)
경로당,내곡신흥 경로당,서울특별시 서초구 내곡동,1,서초구 내곡동 1-1125,37.454933,127.080897,무더위쉼터(시설명 일치),시설명,내곡신흥경로당,
경로당,서초구립 능안마을 경로당,서울특별시 서초구 내곡동,1,서초구 능안말2길13,37.4545803,127.066278,무더위쉼터(도로명주소 일치),도로명주소,능안마을경로당,서울특별시 서초구 능안말2길 13 (내곡동)
경로당,서초구립 샘마을 경로당,서울특별시 서초구 내곡동,1,서초구 샘마을길 8,37.458219,127.0714841,무더위쉼터(도로명주소 일치),도로명주소,서초구립샘마을경로당,서울특별시 서초구 샘마을길 8 (내곡동)
경로당,서초구립 홍씨마을 경로당,서울특별시 서초구 내곡동,1,서초구 홍씨마을길25,37.4531888,127.0655196,무더위쉼터(도로명주소 일치),도로명주소,서초구립홍씨마을경로당,서울특별시 서초구 홍씨마을길 25 (내곡동)
경로당,서초더샵포레시니어하우스 경로당,서울특별시 서초구 내곡동,1,서초구 헌릉로8길58,37.452197,127.063869,무더위쉼터(도로명주소 일치),도로명주소,서초더샵포레시니어하우스경로당,서울특별시 서초구 헌릉로8길 58 (서초더샵포레 주민복지관3)
경로당,안골마을 경로당,서울특별시 서초구 내곡동,1,서초구 내곡동 192-3,37.455998,127.063331,무더위쉼터(시설명 일치),시설명,안골마을경로당,
경로당,흐능날 경로당,서울특별시 서초구 내곡동,1,서초구 내곡동 1-3026,37.464374,127.085411,무더위쉼터(시설명 일치),시설명,흐능날경로당,서울특별시 서초구 헌인릉1길 42 (내곡동)
경로당,서초구립 염곡 경로당,서울특별시 서초구 내곡동종합시설,1,서초구 염곡말길9,37.461946,127.051251,무더위쉼터(도로명주소 일치),도로명주소,서초50플러스센터1층,서울특별시 서초구 염곡말길 9 (내곡동종합시설)
주민센터,반포1동 주민센터,서울특별시 서초구 반포1동,1,서울특별시 서초구 사평대로 273,37.505121,127.013379,무더위쉼터(도로명주소 일치),도로명주소,서초스마트시니어센터시니어라운지,서울특별시 서초구 사평대로 273 (반포1동 주민센터)
주민센터,반포2동 주민센터,서울특별시 서초구 반포2동주민센터,1,서울특별시 서초구 신반포로 127,37.504432,126.998252,무더위쉼터(도로명주소 일치),도로명주소,반포느티나무쉼터시니어라운지,서울특별시 서초구 신반포로 127 (반포2동주민센터)
경로당,서초구립 반포2동 경로당,서울특별시 서초구 반포동,1,서초구 신반포로15길28,37.505098,126.9948882,무더위쉼터(도로명주소 일치),도로명주소,반포2동경로당시니어라운지,서울특별시 서초구 신반포로15길 28  (반포동)
경로당,서초구립 반포4동 경로당,서울특별시 서초구 반포동,1,서초구 사평대로26길9-14,37.4996293,126.9994709,무더위쉼터(도로명주소 일치),도로명주소,반포4동경로당,서울특별시 서초구 사평대로26길 9-14 (반포동)
경로당,서초구립 반포복지관 경로당,서울특별시 서초구 반포동,1,"서초구 사평대로55길90, 3층",37.5078854,127.0212731,무더위쉼터(도로명주소 일치),도로명주소,반포1동경로당시니어라운지,서울특별시 서초구 사평대로55길 90  (반포동)
주민센터,반포4동 주민센터,서울특별시 서초구 반포동,1,서울특별시 서초구 사평대로28길 70,37.4974546,127.0003062,무더위쉼터(도로명주소 일치),도로명주소,반포4동주민센터,서울특별시 서초구 사평대로28길 70 (반포동)
주민센터,반포본동 주민센터,서울특별시 서초구 반포동,1,서울특별시 서초구 신반포로3길 8,37.502103,126.986947,무더위쉼터(도로명주소 일치),도로명주소,반포디에이치클래스트금빛공인중개사사무소쉼터,서울특별시 서초구 신반포로3길 8 (반포프라자)
경로당,방배브라운 경로당,서울특별시 서초구 방배 브라운가 아파트 102동,1,서초구 방배로19길67,37.483534,126.992007,무더위쉼터(도로명주소 일치),도로명주소,방배브라운경로당,서울특별시 서초구 방배로19길 67 (방배 브라운가 아파트 102동)
경로당,남태령 경로당,서울특별시 서초구 방배동,1,서초구 전원말안길2,37.466351,126.989143,무더위쉼터(도로명주소 일치),도로명주소,남태령경로당,서울특별시 서초구 전원말안길 2 (마을회관)
경로당,대우효령아파트 경로당,서울특별시 서초구 방배동,1,서초구 효령로84,37.479549,126.993799,무더위쉼터(도로명주소 일치),도로명주소,대우효령아파트경로당,서울특별시 서초구 효령로 84 (대우효령아파트 방배대우효령노인정)
경로당,롯데캐슬헤론 경로당,서울특별시 서초구 방배동,1,서초구 동광로1길 112,37.49695,126.984519,무더위쉼터(도로명주소 일치),도로명주소,롯데캐슬헤론아파트경로당,서울특별시 서초구 동광로1길 112 (롯데캐슬헤론)
경로당,방배1차현대아파트 경로당,서울특별시 서초구 방배동,1,서초구 서초대로1길30,37.488353,126.983886,무더위쉼터(도로명주소 일치),도로명주소,방배1차현대아파트경로당,서울특별시 서초구 서초대로1길 30 (방배1차현대아파트 부대복리시설)
경로당,방배2차현대홈타운 경로당,서울특별시 서초구 방배동,1,서초구 서초대로1길34,37.490242,126.983982,무더위쉼터(도로명주소 일치),도로명주소,방배2차현대홈타운경로당,서울특별시 서초구 서초대로1길 34 (방배2차현대홈타운 상가)
경로당,방배래미안아파트 경로당,서울특별시 서초구 방배동,1,서초구 방배선행길2,37.472644,126.983982,무더위쉼터(도로명주소 일치),도로명주소,방배래미안경로당,서울특별시 서초구 방배선행길 2 (방배래미안아파트 관리.노인정)
경로당,서초구립 기녕당,서울특별시 서초구 방배동,1,서초구 방배중앙로159-6,37.493331,126.9859304,무더위쉼터(도로명주소 일치),도로명주소,서초구립기녕당경로당,서울특별시 서초구 방배중앙로 159-6
경로당,서초구립 방배1동제1 경로당,서울특별시 서초구 방배동,1,서초구 서초대로114-8,37.4875575,126.9947133,무더위쉼터(도로명주소 일치),도로명주소,방배1동제1경로당,서울특별시 서초구 서초대로 114-8 (방배동)
경로당,서초구립 방배2동제2 경로당,서울특별시 서초구 방배동,1,서초구 방배천로16길5,37.4822446,126.9830826,무더위쉼터(도로명주소 일치),도로명주소,방배2동제2경로당,서울특별시 서초구 방배천로16길 5 (방배동)
경로당,서초구립 방배4동 경로당,서울특별시 서초구 방배동,1,서초구 방배중앙로19길4,37.4899572,126.9869113,무더위쉼터(도로명주소 일치),도로명주소,방배4동경로당,서울특별시 서초구 방배중앙로19길 4 (방배동)
경로당,소정회 경로당,서울특별시 서초구 방배동,1,서초구 방배로15길 56,37.483285,126.992846,무더위쉼터(도로명주소 일치),도로명주소,소정회경로당,서울특별시 서초구 방배로15길 56
주민센터,방배1동 주민센터,서울특별시 서초구 방배동,1,서울특별시 서초구 효령로29길 43,37.4833701,126.9945046,무더위쉼터(도로명주소 일치),도로명주소,방배1동주민센터,서울특별시 서초구 효령로29길 43 (방배동)
주민센터,방배2동 주민센터,서울특별시 서초구 방배동,1,서울특별시 서초구 청두곶길 36,37.4797645,126.9855514,무더위쉼터(도로명주소 일치),도로명주소,방배2동주민센터,서울특별시 서초구 청두곶길 36 (방배동)
주민센터,방배본동 주민센터,서울특별시 서초구 방배동,1,서울특별시 서초구 동광로19길 38,37.4941178,126.9888264,무더위쉼터(도로명주소 일치),도로명주소,방배본동주민센터,서울특별시 서초구 동광로19길 38 (방배동)
주민센터/도서관(공공도서관),"방배3동 주민센터, 방배도서관",서울특별시 서초구 방배동,2,서울특별시 서초구 방배로 40,37.4784478,126.9999906,무더위쉼터(도로명주소 일치),도로명주소,방배3동주민센터,서울특별시 서초구 방배로 40 (방배동)
주민센터/보건소,"방배4동 주민센터, 서초방배지소",서울특별시 서초구 방배동,2,서울특별시 서초구 방배로 173,37.4889889,126.9922382,무더위쉼터(도로명주소 일치),도로명주소,방배4동주민센터,서울특별시 서초구 방배로 173 (방배동)
경로당,방배팔일경로당(81세대),서울특별시 서초구 방배에스에이치빌아파트 101동,1,서초구 과천대로 908,37.472065,126.983521,무더위쉼터(도로명주소 일치),도로명주소,방배팔일경로당,서울특별시 서초구 과천대로 908 (방배에스에이치빌아파트 101동)
경로당,(방배)우성아파트 경로당,서울특별시 서초구 방배우성아파트 관리동,1,서초구 방배선행길1,37.474262,126.983231,무더위쉼터(도로명주소 일치),도로명주소,방배우성아파트경로당,서울특별시 서초구 방배선행길 1 (방배우성아파트 관리동)
경로당,서초네이처힐6단지아파트 경로당,서울특별시 서초구 서초네이처힐6단지 603동,1,서초구 태봉로2길30,37.461378,127.026544,무더위쉼터(도로명주소 일치),도로명주소,서초네이처힐6단지아파트경로당,서울특별시 서초구 태봉로2길 30 (서초네이처힐6단지 603동)
경로당,서초네이처힐7단지아파트  경로당,서울특별시 서초구 서초네이처힐7단지 701동,1,서초구 태봉로2길10,37.461847,127.023153,무더위쉼터(도로명주소 일치),도로명주소,서초네이처힐7단지아파트경로당,서울특별시 서초구 태봉로2길 10 (서초네이처힐7단지 701동)
경로당,래미안리더스원 시니어스클럽,서울특별시 서초구 서초동,1,서초구 서운로 62,37.4914768,127.0285177,무더위쉼터(도로명주소 일치),도로명주소,서초청소년도서관,"서울특별시 서초구 서운로 62 (서초동, 래미안 리더스원)"
경로당,서초2차e편한세상 경로당,서울특별시 서초구 서초동,1,서초구 효령로49길57,37.486241,127.009077,무더위쉼터(도로명주소 일치),도로명주소,서초2차e편한세상경로당,서울특별시 서초구 효령로49길 57 (서초2차이편한세상 경비실)
경로당,서초구립 명달 경로당,서울특별시 서초구 서초동,1,서초구 서운로23길17,37.4985307,127.0209822,무더위쉼터(도로명주소 일치),도로명주소,명달경로당,서울특별시 서초구 서운로23길 17 (서초동)
경로당,서초구립 서초1동 경로당,서울특별시 서초구 서초동,1,서초구 효령로68길49-3,37.485434,127.02249,무더위쉼터(도로명주소 일치),도로명주소,서초1동경로당,서울특별시 서초구 효령로68길 49-3
경로당,서초구립 서초2동 경로당,서울특별시 서초구 서초동,1,서초구 강남대로45길17-2,37.4879585,127.0308916,무더위쉼터(도로명주소 일치),도로명주소,서초2동경로당,서울특별시 서초구 강남대로45길 17-2 (서초동)
경로당,서초구립 서초3동 경로당,서울특별시 서초구 서초동,1,서초구 반포대로1길53-3,37.4828153,127.0108796,무더위쉼터(도로명주소 일치),도로명주소,서초느티나무쉼터,서울특별시 서초구 반포대로1길 53-3
경로당,서초구립 예술의마을 경로당,서울특별시 서초구 서초동,1,서초구 남부순환로323길44-15,37.4832552,127.0144764,무더위쉼터(도로명주소 일치),도로명주소,예술의마을경로당,서울특별시 서초구 남부순환로323길 44-15 (서초동)
경로당,서초구립 장안 경로당,서울특별시 서초구 서초동,1,서초구 서초대로55길13,37.4959159,127.0153395,무더위쉼터(도로명주소 일치),도로명주소,장안경로당,서울특별시 서초구 서초대로55길 13 (서초동)
경로당,서초구립하명달 경로당,서울특별시 서초구 서초동,1,서초구 반포대로 23길 51-6,37.4885833,127.0057763,무더위쉼터(도로명주소 일치),도로명주소,서초구립하명달경로당,서울특별시 서초구 반포대로23길 51-6 (서초동)
보건소,서초구보건소,서울특별시 서초구 서초동,1,"서울특별시 서초구 남부순환로 2584 (서초동, 서초구청, 서초구의회), 보건소 서초구 보건소",37.483634,127.0326671,무더위쉼터(도로명주소 일치),도로명주소,서초구청1층,서울특별시 서초구 남부순환로 2584 (서초동)
주민센터,서초1동 주민센터,서울특별시 서초구 서초동,1,서울특별시 서초구 사임당로 89,37.49014,127.019443,무더위쉼터(도로명주소 일치),도로명주소,서초1동주민센터,서울특별시 서초구 사임당로 89
주민센터,서초3동 주민센터,서울특별시 서초구 서초동,1,서울특별시 서초구 반포대로 34,37.4836596,127.0120409,무더위쉼터(도로명주소 일치),도로명주소,서초3동주민센터,서울특별시 서초구 반포대로 34 (서초동)
주민센터,서초4동 주민센터,서울특별시 서초구 서초동,1,서울특별시 서초구 서운로26길 3,37.5026915,127.0221797,무더위쉼터(도로명주소 일치),도로명주소,서초4동주민센터,서울특별시 서초구 서운로26길 3 (서초동)
주민센터/도서관(공공도서관),"서초2동 주민센터, 서이도서관",서울특별시 서초구 서초동,2,서울특별시 서초구 서초대로70길 51,37.4920493,127.0249316,무더위쉼터(도로명주소 일치),도로명주소,서초2동주민센터,서울특별시 서초구 서초대로70길 51 (서초동)
경로당,서초한신플러스타운 경로당,서울특별시 서초구 서초동한신아파트,1,서초구 남부순환로323길38-15,37.482878,127.014216,무더위쉼터(도로명주소 일치),도로명주소,서초한신플러스타운경로당,서울특별시 서초구 남부순환로323길 38-15 (서초동한신아파트 경비실)
경로당,서초포레스타3단지(아) 경로당,서울특별시 서초구 서초포레스타3단지 301동,1,서초구 헌릉로8길22,37.454769,127.059159,무더위쉼터(도로명주소 일치),도로명주소,서초포레스타3단지(아)경로당,서울특별시 서초구 헌릉로8길 22 (서초포레스타3단지 301동)
경로당,서초포레스타6단지(아) 경로당,서울특별시 서초구 서초포레스타6단지 601동,1,서초구 청계산로9길 1-12,37.449898,127.055715,무더위쉼터(도로명주소 일치),도로명주소,서초포레스타6단지(아)경로당,서울특별시 서초구 청계산로9길 1-12 (서초포레스타6단지 601동)
경로당,서초포레스타7단지(아) 경로당,서울특별시 서초구 서초포레스타7단지 701동,1,서초구 청계산로 11길7-12,37.44845,127.056842,무더위쉼터(도로명주소 일치),도로명주소,서초포레스타7단지(아)경로당,서울특별시 서초구 청계산로11길 7-12 (서초포레스타7단지 701동)
경로당,서초한빛삼성아파트 경로당,서울특별시 서초구 서초한빛삼성아파트 노인정/관리사무소동,1,서초구 서초대로40길72,37.488157,127.007993,무더위쉼터(도로명주소 일치),도로명주소,서초한빛삼성아파트경로당,서울특별시 서초구 서초대로40길 72 (서초한빛삼성아파트 노인정/관리사무소동)
경로당,서초호반써밋 경로당,서울특별시 서초구 서초호반써밋 102동,1,서초구 양재대로2길 109,37.456532,127.013154,무더위쉼터(도로명주소 일치),도로명주소,서초호반써밋경로당,서울특별시 서초구 양재대로2길 109 (서초호반써밋 102동)
경로당,새쟁이마을 경로당,서울특별시 서초구 신원동,1,서초구 신원동 22-2,37.435046,127.069863,무더위쉼터(시설명 일치),시설명,새쟁이마을경로당,
경로당,서초구립 본마을 경로당,서울특별시 서초구 신원동,1,서초구 본마을2길2,37.4544459,127.0534524,무더위쉼터(도로명주소 일치),도로명주소,본마을경로당,서울특별시 서초구 본마을2길 2 (신원동)
경로당,서초구립 청룡마을 경로당,서울특별시 서초구 신원동,1,서초구 청룡마을4길 15,37.4474232,127.0580006,무더위쉼터(도로명주소 일치),도로명주소,청룡마을경로당,서울특별시 서초구 청룡마을4길 15
주민센터,내곡동 주민센터,서울특별시 서초구 신원동,1,서울특별시 서초구  청계산로 15길 77,37.4493013,127.0583117,무더위쉼터(도로명주소 일치),도로명주소,내곡동주민센터,서울특별시 서초구 청계산로15길 77 (신원동)
경로당,서초구립 동산마을 경로당,서울특별시 서초구 양재동,1,서초구 동산로12길8,37.4713541,127.0450651,무더위쉼터(도로명주소 일치),도로명주소,동산마을경로당,서울특별시 서초구 동산로12길 8 (양재동)
경로당,서초구립 말죽거리 경로당,서울특별시 서초구 양재동,1,서초구 바우뫼로41길72-9,37.4838555,127.040532,무더위쉼터(도로명주소 일치),도로명주소,양재느티나무쉼터,서울특별시 서초구 바우뫼로41길 72-9
경로당,서초구립 잔디마을 경로당,서울특별시 서초구 양재동,1,서초구 매헌로6길58,37.4662508,127.0355057,무더위쉼터(도로명주소 일치),도로명주소,잔디마을경로당,서울특별시 서초구 매헌로6길 58 (양재동)
주민센터,양재2동 주민센터,서울특별시 서초구 양재동,1,서울특별시 서초구 강남대로12길 44,37.470657,127.0412121,무더위쉼터(도로명주소 일치),도로명주소,양재2동주민센터,서울특별시 서초구 강남대로12길 44 (양재동)
경로당,양재리본타워1단지아파트 경로당,서울특별시 서초구 양재리본타워1단지 102동,1,서초구 바우뫼로18길 20,37.473206,127.032552,무더위쉼터(도로명주소 일치),도로명주소,양재리본타워1단지아파트경로당,서울특별시 서초구 바우뫼로18길 20 (양재리본타워1단지 102동)
경로당,양재리본타워2단지아파트 경로당,서울특별시 서초구 양재리본타워2단지 202동,1,서초구 매헌로16길 40,37.464853,127.036157,무더위쉼터(도로명주소 일치),도로명주소,양재리본타워2단지아파트경로당,서울특별시 서초구 매헌로16길 40 (양재리본타워2단지 202동)
경로당,LH서초3단지아파트경로당,서울특별시 서초구 엘에이치서초3단지 301동,1,서초구 양재대로2길 34,37.458585,127.02208,무더위쉼터(도로명주소 일치),도로명주소,LH서초3단지아파트경로당,서울특별시 서초구 양재대로2길 34 (엘에이치서초3단지 301동)
경로당,탑성마을 경로당,서울특별시 서초구 염곡동,1,서초구 탑성말길6,37.458168,127.056402,무더위쉼터(도로명주소 일치),도로명주소,탑성마을경로당,서울특별시 서초구 탑성말길 6
경로당,서초구립 송동마을 경로당,서울특별시 서초구 우면동,1,서초구 송동길27,37.4601697,127.0171256,무더위쉼터(도로명주소 일치),도로명주소,서초구립송동마을경로당,서울특별시 서초구 송동길 27 (우면동)
경로당,서초구립 암산 경로당,서울특별시 서초구 우면동,1,서초구 바우뫼로7길84,37.4735552,127.0244818,무더위쉼터(도로명주소 일치),도로명주소,서초구립암산경로당,서울특별시 서초구 바우뫼로7길 84 (우면동)
경로당,서초구립 우면동 경로당,서울특별시 서초구 우면동,1,서초구 바우뫼로4길6,37.4694165,127.025483,무더위쉼터(도로명주소 일치),도로명주소,서초구립우면동경로당,서울특별시 서초구 바우뫼로4길 6 (우면동)
경로당,서초구립 우면주공아파트 경로당,서울특별시 서초구 우면동,1,서초구 바우뫼로7길11,37.4702685,127.0242356,무더위쉼터(도로명주소 일치),도로명주소,서초구립우면주공아파트경로당,"서울특별시 서초구 바우뫼로7길 11 (우면동, 우면주공아파트)"
경로당,서초네이처힐1단지아파트 경로당,서울특별시 서초구 우면동,1,서초구 형촌길35,37.463695,127.02001,무더위쉼터(도로명주소 일치),도로명주소,서초네이처힐1단지아파트경로당,서울특별시 서초구 형촌길 35 (서초네이처힐1단지)
경로당,서초힐스경로당,서울특별시 서초구 우면동,1,서초구 양재대로2길 90,37.456361,127.016797,무더위쉼터(도로명주소 일치),도로명주소,골드힐스공인중개사사무소쉼터,서울특별시 서초구 양재대로2길 90 (서초힐스)
경로당,식유촌 경로당,서울특별시 서초구 우면동,1,서초구 우면동 610-5,37.457648,127.012666,무더위쉼터(시설명 일치),시설명,식유촌경로당,
경로당,호반써밋서초파크아파트 경로당,서울특별시 서초구 우면동,1,서초구 양재대로 2길 33,37.458156,127.02304,무더위쉼터(도로명주소 일치),도로명주소,호반써밋공인중개사사무소,서울특별시 서초구 양재대로2길 33 (호반써밋서초파크)
경로당,호반써밋파크뷰아파트 경로당,서울특별시 서초구 우면동,1,서초구 양재대로2길 11,37.458926,127.025138,무더위쉼터(도로명주소 일치),도로명주소,호반써밋서초파크뷰아파트경로당,서울특별시 서초구 양재대로2길 11 (호반써밋서초파크뷰 주민복지관1)
주민센터,양재1동 주민센터,서울특별시 서초구 우면동,1,서울특별시 서초구 바우뫼로 41,37.4716377,127.0266883,무더위쉼터(도로명주소 일치),도로명주소,양재1동주민센터,서울특별시 서초구 바우뫼로 41 (우면동)
경로당,서초구립 새원마을 경로당,서울특별시 서초구 원지동,1,서초구 새원3길 8,37.4538968,127.0499728,무더위쉼터(도로명주소 일치),도로명주소,서초구립새원마을경로당,서울특별시 서초구 새원3길 8 (원지동)
경로당,원지 경로당,서울특별시 서초구 원지동,1,서초구 원지동 589,37.442979,127.057642,무더위쉼터(시설명 일치),시설명,원지경로당,
경로당,서초구립 반포3동 경로당,서울특별시 서초구 잠원동,1,서초구 신반포로23길48,37.5093407,127.0035705,무더위쉼터(도로명주소 일치),도로명주소,반포3동경로당시니어라운지,서울특별시 서초구 신반포로23길 48  (잠원동)
경로당,서초구립 잠원동 경로당,서울특별시 서초구 잠원동,1,서초구 강남대로107길24,37.5178786,127.0173141,무더위쉼터(도로명주소 일치),도로명주소,잠원동경로당,서울특별시 서초구 강남대로107길 24 (잠원동)
경로당,서초구립 주흥경로당,서울특별시 서초구 잠원동,1,"서초구 신반포로41길 30, 201호",37.5111596,127.0166064,무더위쉼터(도로명주소 일치),도로명주소,서초구립주흥경로당,서울특별시 서초구 신반포로41길 30 (잠원동)
주민센터,반포3동 주민센터,서울특별시 서초구 잠원동,1,서울특별시 서초구 신반포로23길 78,37.5120789,127.0055541,무더위쉼터(도로명주소 일치),도로명주소,반포3동주민센터,서울특별시 서초구 신반포로23길 78 (잠원동)
주민센터/도서관(공공도서관),"잠원동 주민센터, 잠원도서관",서울특별시 서초구 잠원동,2,서울특별시 서초구 나루터로 38,37.5149576,127.0139641,무더위쉼터(도로명주소 일치),도로명주소,잠원동주민센터,서울특별시 서초구 나루터로 38 (잠원동)
경로당,현대동궁아파트 경로당,서울특별시 서초구 현대동궁아파트,1,서초구 사평대로154,37.500415,127.002125,무더위쉼터(도로명주소 일치),도로명주소,현대동궁아파트경로당,서울특별시 서초구 사평대로 154 (현대동궁아파트)
도서관(공공도서관),성동구립도서관,서울특별시 성동구,1,서울특별시 성동구 행당동 고산자로10길 9 성동문화정보센터,37.5591787,127.0349587,전국도서관표준데이터,시설명,성동구립도서관,서울특별시 성동구 고산자로10길 9
도서관(공공도서관),성동구립성수도서관,서울특별시 성동구,1,서울특별시 성동구 뚝섬로 1길 43 성수문화복지회관 7층,37.5454289,127.0469471,전국도서관표준데이터,도로명주소,성수도서관,서울특별시 성동구 뚝섬로1길 43 (성수문화복지회관)
도서관(공공도서관),성동구립숲속도서관,서울특별시 성동구,1,서울특별시 성동구 매봉길 49-29 성동구립숲속도서관,37.545907,127.0108117,전국도서관표준데이터,도로명주소,매봉산숲속도서관,서울특별시 성동구 매봉길 49-29
도서관(공공도서관),성수2가제3동작은도서관,서울특별시 성동구,1,서울특별시 성동구 성수동2가 광나루로2길 35 성수2가제3동주민센터,37.548222,127.0552459,전국도서관표준데이터,도로명주소,성삼경로당,서울특별시 성동구 성수동2가 광나루로2길  35   (성수동2가)
도서관(공공도서관),송정동늘푸른작은도서관,서울특별시 성동구,1,서울특별시 성동구 송정동 송정14길 19 송정동주민자치센터,37.5510118,127.068522,전국도서관표준데이터,시설명,송정동늘푸른작은도서관,서울특별시 성동구 송정18가길 9 (송정동)
도서관(공공도서관),옥수동북카페,서울특별시 성동구,1,서울특별시 성동구 독서당로 203,37.543671,127.013486,전국도서관표준데이터,도로명주소,옥수동주민센터,서울특별시 성동구 독서당로 203 (옥수동)
경로당,서울숲더샵 실버문화센터,서울특별시 성동구 102동,1,왕십리로 241(102동 4F),37.556553,127.039998,무더위쉼터(도로명주소 일치),도로명주소,서울숲더샵실버문화센터경로당,서울특별시 성동구 왕십리로 241 (서울숲 더샵 101동)
경로당,e편한세상 금호파크힐스경로당,서울특별시 성동구 금호1가동,1,"금호로 140(금호1가동, e편한세상금호파크힐스아파트) 104동 옆",37.554938,127.022933,무더위쉼터(시설명 일치),시설명,e편한세상금호파크힐스경로당,서울특별시 성동구 금호로 140 (이편한세상금호파크힐스 109동)
경로당,금난경로당,서울특별시 성동구 금호1가동,1,독서당로51길 10(금호1가동),37.5488518,127.026439,무더위쉼터(도로명주소 일치),도로명주소,금난경로당,서울특별시 성동구 독서당로51길 10 (금호동1가)
경로당,금일경로당,서울특별시 성동구 금호1가동,1,금호로 172-1 대현경로복지관 금일경로당(금호1가동),37.5570323,127.02232,무더위쉼터(도로명주소 일치),도로명주소,금일경로당,서울특별시 성동구 금호로 172-1
경로당,금호벽산(아)제1 경로당,서울특별시 성동구 금호1가동,1,"금호로 102(금호1가동, 금호벽산아파트) 관리사무소 4층",37.552182,127.027118,무더위쉼터(도로명주소 일치),도로명주소,금호벽산(아)제1경로당,서울특별시 성동구 금호로 102 (벽산아파트 상가동)
경로당,금호벽산(아)제2 경로당,서울특별시 성동구 금호1가동,1,"금호로 100(금호1가동, 금호벽산아파트) 505동 옆",37.553985,127.026302,무더위쉼터(시설명 일치),시설명,금호벽산(아)제2경로당,서울특별시 성동구 금호로 100 (벽산아파트 502동)
경로당,금호삼성래미안(아) 경로당,서울특별시 성동구 금호1가동,1,"독서당로 343(금호1가동, 금호삼성래미안아파트)",37.549213,127.02789,무더위쉼터(도로명주소 일치),도로명주소,금호삼성래미안(아)경로당,서울특별시 성동구 독서당로 343 (금호 삼성래미안 아파트 302동)
경로당,금호파크힐스(아) 제2경로당,서울특별시 성동구 금호1가동,1,"금호로 110(금호1가동, 117동) 117동 1층",37.553015,127.024543,무더위쉼터(시설명 일치),시설명,금호파크힐스(아)제2경로당,서울특별시 성동구 금호로 110 (이편한세상금호파크힐스 117동)
경로당,효사랑(두산위브) 경로당,서울특별시 성동구 금호1가동,1,"행당로 27(금호1가동, 신금호두산위브아파트) 103동 1층",37.555984,127.022343,무더위쉼터(시설명 일치),시설명,효사랑(두산위브)경로당,서울특별시 성동구 행당로 27 (신금호두산위브 103동)
경로당,금남경로당,서울특별시 성동구 금호2,1,"금호산길 5-15(금호2,3가동)",37.5492663,127.018968,무더위쉼터(도로명주소 일치),도로명주소,금남경로당,서울특별시 성동구 금호산길 5-15
경로당,금북경로당,서울특별시 성동구 금호2,1,"무수막길 87-4(금호2,3가동)",37.553645,127.020101,무더위쉼터(도로명주소 일치),도로명주소,금북경로당,서울특별시 성동구 무수막길 87-4 (금복노인정)
경로당,금호1차푸르지오 경로당,서울특별시 성동구 금호2,1,"금호산8길 5(금호2,3가동, 금호1차푸르지오아파트) 아파트 입구 관리사무소 1층",37.550634,127.020863,무더위쉼터(시설명 일치),시설명,금호1차푸르지오경로당,서울특별시 성동구 금호산8길 5 (금호1차푸르지오아파트 101동)
경로당,금호3가경로당,서울특별시 성동구 금호2,1,"장터3길 1, 2층, 3층(금호2,3가동)",37.548495,127.019857,무더위쉼터(도로명주소 일치),도로명주소,금호3가경로당,서울특별시 성동구 장터3길 1
경로당,금호자이1차경로당,서울특별시 성동구 금호2,1,"금호로 117(금호2,3가동, 금호자이1차아파트) 구립 어린이집 옆",37.552998,127.022193,무더위쉼터(시설명 일치),시설명,금호자이1차경로당,서울특별시 성동구 금호로 117 (금호자이1차 101동)
경로당,금호자이2차경로당,서울특별시 성동구 금호2,1,"금호산8길 14(금호2,3가동, 금호자이2차아파트) 관리사무소 1층",37.550328,127.022054,무더위쉼터(도로명주소 일치),도로명주소,금호자이2차경로당,서울특별시 성동구 금호산8길 14 (금호자이2차 106동)
경로당,금호하이리버(아) 경로당,서울특별시 성동구 금호2,1,"금호로 107(금호2,3가동, 래미안하이리버아파트) 커뮤니티센터 지하 1층",37.551408,127.024543,무더위쉼터(도로명주소 일치),도로명주소,금호하이리버(아)경로당,서울특별시 성동구 금호로 107 (래미안하이리버 101동)
경로당,두산(아)경로당,서울특별시 성동구 금호2,1,"동호로 100(금호2,3가동, 두산아파트) 108동 옆 관리사무소 1층",37.549813,127.015469,무더위쉼터(시설명 일치),시설명,두산(아)경로당,서울특별시 성동구 동호로 100
경로당,신금호경로당,서울특별시 성동구 금호2,1,"무수막10길 4(금호2,3가동)",37.5516097,127.0219004,무더위쉼터(도로명주소 일치),도로명주소,신금호경로당,서울특별시 성동구 무수막10길 4 (금호동2가)
경로당,신금호파크자이(아) 경로당,서울특별시 성동구 금호2,1,"금호로 173(금호2,3,가동, 신금호파크자이) 관리사무소 1층",37.555839,127.018535,무더위쉼터(도로명주소 일치),도로명주소,신금호파크자이(아)경로당,서울특별시 성동구 금호로 173 (신금호파크자이 106동)
경로당,하이리버 2차(아) 경로당,서울특별시 성동구 금호2,1,"금호로 111(금호2,3가동, 하이리버아파트) 201동 1층",37.552105,127.023245,무더위쉼터(시설명 일치),시설명,하이리버2차(아)경로당,서울특별시 성동구 금호로 111 (하이리버 201동)
경로당,금강경로당,서울특별시 성동구 금호4가동,1,독서당로47가길 16-19(금호4가동),37.5476445,127.019092,무더위쉼터(도로명주소 일치),도로명주소,금강경로당,서울특별시 성동구  독서당로47가길  16-19
경로당,"금호대우제2(아) 경로당, 금호대우(아)경로당",서울특별시 성동구 금호4가동,2,"독서당로 272(금호4가동, 금호대우아파트) 임대관리사무소 지하1층",37.546296,127.019736,무더위쉼터(도로명주소 일치),도로명주소,금호대우(아)경로당,서울특별시 성동구 독서당로 272 (금호동 대우아파트 유치원)
경로당,금호롯데캐슬(아) 경로당,서울특별시 성동구 금호4가동,1,"동호로 84(금호4가동, 금호롯데캐슬아파트) 관리사무소 1층",37.546687,127.01685,무더위쉼터(도로명주소 일치),도로명주소,금호롯데캐슬(아)경로당,서울특별시 성동구 동호로 84 (롯데아파트 노인정 관리 사무소)
경로당,금호브라운스톤 경로당,서울특별시 성동구 금호4가동,1,"매봉길 24(금호4가동, 금호브라운스톤아파트) 101동 103동 사이",37.546585,127.016003,무더위쉼터(시설명 일치),시설명,금호브라운스톤경로당,서울특별시 성동구 매봉길 24 (브라운스톤금호 101동)
경로당,무쇠막경로당,서울특별시 성동구 금호4가동,1,"금호로3길 11(금호4가동, 서울숲2차푸르지오아파트) 212동 앞",37.547453,127.023942,무더위쉼터(시설명 일치),시설명,무쇠막경로당,서울특별시 성동구 금호로3길 11 (서울숲2차푸르지오 212동)
경로당,서울숲푸르지오(아) 경로당,서울특별시 성동구 금호4가동,1,"금호로 15(금호4가동, 서울숲푸르지오아파트) 서울숲미래연어린이집 1층",37.544798,127.022783,무더위쉼터(도로명주소 일치),도로명주소,서울숲푸르지오(아)경로당,서울특별시 성동구 금호로 15 (서울숲푸르지오아파트 103동)
경로당,서울숲푸르지오2차 경로당,서울특별시 성동구 금호4가동,1,"금호로 17(금호4가동, 서울숲푸르지오2차아파트)",37.546321,127.024521,무더위쉼터(도로명주소 일치),도로명주소,서울숲푸르지오2차경로당,서울특별시 성동구 금호로 17 (서울숲2차푸르지오 206동)
경로당,정우회경로당,서울특별시 성동구 금호4가동,1,금호로3길 18-60(금호4가동),37.5478147,127.024886,무더위쉼터(도로명주소 일치),도로명주소,정우회경로당,서울특별시 성동구 금호로3길 18-60
경로당,힐스테이트 서울숲리버경로당,서울특별시 성동구 금호4가동,1,"독서당로 344(금호4가동, 힐스테이트서울숲리버) 114동 옆 어린이집 건물 2층",37.547282,127.026667,무더위쉼터(시설명 일치),시설명,힐스테이트서울숲리버경로당,서울특별시 성동구 독서당로 344 (힐스테이트 서울숲리버 104동)
주민센터/도서관(공공도서관),"금호1가동 주민센터, 금호1가동우리동네북카페책단지꿀단지",서울특별시 성동구 금호동1가,2,서울특별시 성동구 행당로 15,37.5547709,127.021754,무더위쉼터(도로명주소 일치),도로명주소,금호1가동주민센터,서울특별시 성동구  행당로  15
주민센터,금호2-3가동 주민센터,서울특별시 성동구 금호동2가,1,서울특별시 성동구 무수막18길 1,37.5531853,127.020916,무더위쉼터(도로명주소 일치),도로명주소,금호2-3가동주민센터,서울특별시 성동구 무수막18길 1
주민센터,금호4가동 주민센터,서울특별시 성동구 금호동4가,1,서울특별시 성동구 독서당로46길 26,37.5471484,127.022351,무더위쉼터(도로명주소 일치),도로명주소,금호4가동주민센터,서울특별시 성동구  독서당로46길  26
경로당,센트라스(아)제1경로당,서울특별시 성동구 도선동,1,"왕십리로 410(도선동, 센트라스아파트) 123동 1층",37.567219,127.025549,무더위쉼터(시설명 일치),시설명,센트라스(아)제1경로당,서울특별시 성동구 왕십리로 410 (센트라스 101동)
경로당,마장제2경로당,서울특별시 성동구 마장동,1,마장로42길 13(마장동),37.56619,127.045636,무더위쉼터(도로명주소 일치),도로명주소,마장제2경로당,서울특별시 성동구 마장로42길 13 (동마장어린이공원)
경로당,마장제3경로당,서울특별시 성동구 마장동,1,무학로14가길 8-1(마장동),37.5676253,127.034016,무더위쉼터(도로명주소 일치),도로명주소,마장제3경로당,서울특별시 성동구 무학로14가길 8-1
경로당,마장제4경로당,서울특별시 성동구 마장동,1,고산자로 328(마장동),37.568669,127.037432,무더위쉼터(도로명주소 일치),도로명주소,마장제4경로당,서울특별시 성동구 고산자로 328
경로당,마장제6경로당,서울특별시 성동구 마장동,1,살곶이2가길 114(마장동),37.5638018,127.044416,무더위쉼터(도로명주소 일치),도로명주소,마장제6경로당,서울특별시 성동구 살곶이2가길 114
경로당,마장중앙하이츠(아) 경로당,서울특별시 성동구 마장동,1,"마장로 262(마장동, 마장중앙하이츠아파트) 관리사무소 1층",37.565466,127.039236,무더위쉼터(도로명주소 일치),도로명주소,왕십리중앙하이츠(아)경로당,서울특별시 성동구 마장로 262 (중앙하이츠아파트 102동)
경로당,삼성(아)경로당,서울특별시 성동구 마장동,1,"마장로 271(마장동, 삼성아파트) 관리사무소 1층",37.566011,127.040625,무더위쉼터(도로명주소 일치),도로명주소,왕십리삼성(아)경로당,서울특별시 성동구 마장로 271 (왕십리삼성아파트)
경로당,서마경로당,서울특별시 성동구 마장동,1,청계천로10나길 62-7(마장동),37.570144,127.0362478,무더위쉼터(시설명 일치),시설명,서마경로당,서울특별시 성동구 청계천로10나길 58 (마장동)
경로당,세림(아)경로당,서울특별시 성동구 마장동,1,"마장로42길 16(마장동, 세림아파트) 관리사무소 1층",37.564767,127.045817,무더위쉼터(도로명주소 일치),도로명주소,세림(아)경로당,서울특별시 성동구 마장로42길 16
경로당,왕좌경로당,서울특별시 성동구 마장동,1,청계천로10나길 40-5(마장동),37.5700126,127.035228,무더위쉼터(도로명주소 일치),도로명주소,왕좌경로당,서울특별시 성동구 청계천로10나길 40-5
경로당,일송경로당,서울특별시 성동구 마장동,1,"마조로15가길 23(마장동, 마장SH빌) 관리사무소 1층",37.564485,127.040124,무더위쉼터(도로명주소 일치),도로명주소,일송경로당,서울특별시 성동구 마조로15가길 23 (마장 에스에이치빌 101동)
경로당,정화경로당,서울특별시 성동구 마장동,1,마장로33길 29-5(마장동),37.568471,127.038457,무더위쉼터(도로명주소 일치),도로명주소,정화경로당,서울특별시 성동구 마장로33길 29-5
경로당,현대(아)경로당,서울특별시 성동구 마장동,1,"살곶이길 50(마장동, 현대아파트) 관리사무소 1층",37.550855,127.030342,무더위쉼터(시설명 일치),시설명,현대(아)경로당,서울특별시 성동구 독서당로 377 (금호현대아파트)
주민센터,마장동 주민센터,서울특별시 성동구 마장동,1,서울특별시 성동구 마장로42길 11,37.5663242,127.045289,무더위쉼터(도로명주소 일치),도로명주소,마장동주민센터,서울특별시 성동구 마장로42길 11
경로당,사근벽산(아)경로당,서울특별시 성동구 사근동,1,"살곶이길 176(사근동, 사근벽산아파트) 관리사무소 1층",37.560415,127.049603,무더위쉼터(도로명주소 일치),도로명주소,사근벽산(아)경로당,서울특별시 성동구 살곶이길 176 (사근동 벽산아파트 101동)
경로당,사근제1경로당,서울특별시 성동구 사근동,1,사근동12길 1(사근동),37.5609982,127.048409,무더위쉼터(도로명주소 일치),도로명주소,사근제1경로당,서울특별시 성동구  사근동12길  1   (사근동)
경로당,사근제2경로당,서울특별시 성동구 사근동,1,사근동11길 48(사근동),37.5643864,127.047065,무더위쉼터(도로명주소 일치),도로명주소,사근제2경로당,서울특별시 성동구  사근동11길  48   (사근동)
경로당,사근제3경로당,서울특별시 성동구 사근동,1,마조로 9길 2(사근동),37.561275,127.041115,무더위쉼터(도로명주소 일치),도로명주소,사근제3경로당,서울특별시 성동구 마조로9길 2
경로당,사근제4경로당,서울특별시 성동구 사근동,1,사근동길 72(사근동),37.5610789,127.0489342,무더위쉼터(도로명주소 일치),도로명주소,사근제4경로당,서울특별시 성동구 사근동길 72
경로당,사근제5경로당,서울특별시 성동구 사근동,1,"사근동길 20-18, 지하 101호",37.560364,127.043275,무더위쉼터(도로명주소 일치),도로명주소,사근제5경로당,서울특별시 성동구 사근동길 20-18
경로당,하이츠(아)경로당,서울특별시 성동구 사근동,1,"사근동길 67(사근동, 하이츠아파트) 관리사무소 1층",37.561835,127.048511,무더위쉼터(시설명 일치),시설명,하이츠(아)경로당,서울특별시 성동구 사근동길 65 (중앙하이츠아파트)
주민센터,사근동 주민센터,서울특별시 성동구 사근동,1,서울특별시 성동구 사근동길 37,37.561498,127.045311,무더위쉼터(도로명주소 일치),도로명주소,사근동주민센터,서울특별시 성동구 사근동길 37
경로당,미소경로당,서울특별시 성동구 상왕십리동,1,"마장로 137(상왕십리동, 텐즈힐) 202동 1층",37.570093,127.024038,무더위쉼터(시설명 일치),시설명,미소경로당,서울특별시 성동구 마장로 137 (텐즈힐 202동)
경로당,희망경로당,서울특별시 성동구 상왕십리동,1,"마장로 137(상왕십리동, 텐즈힐) 214동 1층",37.568966,127.025543,무더위쉼터(시설명 일치),시설명,희망경로당,"서울특별시 성동구 마장로 137 (텐즈힐 214동, 403동(상가))"
주민센터,왕십리도선동 주민센터,서울특별시 성동구 상왕십리동,1,서울특별시 성동구 마장로 141,37.5678769,127.0255475,무더위쉼터(도로명주소 일치),도로명주소,청계도서관,서울특별시 성동구 마장로 141
경로당,강변건영(아)경로당,서울특별시 성동구 성수1가1동,1,"왕십리로 36(성수1가1동, 강변건영아파트) 관리사무소 1층",37.540273,127.044917,무더위쉼터(도로명주소 일치),도로명주소,강변건영(아)경로당,서울특별시 성동구 왕십리로 36 (강변 건영아파트 101동)
경로당,구립새촌경로당,서울특별시 성동구 성수1가1동,1,성수일로3길 3-10(성수1가1동),37.5418702,127.048205,무더위쉼터(도로명주소 일치),도로명주소,구립새촌경로당,서울특별시 성동구 성수일로3길 3-10
경로당,대림로즈빌(아)경로당,서울특별시 성동구 성수1가1동,1,"뚝섬로 311(성수1가1동, 대림로즈빌아파트) 105동 1층",37.541728,127.046226,무더위쉼터(시설명 일치),시설명,대림로즈빌(아)경로당,서울특별시 성동구 뚝섬로 311
경로당,동아(아)경로당,서울특별시 성동구 성수1가1동,1,"왕십리로 80(성수1가1동, 동아아파트) 110동 옆",37.544662,127.045217,무더위쉼터(시설명 일치),시설명,동아(아)경로당,서울특별시 성동구 왕십리로 80 (동아아파트 13동)
경로당,새촌할머니경로당,서울특별시 성동구 성수1가1동,1,성수일로3길 5-16(성수1가1동),37.5418343,127.047933,무더위쉼터(도로명주소 일치),도로명주소,새촌할머니경로당,서울특별시 성동구  성수일로3길  5-16  (성수동1가)
경로당,서울숲실버문화센터,서울특별시 성동구 성수1가1동,1,"성동구 뚝섬로1길 2, 2층(성수1가1동)",37.5414476,127.045998,무더위쉼터(도로명주소 일치),도로명주소,서울숲실버문화센터경로당,서울특별시 성동구 뚝섬로1길 2
경로당,성수1가1동경로당,서울특별시 성동구 성수1가1동,1,성덕정9길 8-1(성수1가1동),37.538743,127.049957,무더위쉼터(도로명주소 일치),도로명주소,성수1가1동경로당,서울특별시 성동구 성덕정9길 8-1
경로당,성수금호3차(아)경로당,서울특별시 성동구 성수1가1동,1,"뚝섬로5길 17(성수1가1동, 성수금호3차아파트) 관리사무소 1층",37.54194,127.050346,무더위쉼터(도로명주소 일치),도로명주소,성수금호3차(아)경로당,서울특별시 성동구 뚝섬로5길 17 (성수3차금호베스트빌 303동)
경로당,성수현대그린(아)경로당,서울특별시 성동구 성수1가1동,1,"뚝섬로3길 8(성수1가1동, 성수현대그린아파트) 102동 1층",37.541013,127.04968,무더위쉼터(시설명 일치),시설명,성수현대그린(아)경로당,서울특별시 성동구 뚝섬로3길 8
경로당,한진타운(아)경로당,서울특별시 성동구 성수1가1동,1,"뚝섬로 310(성수1가1동, 한진타운아파트) 관리사무소 1층",37.540953,127.045582,무더위쉼터(도로명주소 일치),도로명주소,한진타운(아)경로당,"서울특별시 성동구 뚝섬로 310 (한진타운아파트 노인정,관리실)"
경로당,동아그린(아)경로당,서울특별시 성동구 성수1가2동,1,"상원길 76(성수1가2동, 동아그린아파트) 101동",37.551068,127.047921,무더위쉼터(시설명 일치),시설명,동아그린(아)경로당,서울특별시 성동구 상원길 76 (성수동동아그린아파트 101동)
경로당,상원경로당,서울특별시 성동구 성수1가2동,1,왕십리로16길 6(성수1가2동),37.5500614,127.045019,무더위쉼터(도로명주소 일치),도로명주소,상원경로당,서울특별시 성동구 왕십리로16길 6
경로당,서울숲경로당,서울특별시 성동구 성수1가2동,1,"왕십리로 101(성수1가2동, 5F~6F)",37.5466678,127.0443133,무더위쉼터(도로명주소 일치),도로명주소,서울숲경로당,서울특별시 성동구 왕십리로 101 (성수동1가)
경로당,성수대우2차(아)경로당,서울특별시 성동구 성수1가2동,1,"상원6길 16(성수1가2동, 성수대우2차아파트) 103동 옆",37.54838,127.050163,무더위쉼터(시설명 일치),시설명,성수대우2차(아)경로당,서울특별시 성동구 상원6길 14 (성수2차대우아파트 노인정)
경로당,성수쌍용(아)경로당,서울특별시 성동구 성수1가2동,1,"상원길 63(성수1가2동, 성수쌍용아파트) 105동 뒤",37.550166,127.047127,무더위쉼터(시설명 일치),시설명,성수쌍용(아)경로당,서울특별시 성동구 상원길 63 (쌍용아파트 노인정)
경로당,성원경로당,서울특별시 성동구 성수1가2동,1,상원10길 21(성수1가2동),37.5501856,127.050043,무더위쉼터(시설명 일치),시설명,성원경로당,서울특별시 성동구 성수동1가 상원10길  21   (성수동1가)
경로당,한양현대(아)경로당,서울특별시 성동구 성수1가2동,1,"상원1길 17(성수1가2동, 한양현대아파트) 관리사무소 1층",37.545428,127.047942,무더위쉼터(도로명주소 일치),도로명주소,한양현대(아)경로당,"서울특별시 성동구 상원1길 17 (한양현대아파트 노인정, 관리실)"
경로당,강변임광(아)경로당,서울특별시 성동구 성수2가1동,1,"둘레19길 5(성수2가1동, 강변임광아파트) 관리사무소 1층",37.535143,127.056976,무더위쉼터(도로명주소 일치),도로명주소,강변임광(아)경로당,서울특별시 성동구 둘레19길 5 (강변임광아파트 101동)
경로당,강변현대(아)경로당,서울특별시 성동구 성수2가1동,1,둘레11길 1(성수2가1동) 관리사무소 1층,37.536317,127.051118,무더위쉼터(도로명주소 일치),도로명주소,강변현대(아)경로당,서울특별시 성동구 둘레11길 1 (강변현대아파트 102동)
경로당,두산위브(아)경로당,서울특별시 성동구 성수2가1동,1,"뚝섬로 434(성수2가1동, 두산위브아파트) 관리사무소 1층",37.537499,127.058102,무더위쉼터(도로명주소 일치),도로명주소,두산위브(아)경로당,서울특별시 성동구 뚝섬로 434 (성수동 두산위브 관리실)
경로당,뚝섬실버문화센터,서울특별시 성동구 성수2가1동,1,성수이로 2(성수2가1동),37.5353717,127.053643,무더위쉼터(도로명주소 일치),도로명주소,뚝섬실버문화센터경로당,서울특별시 성동구 성수이로 2
경로당,신성노바빌(아)경로당,서울특별시 성동구 성수2가1동,1,"뚝섬로13길 11(성수2가1동, 신성노바빌아파트) 관리사무소 1층",37.53926,127.057469,무더위쉼터(도로명주소 일치),도로명주소,신성노바빌(아)경로당,서울특별시 성동구 뚝섬로13길 11 (신성 노바빌 아파트 관리사무소)
경로당,정안경로당,서울특별시 성동구 성수2가1동,1,뚝섬로17길 12(성수2가1동),37.538469,127.060152,무더위쉼터(도로명주소 일치),도로명주소,정안경로당,서울특별시 성동구 뚝섬로17길 12
경로당,청구강변경로당,서울특별시 성동구 성수2가1동,1,"둘레15길 7(성수2가1동, 청구강변아파트) 관리사무소 2층",37.535279,127.054841,무더위쉼터(도로명주소 일치),도로명주소,청구강변경로당,서울특별시 성동구 둘레15길 7 (청구강변아파트 관리실)
경로당,한강한신(아)경로당,서울특별시 성동구 성수2가1동,1,"성수이로 3(성수2가1동, 한강한신아파트) 관리사무소 1층",37.535866,127.052717,무더위쉼터(도로명주소 일치),도로명주소,한강한신(아)경로당,서울특별시 성동구 성수이로 3 (한강한신아파트 관리사무소)
경로당,경동경로당,서울특별시 성동구 성수2가3동,1,연무장길 9-8(성수2가3동),37.544722,127.050399,무더위쉼터(도로명주소 일치),도로명주소,경동경로당,서울특별시 성동구 연무장길 9-8 (경동경로당)
경로당,경동할머니경로당,서울특별시 성동구 성수2가3동,1,연무장1길 14-1(성수2가3동),37.544458,127.050937,무더위쉼터(도로명주소 일치),도로명주소,경동할머니경로당,서울특별시 성동구 연무장1길 14-1
경로당,금강아미움경로당,서울특별시 성동구 성수2가3동,1,"아차산로9길 34(성수2가3동, 금강에스쁘아아파트) 관리사무소 1층",37.546627,127.059808,무더위쉼터(도로명주소 일치),도로명주소,금강아미움경로당,서울특별시 성동구 아차산로9길 34 (서울숲 금강아미움 노인정)
경로당,금호2차(아)경로당,서울특별시 성동구 성수2가3동,1,"연무장길 31-1(성수2가3동, 금호2차아파트) 관리사무소 1층",37.54365,127.053049,무더위쉼터(시설명 일치),시설명,금호2차(아)경로당,서울특별시 성동구 연무장길 31 (금호아파트 101동)
경로당,성수1차대우(아)경로당,서울특별시 성동구 성수2가3동,1,"동일로 143(성수2가3동, 성수1차대우아파트) 관리사무소 1층",37.545462,127.065162,무더위쉼터(도로명주소 일치),도로명주소,성수1차대우(아)경로당,서울특별시 성동구 동일로 143 (성수1차 대우아파트)
경로당,성수2차 우방(아) 경로당,서울특별시 성동구 성수2가3동,1,"성수일로10길 3(성수2가3동, 성수2차우방아파트) 관리사무소 1층",37.548329,127.052116,무더위쉼터(도로명주소 일치),도로명주소,성수2차우방(아)경로당,서울특별시 성동구 성수일로10길 3 (성수동2차우방아파트 관리사무소)
경로당,성수롯데캐슬파크아파트 경로당,서울특별시 성동구 성수2가3동,1,"성수일로8길 47(성수2가3동, 성수롯데캐슬파크아파트) 관리사무소 1층",37.546015,127.056043,무더위쉼터(도로명주소 일치),도로명주소,성수롯데캐슬파크(아)경로당,"서울특별시 성동구 성수일로8길 47 (성수동 롯데캐슬파크 관리사무소,노인정,보육시설)"
경로당,성수아이파크(아) 경로당,서울특별시 성동구 성수2가3동,1,"성수이로 137(성수2가3동, 성수아이파크아파트) 관리사무소 1층",37.547818,127.056397,무더위쉼터(도로명주소 일치),도로명주소,성수아이파크(아)경로당,서울특별시 성동구 성수이로 137 (성수동아이파크 110동)
경로당/주민센터,"성삼경로당, 성수2가제3동 주민센터",서울특별시 성동구 성수2가3동,2,광나루로2길 35(성수2가3동) 동주민센터 3층,37.5482283,127.055112,무더위쉼터(도로명주소 일치),도로명주소,성수2가3동주민센터,서울특별시 성동구 광나루로2길 35
경로당,중앙경로당,서울특별시 성동구 성수동1가,1,둘레9가길 23 상록연립 나동 201호,37.5373399,127.0498815,무더위쉼터(도로명주소 일치),도로명주소,중앙경로당,"서울특별시 성동구 둘레9가길 23 (성수동1가, 상록연립)"
주민센터,성수1가제2동 주민센터,서울특별시 성동구 성수동1가,1,서울특별시 성동구 왕십리로5길 3,37.5462344,127.0443268,무더위쉼터(도로명주소 일치),도로명주소,성수1가2동노인복지관,서울특별시 성동구 왕십리로5길 3
주민센터/도서관(공공도서관),"성수1가제1동 주민센터, 성수1가제1동작은도서관",서울특별시 성동구 성수동1가,2,서울특별시 성동구 뚝섬로3길 18,37.5419777,127.049631,무더위쉼터(도로명주소 일치),도로명주소,성수1가1동주민센터,서울특별시 성동구 뚝섬로3길 18
경로당,성실경로당,서울특별시 성동구 성수동2가,1,광나루로 240-17 반지층 2호,37.5488517,127.0562468,무더위쉼터(도로명주소 일치),도로명주소,성실경로당,서울특별시 성동구 광나루로 240-17
주민센터,성수2가제1동 주민센터,서울특별시 성동구 성수동2가,1,서울특별시 성동구 뚝섬로 385-19,37.5395071,127.054065,무더위쉼터(도로명주소 일치),도로명주소,성수2가1동주민센터,서울특별시 성동구 뚝섬로 385-19
경로당,새말경로당,서울특별시 성동구 송정동,1,동일로55가길 9(송정동),37.5569142,127.071574,무더위쉼터(도로명주소 일치),도로명주소,새말경로당,서울특별시 성동구  동일로55가길  9   (송정동)
경로당,송일경로당,서울특별시 성동구 송정동,1,동일로43길 15-22(송정동),37.5551404,127.069535,무더위쉼터(도로명주소 일치),도로명주소,송일경로당,서울특별시 성동구 동일로43길 15-22
경로당,송정동건영(아)경로당,서울특별시 성동구 송정동,1,"동일로 263(송정동, 건영아파트) 101동 옆",37.556086,127.070945,무더위쉼터(시설명 일치),시설명,송정동건영(아)경로당,서울특별시 성동구 동일로 263 (송정동 건영아파트 101동)
경로당,송정동아이파크경로당,서울특별시 성동구 송정동,1,"동일로 237(송정동, 송정동아이파크아파트) 104동 앞",37.552505,127.069175,무더위쉼터(시설명 일치),시설명,송정동아이파크경로당,서울특별시 성동구 동일로 237 (서울숲아이파크 104동)
경로당,송현경로당,서울특별시 성동구 송정동,1,송정12나길 15(송정동),37.550364,127.066437,무더위쉼터(도로명주소 일치),도로명주소,송현경로당,서울특별시 성동구 송정12나길 15
주민센터,송정동 주민센터,서울특별시 성동구 송정동,1,서울특별시 성동구 송정18가길 9,37.5532834,127.0684612,무더위쉼터(도로명주소 일치),도로명주소,송정동노인복지관,서울특별시 성동구 송정18가길 9 (송정동)
경로당,극동(아)경로당,서울특별시 성동구 옥수동,1,"독서당로 191(옥수동, 극동아파트) 2동 옆",37.544195,127.011614,무더위쉼터(시설명 일치),시설명,극동(아)경로당,"서울특별시 성동구 독서당로 191 (옥수동극동아파트 노인정,관리사무실)"
경로당,극동그린(아) 경로당,서울특별시 성동구 옥수동,1,"독서당로 175(옥수동, 극동그린아파트) 관리사무소 3층",37.541702,127.009866,무더위쉼터(도로명주소 일치),도로명주소,극동그린(아)경로당,서울특별시 성동구 독서당로 175 (극동그린아파트 103동)
경로당,옥수리버젠 제1경로당,서울특별시 성동구 옥수동,1,"매봉길 15(옥수동, 옥수리버젠아파트)",37.54496,127.015488,무더위쉼터(도로명주소 일치),도로명주소,옥수리버젠제1경로당,서울특별시 성동구 매봉길 15 (래미안 옥수 리버젠 104동)
경로당,옥수리버젠 제2경로당,서울특별시 성동구 옥수동,1,"매봉길 17(옥수동, 옥수리버젠아파트) 203동 앞",37.546066,127.015112,무더위쉼터(시설명 일치),시설명,옥수리버젠제2경로당,서울특별시 성동구 매봉길 17 (래미안 옥수 리버젠 203동)
경로당,옥수삼성(아)경로당,서울특별시 성동구 옥수동,1,"독서당로 218(옥수동, 삼성아파트) 102동 앞",37.542161,127.013578,무더위쉼터(시설명 일치),시설명,옥수삼성(아)경로당,서울특별시 성동구 독서당로 218 (옥수삼성아파트 102동)
경로당,옥수실버문화센터,서울특별시 성동구 옥수동,1,한림말길 49(옥수동),37.54152,127.016575,무더위쉼터(도로명주소 일치),도로명주소,옥수실버문화센터경로당,서울특별시 성동구 한림말길 49
경로당,옥수파크경로당,서울특별시 성동구 옥수동,1,"매봉길 50(옥수동, 옥수파크힐스아파트) 107동 옆",37.548065,127.01435,무더위쉼터(시설명 일치),시설명,옥수파크경로당,서울특별시 성동구 매봉길 50
경로당,옥수풍림(아)경로당,서울특별시 성동구 옥수동,1,"뚝섬로 51(옥수동, 풍림아파트) 101동 지하1층",37.541923,127.018942,무더위쉼터(시설명 일치),시설명,옥수풍림(아)경로당,서울특별시 성동구 뚝섬로 51 (옥수강변풍림아이원 101동)
경로당,옥수하이츠(아) 경로당,서울특별시 성동구 옥수동,1,"한림말길 50(옥수동, 옥수하이츠아파트) 관리사무소 2층",37.540868,127.016142,무더위쉼터(도로명주소 일치),도로명주소,유정경로당,서울특별시 성동구 한림말길 50 (옥수하이츠아파트 관리실)
경로당,옥수힐스경로당,서울특별시 성동구 옥수동,1,"매봉길 50(옥수동, 옥수파크힐스아파트) 118동",37.547087,127.012505,무더위쉼터(시설명 일치),시설명,옥수힐스경로당,서울특별시 성동구 매봉길 50
경로당,옥향경로당,서울특별시 성동구 옥수동,1,"독서당로 218(옥수동, 삼성아파트) 111동 옆",37.542076,127.014608,무더위쉼터(시설명 일치),시설명,옥향경로당,서울특별시 성동구 독서당로 218 (옥수삼성아파트 111동)
경로당,유정경로당,서울특별시 성동구 옥수동,1,"한림말길 50(옥수동, 옥수하이츠아파트) 110동 지하1층",37.540868,127.016142,무더위쉼터(시설명 일치),시설명,유정경로당,서울특별시 성동구 한림말길 50 (옥수하이츠아파트 관리실)
경로당,한남하이츠(아) 경로당,서울특별시 성동구 옥수동,1,"독서당로 156(옥수동, 한남하이츠아파트) 6동 옆",37.540213,127.01508,무더위쉼터(시설명 일치),시설명,한남하이츠(아)경로당,서울특별시 성동구 독서당로 156 (한남하이츠아파트 6동)
경로당,한림정경로당,서울특별시 성동구 옥수동,1,"독서당로 218(옥수동, 삼성아파트) 109동 앞 놀이터",37.542349,127.01449,무더위쉼터(시설명 일치),시설명,한림정경로당,서울특별시 성동구 독서당로 218 (옥수삼성아파트 유치원)
경로당,현대(아)경로당,서울특별시 성동구 옥수동,1,"독서당로40길 25(옥수동, 현대아파트) 101동 앞",37.550855,127.030342,무더위쉼터(시설명 일치),시설명,현대(아)경로당,서울특별시 성동구 독서당로 377 (금호현대아파트)
주민센터,옥수동 주민센터,서울특별시 성동구 옥수동,1,서울특별시 성동구 독서당로205-1,37.5436331,127.0135188,무더위쉼터(시설명 일치),시설명,옥수동주민센터,서울특별시 성동구 독서당로 203 (옥수동)
경로당,"금호베스트빌(아) 모아경로당, 금호베스트빌(아)  제1경로당",서울특별시 성동구 왕십리2동,2,"난계로 114-31(왕십리2동, 금호베스트빌아파트) 무학어린이집 2층",37.561444,127.025929,무더위쉼터(도로명주소 일치),도로명주소,금호베스트빌(아)제1경로당,서울특별시 성동구 난계로 114-31 (금호 베스트빌 104동)
경로당,무학경로당,서울특별시 성동구 왕십리2동,1,왕십리로31길 29(왕십리2동),37.561712,127.027357,무더위쉼터(도로명주소 일치),도로명주소,무학경로당,서울특별시 성동구 왕십리로31길 29
경로당,무학현대(아)경로당,서울특별시 성동구 왕십리2동,1,"무학봉길 49(왕십리2동, 무학현대아파트) 관리사무소 1층",37.561061,127.027979,무더위쉼터(도로명주소 일치),도로명주소,무학현대(아)경로당,서울특별시 성동구 무학봉길 49 (무학현대아파트 노인정)
경로당,안정경로당,서울특별시 성동구 왕십리2동,1,무학봉12길 3-11(왕십리2동),37.5604005,127.029587,무더위쉼터(도로명주소 일치),도로명주소,안정경로당,서울특별시 성동구 무학봉12길 3-11
경로당,왕십리제2경로당,서울특별시 성동구 왕십리2동,1,무학봉길 40(왕십리2동),37.5602749,127.027244,무더위쉼터(도로명주소 일치),도로명주소,왕십리제2경로당,서울특별시 성동구 무학봉길 40
경로당,일심경로당,서울특별시 성동구 왕십리2동,1,무학봉15라길 4(왕십리2동),37.5626708,127.030426,무더위쉼터(도로명주소 일치),도로명주소,일심경로당,서울특별시 성동구 무학봉15라길 4
경로당,일심할머니경로당,서울특별시 성동구 왕십리2동,1,무학봉23길 5(왕십리2동),37.56221,127.031248,무더위쉼터(도로명주소 일치),도로명주소,일심할머니경로당,서울특별시 성동구 무학봉23길 5
경로당,풍림경로당,서울특별시 성동구 왕십리2동,1,"난계로 84(왕십리2동, 풍림아파트) 풍림어린이집 같은 건물",37.558731,127.025283,무더위쉼터(도로명주소 일치),도로명주소,풍림경로당,서울특별시 성동구 난계로 84 (왕십리풍림아이원 115동)
경로당,하왕극동미라주(아),서울특별시 성동구 왕십리2동,1,"난계로 73(왕십리2동, 하왕극동미라주아파트) 관리사무소 1층",37.559446,127.023287,무더위쉼터(도로명주소 일치),도로명주소,극동미라주(아)제2경로당,서울특별시 성동구 난계로 73 (극동미라주 아파트 104동)
경로당,한신무학(아)경로당,서울특별시 성동구 왕십리2동,1,"왕십리로31나길 18(왕십리2동, 한신무학아파트) 관리사무소 1층",37.562448,127.028309,무더위쉼터(도로명주소 일치),도로명주소,한신무학(아)경로당,서울특별시 성동구 왕십리로31나길 18 (한신무학아파트 6동)
경로당,도선동경로당,서울특별시 성동구 왕십리도선동,1,무학로6길 9(왕십리도선동) 노인지회 5층,37.5655178,127.031106,무더위쉼터(도로명주소 일치),도로명주소,도선경로당,서울특별시 성동구 무학로6길 9
경로당,도선장수경로당,서울특별시 성동구 왕십리도선동,1,무학로6길 50(왕십리도선동) 삼성쉐르빌 3층,37.564448,127.034907,무더위쉼터(도로명주소 일치),도로명주소,도선장수경로당,서울특별시 성동구 무학로6길 50 (성동삼성쉐르빌 103동)
경로당,청계대주(아)경로당,서울특별시 성동구 왕십리도선동,1,"무학로12길 11(왕십리도선동, 청계대주아파트) 관리사무소 1층",37.567312,127.031559,무더위쉼터(도로명주소 일치),도로명주소,청계대주(아)경로당,서울특별시 성동구 무학로12길 11 (청계대주파크빌 101동)
경로당,"청계벽산(아)홍익동 경로당, 청계벽산(아)경로당",서울특별시 성동구 왕십리도선동,2,"무학로 50(왕십리도선동, 청계벽산아파트) 임대관리사무소 1층",37.569291,127.032558,무더위쉼터(도로명주소 일치),도로명주소,청계벽산(아)홍익동경로당,서울특별시 성동구 무학로 50 (벽산아파트 관리사무소)
경로당,왕십리자이(아)경로당,서울특별시 성동구 왕십리자이 101동,1,난계로 100(왕십리자이아파트) 관리사무소 1층,37.560092,127.024733,무더위쉼터(도로명주소 일치),도로명주소,왕십리자이(아)경로당,서울특별시 성동구 난계로 100 (왕십리자이 101동)
경로당,용답 1 경로당,서울특별시 성동구 용답동,1,용답중앙길 89-1(용답동),37.5623198,127.054986,무더위쉼터(도로명주소 일치),도로명주소,용답제1경로당,서울특별시 성동구  용답중앙길  89-1  (용답동)
경로당,용답 2 경로당,서울특별시 성동구 용답동,1,용답중앙길 49(용답동),37.564763,127.051728,무더위쉼터(도로명주소 일치),도로명주소,용답제2경로당,서울특별시 성동구 용답중앙길 49
경로당,용화경로당,서울특별시 성동구 용답동,1,"천호대로78길 42(용답동), 용답동노인복지센터 1층",37.5606107,127.0547363,무더위쉼터(도로명주소 일치),도로명주소,용답동노인복지관,서울특별시 성동구 천호대로78길 42 (용답동)
경로당,중앙하이츠(아)경로당,서울특별시 성동구 용답동,1,"용답중앙27길 10(용답동, 중앙하이츠아파트) 관리사무소 1층",37.563188,127.055227,무더위쉼터(도로명주소 일치),도로명주소,중앙하이츠(아)경로당,서울특별시 성동구 용답중앙27길 10 (중앙하이츠아파트 관리실)
주민센터,용답동 주민센터,서울특별시 성동구 용답동,1,서울특별시 성동구 용답중앙23길 20,37.5641757,127.055384,무더위쉼터(도로명주소 일치),도로명주소,용답동주민센터,서울특별시 성동구  용답중앙23길  20   (용답동)
경로당,광희경로당,서울특별시 성동구 응봉동,1,독서당로62길 22-15,37.5499752,127.033046,무더위쉼터(도로명주소 일치),도로명주소,광희경로당,서울특별시 성동구  독서당로62길  22-15  (응봉동)
경로당,대림1차(아)경로당,서울특별시 성동구 응봉동,1,"독서당로62길 43(응봉동, 대림1차아파트) 8동 앞",37.55293,127.034177,무더위쉼터(시설명 일치),시설명,대림1차(아)경로당,서울특별시 성동구 독서당로62길 43 (대림아파트 1동)
경로당,대림2차(아)경로당,서울특별시 성동구 응봉동,1,"독서당로 431(응봉동, 대림2차아파트) 101동 뒤",37.552284,127.032053,무더위쉼터(시설명 일치),시설명,대림2차(아)경로당,서울특별시 성동구 독서당로 431
경로당,대림강변타운(아) 경로당,서울특별시 성동구 응봉동,1,"고산자로 160(응봉동, 대림강변타운아파트) 관리사무소 1층",37.553279,127.035787,무더위쉼터(도로명주소 일치),도로명주소,대림강변타운(아)경로당,서울특별시 성동구 고산자로 160 (대림 강변 타운 101동)
경로당,리버그린동아(아) 경로당,서울특별시 성동구 응봉동,1,"고산자로4길 34(응봉동, 리버그린동아아파트) 관리사무소 1층",37.55299,127.037396,무더위쉼터(도로명주소 일치),도로명주소,리버그린동아(아)경로당,서울특별시 성동구 고산자로4길 34 (서울숲리버그린동아아파트 303동)
경로당,상봉경로당,서울특별시 성동구 응봉동,1,독서당로59다길 32(응봉동),37.552778,127.030297,무더위쉼터(도로명주소 일치),도로명주소,상봉경로당,서울특별시 성동구  독서당로59다길  32   (응봉동)
경로당,신동아(아)경로당,서울특별시 성동구 응봉동,1,"독서당로 375(응봉동, 신동아아파트) 104동 앞",37.551127,127.02965,무더위쉼터(시설명 일치),시설명,신동아(아)경로당,서울특별시 성동구 독서당로 375 (신동아아파트 2동)
경로당,응봉경로당,서울특별시 성동구 응봉동,1,독서당로59길 39(응봉동),37.5525073,127.031576,무더위쉼터(도로명주소 일치),도로명주소,응봉경로당,서울특별시 성동구  독서당로59길  39   (응봉동)
경로당,현대(아)경로당,서울특별시 성동구 응봉동,1,"독서당로 377(응봉동, 현대아파트) 101동 앞",37.550855,127.030342,무더위쉼터(시설명 일치),시설명,현대(아)경로당,서울특별시 성동구 독서당로 377 (금호현대아파트)
주민센터,응봉동 주민센터,서울특별시 성동구 응봉동,1,서울특별시 성동구 독서당로 424,37.5531556,127.033421,무더위쉼터(도로명주소 일치),도로명주소,응봉동주민센터,서울특별시 성동구  독서당로  424   (응봉동)
경로당,왕십리제일경로당,서울특별시 성동구 하왕십리동,1,왕십리로31가길 12 (1층),37.5639416,127.028604,무더위쉼터(도로명주소 일치),도로명주소,왕십리제일경로당,서울특별시 성동구  왕십리로31가길  12   (하왕십리동)
경로당,텐즈힐 열린경로당,서울특별시 성동구 하왕십리동,1,"무학로 33(하왕십리동, 텐즈힐) 115동 1층",37.567601,127.028931,무더위쉼터(시설명 일치),시설명,텐즈힐열린경로당,서울특별시 성동구 무학로 33 (텐즈힐 115동)
경로당,텐즈힐 행복경로당,서울특별시 성동구 하왕십리동,1,"무학로 33(하왕십리동, 텐즈힐) 121동 1층",37.569633,127.026508,무더위쉼터(시설명 일치),시설명,텐즈힐행복경로당,서울특별시 성동구 무학로 33
도서관(공공도서관),왕십리제2동작은도서관,서울특별시 성동구 하왕십리동,1,서울특별시 성동구 무학봉길 69 (하왕십리동),37.5610423,127.030513,전국도서관표준데이터,도로명주소,왕십리2동노인복지관,서울특별시 성동구 무학봉길 69 (왕십리2동구립노인복지시설)
주민센터,왕십리제2동 주민센터,서울특별시 성동구 하왕십리동,1,서울특별시 성동구 무학봉15길 6,37.5617588,127.0309773,무더위쉼터(도로명주소 일치),도로명주소,왕십리제2동주민센터,서울특별시 성동구 무학봉15길 6 (하왕십리동)
경로당,리버뷰자이(아)경로당,서울특별시 성동구 행당1동,1,"고산자로2길 65(행당1동, 서울숲리버뷰자이) 리버뷰자이 어린이집 옆",37.555354,127.037696,무더위쉼터(도로명주소 일치),도로명주소,리버뷰자이(아)경로당,서울특별시 성동구 고산자로2길 65 (서울숲리버뷰자이 105동)
경로당,무학봉경로당,서울특별시 성동구 행당1동,1,무학봉18길 4-2(행당1동),37.5611838,127.031761,무더위쉼터(도로명주소 일치),도로명주소,무학봉경로당(행당1동관리),서울특별시 성동구 무학봉18길 4-2
경로당,행당두산(아)경로당,서울특별시 성동구 행당1동,1,"고산자로14길 40(행당1동, 행당두산아파트) 관리사무소 1층",37.564752,127.03746,무더위쉼터(도로명주소 일치),도로명주소,행당두산(아)경로당,서울특별시 성동구 고산자로14길 40 (두산아파트 101동)
경로당,행당삼부(아)경로당,서울특별시 성동구 행당1동,1,"왕십리로 280(행당1동, 행당삼부아파트) 관리사무소 2층",37.559981,127.037932,무더위쉼터(시설명 일치),시설명,행당삼부(아)경로당,서울특별시 성동구 왕십리로 278-17 (서울숲삼부아파트 201동)
경로당,행당한신(아)제1경로당,서울특별시 성동구 행당1동,1,"고산자로 164(행당1동, 행당한신아파트) 행당한신어린이집 1층",37.555686,127.035765,무더위쉼터(도로명주소 일치),도로명주소,행당한신(아)제1경로당,서울특별시 성동구 고산자로 164
경로당,행당한신(아)제2경로당,서울특별시 성동구 행당1동,1,"고산자로 164(행당1동, 행당한신아파트) 201동 1층",37.556469,127.035202,무더위쉼터(시설명 일치),시설명,행당한신(아)제2경로당,서울특별시 성동구 고산자로 164 (서울숲한신더휴 108동)
경로당,서울숲행당푸르지오(아) 경로당,서울특별시 성동구 행당2동,1,"고산자로 177(행당2동, 서울숲행당푸르지오아파트) 104동 1층",37.555091,127.032557,무더위쉼터(시설명 일치),시설명,서울숲행당푸르지오(아)경로당,서울특별시 성동구 고산자로 177 (서울숲행당푸르지오아파트 101동)
경로당,"행당대림(아)제2경로당, 행당대림(아)제1경로당",서울특별시 성동구 행당2동,2,"행당로 79(행당2동, 행당대림아파트) 임대관리사무소 1층",37.557804,127.02538,무더위쉼터(도로명주소 일치),도로명주소,행당대림(아)제2경로당,서울특별시 성동구 행당로 79 (행당동 대림아파트 125동)
경로당,행당두산위브(아) 제2경로당,서울특별시 성동구 행당2동,1,"행당로8길 8(행당2동, 행당두산위브아파트) 201동 1층",37.556443,127.03275,무더위쉼터(시설명 일치),시설명,행당두산위브(아)제2경로당,서울특별시 성동구 행당로8길 8
경로당,행당두산위브(아)경로당,서울특별시 성동구 행당2동,1,"행당로8길 8(행당2동, 행당두산위브아파트) 관리사무소 1층",37.556724,127.031495,무더위쉼터(도로명주소 일치),도로명주소,행당두산위브(아)경로당,서울특별시 성동구 행당로8길 8 (행당두산위브 관리동)
경로당,행당신동아(아)경로당,서울특별시 성동구 행당2동,1,"독서당로 441(행당2동, 행당신동아아파트) 104동 옆",37.554453,127.032686,무더위쉼터(시설명 일치),시설명,행당신동아(아)경로당,서울특별시 성동구 독서당로 441 (신동아아파트 6동)
경로당,행당제2경로당,서울특별시 성동구 행당2동,1,"행당로11길 14-9, 302호(행당2동, 스위스빌라)",37.5592109,127.030945,무더위쉼터(도로명주소 일치),도로명주소,행당제2경로당,서울특별시 성동구  행당로11길  14-9
경로당,행당한진(아)제1경로당,서울특별시 성동구 행당2동,1,"행당로 82(행당2동, 행당한진아파트) 106동 뒤편",37.55682,127.030362,무더위쉼터(시설명 일치),시설명,행당한진(아)제1경로당,서울특별시 성동구 행당로 82
경로당,행당한진(아)제2경로당,서울특별시 성동구 행당2동,1,"행당로 82(행당2동, 행당한진아파트) 행당어린이집 1층",37.555644,127.026377,무더위쉼터(도로명주소 일치),도로명주소,행당한진(아)제2경로당,서울특별시 성동구 행당로 82
경로당,행현경로당,서울특별시 성동구 행당2동,1,행당로11길 20(행당2동),37.5594051,127.0303738,무더위쉼터(도로명주소 일치),도로명주소,행현경로당,서울특별시 성동구 행당로11길 20 (행당동)
주민센터,행당제1동 주민센터,서울특별시 성동구 행당동,1,서울특별시 성동구 고산자로10길 18,37.5585157,127.036117,무더위쉼터(도로명주소 일치),도로명주소,행당1동주민센터,서울특별시 성동구  고산자로10길  18   (행당동)
주민센터,행당제2동 주민센터,서울특별시 성동구 행당동,1,서울특별시 성동구 행당로9길 9,37.5582382,127.02936,무더위쉼터(도로명주소 일치),도로명주소,행당2동주민센터,서울특별시 성동구 행당로9길 9
경로당,월곡1동밤골경로당,서울특별시 성북구,1,화랑로13가길 17-8,37.607575,127.039957,무더위쉼터(도로명주소 일치),도로명주소,월곡1동밤골경로당,서울특별시 성북구 화랑로13가길 17-8
경로당,장위1동경로당,서울특별시 성북구,1,장위로22길 51,37.611671,127.0434906,무더위쉼터(도로명주소 일치),도로명주소,장위1동경로당,서울특별시 성북구 장위로22길 51
도서관(공공도서관),글빛도서관,서울특별시 성북구,1,서울특별시 성북구 길음로7길 20,37.603751,127.022465,전국도서관표준데이터,도로명주소,글빛도서관,서울특별시 성북구 길음로7길 20 (서울성북미디어문화마루)
도서관(공공도서관),보문숲길도서관,서울특별시 성북구,1,서울특별시 성북구 보문사길 20,37.584922,127.01611,전국도서관표준데이터,도로명주소,보문숲길도서관,서울특별시 성북구 보문사길 20 (보문사(보문종))
도서관(공공도서관),석관동미리내도서관,서울특별시 성북구,1,서울특별시 성북구 한천로66길 203,37.613472,127.065492,전국도서관표준데이터,도로명주소,석관동미리내도서관,서울특별시 성북구 한천로66길 203
도서관(공공도서관),성북길빛도서관,서울특별시 성북구,1,서울특별시 성북구 숭인로8길 52,37.60976,127.02654,전국도서관표준데이터,도로명주소,길빛도서관,서울특별시 성북구 숭인로8길 52
도서관(공공도서관),성북어린이청소년도서관,서울특별시 성북구,1,서울특별시 성북구 삼선교로16길 59,37.586073,127.011042,전국도서관표준데이터,도로명주소,성북어린이청소년도서관,서울특별시 성북구 삼선교로16길 59 (성북어린이청소년도서관)
도서관(공공도서관),성북정보도서관,서울특별시 성북구,1,서울특별시 성북구 화랑로18자길 13,37.604951,127.050586,전국도서관표준데이터,도로명주소,성북정보도서관,서울특별시 성북구 화랑로18자길 13
도서관(공공도서관),아리랑도서관,서울특별시 성북구,1,서울특별시 성북구 아리랑로 82,37.600059,127.013929,전국도서관표준데이터,도로명주소,아리랑도서관,서울특별시 성북구 아리랑로 82
도서관(공공도서관),아리랑어린이도서관,서울특별시 성북구,1,서울특별시 성북구 아리랑로 75,37.59883,127.013625,전국도서관표준데이터,도로명주소,아리랑어린이도서관,서울특별시 성북구 아리랑로 75 (돈암코오롱하늘채101동)
도서관(공공도서관),장위행복누림도서관,서울특별시 성북구,1,서울특별시 성북구 장위로21다길 53,37.615891,127.045836,전국도서관표준데이터,도로명주소,장위행복누림도서관,서울특별시 성북구 장위로21다길 53 (장위행복누림복합센터)
도서관(공공도서관),청수도서관,서울특별시 성북구,1,서울특별시 성북구 보국문로16가길 20,37.611747,127.010773,전국도서관표준데이터,도로명주소,성북청수도서관,서울특별시 성북구 보국문로16가길 20 (정릉동)
도서관(작은도서관),서경로꿈마루도서관,서울특별시 성북구,1,서울특별시 성북구 서경로 94-1,37.611412,127.013805,전국도서관표준데이터,도로명주소,서경로꿈마루도서관,서울특별시 성북구 서경로 94-1 (서경로꿈마루도서관)
도서관(작은도서관),오동숲속도서관,서울특별시 성북구,1,서울특별시 성북구 화랑로13가길 110-10,37.609854,127.040864,전국도서관표준데이터,도로명주소,오동숲속도서관,서울특별시 성북구 화랑로13가길 110-10 (오동숲속도서관)
도서관(작은도서관),월곡꿈그림도서관,서울특별시 성북구,1,서울특별시 성북구 화랑로13길 17,37.60478,127.041073,전국도서관표준데이터,도로명주소,월곡꿈그림도서관,서울특별시 성북구 화랑로13길 17 (진각종)
경로당,돈암힐스테이트(아)경로당,서울특별시 성북구 105동,1,아리랑로 68 (105동 1층),37.598833,127.015191,무더위쉼터(도로명주소 일치),도로명주소,돈암힐스테이트(아)경로당,서울특별시 성북구 아리랑로 68 (돈암 힐스테이트아파트 105동)
경로당,정릉풍림아이원(아)제3경로당,서울특별시 성북구 129동1층,1,솔샘로25길 11-14(129동1층),37.61632,127.007377,무더위쉼터(도로명주소 일치),도로명주소,정릉풍림아이원(아)제3경로당,서울특별시 성북구 솔샘로25길 11-14 (정릉풍림아이원 129동)
경로당,송매골(아)경로당,서울특별시 성북구 308동,1,길음로13길 39  길음뉴타운3단지 관리동1층(308동 뒤),37.609944,127.016371,무더위쉼터(도로명주소 일치),도로명주소,송매골(아)경로당,서울특별시 성북구 길음로13길 39 (길음뉴타운 301동)
경로당,"학수경로당, 길음뉴타운대림(아)경로당",서울특별시 성북구 e편한세상 길음뉴타운4단지 426동,2,길음로118 길음뉴타운 4단지 대림(아)426동 1층,37.612152,127.020855,무더위쉼터(도로명주소 일치),도로명주소,학수경로당,서울특별시 성북구 길음로 118 (e편한세상 길음뉴타운4단지 426동)
경로당,청수경로당,서울특별시 성북구 구립정릉4동청수경로당,1,보국문로32길 26,37.618317,127.002462,무더위쉼터(도로명주소 일치),도로명주소,청수경로당,서울특별시 성북구 보국문로32길 26 (구립정릉4동청수경로당)
경로당,종암극동(아)경로당,서울특별시 성북구 극동아파트,1,북악산로29길 67  극동@ 단지내,37.595077,127.033706,무더위쉼터(도로명주소 일치),도로명주소,종암극동(아)경로당,서울특별시 성북구 북악산로29길 67 (극동아파트)
경로당,"길음뉴타운7단지제2경로당, 길음뉴타운7단지두산위브(아)경로당",서울특별시 성북구 길음7구역 두산위브아파트 707동,2,"길음로13길 22, 두산아파트 707동 제2관리사무소 뒤",37.608885,127.018793,무더위쉼터(도로명주소 일치),도로명주소,길음뉴타운7단지제2경로당,서울특별시 성북구 길음로13길 22 (길음7구역 두산위브아파트 707동)
경로당,래미안길음3차(아)경로당,서울특별시 성북구 길음뉴타운 604동,1,길음로 16 래미안길음6단지(아)관리동 2층,37.606193,127.022894,무더위쉼터(도로명주소 일치),도로명주소,래미안길음3차(아)경로당,서울특별시 성북구 길음로 16 (길음뉴타운 604동)
경로당,"길음뉴타운8단지 제2경로당, 길음뉴타운8단지래미안(아)경로당",서울특별시 성북구 길음뉴타운 825동,2,"길음로 33, 825동",37.606618,127.019258,무더위쉼터(도로명주소 일치),도로명주소,길음뉴타운8단지제2경로당,서울특별시 성북구 길음로 33 (길음뉴타운 825동)
경로당,래미안길음뉴타운9단지(아)경로당,서울특별시 성북구 길음뉴타운 909동,1,길음로9길 50 909동 지하,37.603955,127.019341,무더위쉼터(시설명 일치),시설명,래미안길음뉴타운9단지(아)경로당,서울특별시 성북구 길음로9길 50 (길음뉴타운 909동)
경로당,길음9단지경성경로당,서울특별시 성북구 길음뉴타운 951동,1,"길음로9길 50, 951동 지하",37.604371,127.017768,무더위쉼터(도로명주소 일치),도로명주소,길음9단지경성경로당,서울특별시 성북구 길음로9길 50 (길음뉴타운 951동)
경로당,길음뉴타운라온유경로당,서울특별시 성북구 길음뉴타운10단지 1001동,1,정릉로 307 길음뉴타운10단지,37.603219,127.018328,무더위쉼터(도로명주소 일치),도로명주소,길음뉴타운라온유(아)경로당,서울특별시 성북구 정릉로 307 (길음뉴타운10단지 1001동)
경로당,길음11롯데캐슬경로당,서울특별시 성북구 길음동,1,"서경로 60,길음뉴타운11단지롯데캐슬골든힐스",37.608853,127.016365,무더위쉼터(시설명 일치),시설명,길음11롯데캐슬경로당,서울특별시 성북구 길음로15길 55
경로당,길음2동(전:길음3동)경로당,서울특별시 성북구 길음동,1,삼양로12길 6,37.6099904,127.0231426,무더위쉼터(도로명주소 일치),도로명주소,길음2동(전:길음3동)경로당,서울특별시 성북구 삼양로12길 6 (길음동)
경로당,길음뉴타운2단지푸르지오(아)경로당,서울특별시 성북구 길음동,1,길음로 119  길음뉴타운2단지(아),37.611916,127.01617,무더위쉼터(도로명주소 일치),도로명주소,길음뉴타운2단지푸르지오(아)경로당,서울특별시 성북구 길음로 119 (길음뉴타운 관리사무소)
경로당,길음동돌산경로당,서울특별시 성북구 길음동,1,길음로 135-11 초원빌라 C동 101,37.6132432,127.0154149,무더위쉼터(도로명주소 일치),도로명주소,길음동돌산경로당,서울특별시 성북구 길음로 135-11
경로당,길음동삼부(아)경로당,서울특별시 성북구 길음동,1,동소문로 248   삼부(아)101동 옆,37.602425,127.023085,무더위쉼터(도로명주소 일치),도로명주소,길음동삼부(아)경로당,서울특별시 성북구 동소문로 248
경로당,래미안길음1차(아)경로당,서울특별시 성북구 길음동,1,길음로9길 40 래미안(아)관리동,37.605718,127.021181,무더위쉼터(도로명주소 일치),도로명주소,래미안길음1차(아)경로당,"서울특별시 성북구 길음로9길 40 (래미안길음1차 관리사무소,노인정,보육시설)"
경로당,래미안길음2차(아)경로당,서울특별시 성북구 길음동,1,길음로 74  길음뉴타운5단지 관리동1층,37.6100351,127.0198891,무더위쉼터(도로명주소 일치),도로명주소,새마을금고길음중앙(본점),"서울특별시 성북구 길음로 74 (길음동, 길음뉴타운)"
경로당,인영경로당,서울특별시 성북구 길음동,1,삼양로9가길 6,37.6086768,127.0219051,무더위쉼터(도로명주소 일치),도로명주소,인영경로당,서울특별시 성북구 삼양로9가길 6
주민센터,길음1동 주민센터,서울특별시 성북구 길음동,1,서울특별시 성북구 길음로 92,37.6104983,127.0193799,무더위쉼터(도로명주소 일치),도로명주소,길음1동주민센터,서울특별시 성북구 길음로 92
주민센터,길음2동 주민센터,서울특별시 성북구 길음동,1,서울특별시 성북구 삼양로2길 70,37.6067637,127.0272712,무더위쉼터(도로명주소 일치),도로명주소,길음2동주민센터,서울특별시 성북구 삼양로2길 70
경로당,"길음동부임대(아)송산경로당, 길음동부센트레빌(아)경로당",서울특별시 성북구 길음동동부센트레빌아파트 119동,2,숭인로2길 61 길음동부(아) 119동 1층,37.610254,127.024861,무더위쉼터(도로명주소 일치),도로명주소,길음동부임대(아)송산경로당,서울특별시 성북구 숭인로2길 61 (길음동동부센트레빌아파트 119동)
경로당,꿈의숲푸르지오(아)경로당,서울특별시 성북구 꿈의숲 푸르지오 101동,1,오패산로16가길 40 꿈의숲 푸르지오아파트 116동 2층,37.610764,127.039261,무더위쉼터(도로명주소 일치),도로명주소,꿈의숲푸르지오(아)경로당,서울특별시 성북구 오패산로16가길 40 (꿈의숲 푸르지오 101동)
경로당,꿈의숲루첸(아)경로당,서울특별시 성북구 꿈의숲대명루첸아파트 101동,1,월계로36길 27 101동 1층,37.621397,127.046235,무더위쉼터(시설명 일치),시설명,꿈의숲루첸(아)경로당,서울특별시 성북구 월계로36길 27 (꿈의숲대명루첸아파트 101동)
경로당,고운경로당,서울특별시 성북구 돈암동,1,"동소문로35가길29, 지층1호",37.599759,127.02121,무더위쉼터(도로명주소 일치),도로명주소,고운경로당,서울특별시 성북구 동소문로35가길 29
경로당,금호어울림경로당,서울특별시 성북구 돈암동,1,동소문로 34길 73,37.600805,127.022755,무더위쉼터(도로명주소 일치),도로명주소,금호어울림경로당,서울특별시 성북구 동소문로34길 73 (길음역금호어울림센터힐)
경로당,돈암1동풍림(아)제2경로당,서울특별시 성북구 돈암동,1,북악산로 898,37.597066,127.021975,무더위쉼터(도로명주소 일치),도로명주소,돈암1동풍림(아)제2경로당,서울특별시 성북구 북악산로 898 (풍림아파트)
경로당,돈암코오롱하늘채(아)경로당,서울특별시 성북구 돈암동,1,아리랑로 75 102동 1층,37.599154,127.013219,무더위쉼터(시설명 일치),시설명,돈암코오롱하늘채(아)경로당,서울특별시 성북구 아리랑로 75 (돈암동)
경로당,브라운스톤돈암(아)경로당,서울특별시 성북구 돈암동,1,북악산로 844,37.597751,127.018028,무더위쉼터(도로명주소 일치),도로명주소,브라운스톤돈암(아)경로당,서울특별시 성북구 북악산로 844 (브라운스톤 돈암 아파트)
경로당/도서관(작은도서관),"한진(아)북악경로당, 한신팔각정(아)경로당, 돈암2동한진(아)경로당, 해오름도서관",서울특별시 성북구 돈암동,4,성북로4길 52 한진(아) 301동옆,37.594178,127.010321,무더위쉼터(도로명주소 일치),도로명주소,해오름도서관,서울특별시 성북구 성북로4길 52 (한신한진아파트)
주민센터,돈암1동 주민센터,서울특별시 성북구 돈암동,1,서울특별시 성북구 정릉로 392,37.603457,127.026322,무더위쉼터(도로명주소 일치),도로명주소,돈암1동주민센터,서울특별시 성북구 정릉로 392
주민센터,돈암2동 주민센터,서울특별시 성북구 돈암동,1,서울특별시 성북구 흥천사길 7,37.5980523,127.0105121,무더위쉼터(도로명주소 일치),도로명주소,돈암2동주민센터,서울특별시 성북구 흥천사길 7 (돈암동)
경로당,"돈암1동삼성(아)제2경로당, 돈암1동삼성(아)제1경로당",서울특별시 성북구 돈암동 삼성아파트 105동,2,"동소문로34길 24, 제2관리동 내",37.59846,127.022638,무더위쉼터(도로명주소 일치),도로명주소,돈암1동풍림(아)경로당,서울특별시 성북구 동소문로34길 24 (돈암동 삼성아파트 105동)
경로당,돈암1동풍림(아)경로당,서울특별시 성북구 돈암동 삼성아파트 105동,1,북악산로 913,37.59846,127.022638,무더위쉼터(시설명 일치),시설명,돈암1동풍림(아)경로당,서울특별시 성북구 동소문로34길 24 (돈암동 삼성아파트 105동)
경로당,돈암신일해피트리(아)경로당,서울특별시 성북구 돈암동 해피트리 아파트 104동,1,"아리랑로5길 92, 104동 1층",37.598288,127.011903,무더위쉼터(도로명주소 일치),도로명주소,돈암신일해피트리(아)경로당,서울특별시 성북구 아리랑로5길 92 (돈암동 해피트리 아파트 104동)
경로당,돈암더샵(아)경로당,서울특별시 성북구 돈암동더?騁팎컷? 102동,1,아리랑로5길 85 관리동 2층,37.597695,127.010422,무더위쉼터(도로명주소 일치),도로명주소,돈암더샵(아)경로당,서울특별시 성북구 아리랑로5길 85 (돈암동더?騁팎컷? 102동)
경로당,돈암동일하이빌(아)경로당,서울특별시 성북구 돈암동일하이빌 102동,1,보문로38길 11 102동 4층,37.591619,127.014739,무더위쉼터(시설명 일치),시설명,돈암동일하이빌(아)경로당,서울특별시 성북구 보문로38길 11 (돈암동일하이빌 102동)
경로당,돈암1동현대(아)경로당,서울특별시 성북구 돈암현대아파트 105동,1,정릉로 404,37.604094,127.029528,무더위쉼터(도로명주소 일치),도로명주소,돈암1동현대(아)경로당,서울특별시 성북구 정릉로 404 (돈암현대아파트 105동)
경로당,돈암동부센트레빌(아)경로당,서울특별시 성북구 동부센트레빌아파트 101동,1,정릉로 388,37.60235,127.0263,무더위쉼터(도로명주소 일치),도로명주소,돈암동부센트레빌(아)경로당,서울특별시 성북구 정릉로 388 (동부센트레빌아파트 101동)
경로당,성신경로당,서울특별시 성북구 동선동2가,1,보문로32길 80-5,37.5902848,127.020741,무더위쉼터(도로명주소 일치),도로명주소,성신경로당,서울특별시 성북구 보문로32길 80-5
경로당,동선동제1경로당,서울특별시 성북구 동선동3가,1,동소문로28길40,37.595696,127.020716,무더위쉼터(도로명주소 일치),도로명주소,동선동제1경로당,서울특별시 성북구 동소문로28길 40
주민센터,동선동 주민센터,서울특별시 성북구 동선동3가,1,서울특별시 성북구 동소문로26길 27,37.593941,127.020394,무더위쉼터(도로명주소 일치),도로명주소,동선동주민센터,서울특별시 성북구 동소문로26길 27
경로당,성북시각장애인경로당,서울특별시 성북구 동선동4가,1,동소문로25길 6-10(동선동4가),37.5949886,127.0191057,무더위쉼터(도로명주소 일치),도로명주소,성북시각장애인경로당,서울특별시 성북구 동소문로25길 6-10
경로당,동선동희망경로당,서울특별시 성북구 동선동5가,1,아리랑로4길 49-1 쉐르빌 203호,37.5958747,127.0182832,무더위쉼터(도로명주소 일치),도로명주소,동선동희망경로당,서울특별시 성북구 아리랑로4길 49-1
경로당,삼선동제1경로당,서울특별시 성북구 동소문동2가,1,동소문로8길 10,37.5893808,127.009585,무더위쉼터(도로명주소 일치),도로명주소,삼선동제1경로당,서울특별시 성북구 동소문로8길 10 (동소문동2가)
경로당,동소문동경로당,서울특별시 성북구 동소문동4가,1,동소문로13길 39-20,37.59239,127.010468,무더위쉼터(시설명 일치),시설명,동소문동경로당,서울특별시 성북구 동소문로3길 101 (송산아파트)
경로당,동선동제2경로당,서울특별시 성북구 동소문동6가,1,아리랑로27-3,37.595275,127.015586,무더위쉼터(도로명주소 일치),도로명주소,동선동제2경로당,서울특별시 성북구 아리랑로 27-3
경로당,동신(아)경로당,서울특별시 성북구 동신아파트,1,오패산로3길 17,37.604465,127.035339,무더위쉼터(도로명주소 일치),도로명주소,동신(아)경로당,서울특별시 성북구 오패산로3길 17 (동신아파트)
경로당,"동아에코빌(아)경로당, 동아(아)제2경로당",서울특별시 성북구 동아에코빌아파트 상가동,2,장월로1길 28  동아에코빌(아) 관리동 1층,37.607695,127.045305,무더위쉼터(도로명주소 일치),도로명주소,동아에코빌(아)경로당,서울특별시 성북구 장월로1길 28 (동아에코빌아파트 상가동)
경로당/도서관(공공도서관),"동일하이빌뉴시티경로당, 달빛마루도서관",서울특별시 성북구 동일하이빌뉴시티,2,종암로 167 동일하이빌뉴시티 104동 7층,37.605051,127.030996,무더위쉼터(도로명주소 일치),도로명주소,동일하이빌뉴시티경로당,서울특별시 성북구 종암로 167 (동일하이빌뉴시티)
경로당,안암래미안(아)경로당,서울특별시 성북구 래미안 안암 102동,1,고려대로17가길 64,37.589343,127.024134,무더위쉼터(도로명주소 일치),도로명주소,안암래미안(아)경로당,서울특별시 성북구 고려대로17가길 64 (래미안 안암 102동)
경로당,래미안길음센터피스아파트경로당,서울특별시 성북구 래미안길음센터피스 109동,1,"숭인로 50, 109동 110동 사이",37.610698,127.02777,무더위쉼터(도로명주소 일치),도로명주소,래미안길음센터피스아파트경로당,서울특별시 성북구 숭인로 50 (래미안길음센터피스 109동)
경로당,래미안세레니티경로당,서울특별시 성북구 래미안세레니티 210동,1,종암로23길 35  210동 1층,37.599686,127.030392,무더위쉼터(시설명 일치),시설명,래미안세레니티경로당,서울특별시 성북구 종암로23길 35 (래미안세레니티 210동)
경로당,석관래미안아트리치경로당,서울특별시 성북구 래미안아트리치 102동,1,돌곶이로8길 22,37.606023,127.063437,무더위쉼터(도로명주소 일치),도로명주소,석관래미안아트리치경로당,서울특별시 성북구 돌곶이로8길 22 (래미안아트리치 102동)
경로당,포레카운티(아) 경로당,서울특별시 성북구 래미안장위포레카운티 106동,1,장월로 160 래미안장위포레카운티 106동 앞,37.617582,127.052887,무더위쉼터(도로명주소 일치),도로명주소,포레카운티(아)경로당,서울특별시 성북구 장월로 160 (래미안장위포레카운티 106동)
경로당,돈암1동범양(아)경로당,서울특별시 성북구 범양아파트 105동,1,정릉로 402-16,37.603189,127.02814,무더위쉼터(도로명주소 일치),도로명주소,돈암1동범양(아)경로당,서울특별시 성북구 정릉로 402-16 (범양아파트 105동)
경로당,보문동제1경로당,서울특별시 성북구 보문동2가,1,보문로25길 22 1층,37.5860897,127.0175686,무더위쉼터(시설명 일치),시설명,보문동제1경로당,서울특별시 성북구 보문로25길 22 (보문동2가)
경로당,보문제2경로당,서울특별시 성북구 보문동5가,1,보문로21길19-5,37.5827927,127.0194864,무더위쉼터(도로명주소 일치),도로명주소,보문제2경로당,서울특별시 성북구 보문로21길 19-5
주민센터,보문동 주민센터,서울특별시 성북구 보문동7가,1,서울특별시 성북구 안암로3길 35,37.5804183,127.0228304,무더위쉼터(도로명주소 일치),도로명주소,보문동주민센터,서울특별시 성북구 안암로3길 35
경로당,보문아이파크(아)경로당,서울특별시 성북구 보문아이파크아파트 상가동,1,지봉로21길19 보문아이파크관리동,37.58582,127.016719,무더위쉼터(도로명주소 일치),도로명주소,보문아이파크(아)경로당,서울특별시 성북구 지봉로21길 19 (보문아이파크아파트 상가동)
경로당,삼선SK뷰(아)경로당,서울특별시 성북구 삼선 SK VIEW 아파트 102동,1,"삼선교로16길 35, 102동 1층",37.587727,127.011735,무더위쉼터(도로명주소 일치),도로명주소,삼선SK뷰(아)경로당,서울특별시 성북구 삼선교로16길 35 (삼선 SK VIEW 아파트 102동)
경로당,한성경로당,서울특별시 성북구 삼선동1가,1,삼선교로4길 50,37.5855597,127.0071056,무더위쉼터(도로명주소 일치),도로명주소,한성경로당,서울특별시 성북구 삼선교로4길 50 (삼선동1가)
경로당,삼선1SH빌(아)경로당,서울특별시 성북구 삼선동3가,1,보문로 29다길 25-9 관리사무소 1층,37.584711,127.014071,무더위쉼터(도로명주소 일치),도로명주소,삼선1SH빌(아)경로당,서울특별시 성북구 보문로29다길 25-9 (삼선1에스에이치빌)
경로당,삼선동제2경로당,서울특별시 성북구 삼선동3가,1,"보문로29길 86, 3층",37.5864345,127.0136244,무더위쉼터(도로명주소 일치),도로명주소,삼선동제2경로당,서울특별시 성북구 보문로29길 86
경로당,삼선푸르지오(아)경로당,서울특별시 성북구 삼선동3가,1,보문로29다길 31 단지내,37.584506,127.013606,무더위쉼터(도로명주소 일치),도로명주소,삼선푸르지오(아)경로당,서울특별시 성북구 보문로29다길 31 (삼선푸르지오 관리사무실)
경로당,삼선코오롱(아)경로당,서울특별시 성북구 삼선동4가,1,삼선교로23길 23,37.59036,127.012724,무더위쉼터(도로명주소 일치),도로명주소,삼선코오롱(아)경로당,서울특별시 성북구 삼선교로23길 23 (코오롱 아파트)
주민센터,삼선동 주민센터,서울특별시 성북구 삼선동4가,1,서울특별시 성북구 보문로 190,37.590897,127.0145,무더위쉼터(도로명주소 일치),도로명주소,삼선동주민센터,서울특별시 성북구 보문로 190
경로당,삼선현대힐스테이트(아)경로당,서울특별시 성북구 삼선현대힐스테이트 108동,1,낙산길 243-15 108동 1층,37.582276,127.014214,무더위쉼터(시설명 일치),시설명,삼선현대힐스테이트(아)경로당,서울특별시 성북구 낙산길 243-15 (삼선현대힐스테이트 108동)
경로당,상월곡동경로당,서울특별시 성북구 상월곡동,1,화랑로18길 6,37.605842,127.048224,무더위쉼터(도로명주소 일치),도로명주소,상월곡실버복지센터,서울특별시 성북구 화랑로18길 6
경로당,상월곡동우남(아)경로당,서울특별시 성북구 상월곡동,1,화랑로15길 4,37.605844,127.046545,무더위쉼터(도로명주소 일치),도로명주소,상월곡동우남(아)경로당,서울특별시 성북구 화랑로15길 4 (우남아파트)
주민센터,장위2동 주민센터,서울특별시 성북구 상월곡동,1,서울특별시 성북구 화랑로 25길 29,37.609762,127.051524,무더위쉼터(도로명주소 일치),도로명주소,장위2동주민센터(임시청사),서울특별시 성북구 화랑로25길 29 (신한은행(장위지점))
경로당,돌곶이 경로당,서울특별시 성북구 석관동,1,돌곶이로7길 20,37.605949,127.0605513,무더위쉼터(도로명주소 일치),도로명주소,돌곶이경로당,서울특별시 성북구 돌곶이로7길 20  (석관동)
경로당,래미안석관(아)경로당,서울특별시 성북구 석관동,1,화랑로 214  래미안석관(아)복리시설1층,37.608645,127.054822,무더위쉼터(도로명주소 일치),도로명주소,래미안석관(아)경로당,서울특별시 성북구 화랑로 214 (래미안석관)
경로당,석관1동코오롱(아)경로당,서울특별시 성북구 석관동,1,한천로 509,37.606184,127.065809,무더위쉼터(도로명주소 일치),도로명주소,석관1동코오롱(아)경로당,서울특별시 성북구 한천로 509 (코오롱아파트)
경로당,석관동두산(아)경로당,서울특별시 성북구 석관동,1,화랑로48길 16,37.612587,127.068813,무더위쉼터(도로명주소 일치),도로명주소,석관동두산(아)경로당,서울특별시 성북구 화랑로48길 16 (두산아파트)
경로당,석관동제1경로당,서울특별시 성북구 석관동,1,한천로74길 1,37.6108224,127.0632094,무더위쉼터(도로명주소 일치),도로명주소,석관동제1경로당,서울특별시 성북구 한천로74길 1 (석관동)
경로당,중앙하이츠(아)경로당,서울특별시 성북구 석관동,1,한천로76길 73,37.611486,127.066649,무더위쉼터(도로명주소 일치),도로명주소,중앙하이츠(아)경로당,서울특별시 성북구 한천로76길 73 (중앙하이츠아파트 경로당)
주민센터,석관동 주민센터,서울특별시 성북구 석관동,1,서울특별시 성북구 화랑로 296,37.6129713,127.061374,무더위쉼터(도로명주소 일치),도로명주소,석관동주민센터,서울특별시 성북구 화랑로 296
경로당,석관1동삼성(아)경로당,서울특별시 성북구 석관동삼성아파트 상가동,1,한천로 68길 51  삼성(아) 관리동,37.610339,127.065583,무더위쉼터(도로명주소 일치),도로명주소,석관1동삼성(아)경로당,서울특별시 성북구 한천로68길 51 (석관동삼성아파트 상가동)
경로당,석관동제2경로당,서울특별시 성북구 석관동제2경로당,1,성북구 화랑로32라길 7-2 1층(임시이전주소) (구주소)돌곶이로21길 6,37.609803,127.057616,무더위쉼터(시설명 일치),시설명,석관동제2경로당,서울특별시 성북구 돌곶이로21길 6 (석관동제2경로당)
경로당,북정경로당,서울특별시 성북구 성북동,1,성북로23길 129-5,37.59274,126.991398,무더위쉼터(도로명주소 일치),도로명주소,북정경로당,서울특별시 성북구 성북로23길 129-5 (북정경로당)
경로당,성북동경로당,서울특별시 성북구 성북동,1,성북로 41-12,37.591474,127.002557,무더위쉼터(도로명주소 일치),도로명주소,성북동경로당,서울특별시 성북구 성북로 41-12
경로당,성북동할머니경로당,서울특별시 성북구 성북동,1,성북로23길 158,37.592266,126.991819,무더위쉼터(도로명주소 일치),도로명주소,성북동할머니경로당,서울특별시 성북구 성북로23길 158
경로당,성북동해아래경로당,서울특별시 성북구 성북동,1,"성북로23길 25, 102호",37.5927177,126.995153,무더위쉼터(도로명주소 일치),도로명주소,성북동해아래경로당,서울특별시 성북구 성북로23길 25 (성북동)
주민센터,성북동 주민센터,서울특별시 성북구 성북동1가,1,서울특별시 성북구 성북로 37,37.591027,127.003228,무더위쉼터(도로명주소 일치),도로명주소,성북동주민센터,서울특별시 성북구 성북로 37
경로당,보문아남(아)경로당,서울특별시 성북구 아남아파트 103동,1,보문사길 112,37.581039,127.017258,무더위쉼터(도로명주소 일치),도로명주소,보문아남(아)경로당,서울특별시 성북구 보문사길 112 (아남아파트 103동)
경로당,아남(아)경로당,서울특별시 성북구 아남아파트 상가동,1,종암로 36길 52  아남아파트내,37.60557,127.034886,무더위쉼터(도로명주소 일치),도로명주소,아남(아)경로당,서울특별시 성북구 종암로36길 52 (아남아파트 상가동)
주민센터/도서관(작은도서관),"정릉2동 주민센터, 정릉도서관",서울특별시 성북구 아동청소년센터,2,"서울특별시 성북구정릉로 242, 1층(아동청소년센터),  보국문로 21, 3층(태영빌딩)",37.610165,127.008679,무더위쉼터(도로명주소 일치),도로명주소,정릉2동주민센터(임시청사),서울특별시 성북구 정릉로 242 (성북아동청소년센터)
경로당,종암1동현대아이파크경로당,서울특별시 성북구 아이파크 종암동 102동,1,종암로21길 127   102동 지하1층,37.602824,127.029409,무더위쉼터(시설명 일치),시설명,종암1동현대아이파크경로당,서울특별시 성북구 종암로21길 127 (아이파크 종암동 102동)
경로당,호암경로당,서울특별시 성북구 안암동1가,1,보문로26길 73,37.5877996,127.0227248,무더위쉼터(도로명주소 일치),도로명주소,호암경로당,서울특별시 성북구 보문로26길 73
경로당,안암2가경로당,서울특별시 성북구 안암동2가,1,고려대로 34-9,37.5859678,127.0232713,무더위쉼터(도로명주소 일치),도로명주소,안암2가경로당,서울특별시 성북구 고려대로 34-9 (안암동2가)
주민센터,안암동 주민센터,서울특별시 성북구 안암동2가,1,서울특별시 성북구 고려대로 16,37.5858009,127.0213469,무더위쉼터(도로명주소 일치),도로명주소,안암동주민센터,서울특별시 성북구 고려대로 16
경로당,안암3가경로당,서울특별시 성북구 안암동3가,1,"고려대로10길 37, 1층",37.584394,127.022175,무더위쉼터(도로명주소 일치),도로명주소,안암3가경로당,서울특별시 성북구 고려대로10길 37
경로당,개운경로당,서울특별시 성북구 안암동5가,1,"개운사길 15, 왕림빌딩 301호",37.587106,127.029068,무더위쉼터(도로명주소 일치),도로명주소,개운경로당,서울특별시 성북구 개운사길 15
경로당,안암동경로당,서울특별시 성북구 안암동5가,1,안암로 79 1층,37.583337,127.029798,무더위쉼터(시설명 일치),시설명,안암동경로당,서울특별시 성북구 안암로 79 (대한노인회성북구지회)
주민센터,월곡2동 주민센터,서울특별시 성북구 월곡2동,1,서울특별시 성북구 화랑로 152,37.605757,127.047855,무더위쉼터(도로명주소 일치),도로명주소,월곡2동주민센터,서울특별시 성북구 화랑로 152 (월곡2동 주민센터)
경로당,"월곡3에스에이치(아)경로당, 래미안월곡(아)",서울특별시 성북구 월곡3에스에이치빌 관리동,2,오패산로90  에스에이치(아) 단지 내,37.611982,127.038081,무더위쉼터(도로명주소 일치),도로명주소,월곡3에스에이치(아)경로당,서울특별시 성북구 오패산로 90 (월곡3에스에이치빌 관리동)
경로당,"월곡두산위브(아)경로당, 월곡두산(아)제2경로당",서울특별시 성북구 월곡두산위브아파트 301동,2,오패산로 46  월곡두산위브(아)관리동,37.605164,127.039333,무더위쉼터(도로명주소 일치),도로명주소,월곡두산위브(아)경로당,서울특별시 성북구 오패산로 46 (월곡두산위브아파트 301동)
경로당,일신건영휴먼빌(아)경로당,서울특별시 성북구 일신건영휴먼빌아파트 상가동,1,아리랑로 89 관리동 1층,37.601141,127.013023,무더위쉼터(도로명주소 일치),도로명주소,일신건영휴먼빌(아)경로당,서울특별시 성북구 아리랑로 89 (일신건영휴먼빌아파트 상가동)
주민센터,장위1동 주민센터,서울특별시 성북구 장위1동,1,서울특별시 성북구 장위로 61,37.614075,127.043681,무더위쉼터(도로명주소 일치),도로명주소,장위1동주민센터,서울특별시 성북구 장위로 61 (장위1동 주민센터)
경로당,퍼스트하이 경로당,서울특별시 성북구 장위3동,1,"한천로 713, 래미안장위 퍼스트하이 506동(장위3동)",37.620009,127.051075,무더위쉼터(도로명주소 일치),도로명주소,퍼스트하이경로당,서울특별시 성북구 한천로 713 (래미안장위퍼스트하이 506동)
경로당,동방경로당,서울특별시 성북구 장위동,1,장위로13길 75,37.616947,127.043601,무더위쉼터(도로명주소 일치),도로명주소,동방경로당,서울특별시 성북구 장위로13길 75
경로당,신동방경로당,서울특별시 성북구 장위동,1,장위로10길 10-4 1층,37.613239,127.039376,무더위쉼터(시설명 일치),시설명,신동방경로당,서울특별시 성북구 장위로10길 10-4
경로당,장월sh-ville1단지(아)경로당,서울특별시 성북구 장위동,1,한천로101길 54,37.622313,127.04813,무더위쉼터(도로명주소 일치),도로명주소,장월sh-ville1단지(아)경로당,서울특별시 성북구 한천로101길 54
경로당,장월경로당,서울특별시 성북구 장위동,1,장월로18길 27-4,37.6154474,127.0498319,무더위쉼터(도로명주소 일치),도로명주소,장월경로당,서울특별시 성북구 장월로18길 27-4
경로당,장위1동장수경로당,서울특별시 성북구 장위동,1,월계로32길 15,37.6189239,127.0447529,무더위쉼터(도로명주소 일치),도로명주소,장위1동장수경로당,서울특별시 성북구 월계로32길 15
경로당,장위2동경로당,서울특별시 성북구 장위동,1,장위로40다길 13,37.611625,127.053262,무더위쉼터(도로명주소 일치),도로명주소,장위2동경로당,서울특별시 성북구 장위로40다길 13
경로당,장위3동제1경로당,서울특별시 성북구 장위동,1,장월로32길 9-3,37.6176797,127.0513272,무더위쉼터(도로명주소 일치),도로명주소,장위3동제1경로당,서울특별시 성북구 장월로32길 9-3 (장위동)
경로당,장위우방(아)경로당,서울특별시 성북구 장위동,1,화랑로 235 우방(아)101-209,37.610198,127.054925,무더위쉼터(도로명주소 일치),도로명주소,장위우방(아)경로당,서울특별시 성북구 화랑로 235 (우방아파트 관리사무소)
주민센터,장위3동 주민센터,서울특별시 성북구 장위동,1,서울특별시 성북구 장위로 170,37.615248,127.055477,무더위쉼터(시설명 일치),시설명,장위3동주민센터,
경로당,정릉우정에쉐르(아)경로당,서울특별시 성북구 정릉 우정에쉐르 상가동,1,북악산로 742-12  정릉우정에쉐르(아)관리동,37.599922,127.010317,무더위쉼터(도로명주소 일치),도로명주소,정릉우정에쉐르(아)경로당,서울특별시 성북구 북악산로 742-12 (정릉 우정에쉐르 상가동)
경로당,정릉e-편한세상(아)경로당,서울특별시 성북구 정릉 이-편한세상 108동,1,솔샘로 24길  15  정릉e-편한세상(아) 관리동2층,37.615215,127.010203,무더위쉼터(도로명주소 일치),도로명주소,정릉e-편한세상(아)경로당,서울특별시 성북구 솔샘로24길 15 (정릉 이-편한세상 108동)
경로당,정릉꿈에그린(아)경로당,서울특별시 성북구 정릉꿈에그린 201동,1,아리랑로19가길 21,37.601585,127.011056,무더위쉼터(도로명주소 일치),도로명주소,정릉꿈에그린(아)경로당,서울특별시 성북구 아리랑로19가길 21 (정릉꿈에그린 201동)
경로당,경남(아)경로당,서울특별시 성북구 정릉동,1,정릉로 305 경남아파트 관리동 내,37.604484,127.017076,무더위쉼터(도로명주소 일치),도로명주소,경남(아)경로당,서울특별시 성북구 정릉로 305 (길음뉴타운 경남아너스빌)
경로당,북악경로당,서울특별시 성북구 정릉동,1,정릉로8가길 17-3,37.6081005,126.997856,무더위쉼터(도로명주소 일치),도로명주소,북악경로당,서울특별시 성북구 정릉로8가길 17-3
경로당,산1경로당,서울특별시 성북구 정릉동,1,보국문로29가길 15,37.615616,127.0031518,무더위쉼터(도로명주소 일치),도로명주소,산일경로당(산1경로당),서울특별시 성북구 보국문로29가길 15
경로당,정릉1동경로당,서울특별시 성북구 정릉동,1,"정릉로38가길 6, 정릉1동커뮤니티센터 1층",37.6020627,127.0184577,무더위쉼터(도로명주소 일치),도로명주소,정릉1동경로당,서울특별시 성북구 정릉로38가길 6
경로당,정릉2동508번지경로당,서울특별시 성북구 정릉동,1,"북악산로1가길 36, 유명빌라 B01",37.5995631,127.0046897,무더위쉼터(도로명주소 일치),도로명주소,정릉2동508번지경로당,서울특별시 성북구 북악산로1가길 36
경로당,정릉2동경로당,서울특별시 성북구 정릉동,1,보국문로8나길 39,37.6093735,127.0124186,무더위쉼터(도로명주소 일치),도로명주소,정릉2동경로당,서울특별시 성북구 보국문로8나길 39
경로당,정릉2동우방(아)경로당,서울특별시 성북구 정릉동,1,북악산로 746,37.600281,127.010127,무더위쉼터(도로명주소 일치),도로명주소,정릉2동우방(아)경로당,서울특별시 성북구 북악산로 746 (정릉우방아파트)
경로당,정릉2동장수경로당,서울특별시 성북구 정릉동,1,북악산로3길 48,37.5990977,127.0109858,무더위쉼터(도로명주소 일치),도로명주소,정릉2동장수경로당,서울특별시 성북구 북악산로3길 48
경로당,정릉2차e-편한세상경로당,서울특별시 성북구 정릉동,1,북악산로 851,37.600168,127.019997,무더위쉼터(도로명주소 일치),도로명주소,정릉2차e-편한세상경로당,서울특별시 성북구 북악산로 851 (정릉2차 e-편한세상)
경로당,정릉3동성원(아)경로당,서울특별시 성북구 정릉동,1,정릉로21길 21  성원(아)관리동내,37.606515,127.008517,무더위쉼터(도로명주소 일치),도로명주소,정릉3동성원(아)경로당,서울특별시 성북구 정릉로21길 21 (정릉성원아파트)
경로당,정릉4동경로당,서울특별시 성북구 정릉동,1,보국문로18가길 5,37.610996,127.010705,무더위쉼터(도로명주소 일치),도로명주소,정릉4동경로당,서울특별시 성북구 보국문로18가길 5
경로당,정릉4동대우(아)경로당,서울특별시 성북구 정릉동,1,보국문로30길 15 아파트,37.617476,127.003102,무더위쉼터(도로명주소 일치),도로명주소,정릉4동대우(아)경로당,서울특별시 성북구 보국문로30길 15 (정릉대우아파트)
경로당,정릉4동할머니경로당,서울특별시 성북구 정릉동,1,솔샘로24길 34  소산빌라102호,37.614668,127.009097,무더위쉼터(도로명주소 일치),도로명주소,정릉4동할머니경로당,서울특별시 성북구 솔샘로24길 34 (소산하이츠맨숀3차)
경로당,정릉쌍용(아)경로당,서울특별시 성북구 정릉동,1,북악산로 847 정릉쌍용(아)관리동 내,37.599299,127.018388,무더위쉼터(도로명주소 일치),도로명주소,정릉쌍용(아)경로당,서울특별시 성북구 북악산로 847 (정릉 쌍용아파트 경로당)
경로당,정릉태영2단지경로당,서울특별시 성북구 정릉동,1,서경로2길 48 태영아파트2단지,37.606265,127.016764,무더위쉼터(도로명주소 일치),도로명주소,정릉태영2단지경로당,서울특별시 성북구 서경로2길 48 (길음뉴타운 데시앙)
경로당,정릉푸른마을동아(아)경로당,서울특별시 성북구 정릉동,1,서경로 31 동아(아)관리동 1층,37.607383,127.015014,무더위쉼터(도로명주소 일치),도로명주소,정릉푸른마을동아(아)경로당,서울특별시 성북구 서경로 31
경로당,정릉현대홈타운(힐스테이트아파트)경로당,서울특별시 성북구 정릉동,1,정릉로 292 현대힐스테이트 1차 노인정,37.602916,127.015491,무더위쉼터(도로명주소 일치),도로명주소,정릉현대홈타운(힐스테이트아파트)경로당,서울특별시 성북구 정릉로 292 (정릉힐스테이트 상가)
경로당,태영(아)경로당,서울특별시 성북구 정릉동,1,서경로 28 태영아파트,37.606605,127.01649,무더위쉼터(도로명주소 일치),도로명주소,태영(아)경로당,서울특별시 성북구 서경로 28 (길음뉴타운 데시앙 관리사무소)
경로당,한울경로당,서울특별시 성북구 정릉동,1,정릉로27길 42-23,37.606073,127.0144951,무더위쉼터(도로명주소 일치),도로명주소,한울경로당,서울특별시 성북구 정릉로27길 42-23
주민센터,정릉1동 주민센터,서울특별시 성북구 정릉동,1,서울특별시 성북구 정릉로38마길 33,37.6014404,127.0166532,무더위쉼터(도로명주소 일치),도로명주소,정릉1동주민센터,서울특별시 성북구 정릉로38마길 33
주민센터,정릉3동 주민센터,서울특별시 성북구 정릉동,1,서울특별시 성북구 솔샘로1길 6-3,37.608095,127.003873,무더위쉼터(시설명 일치),시설명,정릉3동주민센터,
주민센터,정릉4동 주민센터,서울특별시 성북구 정릉동,1,서울특별시 성북구 보국문로 106-1,37.613347,127.0069976,무더위쉼터(시설명 일치),시설명,정릉4동주민센터,서울특별시 성북구 정릉동 보국문로  106-1  (정릉동)
경로당,신우노인회경로당,서울특별시 성북구 정릉동천주교회,1,정릉로 175 천주교정릉교회 교육관4호실,37.607931,127.004786,무더위쉼터(도로명주소 일치),도로명주소,신우노인회경로당,서울특별시 성북구 정릉로 175 (정릉동천주교회)
경로당,우성(아)경로당,서울특별시 성북구 정릉우성아파트 관리동,1,북악산로813우성아파트,37.600942,127.014883,무더위쉼터(도로명주소 일치),도로명주소,우성(아)경로당,서울특별시 성북구 북악산로 813 (정릉우성아파트 관리동)
경로당,정릉중앙하이츠빌1단지(아)경로당,서울특별시 성북구 정릉중앙하이츠빌1단지아파트 104동,1,아리랑로19길 60  정릉중앙하이츠빌1단지(아) 104동 내,37.602644,127.009745,무더위쉼터(도로명주소 일치),도로명주소,정릉중앙하이츠빌1단지(아)경로당,서울특별시 성북구 아리랑로19길 60 (정릉중앙하이츠빌1단지아파트 104동)
경로당,정릉푸르지오(아)경로당,서울특별시 성북구 정릉푸르지오아파트 상가동,1,보국문로 19 정릉푸르지오(아) 관리동 1층,37.606152,127.010691,무더위쉼터(도로명주소 일치),도로명주소,정릉푸르지오(아)경로당,서울특별시 성북구 보국문로 19 (정릉푸르지오아파트 상가동)
경로당,정릉풍림아이원(아)경로당,서울특별시 성북구 정릉풍림아이원 111동,1,솔샘로 25길 28 풍림아이원(아)119동관리동,37.617653,127.007306,무더위쉼터(도로명주소 일치),도로명주소,정릉풍림아이원(아)경로당,서울특별시 성북구 솔샘로25길 28 (정릉풍림아이원 111동)
경로당,정릉풍림아이원(아)제2경로당,서울특별시 성북구 정릉풍림아이원125동,1,솔샘로 120  풍림아이원(아)125동,37.617198,127.009211,무더위쉼터(도로명주소 일치),도로명주소,정릉풍림아이원(아)제2경로당,서울특별시 성북구 솔샘로 120 (정릉풍림아이원125동)
경로당,정릉힐스테이트3차(아)경로당,서울특별시 성북구 정릉힐스테이트3차 306동,1,보국문로 116  힐스테이트3차아파트 관리동,37.614407,127.007588,무더위쉼터(도로명주소 일치),도로명주소,정릉힐스테이트3차(아)경로당,서울특별시 성북구 보국문로 116 (정릉힐스테이트3차 306동)
경로당,종암2차SK뷰(아)경로당,서울특별시 성북구 종암2차 SK VIEW 201동,1,종암로24길 35   종암2차SK뷰(아) 내,37.601877,127.034696,무더위쉼터(도로명주소 일치),도로명주소,종암2차SK뷰(아)경로당,서울특별시 성북구 종암로24길 35 (종암2차 SK VIEW 201동)
경로당,종암2차아이파크경로당,서울특별시 성북구 종암2차 아이파크 211동,1,종암로9길 71,37.596711,127.03193,무더위쉼터(도로명주소 일치),도로명주소,종암2차아이파크경로당,서울특별시 성북구 종암로9길 71 (종암2차 아이파크 211동)
경로당,종암1동SH-VILLE(아)경로당,서울특별시 성북구 종암2차 아이파크 215동,1,종암로9길71   216동 1층,37.597401,127.030178,무더위쉼터(시설명 일치),시설명,종암1동SH-VILLE(아)경로당,서울특별시 성북구 종암로9길 71 (종암2차 아이파크 215동)
경로당,래미안 크리시엘(아)경로당,서울특별시 성북구 종암동,1,종암로25길 30  관리동2층,37.601027,127.03038,무더위쉼터(도로명주소 일치),도로명주소,래미안크리시엘(아)경로당,서울특별시 성북구 종암로25길 30 (래미안 크리시엘 관리사무소)
경로당,래미안종암2차(아)경로당,서울특별시 성북구 종암동,1,종암로23길 35 래미안종암2차아파트 관리동 1층,37.599205,127.030857,무더위쉼터(도로명주소 일치),도로명주소,래미안종암2차(아)경로당,서울특별시 성북구 종암로23길 35 (래미안세레니티)
경로당,"래미안종암3차(아)경로당, 종암동래미안라센트(아)경로당",서울특별시 성북구 종암동,2,"종암로24가길 80, 래미안종암3차 아파트(임대) 관리동 1층 경로당",37.599286,127.039265,무더위쉼터(도로명주소 일치),도로명주소,종암동래미안라센트(아)경로당,서울특별시 성북구 종암로24가길 80 (래미안라센트 관리실 경로당)
경로당,북바위경로당,서울특별시 성북구 종암동,1,"종암로19다길 23, B103호",37.5990745,127.0282334,무더위쉼터(도로명주소 일치),도로명주소,북바위경로당,"서울특별시 성북구 종암로19다길 23 (종암동, 덕신빌리지)"
경로당,종암2동S.K(아)제2경로당,서울특별시 성북구 종암동,1,종암로24가길 53   107동내,37.601358,127.036877,무더위쉼터(시설명 일치),시설명,종암2동S.K(아)제2경로당,서울특별시 성북구 종암로24가길 53 (종암에스케이아파트)
경로당,종암동S.K(아)경로당,서울특별시 성북구 종암동,1,종암로24가길 53,37.601358,127.036877,무더위쉼터(도로명주소 일치),도로명주소,종암2동S.K(아)제2경로당,서울특별시 성북구 종암로24가길 53 (종암에스케이아파트)
경로당,종암동제1경로당,서울특별시 성북구 종암동,1,종암로21길81-26,37.602214,127.030961,무더위쉼터(시설명 일치),시설명,종암동제1경로당,서울특별시 성북구 종암로27길 25-9
경로당,종암동제2경로당,서울특별시 성북구 종암동,1,월곡로5나길 37,37.5988046,127.036964,무더위쉼터(도로명주소 일치),도로명주소,종암동제2경로당,서울특별시 성북구 월곡로5나길 37 (종암동)
경로당,종암선경(아)경로당,서울특별시 성북구 종암동,1,종암로5길 26 아파트내,37.594501,127.034004,무더위쉼터(도로명주소 일치),도로명주소,종암선경(아)경로당,서울특별시 성북구 종암로5길 26 (종암선경아파트)
경로당,종일사랑방경로당,서울특별시 성북구 종암동,1,종암로 13가길 31 1층 101호,37.5975593,127.0333859,무더위쉼터(시설명 일치),시설명,종일사랑방경로당,서울특별시 성북구 종암로13가길 31 (종암동)
경로당,중앙경로당,서울특별시 성북구 종암동,1,종암로22길 29,37.6001243,127.0357248,무더위쉼터(도로명주소 일치),도로명주소,중앙경로당,서울특별시 성북구 종암로22길 29 (종암동)
주민센터/도서관(공공도서관),"종암동 주민센터, 종암동새날도서관",서울특별시 성북구 종암동주민센터,2,서울특별시 성북구 종암로 98-8,37.598999,127.035102,무더위쉼터(도로명주소 일치),도로명주소,종암동새날도서관,서울특별시 성북구 종암로 98-8 (종암동주민센터)
경로당,참누리(아)경로당,서울특별시 성북구 참누리아파트 207동,1,"한천로101길 18, 207동 1층",37.623323,127.049656,무더위쉼터(도로명주소 일치),도로명주소,참누리(아)경로당,서울특별시 성북구 한천로101길 18 (참누리아파트 207동)
경로당,정릉피오레1차(아)경로당,서울특별시 성북구 피오레아파트 101동,1,보국문로 183 피오레아파트 관리동,37.617245,127.000835,무더위쉼터(도로명주소 일치),도로명주소,정릉피오레1차(아)경로당,서울특별시 성북구 보국문로 183 (피오레아파트 101동)
경로당,동덕경로당,서울특별시 성북구 하월곡동,1,장월로1마길 27-6(하월곡동),37.6055639,127.0427298,무더위쉼터(도로명주소 일치),도로명주소,동덕경로당,서울특별시 성북구 장월로1마길 27-6
경로당,목화경로당,서울특별시 성북구 하월곡동,1,월곡로14길1-19,37.60106,127.0415767,무더위쉼터(도로명주소 일치),도로명주소,목화경로당,서울특별시 성북구 월곡로14길 1-19
경로당,샹그레빌(아)경로당,서울특별시 성북구 하월곡동,1,회기로5길 100,37.596558,127.041371,무더위쉼터(도로명주소 일치),도로명주소,샹그레빌(아)경로당,서울특별시 성북구 회기로5길 100 (샹그레빌아파트)
경로당,월곡1동경로당,서울특별시 성북구 하월곡동,1,오패산로3길 99,37.6074821,127.0338354,무더위쉼터(도로명주소 일치),도로명주소,월곡1동경로당,서울특별시 성북구 오패산로3길 99
경로당,월곡1동모랫말경로당,서울특별시 성북구 하월곡동,1,종암로38길 26-4,37.6063522,127.0328975,무더위쉼터(도로명주소 일치),도로명주소,월곡1동모랫말경로당,서울특별시 성북구 종암로38길 26-4
경로당,월곡2동경로당,서울특별시 성북구 하월곡동,1,화랑로5길 8,37.6029931,127.0390777,무더위쉼터(도로명주소 일치),도로명주소,월곡2동경로당,서울특별시 성북구 화랑로5길 8
경로당,월곡2에스에이치빌(아)경로당,서울특별시 성북구 하월곡동,1,회기로5길 142  월곡2에스에이치빌아파트 관리동1층,37.597504,127.041586,무더위쉼터(도로명주소 일치),도로명주소,월곡2에스에이치빌(아)경로당,서울특별시 성북구 회기로5길 142 (월곡2에스에이치빌)
경로당,월곡래미안루나밸리경로당,서울특별시 성북구 하월곡동,1,월곡로 14길 26 월곡래미안루나밸리 단지내,37.599186,127.042027,무더위쉼터(도로명주소 일치),도로명주소,월곡래미안루나밸리경로당,서울특별시 성북구 월곡로14길 26 (월곡래미안루나밸리 노인정)
보건소,성북구보건소,서울특별시 성북구 하월곡동,1,"서울특별시 성북구 화랑로 63 (하월곡동, 성북구보건소) 성북구보건소",37.6026857,127.0395539,무더위쉼터(도로명주소 일치),도로명주소,성북구보건소,서울특별시 성북구 화랑로 63  (하월곡동)
주민센터,월곡1동 주민센터,서울특별시 성북구 하월곡동,1,서울특별시 성북구 오패산로 96,37.6106159,127.0357877,무더위쉼터(도로명주소 일치),도로명주소,월곡1동주민센터,서울특별시 성북구 오패산로 96
경로당,동소문동2차한신휴(아)경로당,서울특별시 성북구 한신휴아파트 119동,1,동소문로15길99 한신휴(아)관리동1층,37.595298,127.014345,무더위쉼터(도로명주소 일치),도로명주소,동소문동2차한신휴(아)경로당,서울특별시 성북구 동소문로15길 99 (한신휴아파트 119동)
주민센터,가락2동 주민센터,서울특별시 송파구 가락2동주민센터,1,서울특별시 송파구 중대로20길 6,37.498717,127.126605,무더위쉼터(도로명주소 일치),도로명주소,가락2동주민센터,서울특별시 송파구 중대로20길 6 (가락2동주민센터)
경로당,가락골,서울특별시 송파구 가락동,1,송파구 송이로23길 16-28 (가락동),37.494642,127.12574,무더위쉼터(도로명주소 일치),도로명주소,가락골경로당,서울특별시 송파구 송이로23길 16-28 (가락골경로당)
경로당,가락대림(아),서울특별시 송파구 가락동,1,송파구 송이로 88 (가락동),37.498983,127.119312,무더위쉼터(도로명주소 일치),도로명주소,가락대림경로당,서울특별시 송파구 송이로 88
경로당,가락본,서울특별시 송파구 가락동,1,송파구 양재대로62길 32-13 (가락동),37.496554,127.119256,무더위쉼터(도로명주소 일치),도로명주소,가락본경로당,서울특별시 송파구 양재대로62길 32-13 (가락본동경로당)
경로당,가락시장,서울특별시 송파구 가락동,1,"송파구 양재대로 932, 청과동 2층 38호 (가락동)",37.49432,127.115024,무더위쉼터(도로명주소 일치),도로명주소,가락시장경로당,서울특별시 송파구 양재대로 932
경로당,가락쌍용(아),서울특별시 송파구 가락동,1,송파구 송이로15길 31 (가락동),37.50213,127.122201,무더위쉼터(도로명주소 일치),도로명주소,가락쌍용2차경로당,서울특별시 송파구 송이로15길 31 (가락2차쌍용아파트 노인.관리동)
경로당,가락쌍용3차,서울특별시 송파구 가락동,1,송파구 송이로21길 23 (가락동),37.497484,127.123673,무더위쉼터(도로명주소 일치),도로명주소,가락쌍용3차경로당,서울특별시 송파구 송이로21길 23 (가락3차 쌍용스윗닷홈 101동)
경로당,가락우성,서울특별시 송파구 가락동,1,송파구 송파대로32길 8(가락동),37.497191,127.118032,무더위쉼터(도로명주소 일치),도로명주소,가락우성경로당,서울특별시 송파구 송파대로32길 8 (가락우성아파트 상가)
경로당,개롱,서울특별시 송파구 가락동,1,송파구 동남로14길 17-46 (가락동),37.493146,127.133017,무더위쉼터(도로명주소 일치),도로명주소,개롱경로당,서울특별시 송파구 동남로14길 17-46 (개롱경로당)
경로당,건너말,서울특별시 송파구 가락동,1,송파구 중대로10길 29 (가락동),37.491801,127.123948,무더위쉼터(도로명주소 일치),도로명주소,건너말경로당,서울특별시 송파구 중대로10길 29 (건너말공원경로당)
경로당,래미안파크,서울특별시 송파구 가락동,1,송파구 동남로 225 (가락동),37.498882,127.132487,무더위쉼터(도로명주소 일치),도로명주소,래미안파크경로당,"서울특별시 송파구 동남로 225 (래미안파크팰리스 경로당,관리실)"
경로당,미륭,서울특별시 송파구 가락동,1,송파구 동남로11길 4(가락동),37.493445,127.129188,무더위쉼터(도로명주소 일치),도로명주소,미륭경로당,서울특별시 송파구 동남로11길 4 (미륭아파트 관리사무소)
경로당,샛팽이,서울특별시 송파구 가락동,1,송파구 오금로42길 15 (가락동),37.4967963,127.1339413,무더위쉼터(도로명주소 일치),도로명주소,샛팽이경로당,서울특별시 송파구 오금로42길 15 (가락동)
경로당,"헬리오시티 제5단지, 헬리오시티 제4단지, 헬리오시티 제3단지, 헬리오시티 제2단지, 헬리오시티 제1단지",서울특별시 송파구 가락동,5,송파구 송파대로345 (가락동),37.499261,127.109083,무더위쉼터(도로명주소 일치),도로명주소,헬리오시티5단지경로당,서울특별시 송파구 송파대로 345 (가락동)
경로당,훙이,서울특별시 송파구 가락동,1,송파구 송이로17길 48 (가락동),37.501162,127.124971,무더위쉼터(도로명주소 일치),도로명주소,훙이경로당,서울특별시 송파구 송이로17길 48 (흥이경로당)
주민센터,가락1동 주민센터,서울특별시 송파구 가락동,1,서울특별시 송파구 양재대로 925,37.4965083,127.1098699,무더위쉼터(도로명주소 일치),도로명주소,가락1동주민센터,서울특별시 송파구 양재대로 925 (가락동)
주민센터,가락본동 주민센터,서울특별시 송파구 가락동,1,서울특별시 송파구 송파대로28길 39,37.4955755,127.1217594,무더위쉼터(도로명주소 일치),도로명주소,가락본동주민센터,서울특별시 송파구 송파대로28길 39 (가락동)
경로당,가락우성2차아파트,서울특별시 송파구 가락우성2차아파트 101동,1,송파구 중대로12길35,37.491598,127.125666,무더위쉼터(도로명주소 일치),도로명주소,가락우성2차경로당,서울특별시 송파구 중대로12길 35 (가락우성2차아파트 101동)
경로당,e편한세상송파파크센트럴,서울특별시 송파구 거여동,1,송파구 오금로 551 (거여동),37.493839,127.15051,무더위쉼터(도로명주소 일치),도로명주소,e편한세상송파파크센트럴경로당,"서울특별시 송파구 오금로 551 (거여동, e편한세상 송파 파크센트럴)"
경로당,거여,서울특별시 송파구 거여동,1,송파구 오금로 476-12(거여동),37.4937,127.1418,무더위쉼터(도로명주소 일치),도로명주소,거여경로당,서울특별시 송파구 오금로 476-12 (거여동)
경로당,거여1단지,서울특별시 송파구 거여동,1,송파구 양산로8길 8(거여동),37.490958,127.144555,무더위쉼터(도로명주소 일치),도로명주소,거여1단지경로당,서울특별시 송파구 양산로8길 8 (거여동)
경로당,거여3단지,서울특별시 송파구 거여동,1,송파구 양산로2길 44 (거여동),37.490517,127.1477687,무더위쉼터(도로명주소 일치),도로명주소,거여3단지아파트경로당,"서울특별시 송파구 양산로2길 44 (거여동, 거여3단지아파트)"
경로당,거여5단지,서울특별시 송파구 거여동,1,송파구 양산로4길 16 (거여동),37.488906,127.145349,무더위쉼터(도로명주소 일치),도로명주소,거여5단지아파트경로당,서울특별시 송파구 양산로4길 16 (거여5단지아파트 상가동)
경로당,거여6단지,서울특별시 송파구 거여동,1,송파구 양산로2길 38 (거여동),37.4881397,127.1465805,무더위쉼터(도로명주소 일치),도로명주소,거여6단지아파트경로당,"서울특별시 송파구 양산로2길 38 (거여동, 거여6단지아파트)"
경로당,거여새마을,서울특별시 송파구 거여동,1,송파구 오금로62길 13-3 (거여동),37.4921663,127.1467602,무더위쉼터(도로명주소 일치),도로명주소,거여새마을경로당,서울특별시 송파구 오금로62길 13-3 (거여동)
경로당,삼호,서울특별시 송파구 거여동,1,송파구 거마로9길 19 (거여동),37.496635,127.143436,무더위쉼터(도로명주소 일치),도로명주소,삼호(아)경로당,서울특별시 송파구 거마로9길 19 (삼호아파트 제101동)
경로당,송파레이크힐,서울특별시 송파구 거여동,1,송파구 위례송파로 89(거여동),37.486016,127.144573,무더위쉼터(도로명주소 일치),도로명주소,송파레이크힐경로당,서울특별시 송파구 위례송파로 89 (송파 레이크힐 1502동)
경로당,송파시그니처롯데캐슬,서울특별시 송파구 거여동,1,송파구 거마로 56(거여동),37.495954,127.14698,무더위쉼터(도로명주소 일치),도로명주소,송파시그니처롯데캐슬경로당,서울특별시 송파구 거마로 56 (송파시그니처롯데캐슬 105동)
경로당,어울림(아),서울특별시 송파구 거여동,1,송파구 오금로56길 28 (거여동),37.492026,127.143308,무더위쉼터(도로명주소 일치),도로명주소,어울림경로당,서울특별시 송파구 오금로56길 28 (어울림 아파트 103동)
경로당,영풍,서울특별시 송파구 거여동,1,송파구 오금로51길 20(거여동),37.4970482,127.1410177,무더위쉼터(도로명주소 일치),도로명주소,영풍경로당,서울특별시 송파구 오금로51길 20 (거여동)
경로당,위례포레샤인13단지,서울특별시 송파구 거여동,1,송파구 위례서이로 25(거여동),37.4823825,127.1377144,무더위쉼터(도로명주소 일치),도로명주소,위례포레샤인13단지경로당,"서울특별시 송파구 위례서이로 25 (거여동, 위례포레샤인 13단지)"
경로당,위례포레샤인18단지,서울특별시 송파구 거여동,1,송파구 위례북로4길 12 (거여동),37.487657,127.151991,무더위쉼터(도로명주소 일치),도로명주소,위례포레샤인18단지경로당,서울특별시 송파구 위례북로4길 12 (위례포레샤인 18단지)
경로당,포레나송파,서울특별시 송파구 거여동,1,송파구 위례송파로 123(거여동),37.485616,127.148653,무더위쉼터(도로명주소 일치),도로명주소,포레나송파경로당,서울특별시 송파구 위례송파로 123 (포레나송파 1714동)
경로당,현대1차(아),서울특별시 송파구 거여동,1,송파구 오금로54길 10 (거여동),37.4928,127.141313,무더위쉼터(도로명주소 일치),도로명주소,현대1차경로당,서울특별시 송파구 오금로54길 10 (현대아파트 1동)
경로당,현대2차,서울특별시 송파구 거여동,1,송파구 오금로61길 20 (거여동),37.493954,127.146916,무더위쉼터(도로명주소 일치),도로명주소,현대2차아파트경로당,서울특별시 송파구 오금로61길 20
주민센터,거여1동 주민센터,서울특별시 송파구 거여동,1,서울특별시 송파구 오금로53길 32,37.4969694,127.1433538,무더위쉼터(도로명주소 일치),도로명주소,거여1동주민센터,서울특별시 송파구 오금로53길 32 (거여동)
주민센터/도서관(공공도서관),"거여2동 주민센터, 거마도서관",서울특별시 송파구 거여동,2,서울특별시 송파구 거마로2길 19(거여동),37.493585,127.14682,무더위쉼터(도로명주소 일치),도로명주소,거마도서관,서울특별시 송파구 거마로2길 19 (거여제2동주민센터)
주민센터,마천1동 주민센터,서울특별시 송파구 마천1동주민센터,1,서울특별시 송파구 마천로 303,37.495962,127.149889,무더위쉼터(도로명주소 일치),도로명주소,마천1동주민센터,서울특별시 송파구 마천로 303 (마천1동주민센터)
주민센터,마천2동 주민센터,서울특별시 송파구 마천2동주민센터,1,서울특별시 송파구 마천로 287,37.49692,127.148583,무더위쉼터(도로명주소 일치),도로명주소,마천2동주민센터,서울특별시 송파구 마천로 287 (마천2동주민센터)
경로당,금호어울림1차,서울특별시 송파구 마천동,1,송파구 성내천로 245 (마천동),37.49824,127.154783,무더위쉼터(도로명주소 일치),도로명주소,금호어울림1차경로당,서울특별시 송파구 성내천로 245 (마천금호어울림1차아파트)
경로당,금호어울림2차,서울특별시 송파구 마천동,1,송파구 성내천로 314 (마천동),37.493307,127.155381,무더위쉼터(도로명주소 일치),도로명주소,금호어울림2차림경로당,서울특별시 송파구 성내천로 314 (마천동 금호어울림2차 아파트 201동)
경로당,남천,서울특별시 송파구 마천동,1,송파구 성내천로33가길 16(마천동),37.500077,127.154527,무더위쉼터(도로명주소 일치),도로명주소,남천경로당,서울특별시 송파구 성내천로33가길 16 (남천경로당)
경로당,마천,서울특별시 송파구 마천동,1,송파구 성내천로38길 4(마천동),37.497803,127.153645,무더위쉼터(도로명주소 일치),도로명주소,마천경로당,서울특별시 송파구 성내천로38길 4 (마천경로당)
경로당,마천우방,서울특별시 송파구 마천동,1,송파구 성내천로 211 (마천동),37.500168,127.152036,무더위쉼터(도로명주소 일치),도로명주소,우방(아)경로당,서울특별시 송파구 성내천로 211 (우방아파트 노인정관리사무실)
경로당,마천제2,서울특별시 송파구 마천동,1,송파구 성내천로30길 13 (마천동),37.498817,127.15075,무더위쉼터(도로명주소 일치),도로명주소,마천제2경로당,서울특별시 송파구 성내천로30길 13
경로당,산성,서울특별시 송파구 마천동,1,송파구 성내천로55길 16 (마천동),37.4923515,127.1582508,무더위쉼터(도로명주소 일치),도로명주소,산성경로당,서울특별시 송파구 성내천로55길 16 (마천동)
경로당,송파파크데일2단지,서울특별시 송파구 마천동,1,송파구 성내천로47길 38 (마천동),37.4960267,127.159034,무더위쉼터(도로명주소 일치),도로명주소,송파파크데일2단지경로당,"서울특별시 송파구 성내천로47길 38 (마천동, 송파파크데일2단지)"
경로당,신동아아파트,서울특별시 송파구 마천동,1,송파구 성내천로21길 11(마천동),37.500421,127.144779,무더위쉼터(도로명주소 일치),도로명주소,신동아아파트경로당,서울특별시 송파구 성내천로21길 11 (신동아 아파트 101동)
경로당,신마천,서울특별시 송파구 마천동,1,송파구 성내천로43마길 11-1 (마천동),37.496547,127.156269,무더위쉼터(도로명주소 일치),도로명주소,신마천경로당,서울특별시 송파구 성내천로43마길 11-1 (신마천경로당)
경로당,아남,서울특별시 송파구 마천동,1,송파구 마천로35길 18 (마천동),37.500525,127.145992,무더위쉼터(도로명주소 일치),도로명주소,아남경로당(마천),서울특별시 송파구 마천로35길 18 (아남아파트 아남경로당)
경로당,용마,서울특별시 송파구 마천동,1,송파구 거마로22길 11-8(마천동),37.4990011,127.1487591,무더위쉼터(도로명주소 일치),도로명주소,용마경로당,서울특별시 송파구 거마로22길 11-8
경로당,하마천,서울특별시 송파구 마천동,1,송파구 성내천로23길 12 (마천동),37.5017339,127.1453923,무더위쉼터(도로명주소 일치),도로명주소,하마천경로당,서울특별시 송파구 성내천로23길 12 (마천동)
도서관(공공도서관),소나무언덕3호도서관,서울특별시 송파구 마천동,1,서울특별시 송파구 성내천로 319 (마천동),37.492325,127.156619,전국도서관표준데이터,도로명주소,소나무언덕3호도서관,서울특별시 송파구 성내천로 319 (마천청소년센터)
주민센터,문정1동 주민센터,서울특별시 송파구 문정1동주민센터,1,서울특별시 송파구 동남로 116,37.490095,127.124149,무더위쉼터(도로명주소 일치),도로명주소,문정1동주민센터,서울특별시 송파구 동남로 116 (문정1동주민센터)
주민센터,문정2동 주민센터,서울특별시 송파구 문정2동주민센터,1,서울특별시 송파구 중대로 16,37.489876,127.110798,무더위쉼터(도로명주소 일치),도로명주소,문정2동주민센터,서울특별시 송파구 중대로 16 (문정2동주민센터)
경로당,문정,서울특별시 송파구 문정동,1,송파구 동남로6나길 3-6(문정동),37.488627,127.125502,무더위쉼터(도로명주소 일치),도로명주소,문정경로당,서울특별시 송파구 동남로6나길 3-6 (문정경로당)
경로당,문정골,서울특별시 송파구 문정동,1,송파구 동남로4길 17 (문정동),37.488727,127.124729,무더위쉼터(도로명주소 일치),도로명주소,문정골경로당,서울특별시 송파구 동남로4길 17 (문정골향토회관)
경로당,문정래미안,서울특별시 송파구 문정동,1,송파구 문정로 83 (문정동),37.490838,127.130254,무더위쉼터(도로명주소 일치),도로명주소,문정래미안경로당,서울특별시 송파구 문정로 83 (문정래미안아파트 상가동)
경로당,문정현대,서울특별시 송파구 문정동,1,송파구 동남로 160 (문정동),37.491262,127.127896,무더위쉼터(도로명주소 일치),도로명주소,문정현대아파트경로당,서울특별시 송파구 동남로 160 (현대아파트 16동)
경로당,송파파크하비오푸르지오,서울특별시 송파구 문정동,1,서울 송파구 송파대로 111(문정동),37.480509,127.123552,무더위쉼터(도로명주소 일치),도로명주소,송파파크하비오경로당,서울특별시 송파구 송파대로 111 (파크하비오 송파파크하비오푸르지오201동)
경로당,연화,서울특별시 송파구 문정동,1,송파구 송파대로14길 7(문정동),37.483703,127.124999,무더위쉼터(도로명주소 일치),도로명주소,연화경로당,서울특별시 송파구 송파대로14길 7 (연회주민복지관)
경로당,잔버들,서울특별시 송파구 문정동,1,송파구 새말로15길 17-5(문정동),37.485183,127.128881,무더위쉼터(도로명주소 일치),도로명주소,잔버들경로당,서울특별시 송파구 새말로15길 17-5 (잔버들경로당)
경로당,장지,서울특별시 송파구 문정동,1,송파구 새말로10길 3-16 (문정동),37.482414,127.128429,무더위쉼터(도로명주소 일치),도로명주소,장지경로당,서울특별시 송파구 새말로10길 3-16 (장지경로당)
경로당,화훼마을,서울특별시 송파구 문정동,1,송파구 성남대로 1565(문정동),37.469873,127.125497,무더위쉼터(도로명주소 일치),도로명주소,화훼마을경로당,서울특별시 송파구 성남대로 1565
경로당,"훼밀리제2, 훼밀리제1",서울특별시 송파구 문정동,2,송파구 중대로 24 (문정동),37.48974,127.116776,무더위쉼터(도로명주소 일치),도로명주소,훼미리제2경로당,서울특별시 송파구 중대로 24
경로당,대림,서울특별시 송파구 방이동,1,송파구 양재대로 1109 (방이동),37.508398,127.125276,무더위쉼터(도로명주소 일치),도로명주소,대림(아)경로당,서울특별시 송파구 양재대로 1109 (대림가락아파트 관리사무실)
경로당,"오륜3단지(아), 오륜2단지, 오륜1단지(아)",서울특별시 송파구 방이동,3,송파구 양재대로 1218 (방이동),37.516696,127.13772,무더위쉼터(도로명주소 일치),도로명주소,오륜3단지경로당,서울특별시 송파구 양재대로 1218
경로당,왕천,서울특별시 송파구 방이동,1,송파구 양재대로71길 20-10 (방이동),37.511227,127.125083,무더위쉼터(도로명주소 일치),도로명주소,왕천경로당,서울특별시 송파구 양재대로71길 20-10 (왕천경로당)
경로당,한양3차(아),서울특별시 송파구 방이동,1,송파구 오금로 251(방이동),37.505721,127.123025,무더위쉼터(도로명주소 일치),도로명주소,한양3차(아)경로당,서울특별시 송파구 오금로 251 (잠실3차(방이동) 한양아파트 상가)
주민센터,방이1동 주민센터,서울특별시 송파구 방이동,1,서울특별시 송파구 위례성대로16길 22,37.5110088,127.1238944,무더위쉼터(도로명주소 일치),도로명주소,방이1동주민센터,서울특별시 송파구 위례성대로16길 22 (방이동)
주민센터,방이2동 주민센터,서울특별시 송파구 방이동,1,"서울특별시 송파구 오금로11길 65, 리버리치 오피스텔 2층",37.5163969,127.1114183,무더위쉼터(시설명 일치),시설명,방이2동주민센터,서울특별시 송파구 올림픽로34길 5-13
주민센터,오륜동 주민센터,서울특별시 송파구 방이동,1,서울특별시 송파구 양재대로 1232,37.5154512,127.1342558,무더위쉼터(도로명주소 일치),도로명주소,오륜동주민센터,서울특별시 송파구 양재대로 1232 (방이동)
경로당,삼전제1,서울특별시 송파구 삼전동,1,송파구 백제고분로32길 6-30 (삼전동),37.501819,127.0933199,무더위쉼터(도로명주소 일치),도로명주소,삼전제1경로당,서울특별시 송파구 백제고분로32길 6-30 (삼전동)
경로당,삼전제2,서울특별시 송파구 삼전동,1,송파구 백제고분로27길 40-24 (삼전동),37.506162,127.095494,무더위쉼터(도로명주소 일치),도로명주소,삼전제2경로당,서울특별시 송파구 백제고분로27길 40-24 (삼전제2경로당)
주민센터,삼전동 주민센터,서울특별시 송파구 삼전동주민센터,1,서울특별시 송파구 백제고분로 236,37.502774,127.092549,무더위쉼터(도로명주소 일치),도로명주소,삼전동주민센터,서울특별시 송파구 백제고분로 236 (삼전동주민센터)
경로당,돌마리,서울특별시 송파구 석촌동,1,송파구 가락로7길 4(석촌동),37.500519,127.103445,무더위쉼터(도로명주소 일치),도로명주소,돌마리경로당,서울특별시 송파구 가락로7길 4 (돌마리어린이공원경로당)
경로당,석촌,서울특별시 송파구 석촌동,1,송파구 백제고분로40길 13-16 (석촌동),37.503576,127.107443,무더위쉼터(도로명주소 일치),도로명주소,석촌경로당,서울특별시 송파구 백제고분로40길 13-16 (석촌주민복지관)
경로당,오봉산,서울특별시 송파구 석촌동,1,송파구 석촌호수로20길 13 (석촌동),37.506196,127.102485,무더위쉼터(도로명주소 일치),도로명주소,오봉산경로당,서울특별시 송파구 석촌호수로20길 13 (오봉산경로당)
주민센터/도서관(공공도서관),"석촌동 주민센터, 돌마리도서관",서울특별시 송파구 석촌동주민센터,2,서울특별시 송파구 백제고분로37길 16,37.503595,127.103666,무더위쉼터(도로명주소 일치),도로명주소,돌마리도서관,서울특별시 송파구 백제고분로37길 16 (석촌동주민센터)
주민센터,송파2동 주민센터,서울특별시 송파구 송파2동주민센터,1,서울특별시 송파구 송이로 32,37.502334,127.116722,무더위쉼터(도로명주소 일치),도로명주소,송파2동주민센터,서울특별시 송파구 송이로 32 (송파2동주민센터)
경로당,삼성래미안,서울특별시 송파구 송파동,1,송파구 오금로32길 14 (송파동),37.505324,127.118969,무더위쉼터(도로명주소 일치),도로명주소,삼성래미안경로당,서울특별시 송파구 오금로32길 14 (송파삼성래미안아파트 관리사무소)
경로당,송파미성,서울특별시 송파구 송파동,1,송파구 오금로32길 10 (송파동),37.505717,127.119074,무더위쉼터(도로명주소 일치),도로명주소,송파미성경로당,서울특별시 송파구 오금로32길 10 (미성맨션)
경로당,송파제1,서울특별시 송파구 송파동,1,송파구 송파대로42길 29 (송파동),37.5063428,127.1104941,무더위쉼터(도로명주소 일치),도로명주소,송파제1경로당,서울특별시 송파구 송파대로42길 29 (송파동)
경로당,송파제2,서울특별시 송파구 송파동,1,송파구 송파대로38길 1(송파동),37.5007,127.1119,무더위쉼터(도로명주소 일치),도로명주소,송파제2경로당,서울특별시 송파구 송파대로38길 1 (송파동)
경로당,한양1차,서울특별시 송파구 송파동,1,송파구 가락로 187 (송파동),37.505775,127.113832,무더위쉼터(도로명주소 일치),도로명주소,한양1차경로당,서울특별시 송파구 가락로 187 (한양아파트 6동)
경로당,한양2차,서울특별시 송파구 송파동,1,송파구 가락로 192 (송파동),37.504594,127.115094,무더위쉼터(도로명주소 일치),도로명주소,한양2차경로당,서울특별시 송파구 가락로 192 (송파동)
경로당,호수,서울특별시 송파구 송파동,1,송파구 송파대로48길 28 (송파동),37.509914,127.1071401,무더위쉼터(도로명주소 일치),도로명주소,호수경로당,서울특별시 송파구 송파대로48길 28 (송파동)
주민센터,송파1동 주민센터,서울특별시 송파구 송파동,1,서울특별시 송파구 백제고분로 392,37.5063102,127.1093462,무더위쉼터(도로명주소 일치),도로명주소,송파1동주민센터,서울특별시 송파구 백제고분로 392 (송파동)
경로당,"파크리오4, 파크리오3, 파크리오2, 파크리오1",서울특별시 송파구 신천동,4,송파구 올림픽로 435(신천동),37.521567,127.112676,무더위쉼터(도로명주소 일치),도로명주소,파크리오4경로당,서울특별시 송파구 올림픽로 435 (파크리오 305동)
도서관(공공도서관),송파어린이영어도서관,서울특별시 송파구 신천동,1,서울특별시 송파구 오금로 1 (신천동),37.5223926,127.102983,전국도서관표준데이터,시설명,송파어린이영어도서관,
보건소,송파구보건소,서울특별시 송파구 신천동,1,"서울특별시 송파구 올림픽로 326 (신천동, 송파구청), 보건소 보건소",37.514614,127.106089,무더위쉼터(도로명주소 일치),도로명주소,송파구청,서울특별시 송파구 올림픽로 326 (송파구청)
경로당,목련,서울특별시 송파구 오금동,1,송파구 동남로24길 25 (오금동),37.498975,127.139168,무더위쉼터(도로명주소 일치),도로명주소,목련경로당,서울특별시 송파구 동남로24길 25 (목련경로당)
경로당,백토,서울특별시 송파구 오금동,1,송파구 양재대로72길 47-8(오금동),37.508208,127.132581,무더위쉼터(도로명주소 일치),도로명주소,백토경로당,서울특별시 송파구 양재대로72길 47-8 (백토근린공원경로당)
경로당,벌말,서울특별시 송파구 오금동,1,송파구 동남로28길 23 (오금동),37.501825,127.140027,무더위쉼터(도로명주소 일치),도로명주소,벌말경로당,서울특별시 송파구 동남로28길 23 (벌말경로당)
경로당,삼성,서울특별시 송파구 오금동,1,송파구 문정로 197 (오금동),37.496405,127.139449,무더위쉼터(도로명주소 일치),도로명주소,삼성경로당,서울특별시 송파구 문정로 197 (삼성아파트 1동)
경로당,송파더플래티넘,서울특별시 송파구 오금동,1,송파구 성내천로 50(오금동),37.502687,127.135842,무더위쉼터(도로명주소 일치),도로명주소,송파더플래티넘경로당,서울특별시 송파구 성내천로 50 (송파더 플래티넘 2동)
경로당,송파두산위브(아),서울특별시 송파구 오금동,1,송파구 성내천로 103(오금동),37.500474,127.141433,무더위쉼터(도로명주소 일치),도로명주소,송파두산위브경로당,서울특별시 송파구 성내천로 103 (송파 두산위브 102동)
경로당,송파레미니스1단지,서울특별시 송파구 오금동,1,송파구 성내천로 6 (오금동),37.5076911,127.135683,무더위쉼터(도로명주소 일치),도로명주소,송파레미니스1단지경로당,서울특별시 송파구 성내천로 6
경로당,송파레미니스2단지,서울특별시 송파구 오금동,1,송파구 동남로 341 (오금동),37.5063981,127.1381181,무더위쉼터(도로명주소 일치),도로명주소,송파레미니스2단지경로당,"서울특별시 송파구 동남로 341 (오금동, 송파레미니스2단지)"
경로당,오금,서울특별시 송파구 오금동,1,송파구 성내천로10길 4(오금동),37.502087,127.136234,무더위쉼터(도로명주소 일치),도로명주소,오금경로당,서울특별시 송파구 성내천로10길 4 (오금경로당)
경로당,오금우방(아),서울특별시 송파구 오금동,1,송파구 성내천로 87 (오금동),37.501427,127.139824,무더위쉼터(도로명주소 일치),도로명주소,오금우방경로당,서울특별시 송파구 성내천로 87 (오금동우방아파트 102동)
경로당,오금현대(아),서울특별시 송파구 오금동,1,송파구 오금로35길 17 (오금동),37.505977,127.126416,무더위쉼터(도로명주소 일치),도로명주소,오금현대경로당,서울특별시 송파구 오금로35길 17 (현대아파트 37동)
경로당,현대백조(아),서울특별시 송파구 오금동,1,송파구 양재대로72길 15 (오금동),37.509436,127.129278,무더위쉼터(도로명주소 일치),도로명주소,현대백조경로당101동,서울특별시 송파구 양재대로72길 15 (현대백조아파트 101동)
경로당,현대백조(아)102동,서울특별시 송파구 오금동,1,송파구 양재대로 72길  20(오금동),37.508996,127.128678,무더위쉼터(도로명주소 일치),도로명주소,현대백조경로당(102동),서울특별시 송파구 양재대로72길 20 (현대백조아파트 102동)
주민센터,오금동 주민센터,서울특별시 송파구 오금동주민센터,1,서울특별시 송파구 오금로25길 5,37.50294,127.128098,무더위쉼터(시설명 일치),시설명,오금동주민센터,서울특별시 송파구 중대로25길 5 (오금동주민센터)
경로당,위례2차아이파크,서울특별시 송파구 위례동,1,송파구 위례광장로 230(위례동),37.479786,127.143704,무더위쉼터(도로명주소 일치),도로명주소,위례2차아이파크경로당,서울특별시 송파구 위례광장로 230 (위례2차아이파크 203동)
경로당,위례송파푸르지오,서울특별시 송파구 위례동,1,송파구 위례광장로185(위례동),37.480741,127.141227,무더위쉼터(도로명주소 일치),도로명주소,위례송파푸르지오경로당,서울특별시 송파구 위례광장로 185 (위례신도시 송파푸르지오 106동)
경로당,위례아이파크1차,서울특별시 송파구 위례동,1,송파구 위례광장로 136(위례동),37.476508,127.142532,무더위쉼터(도로명주소 일치),도로명주소,위례아이파크1차경로당,서울특별시 송파구 위례광장로 136 (위례아이파크 상가-1)
경로당,위례포레샤인,서울특별시 송파구 위례동,1,송파구 위례순환로 477(위례동),37.4761923,127.1352796,무더위쉼터(도로명주소 일치),도로명주소,위례포레샤인경로당,서울특별시 송파구 위례순환로 477
경로당,힐스테이트송파위례,서울특별시 송파구 위례동,1,송파구 위례광장로 170(위례동),37.479879,127.142373,무더위쉼터(도로명주소 일치),도로명주소,힐스테이트송파위례경로당,서울특별시 송파구 위례광장로 170 (힐스테이트송파위례 103동)
주민센터/도서관(공공도서관),"위례동 주민센터, 송파위례도서관",서울특별시 송파구 위례동주민센터,2,서울특별시 송파구 위례광장로 210,37.481142,127.143948,무더위쉼터(도로명주소 일치),도로명주소,송파위례도서관,서울특별시 송파구 위례광장로 210 (위례동주민센터)
주민센터,잠실2동 주민센터,서울특별시 송파구 잠실2동주민센터,1,서울특별시 송파구 올림픽로 159,37.511945,127.088517,무더위쉼터(도로명주소 일치),도로명주소,잠실2동주민센터,서울특별시 송파구 올림픽로 159 (잠실2동주민센터)
주민센터,잠실3동 주민센터,서울특별시 송파구 잠실3동주민센터,1,서울특별시 송파구 잠실로 51-31,37.513281,127.094238,무더위쉼터(도로명주소 일치),도로명주소,잠실3동주민센터,서울특별시 송파구 잠실로 51-31 (잠실3동주민센터)
주민센터,잠실4동 주민센터,서울특별시 송파구 잠실4동주민센터,1,서울특별시 송파구 올림픽로35길 16,37.520113,127.112233,무더위쉼터(도로명주소 일치),도로명주소,잠실4동주민센터,서울특별시 송파구 올림픽로35길 16 (잠실4동주민센터)
주민센터,잠실6동 주민센터,서울특별시 송파구 잠실6동주민센터,1,서울특별시 송파구 올림픽로 35길120,37.518137,127.100657,무더위쉼터(도로명주소 일치),도로명주소,장미경로당,서울특별시 송파구 올림픽로35길 120 (잠실6동주민센터)
경로당,레이크팰리스,서울특별시 송파구 잠실동,1,송파구 잠실로 88(잠실동),37.507845,127.094913,무더위쉼터(도로명주소 일치),도로명주소,레이크팰리스경로당,서울특별시 송파구 잠실로 88 (레이크팰리스 127동)
경로당,리센츠,서울특별시 송파구 잠실동,1,송파구 올림픽로 135 (잠실동),37.513201,127.090555,무더위쉼터(도로명주소 일치),도로명주소,리센츠경로당,서울특별시 송파구 올림픽로 135 (리센츠 218동)
경로당,신잠실,서울특별시 송파구 잠실동,1,송파구 백제고분로18길 20-36 (잠실동),37.503913,127.082262,무더위쉼터(도로명주소 일치),도로명주소,신잠실경로당,서울특별시 송파구 백제고분로18길 20-36
경로당,신천,서울특별시 송파구 잠실동,1,송파구 석촌호수로12길 1-17 (잠실동),37.508229,127.08663,무더위쉼터(도로명주소 일치),도로명주소,신천경로당,서울특별시 송파구 석촌호수로12길 1-17 (신천노인정)
경로당,아시아선수촌(아),서울특별시 송파구 잠실동,1,송파구 올림픽로4길 15 (잠실동),37.507526,127.076346,무더위쉼터(도로명주소 일치),도로명주소,아시아선수촌경로당,서울특별시 송파구 올림픽로4길 15
경로당,"엘스어르신쉼터, 잠실엘스",서울특별시 송파구 잠실동,2,송파구 올림픽로 99 (잠실동),37.51467,127.083991,무더위쉼터(도로명주소 일치),도로명주소,엘스어르신쉼터경로당,서울특별시 송파구 올림픽로 99 (잠실엘스 130동)
경로당,우성4차,서울특별시 송파구 잠실동,1,송파구 백제고분로18길 30 (잠실동),37.503151,127.082808,무더위쉼터(도로명주소 일치),도로명주소,우성4차경로당,서울특별시 송파구 백제고분로18길 30 (우성아파트 관리소)
경로당,잠실5,서울특별시 송파구 잠실동,1,송파구 송파대로 567 (잠실동),37.515954,127.094464,무더위쉼터(도로명주소 일치),도로명주소,잠실5단지경로당,서울특별시 송파구 송파대로 567 (잠실주공아파트 관리사무실 경로당)
경로당,잠실7우성(아),서울특별시 송파구 잠실동,1,송파구 올림픽로4길 42 (잠실동),37.50659,127.072298,무더위쉼터(도로명주소 일치),도로명주소,잠실7우성경로당,서울특별시 송파구 올림픽로4길 42
경로당,트리지움,서울특별시 송파구 잠실동,1,송파구 잠실로 62(잠실동),37.50936,127.090032,무더위쉼터(도로명주소 일치),도로명주소,트리지움경로당,서울특별시 송파구 잠실로 62 (트리지움 321동)
도서관(공공도서관),소나무언덕2호도서관,서울특별시 송파구 잠실동,1,서울특별시 송파구 석촌호수로 155 (잠실동),37.5072667,127.0942173,전국도서관표준데이터,도로명주소,소나무언덕2호도서관,서울특별시 송파구 석촌호수로 155 (잠실3동자치회관2관)
도서관(공공도서관),소나무언덕잠실본동도서관,서울특별시 송파구 잠실동,1,서울특별시 송파구 탄천동로 205 (잠실동),37.5030508,127.0768362,전국도서관표준데이터,도로명주소,소나무언덕잠실본동도서관,서울특별시 송파구 탄천동로 205 (소나무언덕잠실본동 도서관)
도서관(공공도서관),송파어린이도서관,서울특별시 송파구 잠실동,1,서울특별시 송파구 올림픽로 105 (잠실동),37.5121013,127.0824285,전국도서관표준데이터,도로명주소,송파어린이도서관,서울특별시 송파구 올림픽로 105 (어린이도서관)
주민센터,잠실7동 주민센터,서울특별시 송파구 잠실동,1,서울특별시 송파구 올림픽로4길 17,37.5087448,127.0772764,무더위쉼터(도로명주소 일치),도로명주소,잠실7동주민센터,서울특별시 송파구 올림픽로4길 17
주민센터,잠실본동 주민센터,서울특별시 송파구 잠실동,1,서울특별시 송파구 백제고분로 145(잠실동),37.506066,127.083187,무더위쉼터(도로명주소 일치),도로명주소,잠전경로당,서울특별시 송파구 백제고분로 145 (잠실본동복합청사)
경로당,송파꿈에그린,서울특별시 송파구 장지동,1,송파구 위례광장로121(장지동),37.476276,127.139569,무더위쉼터(도로명주소 일치),도로명주소,송파꿈에그린경로당,서울특별시 송파구 위례광장로 121 (위례24단지 2403동)
경로당,송파더센트레,서울특별시 송파구 장지동,1,송파구 위례광장로163(장지동),37.478611,127.141333,무더위쉼터(도로명주소 일치),도로명주소,송파더센트레아파트경로당,서울특별시 송파구 위례광장로 163 (송파더센트레 2212동)
경로당,송파와이즈더샵,서울특별시 송파구 장지동,1,송파구 위례광장로 270(장지동),37.475812,127.143232,무더위쉼터(도로명주소 일치),도로명주소,송파와이즈더샵경로당,서울특별시 송파구 위례광장로 270 (송파와이즈더샵 104동)
경로당,파인타운13단지,서울특별시 송파구 장지동,1,송파구 송파대로8길 10 (장지동),37.477053,127.128177,무더위쉼터(도로명주소 일치),도로명주소,파인타운13단지경로당,서울특별시 송파구 송파대로8길 10 (송파파인타운13단지 1302동)
경로당,파인타운3단지,서울특별시 송파구 장지동,1,송파구 충민로 152 (장지동),37.483619,127.133654,무더위쉼터(도로명주소 일치),도로명주소,파인타운3단지경로당,서울특별시 송파구 충민로 152 (송파파인타운3단지 310동)
도서관(공공도서관),송파글마루도서관,서울특별시 송파구 장지동,1,서울특별시 송파구 충민로 120 (장지동),37.4808327,127.1304766,전국도서관표준데이터,도로명주소,송파글마루도서관,서울특별시 송파구 충민로 120 (송파글마루도서관)
주민센터,장지동 주민센터,서울특별시 송파구 장지동복합청사,1,서울특별시 송파구 새말로19길 6,37.488503,127.132677,무더위쉼터(시설명 일치),시설명,장지동주민센터,서울특별시 송파구 송이로31길 10 (장지동복합청사)
주민센터,풍납1동 주민센터,서울특별시 송파구 풍납1동주민센터,1,서울특별시 송파구 천호대로152길 7,37.53808,127.12208,무더위쉼터(도로명주소 일치),도로명주소,풍납1동주민센터,서울특별시 송파구 천호대로152길 7 (풍납1동주민센터)
경로당,극동,서울특별시 송파구 풍납동,1,송파구 올림픽로45길 11 (풍납동),37.526626,127.116736,무더위쉼터(도로명주소 일치),도로명주소,풍납극동(아)경로당,서울특별시 송파구 올림픽로45길 11 (극동아파트 상가)
경로당,대아(아),서울특별시 송파구 풍납동,1,송파구 풍성로 52 (풍납동),37.533518,127.118216,무더위쉼터(도로명주소 일치),도로명주소,대아(아)경로당,"서울특별시 송파구 풍성로 52 (대아아파트 관리실, 노인정)"
경로당,동아한가람,서울특별시 송파구 풍납동,1,송파구 한가람로 448 (풍납동),37.537448,127.11533,무더위쉼터(도로명주소 일치),도로명주소,동아한가람경로당,서울특별시 송파구 한가람로 448 (동아한가람아파트 105동)
경로당,송파현대힐스테이트,서울특별시 송파구 풍납동,1,송파구 풍성로26길 31(풍납동),37.53125,127.118802,무더위쉼터(도로명주소 일치),도로명주소,송파현대힐스테이트경로당,서울특별시 송파구 풍성로26길 31 (송파현대힐스테이트 관리동)
경로당,씨티극동아파트,서울특별시 송파구 풍납동,1,송파구 한가람로 478 (풍납동),37.539154,127.117786,무더위쉼터(도로명주소 일치),도로명주소,씨티극동경로당,서울특별시 송파구 한가람로 478
경로당,잠실올림픽공원아이파크,서울특별시 송파구 풍납동,1,송파구 올림픽로43길 34 (풍납동),37.525452,127.114202,무더위쉼터(도로명주소 일치),도로명주소,잠실올림픽공원아이파크경로당,서울특별시 송파구 올림픽로43길 34 (잠실 올림픽공원 아이파크 경로당)
경로당,토성,서울특별시 송파구 풍납동,1,송파구 토성로 19길 37 (풍납동),37.5315744,127.1195816,무더위쉼터(도로명주소 일치),도로명주소,토성경로당,서울특별시 송파구 토성로19길 37
경로당,풍납2미성(아),서울특별시 송파구 풍납동,1,송파구 풍성로 14 (풍납동),37.534147,127.113732,무더위쉼터(도로명주소 일치),도로명주소,미성(아)경로당,서울특별시 송파구 풍성로 14 (미성맨션 관리실)
경로당,풍납제1,서울특별시 송파구 풍납동,1,송파구 풍성로 67 (풍납동),37.533612,127.12,무더위쉼터(도로명주소 일치),도로명주소,풍납제1경로당,서울특별시 송파구 풍성로 67 (풍납제1경로당)
경로당,풍납현대,서울특별시 송파구 풍납동,1,송파구 올림픽로 525 (풍납동),37.5294,127.118935,무더위쉼터(도로명주소 일치),도로명주소,풍납현대경로당,"서울특별시 송파구 올림픽로 525 (현대아파트 노인정,관리실)"
경로당,풍성,서울특별시 송파구 풍납동,1,송파구 풍성로25길 21-9(풍납동),37.5356712,127.1205294,무더위쉼터(도로명주소 일치),도로명주소,풍성경로당,서울특별시 송파구 풍성로25길 21-9
경로당,한강극동,서울특별시 송파구 풍납동,1,송파구 토성로 38-6(풍납동),37.529591,127.112349,무더위쉼터(도로명주소 일치),도로명주소,한강극동(아)경로당,서울특별시 송파구 토성로 38-6 (한강극동아파트)
경로당,해모로,서울특별시 송파구 풍납동,1,송파구 풍성로26길 47(풍납동),37.529936,127.117153,무더위쉼터(도로명주소 일치),도로명주소,해모로경로당,서울특별시 송파구 풍성로26길 47 (송파해모로아파트 상가동)
경로당/도서관(공공도서관),"쌍용(아), 소나무언덕1호작은도서관",서울특별시 송파구 풍납동,2,송파구 올림픽로47길 9(풍납동),37.526805,127.117712,무더위쉼터(도로명주소 일치),도로명주소,쌍용(아)경로당,서울특별시 송파구 올림픽로47길 9 (쌍용아파트 상가동)
주민센터,풍납2동 주민센터,서울특별시 송파구 풍납동,1,서울특별시 송파구 토성로52,37.5292964,127.1156452,무더위쉼터(도로명주소 일치),도로명주소,풍납2동주민센터,서울특별시 송파구 토성로 52 (풍납동)
도서관(공공도서관),갈산도서관,서울특별시 양천구,1,서울특별시 양천구 목동남로 4길 48-6,37.508816,126.867312,전국도서관표준데이터,도로명주소,갈산도서관,서울특별시 양천구 목동남로4길 48-6
도서관(공공도서관),개울건강도서관,서울특별시 양천구,1,서울특별시 양천구 중앙로52길 56,37.525988,126.856603,전국도서관표준데이터,도로명주소,개울건강도서관,서울특별시 양천구 중앙로52길 56
도서관(공공도서관),미감도서관,서울특별시 양천구,1,서울특별시 양천구 목동중앙남로 57-10,37.538939,126.865463,전국도서관표준데이터,도로명주소,미감도서관,서울특별시 양천구 목동중앙남로 57-10
도서관(공공도서관),영어특성화도서관,서울특별시 양천구,1,서울특별시 양천구 목동동로 81,37.515936,126.863865,전국도서관표준데이터,도로명주소,영어특성화도서관,서울특별시 양천구 목동동로 81
도서관(공공도서관),해맞이역사도서관,서울특별시 양천구,1,서울특별시 양천구 지양로 37,37.519076,126.835607,전국도서관표준데이터,도로명주소,해맞이역사도서관,서울특별시 양천구 지양로 37 (해맞이도서관)
경로당,건영(아),서울특별시 양천구 목동,1,목동중앙본로22길 63(목동),37.542352,126.872795,무더위쉼터(도로명주소 일치),도로명주소,건영아파트경로당(사립),서울특별시 양천구 목동중앙본로22길 63 (건영아파트 노인정)
경로당,극동늘푸른(아),서울특별시 양천구 목동,1,목동중앙본로 10(목동),37.53809,126.872562,무더위쉼터(도로명주소 일치),도로명주소,극동늘푸른아파트경로당(사립),서울특별시 양천구 목동중앙본로 10 (극동늘푸른아파트 노인정)
경로당,금호베스트빌(아),서울특별시 양천구 목동,1,목동중앙북로8길 111(목동),37.54441,126.867116,무더위쉼터(도로명주소 일치),도로명주소,금호베스트빌아파트경로당(사립),서울특별시 양천구 목동중앙북로8길 111 (금호베스트빌아파트 101동)
경로당,달거리,서울특별시 양천구 목동,1,"목동중앙북로20길 17, 103호(목동)",37.545434,126.875939,무더위쉼터(도로명주소 일치),도로명주소,달거리경로당(사립),서울특별시 양천구 목동중앙북로20길 17
경로당,대원칸타빌1차(아),서울특별시 양천구 목동,1,목동로 224(목동),37.528637,126.865223,무더위쉼터(도로명주소 일치),도로명주소,대원칸타빌1차아파트경로당(사립),서울특별시 양천구 목동로 224 (대원칸타빌1차아파트 관리실)
경로당,마장,서울특별시 양천구 목동,1,목동중앙서로8길 23(목동),37.5316,126.8663,무더위쉼터(도로명주소 일치),도로명주소,마장(목4동구립)경로당,서울특별시 양천구 목동중앙서로8길 23
경로당,만수(현대A 107-108),서울특별시 양천구 목동,1,목동동로12길 59(목동),37.523919,126.877558,무더위쉼터(도로명주소 일치),도로명주소,만수경로당(사립),서울특별시 양천구 목동동로12길 59 (목동현대아파트)
경로당,목동1단지(아),서울특별시 양천구 목동,1,목동서로 38(목동),37.540277,126.8779,무더위쉼터(도로명주소 일치),도로명주소,목동1단지아파트경로당(사립),서울특별시 양천구 목동서로 38 (목동신시가지아파트1단지 상가관리동)
경로당,목동2단지(아),서울특별시 양천구 목동,1,목동서로 70(목동),37.538077,126.87621,무더위쉼터(도로명주소 일치),도로명주소,목동2단지아파트경로당(사립),서울특별시 양천구 목동서로 70 (목동신시가지아파트2단지 관리동및상가)
경로당,목동2차성원(아),서울특별시 양천구 목동,1,목동중앙남로 100(목동),37.542755,126.863471,무더위쉼터(도로명주소 일치),도로명주소,목동2차성원아파트경로당(사립),서울특별시 양천구 목동중앙남로 100 (성원아파트)
경로당,목동3단지(아),서울특별시 양천구 목동,1,목동서로 100(목동),37.534533,126.871977,무더위쉼터(도로명주소 일치),도로명주소,목동3단지아파트경로당(사립),서울특별시 양천구 목동서로 100 (목동신시가지아파트3단지 관리동및상가)
경로당,목동3차 월드메르디앙(아),서울특별시 양천구 목동,1,목동동로 270(목동),37.525366,126.875807,무더위쉼터(도로명주소 일치),도로명주소,목동3차월드메르디앙아파트경로당(사립),서울특별시 양천구 목동동로 270 (목동3차 월드메르디앙 302)
경로당,목동4단지(아),서울특별시 양천구 목동,1,목동서로 130(목동),37.532209,126.870939,무더위쉼터(도로명주소 일치),도로명주소,목동4단지아파트경로당(사립),서울특별시 양천구 목동서로 130 (목동신시가지아파트4단지 관리동및상가)
경로당,목동5단지(아),서울특별시 양천구 목동,1,목동동로 350(목동),37.533659,126.881767,무더위쉼터(도로명주소 일치),도로명주소,목동5단지아파트경로당(사립),서울특별시 양천구 목동동로 350 (목동신시가지아파트5단지 관리동)
경로당,목동6단지(아),서울특별시 양천구 목동,1,목동동로 430(목동),37.533421,126.884219,무더위쉼터(도로명주소 일치),도로명주소,목동6단지아파트경로당(사립),서울특별시 양천구 목동동로 430 (목동신시가지아파트6단지 관리동및상가)
경로당,목동7단지(아),서울특별시 양천구 목동,1,목동로 212(목동),37.528429,126.86782,무더위쉼터(도로명주소 일치),도로명주소,목동7단지아파트경로당(사립),서울특별시 양천구 목동로 212 (목동신시가지아파트7단지 관리동)
경로당,목동e편한세상(아),서울특별시 양천구 목동,1,목동중앙로7길 32(목동),37.539541,126.870797,무더위쉼터(도로명주소 일치),도로명주소,목동e편한세상아파트경로당(사립),서울특별시 양천구 목동중앙로7길 32 (이편한세상 관리동)
경로당,목동대림(아),서울특별시 양천구 목동,1,목동동로12길 23(목동),37.523849,126.874171,무더위쉼터(도로명주소 일치),도로명주소,목동대림아파트경로당(사립),서울특별시 양천구 목동동로12길 23 (목동대림아파트 관리사무실)
경로당,목동성원아파트,서울특별시 양천구 목동,1,목동서로234(목동),37.526333,126.869648,무더위쉼터(도로명주소 일치),도로명주소,목동성원아파트경로당(사립),서울특별시 양천구 목동서로 234 (목동성원아파트 102동)
경로당,목동우성(아),서울특별시 양천구 목동,1,목동중앙로 143(목동),37.541554,126.875752,무더위쉼터(도로명주소 일치),도로명주소,목동우성아파트경로당(사립),서울특별시 양천구 목동중앙로 143 (목동1차우성아파트 상가동)
경로당,목동트윈빌,서울특별시 양천구 목동,1,목동동로 339(목동),37.532332,126.87695,무더위쉼터(도로명주소 일치),도로명주소,목동트윈빌경로당(사립),서울특별시 양천구 목동동로 339 (목동트윈빌)
경로당,"목동한신청구(아), 한신(아)",서울특별시 양천구 목동,2,목동서로2길 22(목동),37.542194,126.880313,무더위쉼터(도로명주소 일치),도로명주소,목동한신청구아파트경로당(사립),서울특별시 양천구 목동서로2길 22 (한신청구아파트 노인정)
경로당,목동현대2차(아),서울특별시 양천구 목동,1,목동동로 202(목동),37.523311,126.872085,무더위쉼터(도로명주소 일치),도로명주소,목동현대2차아파트경로당(사립),서울특별시 양천구 목동동로 202 (현대아파트 노인정)
경로당,목동현대아이파크(아),서울특별시 양천구 목동,1,목동로 230(목동),37.52925,126.865574,무더위쉼터(도로명주소 일치),도로명주소,목동현대아이파크아파트경로당(사립),서울특별시 양천구 목동로 230 (아이파크아파트 관리동)
경로당,백석,서울특별시 양천구 목동,1,목동중앙북로8길 76(목동),37.5453238,126.8649271,무더위쉼터(도로명주소 일치),도로명주소,백석(구립)경로당,서울특별시 양천구 목동중앙북로8길 76 (목동)
경로당,삼익아파트,서울특별시 양천구 목동,1,목동동로12길 45(목동),37.523213,126.876255,무더위쉼터(도로명주소 일치),도로명주소,삼익아파트경로당(사립),서울특별시 양천구 목동동로12길 45 (목동삼익아파트 관리사무소)
경로당,세종그랑시아(아),서울특별시 양천구 목동,1,목동중앙남로3가길 59(목동),37.538237,126.86396,무더위쉼터(도로명주소 일치),도로명주소,세종그랑시아아파트경로당(사립),서울특별시 양천구 목동중앙남로3가길 59 (세종그랑시아 아파트 103동)
경로당,오목,서울특별시 양천구 목동,1,오목로 313(목동),37.525229,126.872261,무더위쉼터(도로명주소 일치),도로명주소,오목(구립)경로당,서울특별시 양천구 오목로 313 (구립목1동노인정)
경로당,월드메르디앙(아),서울특별시 양천구 목동,1,목동중앙본로 34(목동),37.539319,126.870285,무더위쉼터(도로명주소 일치),도로명주소,월드메르디앙아파트경로당(사립),서울특별시 양천구 목동중앙본로 34 (월드아파트)
경로당,정목,서울특별시 양천구 목동,1,목동중앙남로4길 20(목동),37.5369,126.8683,무더위쉼터(도로명주소 일치),도로명주소,정목(구립)경로당,서울특별시 양천구 목동중앙남로4길 20
경로당,청산,서울특별시 양천구 목동,1,목동중앙남로3가길 68(목동),37.5387,126.8645,무더위쉼터(도로명주소 일치),도로명주소,청산(구립)경로당,서울특별시 양천구 목동중앙남로3가길 68
경로당,트라팰리스,서울특별시 양천구 목동,1,오목로 299(목동),37.526277,126.87133,무더위쉼터(도로명주소 일치),도로명주소,트라팰리스경로당(사립),서울특별시 양천구 오목로 299 (목동트라팰리스 이스턴에비뉴)
보건소,목동보건지소,서울특별시 양천구 목동,1,"서울특별시 양천구 목동중앙본로7가길 11 (목동, 목동보건지소) 목동보건지소",37.540085,126.866986,무더위쉼터(도로명주소 일치),도로명주소,목동보건지소,서울특별시 양천구 목동중앙본로7가길 11 (목동보건지소)
주민센터,목4동 주민센터,서울특별시 양천구 목동,1,서울특별시 양천구 목동중앙로 25,37.5324,126.8684,무더위쉼터(시설명 일치),시설명,목4동주민센터,"서울특별시 양천구 목동 목동중앙로  25 ,  목4동주민센터 (목동)"
주민센터/도서관(공공도서관),"목5동 주민센터, 목마교육도서관",서울특별시 양천구 목동,2,서울특별시 양천구 목동서로 41,37.5372017,126.8817045,무더위쉼터(도로명주소 일치),도로명주소,목마교육도서관,서울특별시 양천구 목동서로 41
주민센터/도서관(작은도서관),"목1동 주민센터, 목1동도서방 (목1동주민센터 2층)",서울특별시 양천구 목동,2,서울특별시 양천구 목동서로 192,37.530337,126.871362,무더위쉼터(시설명 일치),시설명,목1동주민센터,서울특별시 양천구 목동서로 190
주민센터/도서관(작은도서관),"목2동 주민센터, 달마을작은도서관",서울특별시 양천구 목동,2,서울특별시 양천구 목동중앙본로 120,37.5461,126.8717,무더위쉼터(시설명 일치),시설명,목2동주민센터,"서울특별시 양천구 목동 목동중앙본로  120 ,  목2동주민센터 (목동)"
주민센터/도서관(작은도서관),"목3동 주민센터, 꿈자람작은도서관",서울특별시 양천구 목동,2,서울특별시 양천구 목동중앙남로16나길 55,37.5447,126.8645,무더위쉼터(도로명주소 일치),도로명주소,목3동주민센터,서울특별시 양천구 목동중앙남로16나길 55 (목동)
주민센터,신월6동 주민센터,서울특별시 양천구 신월6동행정복합타운,1,서울특별시 양천구 남부순환로83길 53,37.518004,126.845134,무더위쉼터(도로명주소 일치),도로명주소,신월6동주민센터,서울특별시 양천구 남부순환로83길 53 (신월6동행정복합타운)
주민센터,신월7동 주민센터,서울특별시 양천구 신월7동주민센터,1,서울특별시 양천구 지양로14길 17,37.524237,126.832909,무더위쉼터(도로명주소 일치),도로명주소,밝은내어르신복지센터,서울특별시 양천구 지양로14길 17 (신월7동주민센터)
경로당,강월,서울특별시 양천구 신월동,1,남부순환로82길 29(신월동),37.515571,126.836308,무더위쉼터(도로명주소 일치),도로명주소,강월경로당,서울특별시 양천구 남부순환로82길 29
경로당,곰달래,서울특별시 양천구 신월동,1,남부순환로63길 16-4(신월동),37.5286,126.8348,무더위쉼터(도로명주소 일치),도로명주소,곰달래(구립)경로당,서울특별시 양천구 남부순환로63길 16-4
경로당,금용(아),서울특별시 양천구 신월동,1,신월로17길 22(신월동),37.520564,126.842435,무더위쉼터(도로명주소 일치),도로명주소,금용아파트경로당(사립),서울특별시 양천구 신월로17길 22 (신월동 금용아파트)
경로당,금하뜨라네(아),서울특별시 양천구 신월동,1,"가로공원로56길 10 (신월동),  106동 1층(신월동)",37.533581,126.823917,무더위쉼터(도로명주소 일치),도로명주소,금하뜨라네아파트경로당(사립),서울특별시 양천구 가로공원로56길 10 (금하뜨라네아파트 106동)
경로당,늘푸른,서울특별시 양천구 신월동,1,지양로10길 5(신월동),37.523106,126.833336,무더위쉼터(도로명주소 일치),도로명주소,늘푸른(신월7동구립)경로당,서울특별시 양천구 지양로10길 5
경로당,대림(아),서울특별시 양천구 신월동,1,오목로13길 7(신월동),37.523451,126.845315,무더위쉼터(도로명주소 일치),도로명주소,대림아파트경로당(사립),서울특별시 양천구 오목로13길 7 (신월대림아파트 노인정)
경로당,대방샤인힐(아),서울특별시 양천구 신월동,1,신월로9길 37(신월동),37.520337,126.838825,무더위쉼터(도로명주소 일치),도로명주소,대방샤인힐아파트경로당(사립),서울특별시 양천구 신월로9길 37 (신월동 대방 샤인힐 관리동)
경로당,대주파크빌,서울특별시 양천구 신월동,1,남부순환로85길 16(신월동),37.514746,126.842302,무더위쉼터(도로명주소 일치),도로명주소,대주파크빌경로당(사립),서울특별시 양천구 남부순환로85길 16 (대주파크빌)
경로당,동방(아),서울특별시 양천구 신월동,1,신월로 220(신월동),37.521453,126.846476,무더위쉼터(도로명주소 일치),도로명주소,동방아파트경로당(사립),서울특별시 양천구 신월로 220 (동방아파트)
경로당,동원데자뷰아파트,서울특별시 양천구 신월동,1,화곡로3길 43(신월동),37.543171,126.827894,무더위쉼터(도로명주소 일치),도로명주소,수명산동원데자뷰아파트경로당(사립),서울특별시 양천구 화곡로3길 43 (수명산 동원데쟈뷰 아파트 102동)
경로당,동원데자뷰아파트(신월2동),서울특별시 양천구 신월동,1,오목로 76-2(신월동),37.522045,126.845502,무더위쉼터(도로명주소 일치),도로명주소,동원데자뷰아파트경로당(사립),서울특별시 양천구 오목로 76-2 (장수마을2단지동원데쟈뷰아파트 관리동)
경로당,목동센트럴아이파크1단지,서울특별시 양천구 신월동,1,남부순환로83길 17(신월동),37.51642,126.842038,무더위쉼터(도로명주소 일치),도로명주소,목동센트럴아이파크1단지경로당(사립),서울특별시 양천구 남부순환로83길 17 (목동 센트럴 아이파크 위브 1단지)
경로당,목동센트럴아이파크2단지,서울특별시 양천구 신월동,1,남부순환로83길 18(신월동),37.516131,126.843054,무더위쉼터(도로명주소 일치),도로명주소,목동센트럴아이파크2단지경로당(사립),서울특별시 양천구 남부순환로83길 18 (목동 센트럴 아이파크 위브 2단지)
경로당,목동센트럴아이파크3단지,서울특별시 양천구 신월동,1,남부순환로83길 48(신월동),37.517033,126.845029,무더위쉼터(도로명주소 일치),도로명주소,목동센트럴아이파크3단지경로당(사립),서울특별시 양천구 남부순환로83길 48 (목동 센트럴 아이파크 위브 3단지)
경로당,목동센트럴아이파크4단지,서울특별시 양천구 신월동,1,남부순환로83길 47(신월동),37.518906,126.844603,무더위쉼터(도로명주소 일치),도로명주소,목동센트럴아이파크4단지경로당(사립),서울특별시 양천구 남부순환로83길 47 (목동 센트럴 아이파크 위브 4단지)
경로당,밝은빛,서울특별시 양천구 신월동,1,오목로 28-9(신월동),37.521453,126.84139,무더위쉼터(도로명주소 일치),도로명주소,밝은빛(구립)경로당,서울특별시 양천구 오목로 28-9 (밝은빛노인정)
경로당,벽산블루밍1단지,서울특별시 양천구 신월동,1,신정로13길 50(신월동),37.51362,126.842419,무더위쉼터(도로명주소 일치),도로명주소,벽산블루밍1단지아파트경로당(사립),서울특별시 양천구 신정로13길 50 (벽산아파트)
경로당,벽산블루밍2단지,서울특별시 양천구 신월동,1,신정로13길 51(신월동),37.513283,126.841903,무더위쉼터(도로명주소 일치),도로명주소,벽산블루밍2단지아파트경로당(사립),"서울특별시 양천구 신정로13길 51 (벽산블루밍2단지 관리실,노인정)"
경로당,소망,서울특별시 양천구 신월동,1,오목로1길 10(신월동),37.5221,126.8381,무더위쉼터(도로명주소 일치),도로명주소,소망(구립)경로당,서울특별시 양천구 오목로1길 10
경로당,수명,서울특별시 양천구 신월동,1,화곡로5길 23(신월동),37.541573,126.828761,무더위쉼터(도로명주소 일치),도로명주소,수명(신월5동구립)경로당,서울특별시 양천구 화곡로5길 23
경로당,수명산SK뷰 실버하우스(아),서울특별시 양천구 신월동,1,월정로 306(신월동),37.543994,126.829913,무더위쉼터(도로명주소 일치),도로명주소,수명산SK뷰아파트경로당(사립),서울특별시 양천구 월정로 306 (수명산 SK VIEW)
경로당,수명산롯데캐슬(아),서울특별시 양천구 신월동,1,월정로 303(신월동),37.545099,126.828467,무더위쉼터(도로명주소 일치),도로명주소,수명산롯데캐슬아파트경로당(사립),서울특별시 양천구 월정로 303 (수명산 롯데캐슬 103동)
경로당,신남,서울특별시 양천구 신월동,1,남부순환로56가길 13(신월동),37.5313,126.8302,무더위쉼터(도로명주소 일치),도로명주소,신남(구립)경로당,서울특별시 양천구 남부순환로56가길 13
경로당,신대,서울특별시 양천구 신월동,1,곰달래로1길 37(신월동),37.5327,126.8313,무더위쉼터(도로명주소 일치),도로명주소,신대(구립)경로당,서울특별시 양천구 곰달래로1길 37
경로당,신도브래뉴신월2차(아),서울특별시 양천구 신월동,1,화곡로3길 34(신월동),37.541671,126.827815,무더위쉼터(도로명주소 일치),도로명주소,신도브래뉴신월2차아파트경로당(사립),서울특별시 양천구 화곡로3길 34 (신도브래뉴신월2차아파트 노인정)
경로당,신도신월1차(아),서울특별시 양천구 신월동,1,신월로20길 33(신월동),37.518099,126.846526,무더위쉼터(도로명주소 일치),도로명주소,신도신월1차아파트경로당(사립),"서울특별시 양천구 신월로20길 33 (신도신월1차아파트 노인정, 관리실)"
경로당,신안약수(아),서울특별시 양천구 신월동,1,중앙로29길 55(신월동),37.517387,126.847068,무더위쉼터(도로명주소 일치),도로명주소,신안약수아파트경로당(사립),서울특별시 양천구 중앙로29길 55 (신안약수아파트)
경로당,신양,서울특별시 양천구 신월동,1,남부순환로33길 38 (신월동),37.538337,126.83149,무더위쉼터(도로명주소 일치),도로명주소,신양(구립)경로당,서울특별시 양천구 남부순환로33길 38 (신양구립노인정)
경로당,신원,서울특별시 양천구 신월동,1,남부순환로46길 12(신월동),37.534,126.8279,무더위쉼터(도로명주소 일치),도로명주소,신원경로당(구립),서울특별시 양천구 남부순환로46길 12
경로당,신월2차보람쉬움(아),서울특별시 양천구 신월동,1,오목로1길 46(신월동),37.524706,126.837159,무더위쉼터(도로명주소 일치),도로명주소,신월2차보람쉬움아파트경로당,서울특별시 양천구 오목로1길 46 (보람쉬움2차아파트 202동)
경로당,신월4동 롯데캐슬(아),서울특별시 양천구 신월동,1,오목로5길 19(신월동),37.523349,126.840314,무더위쉼터(도로명주소 일치),도로명주소,롯데캐슬아파트경로당(사립),서울특별시 양천구 오목로5길 19 (양천 롯데캐슬 101동)
경로당,신월대성유니드(아),서울특별시 양천구 신월동,1,신월로15길 21(신월동),37.520568,126.840661,무더위쉼터(도로명주소 일치),도로명주소,신월대성유니드아파트경로당(사립),서울특별시 양천구 신월로15길 21 (신월대성유니드아파트 관리노인정)
경로당,신월시영(아),서울특별시 양천구 신월동,1,신월로 99(신월동),37.518241,126.835459,무더위쉼터(도로명주소 일치),도로명주소,신월시영아파트경로당(사립),서울특별시 양천구 신월로 99 (신월시영아파트)
경로당,신월약수,서울특별시 양천구 신월동,1,지양로11길 16-16(신월동),37.522195,126.83098,무더위쉼터(도로명주소 일치),도로명주소,신월약수(구립)경로당,서울특별시 양천구 지양로11길 16-16 (구립신월약수노인정)
경로당,신정뉴타운 두산위브,서울특별시 양천구 신월동,1,신월로20길 7(신월동),37.518592,126.845477,무더위쉼터(도로명주소 일치),도로명주소,신정뉴타운두산위브경로당(사립),서울특별시 양천구 신월로20길 7 (신정뉴타운두산위브아파트 상가동)
경로당,신정뉴타운 롯데캐슬,서울특별시 양천구 신월동,1,중앙로29길 61(신월동),37.519343,126.847456,무더위쉼터(도로명주소 일치),도로명주소,신정뉴타운롯데캐슬경로당,서울특별시 양천구 중앙로29길 61 (신정뉴타운롯데캐슬 104동)
경로당,양천벽산블루밍(아),서울특별시 양천구 신월동,1,월정로9길 20(신월동),37.525276,126.83816,무더위쉼터(도로명주소 일치),도로명주소,양천벽산블루밍아파트경로당(사립),서울특별시 양천구 월정로9길 20 (양천벽산블루밍2단지 관리동)
경로당,우당(아),서울특별시 양천구 신월동,1,오목로 90(신월동),37.522858,126.847596,무더위쉼터(도로명주소 일치),도로명주소,우당아파트경로당(사립),서울특별시 양천구 오목로 90 (우당아파트)
경로당,월성,서울특별시 양천구 신월동,1,곰달래로11길 24(신월동),37.532029,126.83579,무더위쉼터(도로명주소 일치),도로명주소,월성(구립)경로당,서울특별시 양천구 곰달래로11길 24
경로당,자양,서울특별시 양천구 신월동,1,신월로11길 13(신월동),37.5186,126.8401,무더위쉼터(도로명주소 일치),도로명주소,자양(구립)경로당,서울특별시 양천구 신월로11길 13
경로당,중앙,서울특별시 양천구 신월동,1,오목로 64-27(신월동),37.5221,126.845,무더위쉼터(도로명주소 일치),도로명주소,중앙(구립)경로당,서울특별시 양천구 오목로 64-27
경로당,지양,서울특별시 양천구 신월동,1,지양로17길 15(신월동),37.522652,126.828194,무더위쉼터(도로명주소 일치),도로명주소,지양(구립)경로당,서울특별시 양천구 지양로17길 15 (지양경로당)
경로당,태양,서울특별시 양천구 신월동,1,오목로3길 34(신월동),37.5243,126.8385,무더위쉼터(도로명주소 일치),도로명주소,태양(신월4동구립)경로당,서울특별시 양천구 오목로3길 34
경로당,한울,서울특별시 양천구 신월동,1,지양로7길 27-5(신월동),37.519914,126.83257,무더위쉼터(도로명주소 일치),도로명주소,한울(구립)경로당,서울특별시 양천구 지양로7길 27-5
경로당,해태(아),서울특별시 양천구 신월동,1,월정로 21(신월동),37.521388,126.843039,무더위쉼터(도로명주소 일치),도로명주소,해태아파트경로당(사립),서울특별시 양천구 월정로 21 (해태아파트 101동)
보건소,양천구보건지소,서울특별시 양천구 신월동,1,서울특별시 양천구 남부순환로 407 (신월동) 신월보건지소,37.5312568,126.831724,무더위쉼터(도로명주소 일치),도로명주소,신월보건지소,서울특별시 양천구 남부순환로 407 (신월동)
주민센터/도서관(공공도서관),"신월4동 주민센터, 신월음악도서관",서울특별시 양천구 신월동,2,서울특별시 양천구 오목로5길 34,37.5247285,126.8401035,무더위쉼터(도로명주소 일치),도로명주소,신월음악도서관,서울특별시 양천구 오목로5길 34
주민센터/도서관(공공도서관),"신월5동 주민센터, 방아다리문학도서관",서울특별시 양천구 신월동,2,서울특별시 양천구 화곡로4길 10,37.5385651,126.8271627,무더위쉼터(도로명주소 일치),도로명주소,방아다리문학도서관,서울특별시 양천구 화곡로4길 10
주민센터/도서관(작은도서관),"신월1동 주민센터, 고운달작은도서관",서울특별시 양천구 신월동,2,서울특별시 양천구 곰달래로1길 38,37.5328,126.8315,무더위쉼터(도로명주소 일치),도로명주소,신월1동주민센터,서울특별시 양천구 곰달래로1길 38
주민센터/도서관(작은도서관),"신월2동 주민센터, 고운맘작은도서관",서울특별시 양천구 신월동,2,서울특별시 양천구 중앙로53길 47,37.525,126.8446,무더위쉼터(시설명 일치),시설명,신월2동주민센터,"서울특별시 양천구 신월동 중앙로53길  47 , 경로당 (신월동)"
주민센터/도서관(작은도서관),"신월3동 주민센터, 달빛마을작은도서관",서울특별시 양천구 신월동,2,서울특별시 양천구 남부순환로54길 5,37.5336,126.8291,무더위쉼터(시설명 일치),시설명,신월3동주민센터,"서울특별시 양천구 신월동 남부순환로54길  5 ,  신월3동주민센터 (신월동)"
주민센터/도서관(작은도서관),"신정1동 주민센터, 그린나래미술도서관",서울특별시 양천구 신정1동주민센터,2,서울특별시 양천구 중앙로32길 1,37.518582,126.854329,무더위쉼터(도로명주소 일치),도로명주소,신정1동주민센터,서울특별시 양천구 중앙로32길 1 (신정1동주민센터)
경로당,경남아너스빌(아),서울특별시 양천구 신정동,1,목동동로10길 16-6(신정동),37.518241,126.870987,무더위쉼터(도로명주소 일치),도로명주소,경남아너스빌아파트경로당(사립),서울특별시 양천구 목동동로10길 16-6 (경남아너스빌)
경로당,구립 목동2차우성1단지,서울특별시 양천구 신정동,1,"목동남로4길 6-46(신정동), 1층",37.505831,126.865738,무더위쉼터(도로명주소 일치),도로명주소,목동2차우성(아)1단지경로,서울특별시 양천구 목동남로4길 6-46 (목동2차우성아파트 사회복지관)
경로당,남부법마을,서울특별시 양천구 신정동,1,은행정로6길 23(신정동),37.521712,126.861977,무더위쉼터(도로명주소 일치),도로명주소,구립남부법마을경로당,서울특별시 양천구 은행정로6길 23
경로당,다락골,서울특별시 양천구 신정동,1,중앙로25길 33(신정동),37.513402,126.8504,무더위쉼터(도로명주소 일치),도로명주소,다락골(구립)경로당,서울특별시 양천구 중앙로25길 33 (구립다락골경로당)
경로당,대성유니드1차(아),서울특별시 양천구 신정동,1,중앙로29길 102(신정동),37.52067,126.848859,무더위쉼터(도로명주소 일치),도로명주소,신정대성유니드1차아파트경로당(사립),서울특별시 양천구 중앙로29길 102 (대성유니드아파트 103동)
경로당,래미안 아델리체,서울특별시 양천구 신정동,1,중앙로43길 14(신정동),37.517835,126.852086,무더위쉼터(도로명주소 일치),도로명주소,래미안아델리체경로당(사립),서울특별시 양천구 중앙로43길 14 (래미안 목동아델리체)
경로당,목동10단지(아),서울특별시 양천구 신정동,1,목동서로 400(신정동),37.517508,126.857827,무더위쉼터(도로명주소 일치),도로명주소,목동10단지아파트경로당(사립),서울특별시 양천구 목동서로 400 (목동신시가지아파트10단지 관리동)
경로당,목동11단지(아),서울특별시 양천구 신정동,1,목동동로 10(신정동),37.510791,126.858974,무더위쉼터(도로명주소 일치),도로명주소,목동11단지아파트경로당(사립),서울특별시 양천구 목동동로 10 (목동신시가지아파트11단지 관리동)
경로당,목동12단지(아),서울특별시 양천구 신정동,1,목동동로 50(신정동),37.513118,126.861731,무더위쉼터(도로명주소 일치),도로명주소,목동12단지아파트경로당(사립),서울특별시 양천구 목동동로 50 (목동신시가지아파트12단지 관리동)
경로당,목동13단지(아),서울특별시 양천구 신정동,1,목동동로 100(신정동),37.514206,126.866245,무더위쉼터(도로명주소 일치),도로명주소,목동13단지아파트경로당(사립),서울특별시 양천구 목동동로 100 (목동신시가지아파트13단지 관리동)
경로당,목동14단지(아),서울특별시 양천구 신정동,1,목동동로 130(신정동),37.514976,126.871274,무더위쉼터(도로명주소 일치),도로명주소,목동14단지아파트경로당(사립),서울특별시 양천구 목동동로 130 (목동신시가지아파트14단지)
경로당,"목동2차 삼성래미안 2단지, 목동2차 삼성래미안 1단지",서울특별시 양천구 신정동,2,목동남로4길 81(신정동),37.510444,126.867552,무더위쉼터(도로명주소 일치),도로명주소,목동2차삼성래미안2단지경로당(사립),"서울특별시 양천구 목동남로4길 81 (목동2차삼성래미안아파트 관리실, 노인정)"
경로당,"목동2차우성 우정 할아버지방, 목동2차우성팔각정-할머니방",서울특별시 양천구 신정동,2,목동남로4길 6-23(신정동),37.506989,126.865065,무더위쉼터(도로명주소 일치),도로명주소,목동2차우성2단지아파트우정경로당(사립),서울특별시 양천구 목동남로4길 6-23 (목동2차우성아파트 노인정)
경로당,목동3차우성(아),서울특별시 양천구 신정동,1,목동남로4길 20(신정동),37.508679,126.865636,무더위쉼터(도로명주소 일치),도로명주소,목동3차우성아파트경로당(사립),서울특별시 양천구 목동남로4길 20 (우성3차아파트 관리실)
경로당,목동3차현대아파트,서울특별시 양천구 신정동,1,목동동로12길 60 (신정동),37.519718,126.877304,무더위쉼터(도로명주소 일치),도로명주소,목동3차현대아파트경로당(사립),서울특별시 양천구 목동동로12길 60 (목동현대아파트)
경로당,목동8단지(아),서울특별시 양천구 신정동,1,목동서로 280(신정동),37.522279,126.868233,무더위쉼터(도로명주소 일치),도로명주소,목동8단지아파트경로당(사립),서울특별시 양천구 목동서로 280 (목동신시가지아파트8단지 관리동)
경로당,목동9단지(아),서울특별시 양천구 신정동,1,목동서로 340(신정동),37.51923,126.863577,무더위쉼터(도로명주소 일치),도로명주소,목동9단지아파트경로당(사립),서울특별시 양천구 목동서로 340 (목동신시가지아파트9단지 관리동)
경로당,목동힐스테이트(아),서울특별시 양천구 신정동,1,중앙로36길 15(신정동),37.520092,126.85468,무더위쉼터(도로명주소 일치),도로명주소,목동힐스테이트아파트경로당(사립),서울특별시 양천구 중앙로36길 15 (목동힐스테이트)
경로당,"삼성제2(아)(임대105,106동)",서울특별시 양천구 신정동,1,신목로 5(신정동),37.517218,126.876866,무더위쉼터(도로명주소 일치),도로명주소,삼성제2아파트경로당(사립),서울특별시 양천구 신목로 5 (목동삼성아파트)
경로당,서부,서울특별시 양천구 신정동,1,신정중앙로17길 15(신정동),37.5283,126.8599,무더위쉼터(도로명주소 일치),도로명주소,서부(구립)경로당,서울특별시 양천구 신정중앙로17길 15
경로당,수정(아),서울특별시 양천구 신정동,1,신정로13길 35(신정동),37.513156,126.841779,무더위쉼터(도로명주소 일치),도로명주소,수정아파트경로당(사립),서울특별시 양천구 신정로13길 35 (수정아파트)
경로당,신정2동 롯데캐슬(아),서울특별시 양천구 신정동,1,신목로12길 22(신정동),37.519754,126.875295,무더위쉼터(도로명주소 일치),도로명주소,신정2동롯데캐슬아파트경로당,서울특별시 양천구 신목로12길 22 (롯데캐슬)
경로당,신정5차현대(아),서울특별시 양천구 신정동,1,신정로 300(신정동),37.512884,126.854291,무더위쉼터(도로명주소 일치),도로명주소,신정5차현대아파트경로당(사립),서울특별시 양천구 신정로 300 (신정5차현대아파트)
경로당,신정6차현대(아),서울특별시 양천구 신정동,1,신정로 170(신정동),37.507748,126.840737,무더위쉼터(도로명주소 일치),도로명주소,신정6차현대아파트경로당(사립),서울특별시 양천구 신정로 170 (현대6차아파트 101동)
경로당,신정동일하이빌(아),서울특별시 양천구 신정동,1,신정로11길 20(신정동),37.510814,126.840314,무더위쉼터(도로명주소 일치),도로명주소,신정동일하이빌아파트경로당(사립),서울특별시 양천구 신정로11길 20 (동일하이빌아파트 101동)
경로당,신정명지해드는터(아),서울특별시 양천구 신정동,1,신목로 43(신정동),37.518503,126.872437,무더위쉼터(도로명주소 일치),도로명주소,신정명지해드는터아파트경로당(사립),서울특별시 양천구 신목로 43 (명지해드는터 관리실)
경로당,신정숲속마을(아),서울특별시 양천구 신정동,1,신정로 110 (신정동),37.505967,126.835059,무더위쉼터(도로명주소 일치),도로명주소,신정숲속마을아파트경로당(사립),서울특별시 양천구 신정로 110 (신정숲속마을)
경로당,신정이펜하우스 1단지,서울특별시 양천구 신정동,1,신정이펜1로 99(신정동),37.514827,126.826895,무더위쉼터(도로명주소 일치),도로명주소,신정이펜하우스1단지아파트경로당(사립),서울특별시 양천구 신정이펜1로 99 (신정이펜하우스1단지 107)
경로당,신정이펜하우스 2단지,서울특별시 양천구 신정동,1,신정이펜2로 55(신정동),37.515388,126.830371,무더위쉼터(도로명주소 일치),도로명주소,신정이펜하우스2단지아파트경로당(사립),서울특별시 양천구 신정이펜2로 55 (신정 이펜하우스 2단지 204)
경로당,신정이펜하우스 3단지,서울특별시 양천구 신정동,1,신정이펜1로 50(신정동),37.512167,126.830972,무더위쉼터(도로명주소 일치),도로명주소,신정이펜하우스3단지아파트경로당(사립),서울특별시 양천구 신정이펜1로 50 (신정이펜하우스3단지 311)
경로당,신정이펜하우스 4단지,서울특별시 양천구 신정동,1,신정이펜1로 51(신정동),37.510652,126.829891,무더위쉼터(도로명주소 일치),도로명주소,신정이펜하우스4단지아파트경로당(사립),서울특별시 양천구 신정이펜1로 51 (신정 이펜하우스 4단지 401)
경로당,신정현대아파트(일반),서울특별시 양천구 신정동,1,신목로 23(신정동),37.517339,126.874729,무더위쉼터(도로명주소 일치),도로명주소,신정현대아파트경로당(사립),서울특별시 양천구 신목로 23 (현대아파트)
경로당,신트리1단지(아),서울특별시 양천구 신정동,1,신정로 293(신정동),37.514269,126.854959,무더위쉼터(도로명주소 일치),도로명주소,신트리1단지아파트경로당(사립),서울특별시 양천구 신정로 293 (신트리1단지아파트 관리실)
경로당,신트리2단지(아),서울특별시 양천구 신정동,1,신정로 275(신정동),37.513328,126.852844,무더위쉼터(도로명주소 일치),도로명주소,신트리2단지아파트경로당(사립),서울특별시 양천구 신정로 275 (신트리2단지아파트 204동)
경로당,신트리3단지(아),서울특별시 양천구 신정동,1,신정로 290(신정동),37.512027,126.853357,무더위쉼터(도로명주소 일치),도로명주소,신트리3단지아파트경로당(사립),서울특별시 양천구 신정로 290 (신트리3단지아파트 303동)
경로당,신트리4단지(아),서울특별시 양천구 신정동,1,신정로 260(신정동),37.510991,126.850124,무더위쉼터(도로명주소 일치),도로명주소,신트리4단지아파트경로당(사립),서울특별시 양천구 신정로 260 (신트리4단지아파트 관리동)
경로당,쌍용(아),서울특별시 양천구 신정동,1,신목로 9 (신정동),37.516684,126.875864,무더위쉼터(도로명주소 일치),도로명주소,쌍용아파트경로당(사립),서울특별시 양천구 신목로 9 (쌍용아파트)
경로당,양동,서울특별시 양천구 신정동,1,신정중앙로2길 10-13(신정동),37.5269,126.8508,무더위쉼터(도로명주소 일치),도로명주소,양동(구립)경로당,서울특별시 양천구 신정중앙로2길 10-13
경로당,양명,서울특별시 양천구 신정동,1,중앙로36길 6(신정동),37.519265,126.854517,무더위쉼터(도로명주소 일치),도로명주소,구립양명경로당,서울특별시 양천구 중앙로36길 6 (구립노인정)
경로당,양정(신정4동 제2구립),서울특별시 양천구 신정동,1,은행정로7길 42(신정동),37.522,126.8548,무더위쉼터(도로명주소 일치),도로명주소,양정(신정4동구립)경로당,서울특별시 양천구 은행정로7길 42
경로당,양천(아),서울특별시 양천구 신정동,1,목동로3길 57(신정동),37.509692,126.862687,무더위쉼터(도로명주소 일치),도로명주소,양천아파트경로당(사립),서울특별시 양천구 목동로3길 57 (양천아파트)
경로당,오금,서울특별시 양천구 신정동,1,목동남로2길 50-5(신정동),37.506339,126.863771,무더위쉼터(도로명주소 일치),도로명주소,오금(구립)경로당,서울특별시 양천구 목동남로2길 50-5
경로당,유원목동(아),서울특별시 양천구 신정동,1,신목로 77(신정동),37.521811,126.873015,무더위쉼터(도로명주소 일치),도로명주소,유원목동아파트경로당(사립),서울특별시 양천구 신목로 77 (유원목동아파트 노인정)
경로당,은행정(로마아파트),서울특별시 양천구 신정동,1,오목로38길 16(신정동),37.523823,126.856546,무더위쉼터(도로명주소 일치),도로명주소,은행정(로마아파트)경로당(사립),서울특별시 양천구 오목로38길 16 (로마아파트)
경로당,청구(아),서울특별시 양천구 신정동,1,신목로2길 11(신정동),37.519424,126.875687,무더위쉼터(도로명주소 일치),도로명주소,청구아파트경로당(사립),서울특별시 양천구 신목로2길 11 (청구아파트)
경로당,푸른마을1단지,서울특별시 양천구 신정동,1,신정로7길 70(신정동),37.512731,126.83628,무더위쉼터(도로명주소 일치),도로명주소,푸른마을1단지아파트경로당(사립),서울특별시 양천구 신정로7길 70 (푸른마을 1단지아파트 104동)
경로당,푸른마을3단지,서울특별시 양천구 신정동,1,신정로11길 63(신정동),37.511924,126.837219,무더위쉼터(도로명주소 일치),도로명주소,푸른마을3단지아파트경로당(사립),서울특별시 양천구 신정로11길 63 (푸른마을 3단지아파트 관리동)
경로당,푸른마을4단지,서울특별시 양천구 신정동,1,신정로7길 60-7(신정동),37.513644,126.839142,무더위쉼터(도로명주소 일치),도로명주소,푸른마을4단지아파트경로당(사립),서울특별시 양천구 신정로7길 60-7 (푸른마을4단지아파트 403동)
경로당,학마을1단지(아),서울특별시 양천구 신정동,1,신정로14길 6(신정동),37.508303,126.844825,무더위쉼터(도로명주소 일치),도로명주소,학마을1단지아파트경로당(사립),서울특별시 양천구 신정로14길 6 (학마을아파트)
경로당,학마을2단지(아),서울특별시 양천구 신정동,1,신정로14길 1(신정동),37.509629,126.84523,무더위쉼터(도로명주소 일치),도로명주소,학마을2단지아파트경로당(사립),서울특별시 양천구 신정로14길 1 (학마을아파트 상가동)
경로당,학마을3단지(아),서울특별시 양천구 신정동,1,신정로 225-12(신정동),37.511411,126.846777,무더위쉼터(도로명주소 일치),도로명주소,학마을3단지아파트경로당(사립),서울특별시 양천구 신정로 225-12 (학마을3단지아파트 경비실)
경로당,"현대구십(임대109,110동)",서울특별시 양천구 신정동,1,신목로 10(신정동),37.518125,126.876667,무더위쉼터(도로명주소 일치),도로명주소,현대아파트구십경로당(사립),"서울특별시 양천구 신목로 10 (목동현대아파트 관리사무소,노인정)"
도서관(공공도서관),양천중앙도서관,서울특별시 양천구 신정동,1,서울특별시 양천구 신정로7길 81(신정동),37.5137254,126.8338175,전국도서관표준데이터,도로명주소,양천중앙도서관,서울특별시 양천구 신정로7길 81 (신정동)
주민센터,신정2동 주민센터,서울특별시 양천구 신정동,1,서울특별시 양천구 신목로14길 5,37.5220993,126.8752134,무더위쉼터(도로명주소 일치),도로명주소,신정2동주민센터,서울특별시 양천구 신목로14길 5  (신정동)
주민센터,신정4동 주민센터,서울특별시 양천구 신정동,1,서울특별시 양천구 오목로34길 5,37.5245,126.8558,무더위쉼터(도로명주소 일치),도로명주소,신정4동주민센터,서울특별시 양천구 오목로34길 5
주민센터/도서관(작은도서관),"신정3동 주민센터, 고맙습니다신정3동작은도서관",서울특별시 양천구 신정동,2,서울특별시 양천구 중앙로 209,37.5151,126.8548,무더위쉼터(시설명 일치),시설명,신정3동주민센터,"서울특별시 양천구 신정동 중앙로  209 ,  신정3동주민센터 (신정동)"
주민센터/도서관(작은도서관),"신정6동 주민센터, 신정6동도서방 (신정6동주민센터 2층)",서울특별시 양천구 신정동,2,서울특별시 양천구 목동서로 353,37.517,126.8644,무더위쉼터(시설명 일치),시설명,신정6동주민센터,"서울특별시 양천구 신정동 목동서로  353 ,  신정6동주민센터 (신정동)"
주민센터/도서관(작은도서관),"신정7동 주민센터, 신정7동도서방 (신정7동주민센터 2층)",서울특별시 양천구 신정동,2,서울특별시 양천구 목동동로 37,37.5144,126.8597,무더위쉼터(시설명 일치),시설명,신정7동주민센터,"서울특별시 양천구 신정동 목동동로  37 ,  신정7동주민센터 (신정동)"
도서관(공공도서관),대림도서관,서울특별시 영등포구,1,서울특별시 영등포구 도신로27,37.5043176,126.8960782,전국도서관표준데이터,도로명주소,대림도서관,서울특별시 영등포구 도신로 27 (대림도서관)
도서관(공공도서관),문래도서관,서울특별시 영등포구,1,서울특별시 영등포구 문래로20길 49,37.5167547,126.8914728,전국도서관표준데이터,도로명주소,문래도서관,서울특별시 영등포구 문래로20길 49 (문래정보문화도서관)
도서관(공공도서관),선유도서관,서울특별시 영등포구,1,서울특별시 영등포구 선유로 43가길 10-8,37.5333307,126.892938,전국도서관표준데이터,도로명주소,선유도서관,서울특별시 영등포구 선유로43가길 10-8 (선유도서관)
도서관(공공도서관),신길책마루문화센터,서울특별시 영등포구,1,서울특별시 영등포구 신길로 131,37.5040965,126.9099182,전국도서관표준데이터,도로명주소,신길책마루문화센터(신길도서관),서울특별시 영등포구 신길로 131 (신길책마루문화센터)
도서관(작은도서관),목화마을공립작은도서관,서울특별시 영등포구,1,서울특별시 영등포구 선유로 13길 25,37.5189806,126.8862787,전국도서관표준데이터,도로명주소,목화마을작은도서관,서울특별시 영등포구 선유로13길 25 (문래동6가)
도서관(작은도서관),영등포동공립작은도서관,서울특별시 영등포구,1,서울특별시 영등포구 국회대로44길4,37.525388,126.9036383,전국도서관표준데이터,도로명주소,영등포동작은도서관,서울특별시 영등포구 국회대로44길 4
도서관(작은도서관),청소년문화의집공립작은도서관,서울특별시 영등포구,1,서울특별시 영등포구 영등포로64길15,37.5136579,126.9170766,전국도서관표준데이터,도로명주소,청소년문화의집작은도서관,서울특별시 영등포구 영등포로64길 15
경로당,당산2차효성타운,서울특별시 영등포구 당산동,1,당산로42길 7(당산동 5가 13),37.531255,126.900799,무더위쉼터(도로명주소 일치),도로명주소,당산2차효성타운아파트경로당,서울특별시 영등포구 당산로42길 7 (당산2차 효성타운 201동)
경로당,구립당산1동,서울특별시 영등포구 당산동1가,1,영등포로25길 24(당산동1가 223-18),37.5231,126.8985,무더위쉼터(도로명주소 일치),도로명주소,구립당산1동경로당,서울특별시 영등포구 영등포로25길 24
경로당,당산코오롱(아),서울특별시 영등포구 당산동1가,1,영등포로28길 5(당산동1가 9-1),37.519963,126.899477,무더위쉼터(도로명주소 일치),도로명주소,당산코오롱아파트경로당,서울특별시 영등포구 영등포로28길 5 (당산동코오롱주.상복합아파트)
경로당,신동아파밀리에(아),서울특별시 영등포구 당산동1가,1,영신로33길 3(당산동1가 457),37.519912,126.900464,무더위쉼터(도로명주소 일치),도로명주소,신동아파밀리에아파트경로당,서울특별시 영등포구 영신로33길 3 (당산동 신동아 파밀리에아파트 101동)
경로당,진로(아),서울특별시 영등포구 당산동1가,1,당산로 68(당산동1가 16-1),37.520665,126.896314,무더위쉼터(도로명주소 일치),도로명주소,진로아파트경로당,서울특별시 영등포구 당산로 68 (진로아파트 노인정)
경로당,대우(아),서울특별시 영등포구 당산동2가,1,영등포로 106(당산동2가 16-1),37.521095,126.892975,무더위쉼터(도로명주소 일치),도로명주소,대우아파트경로당,서울특별시 영등포구 영등포로 106 (대우아파트 101동)
경로당,현대(아),서울특별시 영등포구 당산동2가,1,당산로 95(당산동2가 164),37.524065,126.895271,무더위쉼터(도로명주소 일치),도로명주소,당산동현대아파트경로당,서울특별시 영등포구 당산로 95 (현대아파트 노인정)
경로당,당산강변레미안,서울특별시 영등포구 당산동376,1,버드나루로 130(당산동376),37.529961,126.908164,무더위쉼터(도로명주소 일치),도로명주소,당산강변래미안아파트경로당,서울특별시 영등포구 버드나루로 130 (강변삼성래미안아파트 303동)
경로당,SH(아),서울특별시 영등포구 당산동3가,1,영신로 183(당산동3가 562),37.5244939,126.9014215,무더위쉼터(도로명주소 일치),도로명주소,SH아파트경로당,서울특별시 영등포구 영신로 183
경로당,구립당산3가,서울특별시 영등포구 당산동3가,1,당산로29길 9(당산동3가 407),37.526,126.8939,무더위쉼터(도로명주소 일치),도로명주소,구립당산3가경로당,서울특별시 영등포구 당산로29길 9
경로당,쌍용예가클래식(아),서울특별시 영등포구 당산동3가,1,당산로31길 32(당산동3가 559),37.527626,126.893755,무더위쉼터(도로명주소 일치),도로명주소,쌍용예가아파트경로당,서울특별시 영등포구 당산로31길 32 (당산동쌍용예가클래식 경비동)
보건소,영등포구보건소,서울특별시 영등포구 당산동3가,1,"서울특별시 영등포구 당산로 123 (당산동3가, 영등포구청) 영등포구보건소",37.5263283,126.8959308,무더위쉼터(도로명주소 일치),도로명주소,영등포구청본관무더위쉼터,서울특별시 영등포구 당산로 123  (당산동3가)
주민센터/도서관(작은도서관),"당산1동 주민센터, 당산1동공립작은도서관",서울특별시 영등포구 당산동3가,2,서울특별시 영등포구 양산로23길 11,37.525016,126.8974255,무더위쉼터(도로명주소 일치),도로명주소,당산1동작은도서관,서울특별시 영등포구 양산로23길 11
경로당,동부센트레빌,서울특별시 영등포구 당산동3가561,1,영신로 191(당산동3가561),37.524763,126.900828,무더위쉼터(도로명주소 일치),도로명주소,동부센트레빌아파트경로당,서울특별시 영등포구 영신로 191 (동부센트레빌 101동)
경로당,구립남부,서울특별시 영등포구 당산동4가,1,당산로35길 4-9(당산동4가 57),37.529292,126.8973976,무더위쉼터(도로명주소 일치),도로명주소,구립남부경로당,서울특별시 영등포구 당산로35길 4-9 (당산동4가)
경로당,롯데캐슬프레스티지,서울특별시 영등포구 당산동4가,1,영신로 237(당산동4가 99),37.528928,126.902516,무더위쉼터(도로명주소 일치),도로명주소,롯데캐슬프레스티지아파트경로당,서울특별시 영등포구 영신로 237 (당산 롯데캐슬 프레스티지 102동)
경로당,삼성2차(아),서울특별시 영등포구 당산동4가,1,당산로36길 12(당산동4가 94-1),37.527843,126.898307,무더위쉼터(도로명주소 일치),도로명주소,삼성2차아파트경로당,"서울특별시 영등포구 당산로36길 12 (당산2차삼성아파트 노인정,관리사무소)"
경로당,현대3차(아),서울특별시 영등포구 당산동4가,1,당산로41길 23(당산동4가 88),37.530906,126.896097,무더위쉼터(도로명주소 일치),도로명주소,현대3차아파트경로당,서울특별시 영등포구 당산로41길 23 (당산현대아파트 103동)
주민센터/도서관(작은도서관),"당산2동 주민센터, 당산2동공립작은도서관",서울특별시 영등포구 당산동4가,2,서울특별시 영등포구 당산로41가길 7,37.531098,126.8973788,무더위쉼터(도로명주소 일치),도로명주소,당산2동작은도서관,서울특별시 영등포구 당산로41가길 7
경로당,당산효성1차(아),서울특별시 영등포구 당산동5가,1,당산로42길 13(당산동5가 12),37.530765,126.90184,무더위쉼터(도로명주소 일치),도로명주소,당산효성1차아파트경로당,서울특별시 영등포구 당산로42길 13 (당산동1차 효성아파트)
경로당,성원(아),서울특별시 영등포구 당산동5가,1,양평로 57(당산동5가 40),37.534529,126.899648,무더위쉼터(도로명주소 일치),도로명주소,성원아파트경로당,서울특별시 영등포구 양평로 57 (성원아파트 노인정)
경로당,유원제2(아),서울특별시 영등포구 당산동5가,1,선유동2로 56(당산동5가 7-2),37.533492,126.898511,무더위쉼터(도로명주소 일치),도로명주소,유원제일2차아파트경로당,서울특별시 영등포구 선유동2로 56 (유원제일2차아파트 202동)
경로당,구립당산2동,서울특별시 영등포구 당산동6가,1,당산로48길 16(당산동6가 184),37.5349296,126.9039603,무더위쉼터(도로명주소 일치),도로명주소,구립당산2동경로당,서울특별시 영등포구 당산로48길 16
경로당,구립다사랑,서울특별시 영등포구 대림동,1,대림로23가길 5(대림동 703-6),37.492811,126.899211,무더위쉼터(도로명주소 일치),도로명주소,구립다사랑경로당,서울특별시 영등포구 대림로23가길 5
경로당,구립대동,서울특별시 영등포구 대림동,1,대림로21길 5(대림동 832-2) 대동맨션101호,37.4927194,126.9008013,무더위쉼터(도로명주소 일치),도로명주소,구립대동경로당,서울특별시 영등포구 대림로21길 5
경로당,구립대림3동,서울특별시 영등포구 대림동,1,대림로41길 12(대림동 786-28),37.5010539,126.8958321,무더위쉼터(도로명주소 일치),도로명주소,구립대림3동경로당,서울특별시 영등포구 대림로41길 12 (대림동)
경로당,구립동심,서울특별시 영등포구 대림동,1,대림로35길 7(대림동 742),37.4987505,126.897339,무더위쉼터(도로명주소 일치),도로명주소,구립동심경로당,서울특별시 영등포구 대림로35길 7
경로당,구립신우,서울특별시 영등포구 대림동,1,가마산로47길 13(대림동 657),37.5036,126.8991,무더위쉼터(도로명주소 일치),도로명주소,구립신우경로당,서울특별시 영등포구 가마산로47길 13
경로당,구립영인,서울특별시 영등포구 대림동,1,도림로58길 11(대림동 759-12),37.4960638,126.9027253,무더위쉼터(도로명주소 일치),도로명주소,구립영인경로당,서울특별시 영등포구 도림로58길 11
경로당,구립원지,서울특별시 영등포구 대림동,1,도림로47길 28(대림동 690),37.4977,126.8996,무더위쉼터(도로명주소 일치),도로명주소,구립원지경로당,서울특별시 영등포구 도림로47길 28
경로당,구립큰숲,서울특별시 영등포구 대림동,1,대림로7길 11-13(대림동 990-93 ),37.488763,126.9043883,무더위쉼터(도로명주소 일치),도로명주소,구립큰숲경로당,서울특별시 영등포구 대림로7길 11-13 (대림동)
경로당,대림1동한신(아)(2차),서울특별시 영등포구 대림동,1,디지털로69길 13(대림동 887-1),37.494558,126.90365,무더위쉼터(도로명주소 일치),도로명주소,한신2차아파트경로당,서울특별시 영등포구 디지털로69길 13 (대림동1차한신아파트 101동)
경로당,대림코오롱(아),서울특별시 영등포구 대림동,1,도영로 2-5(대림동 607-1),37.506994,126.894831,무더위쉼터(도로명주소 일치),도로명주소,코오롱아파트경로당,서울특별시 영등포구 도영로 2-5 (대림동코오롱아파트)
경로당,문영칸타빌레(아),서울특별시 영등포구 대림동,1,도림천로 391(대림동 1061),37.489791,126.897191,무더위쉼터(도로명주소 일치),도로명주소,문영칸타빌레경로당,서울특별시 영등포구 도림천로 391 (대림동문영칸타빌레아파트 101동)
경로당,신대림신동아파밀리에(아),서울특별시 영등포구 대림동,1,도림로54길 14(대림동 1124),37.495063,126.902571,무더위쉼터(도로명주소 일치),도로명주소,신대림신동아파밀리에경로당,서울특별시 영등포구 도림로54길 14 (신대림 신동아 파밀리에아파트 104동)
경로당,신동아(아),서울특별시 영등포구 대림동,1,대림로31길 40(대림동 777-1),37.495324,126.894895,무더위쉼터(도로명주소 일치),도로명주소,신동아아파트경로당,서울특별시 영등포구 대림로31길 40 (신동아상가 상가)
경로당,우성(아),서울특별시 영등포구 대림동,1,도림로 187(대림동 762-1),37.495537,126.90056,무더위쉼터(도로명주소 일치),도로명주소,우성아파트경로당,서울특별시 영등포구 도림로 187 (우성아파트 관리사무소)
경로당,이편한세상영등포아델포레(아),서울특별시 영등포구 대림동,1,"신길로 29(대림동 1127), 115동 1층",37.494439,126.906646,무더위쉼터(도로명주소 일치),도로명주소,아델포레아파트경로당,서울특별시 영등포구 신길로 29 (e편한세상 영등포 아델포레 111동)
경로당,현대(아),서울특별시 영등포구 대림동,1,시흥대로187길 12(대림동 946-1),37.493171,126.908317,무더위쉼터(도로명주소 일치),도로명주소,현대아파트경로당,서울특별시 영등포구 시흥대로187길 12 (대림동현대아파트)
경로당,현대1차(아),서울특별시 영등포구 대림동,1,도신로4길 10(대림동 785-1),37.502228,126.89496,무더위쉼터(도로명주소 일치),도로명주소,현대1차아파트,서울특별시 영등포구 도신로4길 10 (현대아파트 상가동)
경로당,현대3차(아),서울특별시 영등포구 대림동,1,도신로 31(대림동 608-1),37.505547,126.895764,무더위쉼터(도로명주소 일치),도로명주소,대림3동현대3차아파트경로당,서울특별시 영등포구 도신로 31 (현대3차아파트 노인정)
경로당/주민센터/도서관(작은도서관),"구립대림1동, 대림1동 주민센터, 대림1동공립작은도서관",서울특별시 영등포구 대림동,3,디지털로 441(대림동 899-2),37.4954555,126.9059076,무더위쉼터(도로명주소 일치),도로명주소,대림1동작은도서관,서울특별시 영등포구 디지털로 441
주민센터,대림3동 주민센터,서울특별시 영등포구 대림동,1,서울특별시 영등포구 대림로 197 (현재 신청사 건립 공사 중 / 임시청사: 영등포구 가마산로 364),37.500908,126.899005,무더위쉼터(시설명 일치),시설명,대림3동주민센터,서울특별시 영등포구 가마산로 364 (성락빌딩)
주민센터/도서관(작은도서관),"대림2동 주민센터, 대림2동공립작은도서관",서울특별시 영등포구 대림동,2,서울특별시 영등포구 대림로23길 25,37.4926,126.8981,무더위쉼터(도로명주소 일치),도로명주소,대림2동작은도서관,서울특별시 영등포구 대림로23길 25
경로당,구립행복,서울특별시 영등포구 대림동1033,1,디지털로53길 6-10(대림동1033-12),37.4912322,126.9015005,무더위쉼터(도로명주소 일치),도로명주소,구립행복경로당,서울특별시 영등포구 디지털로53길 6-10 (대림동)
경로당,신대림한솔솔파크,서울특별시 영등포구 대림동1123,1,도림천로 431(대림동1123),37.487288,126.899573,무더위쉼터(도로명주소 일치),도로명주소,신대림한솔솔파크경로당,서울특별시 영등포구 도림천로 431 (新 대림 한솔 솔파크 101동)
경로당,신대림2차 신동아파밀리에(아),서울특별시 영등포구 대림동1125,1,디지털로 420(대림동1125),37.493077,126.905335,무더위쉼터(도로명주소 일치),도로명주소,신대림2차신동아파밀리에경로당,서울특별시 영등포구 디지털로 420 (보라매 신동아파밀리에 101동)
경로당,구립두암,서울특별시 영등포구 대림동808,1,도림로31길 14-1(대림동808-4),37.4936612,126.8955405,무더위쉼터(도로명주소 일치),도로명주소,구립두암경로당,서울특별시 영등포구 도림로31길 14-1
경로당,구립 모랫말,서울특별시 영등포구 도림동,1,도영로 41(도림동 205-23외3),37.50968,126.897459,무더위쉼터(도로명주소 일치),도로명주소,구립모랫말경로당,서울특별시 영등포구 도영로 41
경로당,구립 미루나무길,서울특별시 영등포구 도림동,1,도신로29가길 12(도림동 81-2),37.509358,126.906434,무더위쉼터(도로명주소 일치),도로명주소,구립미루나무길경로당,서울특별시 영등포구 도신로29가길 12
경로당,도림한라,서울특별시 영등포구 도림동,1,도신로15라길 5-7(도림동 231-1),37.50759,126.897248,무더위쉼터(도로명주소 일치),도로명주소,도림한라아파트경로당,서울특별시 영등포구 도신로15라길 5-7 (한라아파트)
경로당,쌍용플래티넘시티,서울특별시 영등포구 도림동,1,도영로7길 15(도림동 820),37.509479,126.894388,무더위쉼터(도로명주소 일치),도로명주소,쌍용플레티넘시티경로당,서울특별시 영등포구 도영로7길 15 (쌍용플래티넘시티1단지 상가에이동)
경로당,영등포아트자이(아),서울특별시 영등포구 도림동,1,도영로 66(도림동 821),37.510236,126.900217,무더위쉼터(도로명주소 일치),도로명주소,영등포아트자이아파트,"서울특별시 영등포구 도영로 66 (영등포아트자이아파트 보육시설,경로당)"
주민센터/도서관(작은도서관),"도림동 주민센터, 늘샘드리공립작은도서관",서울특별시 영등포구 도림동,2,서울특별시 영등포구 도영로7길 10,37.5094,126.8959,무더위쉼터(도로명주소 일치),도로명주소,늘샘드리작은도서관,서울특별시 영등포구 도영로7길 10 (도림동)
경로당,동아에코빌(아),서울특별시 영등포구 도림동165,1,도림로 365(도림동165-1),37.509305,126.898771,무더위쉼터(도로명주소 일치),도로명주소,동아에코빌경로당,서울특별시 영등포구 도림로 365 (동아에코빌)
경로당,문래제2,서울특별시 영등포구 문래동,1,영신로25길 11(문래동 3가 14),37.517334,126.900882,무더위쉼터(도로명주소 일치),도로명주소,문래제2경로당,서울특별시 영등포구 영신로25길 11
경로당,남성(아),서울특별시 영등포구 문래동2가,1,경인로77길 19(문래동2가 35),37.512594,126.891451,무더위쉼터(도로명주소 일치),도로명주소,남성아파트경로당,서울특별시 영등포구 경인로77길 19 (남성맨션아파트 상가)
경로당,공원한신(아),서울특별시 영등포구 문래동3가,1,문래로20길 14(문래동3가 77-2),37.517776,126.892945,무더위쉼터(도로명주소 일치),도로명주소,공원한신아파트경로당,서울특별시 영등포구 문래로20길 14 (문래공원한신아파트 상가)
경로당,구립문래제1,서울특별시 영등포구 문래동3가,1,문래로20길 7(문래동3가 73-1),37.518434,126.894186,무더위쉼터(도로명주소 일치),도로명주소,구립문래제1경로당,서울특별시 영등포구 문래로20길 7
경로당,문래건영(아),서울특별시 영등포구 문래동3가,1,문래로 94-7(문래동3가 93-1),37.518449,126.892428,무더위쉼터(도로명주소 일치),도로명주소,문래건영아파트경로당,서울특별시 영등포구 문래로 94-7 (문래건영아파트 상가동)
경로당,문래자이(아),서울특별시 영등포구 문래동3가,1,당산로 26(문래동3가 54),37.516398,126.896537,무더위쉼터(도로명주소 일치),도로명주소,문래자이아파트경로당,서울특별시 영등포구 당산로 26 (문래자이 상가동)
경로당,해태(아),서울특별시 영등포구 문래동3가,1,영신로25길 8(문래동3가 13),37.517215,126.901268,무더위쉼터(도로명주소 일치),도로명주소,해태아파트경로당,서울특별시 영등포구 영신로25길 8 (문래동해태아파트 101동)
주민센터,문래동 주민센터,서울특별시 영등포구 문래동3가,1,서울특별시 영등포구 문래로28길 15,37.517087,126.899488,무더위쉼터(도로명주소 일치),도로명주소,문래동주민센터,서울특별시 영등포구 문래로28길 15
경로당,구립목화,서울특별시 영등포구 문래동4가,1,도림로143길 20-7(문래동4가 35-7),37.514225,126.890176,무더위쉼터(도로명주소 일치),도로명주소,구립목화경로당,서울특별시 영등포구 도림로143길 20-7
경로당,문래두산위브,서울특별시 영등포구 문래동5가,1,선유로9나길 8(문래동5가 14),37.51696,126.885712,무더위쉼터(도로명주소 일치),도로명주소,문래두산위브경로당,서울특별시 영등포구 선유로9나길 8 (문래 두산위브 상가동)
경로당,문래현대5차(아),서울특별시 영등포구 문래동5가,1,선유서로9길 5(문래동5가 23-1),37.517598,126.882836,무더위쉼터(도로명주소 일치),도로명주소,문래현대5차아파트경로당,서울특별시 영등포구 선유서로9길 5 (문래현대5차아파트 관리실 및 노인정)
경로당,현대3차(아),서울특별시 영등포구 문래동5가,1,선유서로 6(문래동5가 21),37.516279,126.884349,무더위쉼터(도로명주소 일치),도로명주소,문래동현대3차아파트경로당,서울특별시 영등포구 선유서로 6 (현대3차아파트 101동)
경로당,베어스타운(아),서울특별시 영등포구 문래동6가,1,선유서로 40(문래동6가 38-1),37.519112,126.885304,무더위쉼터(도로명주소 일치),도로명주소,베어스타운아파트,서울특별시 영등포구 선유서로 40 (베어스타운아파트 경비실)
경로당,한신(아),서울특별시 영등포구 문래동6가,1,선유서로 43(문래동6가 43),37.519355,126.883767,무더위쉼터(도로명주소 일치),도로명주소,문래동한신아파트경로당,서울특별시 영등포구 선유서로 43 (한신아파트 노인정)
경로당,현대1차(아),서울특별시 영등포구 문래동6가,1,문래로4길 14(문래동6가 46),37.519504,126.882654,무더위쉼터(도로명주소 일치),도로명주소,문래동현대1차아파트경로당,서울특별시 영등포구 문래로4길 14 (현대아파트 경로당)
경로당,신길1동자이아파트,서울특별시 영등포구 신길1동4938,1,가마산로79길 19(신길1동4938),37.506402,126.916517,무더위쉼터(도로명주소 일치),도로명주소,신길자이아파트경로당,서울특별시 영등포구 가마산로79길 19 (신길자이)
경로당,보라매경남아너스빌(아),서울특별시 영등포구 신길6동,1,여의대방로 25(신길6동 4780),37.495112,126.910216,무더위쉼터(도로명주소 일치),도로명주소,보라매경남아너스빌아파트경로당,서울특별시 영등포구 여의대방로 25 (보라매 경남아너스빌)
경로당,보라매두산위브(아),서울특별시 영등포구 신길6동,1,여의대방로9길 5(신길6동 4497),37.497257,126.914529,무더위쉼터(도로명주소 일치),도로명주소,보라매두산위브아파트경로당,서울특별시 영등포구 여의대방로9길 5 (보라매두산위브 101동)
경로당,6.25참전자,서울특별시 영등포구 신길동,1,도림로80길 4(신길동 341-6),37.5017901,126.905281,무더위쉼터(도로명주소 일치),도로명주소,6.25참전자경로당,서울특별시 영등포구 도림로80길 4
경로당,건영(아),서울특별시 영등포구 신길동,1,도림로 313(신길동 368),37.505726,126.901301,무더위쉼터(도로명주소 일치),도로명주소,건영아파트경로당,서울특별시 영등포구 도림로 313 (건영아파트 다동)
경로당,경남(아),서울특별시 영등포구 신길동,1,영등포로 351(신길동 67-1),37.515658,126.918595,무더위쉼터(도로명주소 일치),도로명주소,신길1동경남아파트경로당,서울특별시 영등포구 영등포로 351 (신길동경남아파트 주민공동시설)
경로당,구립 신풍,서울특별시 영등포구 신길동,1,도림로80길 6(신길동 341-3),37.5017578,126.9054258,무더위쉼터(도로명주소 일치),도로명주소,구립신풍경로당,서울특별시 영등포구 도림로80길 6
경로당,구립늘푸른,서울특별시 영등포구 신길동,1,신풍로25길 15-22(신길동 580),37.5013738,126.9188985,무더위쉼터(도로명주소 일치),도로명주소,구립늘푸른경로당,서울특별시 영등포구 신풍로25길 15-22 (신길동)
경로당,구립대신,서울특별시 영등포구 신길동,1,도신로54길 9-17(신길동 157-33),37.510894,126.91572,무더위쉼터(도로명주소 일치),도로명주소,구립대신경로당,서울특별시 영등포구 도신로54길 9-17
경로당,구립방학,서울특별시 영등포구 신길동,1,영등포로62라길 2-12(신길동 36-4),37.516604,126.915366,무더위쉼터(도로명주소 일치),도로명주소,구립방학경로당,서울특별시 영등포구 영등포로62라길 2-12
경로당,구립수정,서울특별시 영등포구 신길동,1,가마산로63길 3(신길동 324-22),37.5058581,126.9059112,무더위쉼터(도로명주소 일치),도로명주소,구립수정경로당,서울특별시 영등포구 가마산로63길 3 (신길동)
경로당,구립신3,서울특별시 영등포구 신길동,1,도신로 134-1(신길동 290-8),37.5085,126.9065,무더위쉼터(도로명주소 일치),도로명주소,구립신길3동경로당,서울특별시 영등포구 도신로 134-1
경로당,구립신광,서울특별시 영등포구 신길동,1,신길로60길 31-2(신길동 186-128),37.5134917,126.9137836,무더위쉼터(도로명주소 일치),도로명주소,구립신광경로당,서울특별시 영등포구 신길로60길 31-2 (신길동)
경로당,구립신길4,서울특별시 영등포구 신길동,1,신길로42길 13-1(신길동 209-119),37.507797,126.912352,무더위쉼터(도로명주소 일치),도로명주소,구립신길4동경로당,서울특별시 영등포구 신길로42길 13-1 (신길동)
경로당,구립신길5제1,서울특별시 영등포구 신길동,1,신길로13길 24(신길동 440-45),37.497691,126.905654,무더위쉼터(도로명주소 일치),도로명주소,구립신길5동제1경로당,서울특별시 영등포구 신길로13길 24
경로당,구립신길6,서울특별시 영등포구 신길동,1,대방천로 193(신길동 3741-37),37.499168,126.912418,무더위쉼터(도로명주소 일치),도로명주소,구립신길6동경로당,서울특별시 영등포구 대방천로 193
경로당,구립창신,서울특별시 영등포구 신길동,1,여의대방로53나길 43(신길동 89-197),37.5099626,126.9206729,무더위쉼터(도로명주소 일치),도로명주소,구립창신경로당,서울특별시 영등포구 여의대방로53나길 43
경로당,대성유니드아파트,서울특별시 영등포구 신길동,1,가마산로50길 27,37.501581,126.902985,무더위쉼터(도로명주소 일치),도로명주소,대성유니드아파트경로당,서울특별시 영등포구 가마산로50길 27 (신길동 대성 유니드 아파트)
경로당,더샵파크프레스티지,서울특별시 영등포구 신길동,1,가마산로79길 37,37.507453,126.917319,무더위쉼터(도로명주소 일치),도로명주소,더샵아파트경로당,서울특별시 영등포구 가마산로79길 37 (더샵 파크프레스티지 보육시설)
경로당,래미안프레비뉴,서울특별시 영등포구 신길동,1,가마산로 442(신길동 329-94),37.504781,126.90836,무더위쉼터(도로명주소 일치),도로명주소,래미안프레비뉴경로당,서울특별시 영등포구 가마산로 442 (래미안프레비뉴 101동)
경로당,삼성(아),서울특별시 영등포구 신길동,1,여의대방로 45(신길동 4759),37.496474,126.911332,무더위쉼터(도로명주소 일치),도로명주소,삼성아파트경로당,서울특별시 영등포구 여의대방로 45 (삼성아파트 상가동)
경로당,삼성(아)112동,서울특별시 영등포구 신길동,1,신길로42길 25(신길동 4934-2),37.5073,126.9137,무더위쉼터(도로명주소 일치),도로명주소,삼성아파트112동경로당,서울특별시 영등포구 신길로42길 25
경로당,삼성래미안(아),서울특별시 영등포구 신길동,1,신길로42길 35(신길동 4934-1),37.50739,126.914671,무더위쉼터(도로명주소 일치),도로명주소,삼성래미안아파트경로당,서울특별시 영등포구 신길로42길 35 (삼성래미안아파트 경로당)
경로당,삼환(아),서울특별시 영등포구 신길동,1,여의대방로43라길 9(신길동 897-1),37.508288,126.919478,무더위쉼터(도로명주소 일치),도로명주소,삼환아파트경로당,서울특별시 영등포구 여의대방로43라길 9 (삼환아파트 노인정)
경로당,신기목련,서울특별시 영등포구 신길동,1,신길로42가길 34(신길동 4935),37.5083365,126.9150147,무더위쉼터(도로명주소 일치),도로명주소,신기목련아파트경로당,"서울특별시 영등포구 신길로42가길 34 (신길동, 신기목련아파트)"
경로당,신길6동 분회,서울특별시 영등포구 신길동,1,신풍로 96(신길동 4086),37.499708,126.916654,무더위쉼터(도로명주소 일치),도로명주소,신길6동분회경로당,서울특별시 영등포구 신풍로 96
경로당,신길뉴타운한화꿈에그린(아),서울특별시 영등포구 신길동,1,신길로 119(신길동 4937),37.502926,126.909701,무더위쉼터(도로명주소 일치),도로명주소,신길뉴타운한화꿈에그린경로당,"서울특별시 영등포구 신길로 119 (포레나 신길 경로당,주민공동시설)"
경로당,신길센트럴아이파크,서울특별시 영등포구 신길동,1,가마산로 426(신길동 4955),37.504075,126.904551,무더위쉼터(도로명주소 일치),도로명주소,신길센트럴아이파크경로당,서울특별시 영등포구 가마산로 426 (신길센트럴아이파크 상가동)
경로당,신길센트럴자이,서울특별시 영등포구 신길동,1,신길로29길 17(신길동 4964),37.503164,126.907706,무더위쉼터(도로명주소 일치),도로명주소,신길센트럴자이아파트경로당,서울특별시 영등포구 신길로29길 17 (신길센트럴자이아파트 101동)
경로당,신길파크자이(아),서울특별시 영등포구 신길동,1,신길로28길 25(신길동 4967),37.503164,126.913649,무더위쉼터(도로명주소 일치),도로명주소,신길파크자이아파트경로당,서울특별시 영등포구 신길로28길 25 (신길파크자이 101동)
경로당,우성1차(아),서울특별시 영등포구 신길동,1,도신로 68(신길동 365),37.505198,126.900732,무더위쉼터(도로명주소 일치),도로명주소,우성1차아파트경로당,서울특별시 영등포구 도신로 68 (신길우성아파트 관리사무소)
경로당,우성3차(아),서울특별시 영등포구 신길동,1,대방천로14길 32(신길동 4656),37.498704,126.909937,무더위쉼터(도로명주소 일치),도로명주소,우성3차아파트경로당,서울특별시 영등포구 대방천로14길 32 (신길우성아파트 관리사무소)
경로당,우성4차(아),서울특별시 영등포구 신길동,1,영등포로64길 8(신길동 170-7),37.513824,126.91774,무더위쉼터(도로명주소 일치),도로명주소,우성4차아파트경로당,서울특별시 영등포구 영등포로64길 8 (신길우성아파트 노인정)
경로당,한성(아),서울특별시 영등포구 신길동,1,가마산로 575(신길동 769-1),37.504764,126.919379,무더위쉼터(도로명주소 일치),도로명주소,한성아파트경로당,서울특별시 영등포구 가마산로 575 (한성아파트 노인정)
경로당/주민센터/도서관(작은도서관),"구립신길7, 신길7동 주민센터, 신길7동공립작은도서관",서울특별시 영등포구 신길동,3,여의대방로43길 10(신길동 897-3),37.5064445,126.9214256,무더위쉼터(도로명주소 일치),도로명주소,마음서랍마을도서관,서울특별시 영등포구 여의대방로43길 10
주민센터,신길3동 주민센터,서울특별시 영등포구 신길동,1,서울특별시 영등포구 가마산로 483,37.506612,126.910095,무더위쉼터(도로명주소 일치),도로명주소,신길3동주민센터,서울특별시 영등포구 가마산로 483 (신길AK 푸르지오)
주민센터/도서관(작은도서관),"신길1동 주민센터, 신길1동공립작은도서관",서울특별시 영등포구 신길동,2,서울특별시 영등포구 영등포로84길 24-5,37.511147,126.921456,무더위쉼터(도로명주소 일치),도로명주소,신길종합사회복지관,서울특별시 영등포구 영등포로84길 24-5 (신길종합사회복지관)
주민센터/도서관(작은도서관),"신길4동 주민센터, 신길4동공립작은도서관",서울특별시 영등포구 신길동,2,서울특별시 영등포구 신길로42길 1,37.5084038,126.911339,무더위쉼터(도로명주소 일치),도로명주소,드나드리마을도서관,서울특별시 영등포구 신길로42길 1 (신길동)
주민센터/도서관(작은도서관),"신길5동 주민센터, 신길5동공립작은도서관",서울특별시 영등포구 신길동,2,서울특별시 영등포구 도림로 264,37.5016464,126.9051222,무더위쉼터(도로명주소 일치),도로명주소,꿈터마을도서관,서울특별시 영등포구 도림로 264
주민센터/도서관(작은도서관),"신길6동 주민센터, 신길6동공립작은도서관",서울특별시 영등포구 신길동,2,서울특별시 영등포구 대방천로 167,37.4993371,126.9098763,무더위쉼터(도로명주소 일치),도로명주소,신길6동작은도서관,서울특별시 영등포구 대방천로 167 (신길동)
경로당,우성2차(아),서울특별시 영등포구 신길동4518,1,대방천로 180(신길동4518),37.498227,126.912652,무더위쉼터(도로명주소 일치),도로명주소,우성2차아파트경로당,서울특별시 영등포구 대방천로 180 (우성2차아파트 우성쇼핑센타)
경로당,우성5차(아),서울특별시 영등포구 신길동4933,1,도신로 98(신길동4933 우성(아)),37.506824,126.903446,무더위쉼터(도로명주소 일치),도로명주소,우성5차아파트경로당,서울특별시 영등포구 도신로 98 (신길우성5차아파트 상가)
경로당,구립영길,서울특별시 영등포구 신길동54,1,영등포로 343-4(신길동54-8),37.5155974,126.9177981,무더위쉼터(도로명주소 일치),도로명주소,구립영길경로당,서울특별시 영등포구 영등포로 343-4 (신길동)
경로당,구립양평1,서울특별시 영등포구 양평동1가,1,선유로23길 18(양평동1가 205),37.523217,126.888255,무더위쉼터(도로명주소 일치),도로명주소,구립양평1경로당,서울특별시 영등포구 선유로23길 18
경로당,신동아(아),서울특별시 영등포구 양평동1가,1,영등포로12길 8(양평동1가 20),37.522135,126.886544,무더위쉼터(도로명주소 일치),도로명주소,양평1동신동아아파트경로당,서울특별시 영등포구 영등포로12길 8 (신동아아파트 노인정)
주민센터,양평1동 주민센터,서울특별시 영등포구 양평동1가,1,서울특별시 영등포구 영등포로11길 12,37.523614,126.888261,무더위쉼터(도로명주소 일치),도로명주소,양평1동주민센터,서울특별시 영등포구 영등포로11길 12
경로당,벽산(아),서울특별시 영등포구 양평동2가,1,선유서로21길 15(양평동2가 23),37.522346,126.882911,무더위쉼터(도로명주소 일치),도로명주소,벽산아파트경로당,서울특별시 영등포구 선유서로21길 15 (양평동벽산블루밍아파트 상가동)
경로당,삼성(아),서울특별시 영등포구 양평동2가,1,영등포로3길 7(양평동2가 38-1),37.524337,126.882622,무더위쉼터(도로명주소 일치),도로명주소,양평삼성래미안아파트경로당,서울특별시 영등포구 영등포로3길 7 (양평동삼성아파트 상가동)
경로당,상록수(아),서울특별시 영등포구 양평동2가,1,영등포로 17(양평동2가 45),37.523776,126.883652,무더위쉼터(도로명주소 일치),도로명주소,상록수아파트경로당,서울특별시 영등포구 영등포로 17 (상록수아파트)
경로당,6차현대(아),서울특별시 영등포구 양평동3가,1,선유로 207(양평동3가 101),37.531816,126.89379,무더위쉼터(도로명주소 일치),도로명주소,6차현대아파트경로당,서울특별시 영등포구 선유로 207 (양평동 6차 현대아파트 종합관리동)
경로당,거성파스텔(아),서울특별시 영등포구 양평동3가,1,선유로43가길 24(양평동3가 90-1),37.531508,126.891861,무더위쉼터(도로명주소 일치),도로명주소,거성파스텔아파트경로당,서울특별시 영등포구 선유로43가길 24 (거성파스텔아파트)
경로당,삼호(아),서울특별시 영등포구 양평동3가,1,선유로 172(양평동3가 66),37.528438,126.892621,무더위쉼터(도로명주소 일치),도로명주소,양평1동삼호아파트경로당,서울특별시 영등포구 선유로 172 (양평동삼호아파트 제1동)
경로당,양평역 월드메르디앙,서울특별시 영등포구 양평동3가,1,선유서로 116(양평동3가 19),37.525903,126.886602,무더위쉼터(도로명주소 일치),도로명주소,양평역월드메르디앙아파트경로당,서울특별시 영등포구 선유서로 116 (관리사무소)
경로당,현대2차(아),서울특별시 영등포구 양평동3가,1,선유동2로 29(양평동3가 79-4),37.532131,126.895249,무더위쉼터(도로명주소 일치),도로명주소,현대2차아파트경로당,서울특별시 영등포구 선유동2로 29 (현대2차아파트 노인정)
경로당/도서관(작은도서관),"구립양평3가, 양평1동공립작은도서관",서울특별시 영등포구 양평동3가,2,선유서로34길 10(양평동3가 36 1층),37.5268931,126.8875215,무더위쉼터(도로명주소 일치),도로명주소,양평1동작은도서관,서울특별시 영등포구 선유서로34길 10 (양평동3가)
경로당,구립양평동4가,서울특별시 영등포구 양평동4가,1,양평로20길 14-1(양평동4가 238-1),37.5382,126.8963,무더위쉼터(도로명주소 일치),도로명주소,구립양평동4가경로당,서울특별시 영등포구 양평로20길 14-1
경로당,삼호한숲(아),서울특별시 영등포구 양평동4가,1,선유로47길 34(양평동4가 94),37.536895,126.893705,무더위쉼터(도로명주소 일치),도로명주소,삼호한숲아파트경로당,서울특별시 영등포구 선유로47길 34 (삼호한숲아파트 관리실)
경로당,성원(아),서울특별시 영등포구 양평동4가,1,양평로17길 36(양평동4가 12),37.534207,126.893857,무더위쉼터(도로명주소 일치),도로명주소,양평2동성원아파트경로당,서울특별시 영등포구 양평로17길 36 (성원아파트 관리사무소)
주민센터/도서관(작은도서관),"양평2동 주민센터, 양평2동공립작은도서관",서울특별시 영등포구 양평동4가,2,서울특별시 영등포구 선유로47길 30,37.5364968,126.8939038,무더위쉼터(도로명주소 일치),도로명주소,양평2동작은도서관,서울특별시 영등포구 선유로47길 30
경로당,경남2차(아),서울특별시 영등포구 양평동4가51,1,양평로17길 9(양평동4가51-1),37.535734,126.896245,무더위쉼터(도로명주소 일치),도로명주소,경남2차아파트경로당,서울특별시 영등포구 양평로17길 9 (경남아너스빌 상가 에이동)
경로당,한신(아),서울특별시 영등포구 양평동5가,1,양평로24길 9(양평동5가 76),37.540503,126.892031,무더위쉼터(도로명주소 일치),도로명주소,한신아파트경로당,서울특별시 영등포구 양평로24길 9 (양평동한신아파트 유치원)
경로당,구립양화,서울특별시 영등포구 양평동6가,1,양평로28마길 18-1(양평동6가 68),37.5428786,126.8899416,무더위쉼터(도로명주소 일치),도로명주소,구립양화경로당,서울특별시 영등포구 양평로28마길 18-1
경로당,한솔(아),서울특별시 영등포구 양평동6가,1,양평로30길 51(양평동6가 99),37.544331,126.887833,무더위쉼터(도로명주소 일치),도로명주소,한솔아파트경로당,서울특별시 영등포구 양평로30길 51 (한솔아파트 노인정)
경로당,구립광장(아),서울특별시 영등포구 여의도동,1,여의나루로 7(여의도동 28),37.5203314,126.9206801,무더위쉼터(도로명주소 일치),도로명주소,구립광장아파트경로당,서울특별시 영등포구 여의나루로 7
경로당,구립시범(아),서울특별시 영등포구 여의도동,1,63로 45(여의도동 50-2),37.521072,126.9386154,무더위쉼터(도로명주소 일치),도로명주소,구립시범아파트경로당,"서울특별시 영등포구 63로 45 (여의도동, 여의도시범아파트)"
경로당,미성(아),서울특별시 영등포구 여의도동,1,의사당대로 110(여의도동 37-2),37.520653,126.923831,무더위쉼터(도로명주소 일치),도로명주소,미성아파트경로당,서울특별시 영등포구 의사당대로 110 (미성아파트 D동)
주민센터/도서관(작은도서관),"여의동 주민센터, 여의동공립작은도서관",서울특별시 영등포구 여의도동,2,서울특별시 영등포구 국제금융로 124,37.5176581,126.9345624,무더위쉼터(도로명주소 일치),도로명주소,여의동작은도서관,서울특별시 영등포구 국제금융로 124
경로당,구립영등포본동,서울특별시 영등포구 영등포동,1,영신로9나길 7(영등포동 620-50),37.5129173,126.9066274,무더위쉼터(도로명주소 일치),도로명주소,구립영등포본동경로당,서울특별시 영등포구 영신로9나길 7 (영등포동)
경로당,영등포푸르지오 2단지,서울특별시 영등포구 영등포동,1,도신로29길 28(영등포동 647),37.511428,126.902395,무더위쉼터(도로명주소 일치),도로명주소,푸르지오아파트경로당,서울특별시 영등포구 도신로29길 28 (영등포푸르지오 상가2동)
주민센터/도서관(작은도서관),"영등포본동 주민센터, 영등포본동공립작은도서관",서울특별시 영등포구 영등포동,2,서울특별시 영등포구 신길로61길 17,37.5146921,126.9093134,무더위쉼터(도로명주소 일치),도로명주소,영등포본동작은도서관,서울특별시 영등포구 신길로61길 17
경로당,영2제2,서울특별시 영등포구 영등포동2가,1,국회대로54길 41-11(영등포동2가 29-84),37.522167,126.909948,무더위쉼터(도로명주소 일치),도로명주소,영2제2경로당,서울특별시 영등포구 국회대로54길 41-11
주민센터,영등포동 주민센터,서울특별시 영등포구 영등포동2가,1,서울특별시 영등포구 양산로 232,37.522257,126.909001,무더위쉼터(도로명주소 일치),도로명주소,영중종합사회복지관,서울특별시 영등포구 양산로 232 (영등포공공복합시설)
경로당,현대프라자,서울특별시 영등포구 영등포동5가,1,양산로 214(영등포동5가 49-1(11층)),37.522274,126.906952,무더위쉼터(도로명주소 일치),도로명주소,현대프라자경로당,서울특별시 영등포구 양산로 214 (영등포현대프라자)
경로당,순영,서울특별시 영등포구 영등포동648,1,영등포로62길 42(영등포동648),37.516551,126.913234,무더위쉼터(도로명주소 일치),도로명주소,순영아파트경로당,서울특별시 영등포구 영등포로62길 42 (순영웰라이빌 102동)
경로당,경남(아),서울특별시 영등포구 영등포동7가,1,양산로 177(영등포동7가 46-1),37.52401,126.902934,무더위쉼터(도로명주소 일치),도로명주소,경남아파트경로당,서울특별시 영등포구 양산로 177 (경남아너스빌 관리사무소)
경로당,구립영중,서울특별시 영등포구 영등포동7가,1,영중로27길 3(영등포동7가 49-1),37.5241207,126.9047222,무더위쉼터(도로명주소 일치),도로명주소,구립영중경로당,서울특별시 영등포구 영중로27길 3
경로당,삼환(아),서울특별시 영등포구 영등포동8가,1,영중로 145(영등포동8가 76-1),37.529668,126.905064,무더위쉼터(도로명주소 일치),도로명주소,영등포동삼환아파트경로당,서울특별시 영등포구 영중로 145 (영등포삼환아파트 상가)
경로당,현대2차(아),서울특별시 영등포구 현대아파트 201동,1,문래로4길 6,37.520525,126.882804,무더위쉼터(도로명주소 일치),도로명주소,문래동현대2차아파트경로당,서울특별시 영등포구 문래로4길 6 (현대아파트 201동)
도서관(공공도서관),구립 청파도서관,서울특별시 용산구,1,서울특별시 용산구 청파로93길 27,37.5539248,126.9676059,전국도서관표준데이터,도로명주소,구립청파도서관,서울특별시 용산구 청파로93길 27 (청파도서관)
경로당,갈월경로당,서울특별시 용산구 갈월동,1,서울특별시 용산구 두텁바위로1길 13,37.5456527,126.973104,무더위쉼터(도로명주소 일치),도로명주소,갈월경로당,서울특별시 용산구 두텁바위로1길 13
주민센터,남영동 주민센터,서울특별시 용산구 갈월동,1,서울특별시 용산구 두텁바위로 25,37.5457462,126.9748099,무더위쉼터(도로명주소 일치),도로명주소,남영동주민센터,서울특별시 용산구 두텁바위로 25
경로당,남영경로당,서울특별시 용산구 남영동,1,서울특별시 용산구 한강대로72길 21-15,37.5413116,126.9743518,무더위쉼터(도로명주소 일치),도로명주소,남영경로당,서울특별시 용산구 한강대로72길 21-15
주민센터,용문동 주민센터,서울특별시 용산구 도원동,1,서울특별시 용산구 새창로12길 13,37.5389418,126.9575324,무더위쉼터(도로명주소 일치),도로명주소,용문동주민센터,서울특별시 용산구 새창로12길 13
경로당,동빙고경로당,서울특별시 용산구 동빙고동,1,서울특별시 용산구 서빙고로75가길 23,37.522893,126.9963558,무더위쉼터(도로명주소 일치),도로명주소,동빙고경로당,서울특별시 용산구 서빙고로75가길 23
경로당,동자동경로당,서울특별시 용산구 동자노인정,1,서울특별시 용산구 한강대로104길 30-4,37.550116,126.973845,무더위쉼터(도로명주소 일치),도로명주소,동자경로당,서울특별시 용산구 한강대로104길 30-4 (동자노인정)
경로당,후암미주아파트경로당,서울특별시 용산구 라이프미주아파트 4동,1,서울특별시 용산구 후암로 71-1,37.551465,126.975513,무더위쉼터(도로명주소 일치),도로명주소,후암미주아파트경로당,서울특별시 용산구 후암로 71-1 (라이프미주아파트 4동)
경로당,리버힐삼성아파트제2(임대)경로당,서울특별시 용산구 리버힐삼성아파트106동,1,서울특별시 용산구 효창원로 17,37.535002,126.950593,무더위쉼터(도로명주소 일치),도로명주소,리버힐삼성아파트경로당,서울특별시 용산구 효창원로 17 (리버힐삼성아파트106동)
주민센터,원효로제1동 주민센터,서울특별시 용산구 문배동,1,서울특별시 용산구 백범로 350,37.5372513,126.9676862,무더위쉼터(도로명주소 일치),도로명주소,원효로1동주민센터,서울특별시 용산구 백범로 350
경로당,보광경로당,서울특별시 용산구 보광동,1,서울특별시 용산구 장문로19길 1,37.526176,126.997587,무더위쉼터(도로명주소 일치),도로명주소,보광경로당,서울특별시 용산구 장문로19길 1 (보광경로당)
경로당,보광제1경로당,서울특별시 용산구 보광동,1,서울특별시 용산구 보광로7길 9,37.5256075,126.998668,무더위쉼터(도로명주소 일치),도로명주소,보광제1경로당,서울특별시 용산구 보광로7길 9
경로당,우리들경로당,서울특별시 용산구 보광동,1,서울특별시 용산구 장문로80 202호,37.52592,126.998423,무더위쉼터(시설명 일치),시설명,우리들경로당,서울특별시 용산구 장문로 80
경로당/주민센터/도서관(작은도서관),"보광종점경로당, 보광동 주민센터, 작은도서관 꿈꾸는 책마을",서울특별시 용산구 보광동,3,서울특별시 용산구 장문로 95,37.526268,127.0000867,무더위쉼터(도로명주소 일치),도로명주소,보광동주민센터,서울특별시 용산구 장문로 95
경로당,리버힐삼성아파트제1경로당,서울특별시 용산구 산천동,1,서울특별시 용산구 효창원로13길 7,37.5356934,126.9520895,무더위쉼터(도로명주소 일치),도로명주소,리버힐삼성임대아파트경로당,"서울특별시 용산구 효창원로13길 7 (산천동, 리버힐삼성아파트)"
경로당,산천경로당,서울특별시 용산구 산천동,1,서울특별시 용산구 새창로8길 157,37.535912,126.949965,무더위쉼터(도로명주소 일치),도로명주소,산천아파트경로당,"서울특별시 용산구 새창로8길 157 (한강타운 어린이집,경로당)"
주민센터/도서관(작은도서관),"원효로제2동 주민센터, 원효로제2동 작은도서관 두드림",서울특별시 용산구 산천동,2,서울특별시 용산구 효창원로8길 3,37.5343838,126.9514952,무더위쉼터(도로명주소 일치),도로명주소,원효2동주민센터,서울특별시 용산구 효창원로8길 3
경로당,서계경로당,서울특별시 용산구 서계동,1,서울특별시 용산구 만리재로28길 5-22,37.5531567,126.9653096,무더위쉼터(도로명주소 일치),도로명주소,서계경로당,서울특별시 용산구 만리재로28길 5-22
경로당,서계제1경로당,서울특별시 용산구 서계동,1,서울특별시 용산구 효창원로104길 7,37.5508025,126.964219,무더위쉼터(도로명주소 일치),도로명주소,서계제1경로당,서울특별시 용산구 효창원로104길 7
경로당,은행나무집경로당,서울특별시 용산구 서계동,1,서울특별시 용산구 청파로73길 73-10,37.551486,126.96693,무더위쉼터(도로명주소 일치),도로명주소,은행나무집경로당,서울특별시 용산구 청파로73길 73-10
경로당,서빙고할머니경로당,서울특별시 용산구 서빙고동,1,서울특별시 용산구 녹사평대로14길 8,37.523381,126.9938025,무더위쉼터(도로명주소 일치),도로명주소,서빙고할머니경로당,서울특별시 용산구 녹사평대로14길 8
경로당,서빙고할아버지경로당,서울특별시 용산구 서빙고동,1,서울특별시 용산구 서빙고로59길 3-20,37.5205369,126.9923072,무더위쉼터(도로명주소 일치),도로명주소,서빙고할아버지경로당,서울특별시 용산구 서빙고로59길 3-20
경로당,신동아아파트경로당,서울특별시 용산구 서빙고동,1,서울특별시 용산구 이촌로 347,37.5180923,126.98739,무더위쉼터(도로명주소 일치),도로명주소,신동아아파트경로당(서빙고),서울특별시 용산구 이촌로 347
주민센터/도서관(작은도서관),"서빙고동 주민센터, 서빙고동 작은도서관",서울특별시 용산구 서빙고동,2,서울특별시 용산구 서빙고로 279,37.5204716,126.994595,무더위쉼터(도로명주소 일치),도로명주소,서빙고동주민센터,서울특별시 용산구 서빙고로 279
경로당,보광신동아아파트경로당,서울특별시 용산구 신동아아파트,1,서울특별시 용산구 장문로 104,37.525819,127.001933,무더위쉼터(시설명 일치),시설명,보광신동아아파트경로당,서울특별시 용산구 보광로 14 (신동아아파트)
경로당,세방경로당,서울특별시 용산구 신창동,1,서울특별시 용산구 효창원로15길 16,37.536181,126.954031,무더위쉼터(도로명주소 일치),도로명주소,세방리버하이빌아파트,서울특별시 용산구 효창원로15길 16 (세방리버하이빌)
경로당,송학당경로당,서울특별시 용산구 용문동,1,서울특별시 용산구 효창원로37라길 11,37.537888,126.9581749,무더위쉼터(도로명주소 일치),도로명주소,송학당경로당,서울특별시 용산구 효창원로37라길 11
경로당,중앙경로당,서울특별시 용산구 용문동,1,서울특별시 용산구 새창로 102,37.5383119,126.9596305,무더위쉼터(도로명주소 일치),도로명주소,중앙경로당,"서울특별시 용산구 새창로 102 (용문동, 중앙빌라)"
경로당,신흥경로당,서울특별시 용산구 용산동2가,1,서울특별시 용산구 신흥로25가길 1,37.544511,126.983238,무더위쉼터(시설명 일치),시설명,신흥경로당,서울특별시 용산구 신흥로25가길 2
경로당,용산2가경로당,서울특별시 용산구 용산동2가,1,서울특별시 용산구 신흥로16길 18,37.5448429,126.987555,무더위쉼터(도로명주소 일치),도로명주소,용산2가경로당,서울특별시 용산구 신흥로16길 18
경로당/도서관(작은도서관),"용암경로당, 용암 어린이 영어도서관",서울특별시 용산구 용산동2가,2,서울특별시 용산구 신흥로3가길 21-7,37.5410043,126.984648,무더위쉼터(도로명주소 일치),도로명주소,용암경로당,서울특별시 용산구 신흥로3가길 21-7
주민센터/도서관(작은도서관),"용산2가동 주민센터, 해다올 작은도서관",서울특별시 용산구 용산동2가,2,서울특별시 용산구 신흥로 90,37.5459239,126.985461,무더위쉼터(도로명주소 일치),도로명주소,용산2가동주민센터,서울특별시 용산구 신흥로 90
경로당,삼각지경로당,서울특별시 용산구 용산동3가,1,서울특별시 용산구 이태원로2길 5,37.5346957,126.975315,무더위쉼터(도로명주소 일치),도로명주소,삼각지경로당,서울특별시 용산구 이태원로2길 5
경로당,효원경로당,서울특별시 용산구 원효로1가,1,서울특별시 용산구 원효로83길 13-4,37.540157,126.967489,무더위쉼터(도로명주소 일치),도로명주소,효원경로당,서울특별시 용산구 원효로83길 13-4
경로당/도서관(공공도서관),"원효제1경로당, 용산 꿈나무도서관",서울특별시 용산구 원효로1가,2,서울특별시 용산구 백범로 329,37.538826,126.965387,무더위쉼터(도로명주소 일치),도로명주소,용산꿈나무종합타운,서울특별시 용산구 백범로 329
경로당,원일(원효로2가)경로당,서울특별시 용산구 원효로2가,1,서울특별시 용산구 원효로67길 13,37.5375578,126.963864,무더위쉼터(도로명주소 일치),도로명주소,원일경로당,서울특별시 용산구 원효로67길 13
경로당,원효로경로당,서울특별시 용산구 원효로3가,1,서울특별시 용산구 원효로41가길 14-19,37.5347983,126.956884,무더위쉼터(도로명주소 일치),도로명주소,원효로경로당,서울특별시 용산구 원효로41가길 14-19
경로당,청심경로당,서울특별시 용산구 원효로4가,1,서울특별시 용산구 효창원로 6,37.5338227,126.950617,무더위쉼터(도로명주소 일치),도로명주소,청심경로당,서울특별시 용산구 효창원로 6
경로당,이촌1동2경로당,서울특별시 용산구 이촌동,1,서울특별시 용산구 이촌로75길 12-12,37.5202504,126.9746613,무더위쉼터(도로명주소 일치),도로명주소,이촌1동2경로당,서울특별시 용산구 이촌로75길 12-12
경로당,"이촌2동할아버지(대림)경로당, 이촌2동할머니(대림)경로당",서울특별시 용산구 이촌동,2,서울특별시 용산구 이촌로2가길 122,37.525422,126.9547534,무더위쉼터(도로명주소 일치),도로명주소,이촌2동할머니경로당,서울특별시 용산구 이촌로2가길 122
주민센터/도서관(작은도서관),"이촌제1동 주민센터, 청소년 푸르미르 작은도서관",서울특별시 용산구 이촌동,2,서울특별시 용산구 이촌로71길 24,37.5211982,126.973057,무더위쉼터(도로명주소 일치),도로명주소,이촌1동주민센터,서울특별시 용산구 이촌로71길 24
주민센터/도서관(작은도서관),"이촌제2동 주민센터, 이촌2동 작은도서관",서울특별시 용산구 이촌동,2,서울특별시 용산구 이촌로18길 20,37.5262199,126.954672,무더위쉼터(도로명주소 일치),도로명주소,이촌2동주민센터,서울특별시 용산구 이촌로18길 20
경로당,이태원1동경로당,서울특별시 용산구 이태원동,1,서울특별시 용산구 이태원로23길 19,37.5352909,126.9924493,무더위쉼터(도로명주소 일치),도로명주소,이태원1동경로당,서울특별시 용산구 이태원로23길 19
경로당,이태원남부경로당,서울특별시 용산구 이태원동,1,서울특별시 용산구 이태원로17길 12,37.534899,126.991495,무더위쉼터(도로명주소 일치),도로명주소,이태원남부경로당,서울특별시 용산구 이태원로17길 12 (대한노인회영산지부)
경로당,이태원북부경로당,서울특별시 용산구 이태원동,1,서울특별시 용산구 회나무로13길 32,37.5407394,126.98975,무더위쉼터(도로명주소 일치),도로명주소,이태원북부경로당,서울특별시 용산구 회나무로13길 32
경로당,이태원중부경로당,서울특별시 용산구 이태원동,1,서울특별시 용산구 회나무로6길 11-8,37.538439,126.989313,무더위쉼터(도로명주소 일치),도로명주소,이태원중부경로당,서울특별시 용산구 회나무로6길 11-8
경로당,조양경로당,서울특별시 용산구 이태원동,1,서울특별시 용산구 녹사평대로40나길 38-3,37.5363017,126.988892,무더위쉼터(도로명주소 일치),도로명주소,조양경로당,서울특별시 용산구 녹사평대로40나길 38-3
주민센터,이태원제1동 주민센터,서울특별시 용산구 이태원동,1,서울특별시 용산구 보광로 104-6,37.5324757,126.9950081,무더위쉼터(도로명주소 일치),도로명주소,이태원1동주민센터,서울특별시 용산구 보광로 104-6
주민센터/도서관(작은도서관),"이태원제2동 주민센터, 회나무 작은도서관",서울특별시 용산구 이태원동,2,서울특별시 용산구 회나무로13길 58,37.5419222,126.990147,무더위쉼터(도로명주소 일치),도로명주소,이태원2동주민센터,서울특별시 용산구 회나무로13길 58
경로당,청파제1경로당,서울특별시 용산구 청파동1가,1,서울특별시 용산구 청파로71길 100,37.549343,126.9645712,무더위쉼터(도로명주소 일치),도로명주소,청파1동경로당,서울특별시 용산구 청파로71길 100 (청파동1가)
경로당/도서관(작은도서관),"청파제2경로당, 청파 어린이 영어도서관",서울특별시 용산구 청파동2가,2,서울특별시 용산구 청파로49길 34,37.5454608,126.968465,무더위쉼터(도로명주소 일치),도로명주소,청파2동경로당,서울특별시 용산구 청파로49길 34
주민센터,청파동 주민센터,서울특별시 용산구 청파동2가,1,서울특별시 용산구 청파로49길 6,37.5453261,126.969981,무더위쉼터(도로명주소 일치),도로명주소,청파동주민센터,서울특별시 용산구 청파로49길 6
경로당,한강우람경로당,서울특별시 용산구 한강로2가,1,서울특별시 용산구 한강대로53길 1-8,37.5330307,126.9710246,무더위쉼터(도로명주소 일치),도로명주소,한강우람경로당,서울특별시 용산구 한강대로53길 1-8 (한강로2가)
경로당,삼오경로당,서울특별시 용산구 한강로3가,1,서울특별시 용산구 한강대로 60,37.5260071,126.9652337,무더위쉼터(도로명주소 일치),도로명주소,삼오경로당,서울특별시 용산구 한강대로 60 (한강로3가)
경로당,센트럴파크경로당,서울특별시 용산구 한강로3가,1,"서울특별시 용산구 서빙고로 17, 101동 3층",37.52594,126.96762,무더위쉼터(도로명주소 일치),도로명주소,신용산교회,서울특별시 용산구 서빙고로 17
경로당,한강로2가경로당,서울특별시 용산구 한강로3가,1,서울특별시 용산구 서빙고로20길 19,37.5235845,126.967739,무더위쉼터(도로명주소 일치),도로명주소,한강로2가경로당,서울특별시 용산구 서빙고로20길 19
경로당,한강로3가경로당,서울특별시 용산구 한강로3가,1,서울특별시 용산구 한강대로7길 17-16,37.5261,126.9604,무더위쉼터(도로명주소 일치),도로명주소,한강로3가경로당,서울특별시 용산구 한강대로7길 17-16 (한강로3가)
경로당/주민센터/도서관(작은도서관),"한마음경로당, 한강로동 주민센터, 한강로동 작은도서관",서울특별시 용산구 한강로동주민센터,3,서울특별시 용산구 한강대로38길 28,37.528141,126.969243,무더위쉼터(도로명주소 일치),도로명주소,한강로동주민센터,서울특별시 용산구 한강대로38길 28 (한강로동주민센터)
경로당,매봉(한남2동)제일경로당,서울특별시 용산구 한남동,1,서울특별시 용산구 한남대로40길 32,37.5432775,127.0037308,무더위쉼터(도로명주소 일치),도로명주소,매봉경로당,서울특별시 용산구 한남대로40길 32
경로당,한남동제1경로당,서울특별시 용산구 한남동,1,서울특별시 용산구 한남대로 48-7,37.5333378,127.008409,무더위쉼터(도로명주소 일치),도로명주소,한남동제1경로당,서울특별시 용산구 한남대로 48-7
경로당,한남리버탑아파트경로당,서울특별시 용산구 한남동,1,서울특별시 용산구 독서당로6길 16,37.529729,127.008169,무더위쉼터(도로명주소 일치),도로명주소,한남리버탑아파트경로당,"서울특별시 용산구 독서당로6길 16 (리버탑아파트 한남리버탑아파트경로당,관리사무소)"
경로당,한일경로당,서울특별시 용산구 한남동,1,서울특별시 용산구 이태원로54길 68-4,37.5354193,127.000862,무더위쉼터(도로명주소 일치),도로명주소,한일경로당,서울특별시 용산구 이태원로54길 68-4
주민센터,한남동 주민센터,서울특별시 용산구 한남동,1,서울특별시 용산구 대사관로5길 1,37.5345375,127.0004574,무더위쉼터(도로명주소 일치),도로명주소,한남동주민센터,서울특별시 용산구 대사관로5길 1
경로당,한남힐스테이트아파트경로당,서울특별시 용산구 한남힐스테이트106동,1,서울특별시 용산구 장문로 141,37.528461,127.003788,무더위쉼터(도로명주소 일치),도로명주소,한남힐스테이트아파트경로당,서울특별시 용산구 장문로 141 (한남힐스테이트106동)
경로당,효창동제1경로당,서울특별시 용산구 효창동,1,서울특별시 용산구 임정로11길 9,37.5428085,126.9585379,무더위쉼터(도로명주소 일치),도로명주소,효창동제1경로당,서울특별시 용산구 임정로11길 9
경로당,효창제2경로당,서울특별시 용산구 효창동,1,서울특별시 용산구 효창원로 146-12,37.541153,126.963104,무더위쉼터(도로명주소 일치),도로명주소,효창제2경로당,"서울특별시 용산구 효창원로 146-12 (효창종합사회복지관,효창제2경로당)"
경로당,효창한신아파트경로당,서울특별시 용산구 효창동,1,서울특별시 용산구 백범로45길 9-11,37.541907,126.957638,무더위쉼터(도로명주소 일치),도로명주소,효창한신아파트경로당,서울특별시 용산구 백범로45길 9-11 (한신아파트 한신아파트경로당)
주민센터/도서관(작은도서관),"효창동 주민센터, 효창동 작은도서관",서울특별시 용산구 효창동,2,서울특별시 용산구 효창원로 161,37.5424679,126.9618506,무더위쉼터(도로명주소 일치),도로명주소,효창동주민센터,서울특별시 용산구 효창원로 161
경로당,효창파크푸르지오아파트경로당,서울특별시 용산구 효창파크 푸르지오 106동,1,서울특별시 용산구 백범로 260,37.54057,126.957877,무더위쉼터(도로명주소 일치),도로명주소,효창파크푸르지오아파트경로당,서울특별시 용산구 백범로 260 (효창파크 푸르지오 106동)
경로당,두텁바위경로당,서울특별시 용산구 후암동,1,서울특별시 용산구 두텁바위로31길 28,37.547584,126.980381,무더위쉼터(도로명주소 일치),도로명주소,두텁바위경로당,서울특별시 용산구 두텁바위로31길 28 (오케이 어린이집)
경로당,새말경로당,서울특별시 용산구 후암동,1,서울특별시 용산구 두텁바위로58길 48,37.548456,126.982963,무더위쉼터(도로명주소 일치),도로명주소,새말경로당,서울특별시 용산구 두텁바위로58길 48 (새말경로당)
경로당,활터골경로당,서울특별시 용산구 후암동,1,서울특별시 용산구 신흥로20길 55,37.5478678,126.983983,무더위쉼터(도로명주소 일치),도로명주소,활터골경로당,서울특별시 용산구 신흥로20길 55
주민센터/도서관(작은도서관),"후암동 주민센터, 후암동작은도서관 북앤캠프",서울특별시 용산구 후암동,2,서울특별시 용산구 후암로 32-6,37.5486911,126.9781637,무더위쉼터(도로명주소 일치),도로명주소,후암동주민센터,서울특별시 용산구 후암로 32-6
도서관(공공도서관),구산동 도서관마을,서울특별시 은평구,1,서울특별시 은평구 연서로 13길 29-23,37.6095098,126.9130902,전국도서관표준데이터,도로명주소,구산동도서관마을,서울특별시 은평구 연서로13길 29-23 (구산동)
도서관(공공도서관),내를건너서숲으로도서관,서울특별시 은평구,1,서울특별시 은평구 증산로17길 51,37.5907092,126.9105779,전국도서관표준데이터,시설명,내를건너서숲으로도서관,서울특별시 은평구 증산로17길 50
도서관(공공도서관),은뜨락도서관,서울특별시 은평구,1,서울특별시 은평구 통일로 972,37.6298458,126.920049,전국도서관표준데이터,도로명주소,은뜨락도서관,"서울특별시 은평구 통일로 972 (진관동, 은뜨락)"
도서관(공공도서관),은평구립도서관,서울특별시 은평구,1,서울특별시 은평구 통일로 79가길 13-84,37.6064879,126.9166338,전국도서관표준데이터,시설명,은평구립도서관,서울특별시 은평구 통일로78가길 13-84 (은평구립도서관)
도서관(공공도서관),은평뉴타운 도서관,서울특별시 은평구,1,서울특별시 은평구 진관2로 111-51,37.6372278,126.9331155,전국도서관표준데이터,도로명주소,은평뉴타운도서관,서울특별시 은평구 진관2로 111-51 (진관동)
도서관(공공도서관),응암정보도서관,서울특별시 은평구,1,서울특별시 은평구 가좌로 7길 15,37.5859632,126.9196823,전국도서관표준데이터,도로명주소,구립응암도서관,서울특별시 은평구 가좌로7길 15
도서관(공공도서관),증산정보도서관,서울특별시 은평구,1,서울특별시 은평구 증산로5길 6,37.5828073,126.9076699,전국도서관표준데이터,도로명주소,구립증산도서관,서울특별시 은평구 증산로5길 6 (구립증산도서관)
도서관(작은도서관),나누리작은도서관,서울특별시 은평구,1,서울특별시 은평구 진관1로 55 마고정11단지아파트 308동 지층,37.6325825,126.9256024,전국도서관표준데이터,도로명주소,마고정11단지경로당,서울특별시 은평구 진관1로 55 (은평뉴타운 마고정 307동)
도서관(작은도서관),두근두근작은도서관(마고정 3단지 도서관),서울특별시 은평구,1,서울특별시 은평구 진관2로 90 마고정3단지아파트 314동 지층 문고,37.6325101,126.9275521,전국도서관표준데이터,도로명주소,은평뉴타운3단지제2경로당,서울특별시 은평구 진관2로 90 (은평뉴타운 마고정 314동)
도서관(작은도서관),신사어린이도서관,서울특별시 은평구,1,서울특별시 은평구 은평로 38 (신사종합사회복지관 5층),37.5980586,126.9121957,전국도서관표준데이터,도로명주소,신사종합사회복지관,서울특별시 은평구 은평로 38
도서관(작은도서관),열려라 작은도서관,서울특별시 은평구,1,서울특별시 은평구 가좌로334,37.5981257,126.9087373,전국도서관표준데이터,도로명주소,응암역효성해링턴플레이스아파트경로당,서울특별시 은평구 가좌로 334 (응암역효성해링턴플레이스 103동)
도서관(작은도서관),은평노인종합복지관 작은도서관,서울특별시 은평구,1,서울특별시 은평구 연서로 415 (은평노인종합복지관1층),37.6322528,126.9299803,전국도서관표준데이터,도로명주소,은평노인종합복지관,서울특별시 은평구 연서로 415
도서관(작은도서관),응암도서관,서울특별시 은평구,1,서울특별시 은평구 응암로16길 11 응암교회,37.5916586,126.9187961,전국도서관표준데이터,시설명,구립응암도서관,서울특별시 은평구 가좌로7길 15
도서관(작은도서관),지웰작은도서관,서울특별시 은평구,1,"서울특별시 은평구 진관4로 78-38, 1503동 지하",37.644136,126.9311452,전국도서관표준데이터,도로명주소,은평지웰테라스아파트경로당,서울특별시 은평구 진관4로 78-38 (은평지웰 테라스 1501동)
도서관(작은도서관),힐스테이트 녹번역 도서관,서울특별시 은평구,1,서울특별시 은평구 은평로240,37.5992913,126.934685,전국도서관표준데이터,도로명주소,힐스테이트녹번역아파트경로당,서울특별시 은평구 은평로 240 (힐스테이트녹번역 110동)
경로당,갈현2동,서울특별시 은평구 갈현동,1,연서로17길 46-12(갈현동),37.6145,126.9132,무더위쉼터(도로명주소 일치),도로명주소,갈현2동경로당,서울특별시 은평구 연서로17길 46-12
경로당,갈현건영아파트,서울특별시 은평구 갈현동,1,갈현로45길 57(갈현동),37.628845,126.913392,무더위쉼터(도로명주소 일치),도로명주소,갈현건영아파트경로당,서울특별시 은평구 갈현로45길 57 (갈현동건영아파트)
경로당,갈현미미아파트,서울특별시 은평구 갈현동,1,갈현로29길 11(갈현동),37.618874,126.913632,무더위쉼터(도로명주소 일치),도로명주소,갈현미미아파트경로당,서울특별시 은평구 갈현로29길 11 (미미아파트)
경로당,갈현베르빌아파트,서울특별시 은평구 갈현동,1,연서로 149(갈현동),37.612132,126.916965,무더위쉼터(도로명주소 일치),도로명주소,갈현베르빌아파트경로당,서울특별시 은평구 연서로 149 (동광갈현베르빌)
경로당,갈현어버이,서울특별시 은평구 갈현동,1,갈현로 324-3(갈현동),37.6255,126.9182,무더위쉼터(도로명주소 일치),도로명주소,갈현어버이경로당,서울특별시 은평구 갈현로 324-3 (갈현동)
경로당,갈현한솔아파트,서울특별시 은평구 갈현동,1,갈현로23길 41(갈현동),37.618127,126.909855,무더위쉼터(도로명주소 일치),도로명주소,갈현한솔아파트경로당,서울특별시 은평구 갈현로23길 41 (한솔아파트)
경로당,갈현현대아파트,서울특별시 은평구 갈현동,1,갈현로33길 24(갈현동),37.62206,126.914259,무더위쉼터(도로명주소 일치),도로명주소,갈현현대아파트경로당,서울특별시 은평구 갈현로33길 24 (갈현동현대아파트 갈현동현대아파트 2)
경로당,라이프씨티아파트,서울특별시 은평구 갈현동,1,갈현로29길 61(갈현동),37.622919,126.910556,무더위쉼터(도로명주소 일치),도로명주소,라이프씨티아파트경로당,서울특별시 은평구 갈현로29길 61 (라이프시티아파트)
경로당,우남아파트,서울특별시 은평구 갈현동,1,서오릉로 258(갈현동),37.6178,126.906797,무더위쉼터(도로명주소 일치),도로명주소,우남아파트경로당,서울특별시 은평구 서오릉로 258 (우남아파트 101)
경로당,코오롱하늘채아파트,서울특별시 은평구 갈현동,1,갈현로29길 62(갈현동),37.623251,126.911214,무더위쉼터(도로명주소 일치),도로명주소,코오롱하늘채아파트경로당,서울특별시 은평구 갈현로29길 62 (코오롱하늘채아파트 관리사무실 노인정)
경로당,효경골,서울특별시 은평구 갈현동,1,갈현로29길 49(갈현동),37.622043,126.911373,무더위쉼터(도로명주소 일치),도로명주소,효경골경로당,서울특별시 은평구 갈현로29길 49
주민센터/도서관(작은도서관),"갈현1동 주민센터, 갈현1동 고리마루작은도서관 (갈현1동 주민센터)",서울특별시 은평구 갈현동,2,서울특별시 은평구 갈현로 301,37.6237184,126.916731,무더위쉼터(도로명주소 일치),도로명주소,갈현1동주민센터,서울특별시 은평구 갈현로 301
주민센터/도서관(작은도서관),"갈현2동 주민센터, 효경골 마을문고 (갈현2동 주민센터)",서울특별시 은평구 갈현동,2,서울특별시 은평구 연서로27길 31-6,37.6186022,126.9157981,무더위쉼터(도로명주소 일치),도로명주소,갈현2동주민센터,서울특별시 은평구 연서로27길 31-6
경로당,갈현1단지e편한세상,서울특별시 은평구 구산동,1,서오릉로21길 47(구산동),37.61192,126.906222,무더위쉼터(도로명주소 일치),도로명주소,갈현1단지e편한세상경로당,서울특별시 은평구 서오릉로21길 47 (갈현1단지 e-편한세상아파트)
경로당,갈현현대아파트제일,서울특별시 은평구 구산동,1,서오릉로21길 36(구산동),37.612857,126.905649,무더위쉼터(도로명주소 일치),도로명주소,갈현현대아파트제일경로당,서울특별시 은평구 서오릉로21길 36 (갈현현대아파트)
경로당,경남아파트,서울특별시 은평구 구산동,1,갈현로11길 46(구산동),37.605412,126.905449,무더위쉼터(도로명주소 일치),도로명주소,경남아파트경로당,서울특별시 은평구 갈현로11길 46 (경남 아너스빌)
경로당,경향파크아파트,서울특별시 은평구 구산동,1,갈현로 15길 53(구산동),37.61033,126.905678,무더위쉼터(도로명주소 일치),도로명주소,경향파크아파트경로당,서울특별시 은평구 갈현로15길 53 (경향파크아파트)
경로당,구산,서울특별시 은평구 구산동,1,서오릉로21길 11-8(구산동),37.614805,126.907903,무더위쉼터(도로명주소 일치),도로명주소,구산경로당,서울특별시 은평구 서오릉로21길 11-8
경로당,구산그린빌아파트,서울특별시 은평구 구산동,1,갈현로7길 56(구산동),37.605457,126.904376,무더위쉼터(도로명주소 일치),도로명주소,구산그린빌아파트경로당,서울특별시 은평구 갈현로7길 56 (구산그린빌 102동)
경로당,동익파크아파트,서울특별시 은평구 구산동,1,서오릉로21길 20(구산동),37.614593,126.906897,무더위쉼터(도로명주소 일치),도로명주소,동익파크아파트경로당,서울특별시 은평구 서오릉로21길 20 (동익파크아파트)
경로당,브라운스톤아파트,서울특별시 은평구 구산동,1,갈현로17길 17(구산동),37.611441,126.909197,무더위쉼터(도로명주소 일치),도로명주소,브라운스톤아파트경로당,서울특별시 은평구 갈현로17길 17 (브라운스톤구산)
경로당/보건소,"구산거북, 구산보건지소",서울특별시 은평구 구산동,2,"연서로13길 29-7, 5층(구산동, 구산보건지소)",37.6098,126.9127,무더위쉼터(도로명주소 일치),도로명주소,구산거북경로당,서울특별시 은평구 연서로13길 29-7
주민센터,구산동 주민센터,서울특별시 은평구 구산동,1,서울특별시 은평구 갈현로17길 10,37.6117509,126.9104157,무더위쉼터(도로명주소 일치),도로명주소,구산동주민센터,서울특별시 은평구 갈현로17길 10
경로당,JR아파트,서울특별시 은평구 녹번동,1,통일로 586-19(녹번동),37.600034,126.93794,무더위쉼터(도로명주소 일치),도로명주소,JR아파트경로당(105동),서울특별시 은평구 통일로 586-19 (녹번JR아파트 (105동))
경로당,녹번2차현대아파트,서울특별시 은평구 녹번동,1,서오릉로 46(녹번동),37.605014,126.924513,무더위쉼터(도로명주소 일치),도로명주소,녹번2차현대아파트경로당,서울특별시 은평구 서오릉로 46 (녹번2차현대아파트 노인정)
경로당,녹번현대녹색,서울특별시 은평구 녹번동,1,녹번로 40(녹번동),37.604824,126.929291,무더위쉼터(도로명주소 일치),도로명주소,녹번현대녹색아파트경로당,서울특별시 은평구 녹번로 40 (현대 아파트)
경로당,녹색,서울특별시 은평구 녹번동,1,은평로11길 21(녹번동),37.602659,126.923291,무더위쉼터(도로명주소 일치),도로명주소,녹색경로당,서울특별시 은평구 은평로11길 21
경로당,래미안베라힐즈 아파트,서울특별시 은평구 녹번동,1,통일로 630 래미안베라힐즈(녹번동),37.603888,126.936472,무더위쉼터(도로명주소 일치),도로명주소,래미안베라힐즈아파트경로당,서울특별시 은평구 통일로 630 (래미안베라힐즈 215동)
경로당,북한산푸르지오아파트,서울특별시 은평구 녹번동,1,통일로 660 (녹번동),37.606421,126.936509,무더위쉼터(도로명주소 일치),도로명주소,북한산푸르지오아파트경로당(320동),서울특별시 은평구 통일로 660 (북한산 푸르지오 320동)
경로당,어울누리 녹번,서울특별시 은평구 녹번동,1,녹번로7길 36(녹번동),37.606,126.928,무더위쉼터(도로명주소 일치),도로명주소,어울누리녹번경로당,서울특별시 은평구 녹번로7길 36 (녹번동)
경로당,일심,서울특별시 은평구 녹번동,1,은평로21길 36-2(녹번동),37.602895,126.930686,무더위쉼터(도로명주소 일치),도로명주소,일심경로당,서울특별시 은평구 은평로21길 36-2
경로당,해주드림빌아파트,서울특별시 은평구 녹번동,1,응암로 366(녹번동),37.603912,126.923097,무더위쉼터(도로명주소 일치),도로명주소,해주드림빌아파트경로당,서울특별시 은평구 응암로 366 (해주 드림빌 101동)
주민센터/도서관(작은도서관)/보건소,"녹번동 주민센터, 은평작은도서관, 은평구보건소",서울특별시 은평구 녹번동,3,서울특별시 은평구 은평로 195,37.602575,126.929388,무더위쉼터(도로명주소 일치),도로명주소,은평구청,서울특별시 은평구 은평로 195 (은평구청)
경로당/도서관(작은도서관),"녹번역e편한세상캐슬아파트, 녹번역 e편한세상캐슬 작은도서관",서울특별시 은평구 녹번역e편한세상캐슬 108동,2,"은평로 220, 108동 행복어린이집 아래",37.597484,126.932616,무더위쉼터(도로명주소 일치),도로명주소,녹번역e편한세상캐슬아파트경로당,서울특별시 은평구 은평로 220 (녹번역e편한세상캐슬 108동)
경로당,대조,서울특별시 은평구 대조동,1,연서로22길 9-30(대조동),37.615347,126.919584,무더위쉼터(도로명주소 일치),도로명주소,대조경로당,서울특별시 은평구 연서로22길 9-30
경로당,삼성타운아파트,서울특별시 은평구 대조동,1,서오릉로 94(대조동),37.608959,126.921571,무더위쉼터(도로명주소 일치),도로명주소,삼성타운아파트경로당,서울특별시 은평구 서오릉로 94 (삼성타운아파트)
경로당,어울누리 대촌,서울특별시 은평구 대조동,1,서오릉로 114-16,37.6105,126.9206,무더위쉼터(도로명주소 일치),도로명주소,어울누리대촌경로당,서울특별시 은평구 서오릉로 114-16 (대조동)
주민센터,대조동 주민센터,서울특별시 은평구 대조동,1,서울특별시 은평구 연서로20길 24-3,37.614167,126.9208486,무더위쉼터(도로명주소 일치),도로명주소,대조동주민센터,서울특별시 은평구 연서로20길 24-3
경로당,백련산SK뷰아이파크아파트,서울특별시 은평구 백련산에스케이뷰아이파크 101동,1,응암로30길 16 후문 앞,37.594648,126.920952,무더위쉼터(도로명주소 일치),도로명주소,백련산SK뷰아이파크아파트경로당,서울특별시 은평구 응암로30길 16 (백련산에스케이뷰아이파크 101동)
경로당,남해그린힐아파트,서울특별시 은평구 불광동,1,불광로6길 20(불광동),37.613771,126.934033,무더위쉼터(도로명주소 일치),도로명주소,남해그린힐아파트경로당,서울특별시 은평구 불광로6길 20 (남해그린힐아파트)
경로당,대광,서울특별시 은평구 불광동,1,불광로2길 4-3(불광동),37.611805,126.932264,무더위쉼터(도로명주소 일치),도로명주소,대광경로당,서울특별시 은평구 불광로2길 4-3
경로당,대호아파트,서울특별시 은평구 불광동,1,불광로 98-8(불광동),37.614942,126.933505,무더위쉼터(도로명주소 일치),도로명주소,대호아파트경로당,서울특별시 은평구 불광로 98-8 (대호아파트)
경로당,대호프라자아파트,서울특별시 은평구 불광동,1,불광로 90(불광동),37.614839,126.932796,무더위쉼터(도로명주소 일치),도로명주소,대호프라자아파트경로당,서울특별시 은평구 불광로 90 (대호프라자아파트)
경로당,미성아파트,서울특별시 은평구 불광동,1,통일로 780(불광동),37.615023,126.928125,무더위쉼터(도로명주소 일치),도로명주소,미성아파트경로당,서울특별시 은평구 통일로 780 (미성아파트 2동)
경로당,박석어버이,서울특별시 은평구 불광동,1,통일로92가길 5(불광동),37.626337,126.921252,무더위쉼터(도로명주소 일치),도로명주소,박석어버이경로당,서울특별시 은평구 통일로92가길 5
경로당,북한산대창센시티아파트,서울특별시 은평구 불광동,1,불광로 208(불광동),37.625372,126.929428,무더위쉼터(도로명주소 일치),도로명주소,북한산대창센시티아파트경로당,서울특별시 은평구 불광로 208 (북한산대창센시티)
경로당,북한산래미안205동,서울특별시 은평구 불광동,1,불광로2길 41(불광동),37.6116796,126.9361916,무더위쉼터(도로명주소 일치),도로명주소,북한산래미안205동경로당,"서울특별시 은평구 불광로2길 41 (불광동, 북한산래미안아파트)"
경로당,북한산래미안아파트 1단지,서울특별시 은평구 불광동,1,진흥로 267(불광동),37.611493,126.938554,무더위쉼터(도로명주소 일치),도로명주소,북한산래미안아파트1단지경로당,서울특별시 은평구 진흥로 267 (북한산래미안아파트 102동)
경로당,북한산래미안아파트 2단지,서울특별시 은평구 불광동,1,진흥로 265(불광동),37.61122,126.93731,무더위쉼터(도로명주소 일치),도로명주소,북한산래미안아파트2단지경로당,서울특별시 은평구 진흥로 265 (북한산래미안아파트)
경로당,북한산수자인아파트,서울특별시 은평구 불광동,1,불광로 170(불광동),37.621658,126.932288,무더위쉼터(도로명주소 일치),도로명주소,북한산수자인아파트경로당,서울특별시 은평구 불광로 170 (북한산 한양 수자인 아파트)
경로당,북한산현대홈타운아파트,서울특별시 은평구 불광동,1,불광로2길 16(불광동),37.611958,126.934262,무더위쉼터(도로명주소 일치),도로명주소,북한산현대홈타운아파트경로당,서울특별시 은평구 불광로2길 16 (북한산현대홈타운아파트 노인정)
경로당,북한산힐스테이트1차아파트,서울특별시 은평구 불광동,1,불광로2길 33(불광동),37.612585,126.937024,무더위쉼터(도로명주소 일치),도로명주소,북한산힐스테이트1차아파트경로당,서울특별시 은평구 불광로2길 33 (북한산힐스테이트1차아파트 1101동)
경로당,북한산힐스테이트3차 3207동,서울특별시 은평구 불광동,1,"불광로14길 10-4, 3207동 지3층 (불광동)",37.6198071,126.9343856,무더위쉼터(도로명주소 일치),도로명주소,북한산힐스테이트3차3207동경로당,"서울특별시 은평구 불광로14길 10-4 (불광동, 북한산현대힐스테이트3차아파트)"
경로당,북한산힐스테이트7차116동,서울특별시 은평구 불광동,1,통일로 792(불광동),37.615764,126.926917,무더위쉼터(도로명주소 일치),도로명주소,북한산힐스테이트7차116동경로당,서울특별시 은평구 통일로 792 (북한산 힐스테이트 7차 116동)
경로당,북한산힐스테이트7차아파트,서울특별시 은평구 불광동,1,통일로 796(불광동),37.616513,126.926452,무더위쉼터(도로명주소 일치),도로명주소,북한산힐스테이트7차아파트경로당,서울특별시 은평구 통일로 796 (북한산 힐스테이트7차 상가동)
경로당,불광2동,서울특별시 은평구 불광동,1,불광로 175(불광동),37.622095,126.931322,무더위쉼터(도로명주소 일치),도로명주소,불광2동경로당,서울특별시 은평구 불광로 175
경로당,불광롯데캐슬아파트,서울특별시 은평구 불광동,1,불광로 64(불광동),37.612818,126.933462,무더위쉼터(도로명주소 일치),도로명주소,불광롯데캐슬아파트경로당,서울특별시 은평구 불광로 64 (불광롯데캐슬 101동)
경로당,삼익아파트,서울특별시 은평구 불광동,1,불광로 153(불광동),37.620313,126.931488,무더위쉼터(도로명주소 일치),도로명주소,삼익아파트경로당,서울특별시 은평구 불광로 153 (삼익아파트)
경로당,새장골,서울특별시 은평구 불광동,1,연서로37길 47(불광동),37.625418,126.927765,무더위쉼터(도로명주소 일치),도로명주소,새장골경로당,서울특별시 은평구 연서로37길 47
경로당,어울누리 느티나무,서울특별시 은평구 불광동,1,연서로33길 14-19,37.6223,126.9249,무더위쉼터(도로명주소 일치),도로명주소,어울누리느티나무경로당,서울특별시 은평구 연서로33길 14-19 (불광동)
경로당,향림,서울특별시 은평구 불광동,1,"통일로92나길 23, 지층",37.624109,126.923134,무더위쉼터(도로명주소 일치),도로명주소,향림경로당,서울특별시 은평구 통일로92나길 23
경로당/도서관(작은도서관),"북한산힐스테이트3차, 북한산힐스테이트3차 마루문고",서울특별시 은평구 불광동,2,불광로 122-10(불광동),37.618234,126.935436,무더위쉼터(도로명주소 일치),도로명주소,북한산힐스테이트3차경로당(3305동),서울특별시 은평구 불광로 122-10 (북한산현대힐스테이트3차아파트 3305동)
주민센터,불광1동 주민센터,서울특별시 은평구 불광동,1,서울특별시 은평구 진흥로15길 10,37.6103305,126.9319864,무더위쉼터(도로명주소 일치),도로명주소,불광1동주민센터,서울특별시 은평구 진흥로15길 10
주민센터,불광2동 주민센터,서울특별시 은평구 불광동,1,서울특별시 은평구 연서로41길 18,37.6263503,126.9272961,무더위쉼터(도로명주소 일치),도로명주소,불광2동주민센터,서울특별시 은평구 연서로41길 18 (불광동)
경로당,DMCSK뷰아이파크포레아파트,서울특별시 은평구 수색동,1,수색로 322(수색동),37.585737,126.892919,무더위쉼터(도로명주소 일치),도로명주소,DMCSK뷰아이파크포레아파트,서울특별시 은평구 수색로 322
경로당,DMC아트포레자이아파트,서울특별시 은평구 수색동,1,은평터널로 27(수색동),37.58476,126.898257,무더위쉼터(도로명주소 일치),도로명주소,DMC아트포레자이아파트,서울특별시 은평구 은평터널로 27 (DMC아트포레자이 105동)
경로당,DMC파인시티자이아파트,서울특별시 은평구 수색동,1,은평터널로 15(수색동),37.584314,126.894827,무더위쉼터(도로명주소 일치),도로명주소,DMC파인시티자이아파트,서울특별시 은평구 은평터널로 15 (DMC파인시티자이)
경로당,구룡,서울특별시 은평구 수색동,1,수색로 388-7(수색동),37.5898765,126.8846655,무더위쉼터(도로명주소 일치),도로명주소,구룡경로당,서울특별시 은평구 수색로 388-7 (수색동)
경로당,물빛,서울특별시 은평구 수색동,1,수색로22가길 6-8(수색동),37.585812,126.889994,무더위쉼터(도로명주소 일치),도로명주소,물빛경로당,서울특별시 은평구 수색로22가길 6-8
경로당,수색진흥아파트,서울특별시 은평구 수색동,1,은평터널로 60(수색동),37.585227,126.900161,무더위쉼터(도로명주소 일치),도로명주소,수색진흥아파트경로당,서울특별시 은평구 은평터널로 60 (DMC진흥 관리동)
경로당,수색한숲타운(e편한세상에코포레),서울특별시 은평구 수색동,1,은평터널로 65(수색동),37.586943,126.89996,무더위쉼터(도로명주소 일치),도로명주소,수색한숲타운(e편한세상수색에코포레)경로당,서울특별시 은평구 은평터널로 65 (e편한세상수색에코포레)
경로당,청구아파트,서울특별시 은평구 수색동,1,증산로1길 26(수색동),37.580764,126.901047,무더위쉼터(도로명주소 일치),도로명주소,청구아파트경로당,서울특별시 은평구 증산로1길 26 (DMC청구아파트)
경로당/도서관(작은도서관),"DMC롯데캐슬더퍼스트아파트, 물빛캐슬 작은도서관",서울특별시 은평구 수색동,2,수색로300(수색동),37.584913,126.891471,무더위쉼터(도로명주소 일치),도로명주소,DMC롯데캐슬더퍼스트아파트경로당,서울특별시 은평구 수색로 300 (DMC롯데캐슬더퍼스트 108동)
경로당/도서관(작은도서관),"한숲(수색한숲)(임대), 수색한숲도서관",서울특별시 은평구 수색동,2,은평터널로 66(수색동),37.586504,126.901378,무더위쉼터(도로명주소 일치),도로명주소,한숲(수색한숲)(임대)아파트경로당,서울특별시 은평구 은평터널로 66
주민센터,수색동 주민센터,서울특별시 은평구 수색동,1,서울특별시 은평구 수색로 280,37.5835405,126.8936697,무더위쉼터(도로명주소 일치),도로명주소,수색동주민센터,서울특별시 은평구 수색로 280 (수색동)
경로당,뉴신성아파트,서울특별시 은평구 신사동,1,은평터널로 163(신사동),37.593478,126.906384,무더위쉼터(도로명주소 일치),도로명주소,뉴신성아파트경로당,서울특별시 은평구 은평터널로 163 (뉴신사신성아파트 상가동)
경로당,새락골경로당,서울특별시 은평구 신사동,1,은평로3가길 25-3(신사동),37.598775,126.912108,무더위쉼터(도로명주소 일치),도로명주소,새락골경로당,서울특별시 은평구 은평로3가길 25-3
경로당,새절역현대아파트,서울특별시 은평구 신사동,1,은평터널로 164(신사동),37.593351,126.908436,무더위쉼터(도로명주소 일치),도로명주소,새절역현대아파트경로당,서울특별시 은평구 은평터널로 164 (새절역현대아파트 상가동)
경로당,신사 대주파크빌,서울특별시 은평구 신사동,1,증산로15길 50 (신사동),37.590732,126.908074,무더위쉼터(도로명주소 일치),도로명주소,신사대주파크빌아파트경로당,서울특별시 은평구 증산로15길 50 (대주파크빌)
경로당,신사1동,서울특별시 은평구 신사동,1,갈현로3나길 6(신사동),37.601066,126.906592,무더위쉼터(도로명주소 일치),도로명주소,신사1동경로당,서울특별시 은평구 갈현로3나길 6
경로당,신사2동,서울특별시 은평구 신사동,1,은평터널로 178-1(신사동),37.59443,126.90864,무더위쉼터(도로명주소 일치),도로명주소,신사제2경로당,서울특별시 은평구 은평터널로 178-1
경로당,신사2차현대아파트,서울특별시 은평구 신사동,1,가좌로 344(신사동),37.597877,126.907175,무더위쉼터(도로명주소 일치),도로명주소,신사2차현대아파트경로당,서울특별시 은평구 가좌로 344 (현대아파트)
경로당,신사두산위브2차아파트,서울특별시 은평구 신사동,1,가좌로12길 15(신사동),37.598564,126.90735,무더위쉼터(도로명주소 일치),도로명주소,신사두산위브2차아파트경로당,서울특별시 은평구 가좌로12길 15 (은평신사두산위브2차 101동)
경로당,신사라이프씨티아파트,서울특별시 은평구 신사동,1,갈현로3다길 15(신사동),37.602329,126.905244,무더위쉼터(도로명주소 일치),도로명주소,신사라이프씨티아파트경로당,서울특별시 은평구 갈현로3다길 15 (라이프 씨티아파트)
경로당,신사미성아파트,서울특별시 은평구 신사동,1,증산로15길 35-10(신사동),37.589573,126.908796,무더위쉼터(도로명주소 일치),도로명주소,신사미성아파트경로당,서울특별시 은평구 증산로15길 35-10 (미성아파트3동)
경로당,신사성원아파트,서울특별시 은평구 신사동,1,갈현로4길 26-5(신사동),37.600534,126.913184,무더위쉼터(도로명주소 일치),도로명주소,신사성원아파트경로당,서울특별시 은평구 갈현로4길 26-5 (신사성원아파트)
경로당,신사씨티아파트,서울특별시 은평구 신사동,1,가좌로 391(신사동),37.600466,126.904145,무더위쉼터(도로명주소 일치),도로명주소,신사씨티아파트경로당,서울특별시 은평구 가좌로 391 (씨티아파트)
경로당,신사이랜드타운아파트,서울특별시 은평구 신사동,1,은평터널로 121-6(신사동),37.590647,126.903917,무더위쉼터(도로명주소 일치),도로명주소,신사이랜드타운아파트경로당,서울특별시 은평구 은평터널로 121-6 (이랜드 타운아파트)
경로당,신사한신휴플러스아파트,서울특별시 은평구 신사동,1,갈현로1길 31(신사동),37.59896,126.90578,무더위쉼터(도로명주소 일치),도로명주소,신사한신휴플러스아파트경로당,서울특별시 은평구 갈현로1길 31 (신사동 한신 휴 플러스 106동)
경로당,신성수정아파트,서울특별시 은평구 신사동,1,은평터널로7길 2(신사동),37.59273,126.906491,무더위쉼터(도로명주소 일치),도로명주소,신사수정아파트경로당,서울특별시 은평구 은평터널로7길 2 (신성수정아파트 경로당)
경로당,신성아파트,서울특별시 은평구 신사동,1,증산로15길 67-7(신사동),37.589812,126.904976,무더위쉼터(도로명주소 일치),도로명주소,신성아파트경로당,서울특별시 은평구 증산로15길 67-7 (신성아파트)
경로당,신흥,서울특별시 은평구 신사동,1,증산로21길 25(신사동),37.5959761,126.9119516,무더위쉼터(도로명주소 일치),도로명주소,신흥경로당,서울특별시 은평구 증산로21길 25 (신사동)
경로당,은평신사두산위브아파트,서울특별시 은평구 신사동,1,갈현로1길 36(신사동),37.600045,126.905499,무더위쉼터(도로명주소 일치),도로명주소,은평신사두산위브아파트경로당,서울특별시 은평구 갈현로1길 36 (은평신사두산위브아파트 근린생활시설)
경로당,홍익아파트,서울특별시 은평구 신사동,1,가좌로 342(신사동),37.59751,126.908114,무더위쉼터(도로명주소 일치),도로명주소,홍익아파트경로당,서울특별시 은평구 가좌로 342 (홍익아파트)
주민센터,신사1동 주민센터,서울특별시 은평구 신사동,1,서울특별시 은평구 은평로2길 2,37.5978039,126.9117512,무더위쉼터(도로명주소 일치),도로명주소,신사1동주민센터,서울특별시 은평구 은평로2길 2
주민센터,신사2동 주민센터,서울특별시 은평구 신사동,1,서울특별시 은평구 증산로15길 47,37.5902675,126.9080329,무더위쉼터(도로명주소 일치),도로명주소,신사2동주민센터,서울특별시 은평구 증산로15길 47 (신사동)
경로당,어울누리 안심마을,서울특별시 은평구 역촌동,1,진흥로7나길 12-5(역촌동),37.605318,126.919246,무더위쉼터(도로명주소 일치),도로명주소,어울누리안심마을경로당,서울특별시 은평구 진흥로7나길 12-5
경로당,어울누리 해솔,서울특별시 은평구 역촌동,1,역말로 83-11(역촌동),37.6071703,126.9186147,무더위쉼터(도로명주소 일치),도로명주소,어울누리해솔경로당,서울특별시 은평구 역말로 83-11
경로당,역마을,서울특별시 은평구 역촌동,1,진흥로1길 32-23(역촌동),37.603419,126.91995,무더위쉼터(도로명주소 일치),도로명주소,역마을경로당,서울특별시 은평구 진흥로1길 32-23
주민센터,역촌동 주민센터,서울특별시 은평구 역촌동,1,서울특별시 은평구 연서로 59,37.6043975,126.9152382,무더위쉼터(도로명주소 일치),도로명주소,역촌동주민센터,서울특별시 은평구 연서로 59
경로당,백련산힐스테이트2차아파트,서울특별시 은평구 응암2동,1,백련산로 38(응암2동),37.589235,126.923081,무더위쉼터(도로명주소 일치),도로명주소,백련산힐스테이트2차아파트경로당,서울특별시 은평구 백련산로 38 (백련산 힐스테이트2차 201동)
경로당,금호아파트,서울특별시 은평구 응암동,1,응암로 318(응암동),37.599235,126.922286,무더위쉼터(도로명주소 일치),도로명주소,금호아파트경로당,서울특별시 은평구 응암로 318 (응암동금호아파트)
경로당,대주아파트,서울특별시 은평구 응암동,1,백련산로 6(응암동),37.586259,126.92301,무더위쉼터(도로명주소 일치),도로명주소,대주아파트경로당,서울특별시 은평구 백련산로 6 (대주피오레아파트 101동)
경로당,덕인,서울특별시 은평구 응암동,1,응암로21가길 5-1(응암동),37.5945876,126.9167778,무더위쉼터(도로명주소 일치),도로명주소,응암노인복지관,서울특별시 은평구 응암로21가길 5-1  (응암동)
경로당,매바위,서울특별시 은평구 응암동,1,응암로22길 13-9(응암동),37.5942,126.9198,무더위쉼터(도로명주소 일치),도로명주소,매바위경로당,서울특별시 은평구 응암로22길 13-9
경로당,백련산힐스테이트 3-2아파트 임대동,서울특별시 은평구 응암동,1,백련산로2길 42(응암동),37.5894,126.924,무더위쉼터(도로명주소 일치),도로명주소,백련산힐스테이트3-2아파트임대동경로당(212동),서울특별시 은평구 백련산로2길 42
경로당,백련산힐스테이트1차아파트,서울특별시 은평구 응암동,1,백련산로2길 19(응암동),37.592452,126.925099,무더위쉼터(도로명주소 일치),도로명주소,백련산힐스테이트1차아파트경로당,서울특별시 은평구 백련산로2길 19 (백련산 힐스테이트1차 101동)
경로당,백련산힐스테이트3차골든클럽,서울특별시 은평구 응암동,1,백련산로 36(응암동),37.588239,126.923912,무더위쉼터(도로명주소 일치),도로명주소,백련산힐스테이트3차골든클럽경로당,서울특별시 은평구 백련산로 36 (백련산 힐스테이트 3차 301동)
경로당,신동아아파트,서울특별시 은평구 응암동,1,백련산로 127(응암동),37.597091,126.92343,무더위쉼터(도로명주소 일치),도로명주소,신동아아파트경로당,서울특별시 은평구 백련산로 127 (신동아아파트)
경로당,응암SH-VILLE,서울특별시 은평구 응암동,1,백련산로146-30(응암동),37.597995,126.9269027,무더위쉼터(도로명주소 일치),도로명주소,응암SH-VILLE경로당,"서울특별시 은평구 백련산로 146-30 (응암동, 응암 SH-VILLE)"
경로당,응암제일,서울특별시 은평구 응암동,1,백련산로 159-3(응암동),37.5994684,126.9255902,무더위쉼터(도로명주소 일치),도로명주소,응암제일경로당,서울특별시 은평구 백련산로 159-3 (응암동)
경로당,응암푸르지오아파트,서울특별시 은평구 응암동,1,백련산로 146(응암동),37.59766,126.925791,무더위쉼터(도로명주소 일치),도로명주소,응암푸르지오아파트경로당(102동),서울특별시 은평구 백련산로 146 (응암푸르지오 102동)
경로당,충암,서울특별시 은평구 응암동,1,가좌로7길 9-15(응암동),37.586128,126.920731,무더위쉼터(도로명주소 일치),도로명주소,충암경로당,서울특별시 은평구 가좌로7길 9-15
경로당,힐스테이트백련산4차아파트,서울특별시 은평구 응암동,1,백련산로 37 (응암동),37.589918,126.921846,무더위쉼터(도로명주소 일치),도로명주소,백련산힐스테이트4차아파트경로당,서울특별시 은평구 백련산로 37 (힐스테이트백련산4차 406동)
주민센터,응암3동 주민센터,서울특별시 은평구 응암동,1,서울특별시 은평구 불광천길 410-17,37.5922683,126.915622,무더위쉼터(도로명주소 일치),도로명주소,응암3동주민센터,서울특별시 은평구 불광천길 410-17
주민센터/도서관(작은도서관),"응암1동 주민센터, 은평문화의집 작은도서관 (응암1동 주민센터)",서울특별시 은평구 응암동,2,서울특별시 은평구 백련산로 179,37.6007832,126.9268275,무더위쉼터(도로명주소 일치),도로명주소,응암1동주민센터,서울특별시 은평구 백련산로 179
주민센터/도서관(작은도서관),"응암2동 주민센터, 응암2동 매바위북카페 (응암2동 주민센터)",서울특별시 은평구 응암동,2,서울특별시 은평구 백련산로 100,37.5944082,126.9231421,무더위쉼터(도로명주소 일치),도로명주소,응암2동주민센터,서울특별시 은평구 백련산로 100
경로당,(DMC문영퀸즈파크)문영마운틴1차아파트,서울특별시 은평구 증산동,1,증산로13길 44-5(증산동),37.58758,126.907672,무더위쉼터(도로명주소 일치),도로명주소,문영마운틴1차아파트경로당,서울특별시 은평구 증산로13길 44-5 (DMC문영퀸즈파크아파트 101동)
경로당,DMC센트럴자이아파트,서울특별시 은평구 증산동,1,수색로 200(증산동),37.58003,126.903474,무더위쉼터(도로명주소 일치),도로명주소,DMC센트럴자이아파트경로당,서울특별시 은평구 수색로 200 (DMC센트럴자이 401동)
경로당,두산위브아파트,서울특별시 은평구 증산동,1,증산서길 79(증산동),37.584106,126.906313,무더위쉼터(도로명주소 일치),도로명주소,두산위브아파트경로당,서울특별시 은평구 증산서길 79 (두산위브 101동)
경로당,우방아파트,서울특별시 은평구 증산동,1,증산로3길 26-1(증산동),37.581894,126.902884,무더위쉼터(도로명주소 일치),도로명주소,우방아파트경로당,서울특별시 은평구 증산로3길 26-1 (DMC우방)
경로당,월드빌아파트,서울특별시 은평구 증산동,1,증산로 333(증산동),37.586364,126.911346,무더위쉼터(도로명주소 일치),도로명주소,월드빌아파트경로당,서울특별시 은평구 증산로 333 (DMC 월드아파트 제101동)
경로당,증산,서울특별시 은평구 증산동,1,증산로9길 26-3(증산동),37.586209,126.90802,무더위쉼터(도로명주소 일치),도로명주소,증산경로당,서울특별시 은평구 증산로9길 26-3
경로당,증산 중앙하이츠아파트,서울특별시 은평구 증산동,1,증산로 285(증산동),37.583085,126.908154,무더위쉼터(도로명주소 일치),도로명주소,증산중앙하이츠아파트경로당,서울특별시 은평구 증산로 285 (증산중앙하이츠 아파트 101동)
경로당,증산할머니,서울특별시 은평구 증산동,1,증산로9길 25(증산동),37.58592,126.908069,무더위쉼터(도로명주소 일치),도로명주소,증산할머니경로당,서울특별시 은평구 증산로9길 25 (증산동할머니경로당)
경로당,한신빌라,서울특별시 은평구 증산동,1,증산로9길 36-5 지하(증산동),37.587151,126.906907,무더위쉼터(도로명주소 일치),도로명주소,한신빌라경로당,서울특별시 은평구 증산로9길 36-5 (한신빌라)
주민센터,증산동 주민센터,서울특별시 은평구 증산동,1,서울특별시 은평구 증산서길 89,37.5843648,126.9070614,무더위쉼터(도로명주소 일치),도로명주소,증산동주민센터,서울특별시 은평구 증산서길 89
경로당,기자촌11단지,서울특별시 은평구 진관동,1,"연서로46길 7 (진관동, 은평뉴타운 기자촌11단지)",37.634236,126.934185,무더위쉼터(도로명주소 일치),도로명주소,기자촌11단지경로당,서울특별시 은평구 연서로46길 7 (은평뉴타운기자촌11단지 1101동)
경로당,여기소,서울특별시 은평구 진관동,1,의상봉길 8(진관동),37.653125,126.939754,무더위쉼터(도로명주소 일치),도로명주소,여기소경로당,서울특별시 은평구 의상봉길 8
경로당,은평뉴타운 제각말5단지 제1,서울특별시 은평구 진관동,1,연서로 48길 12(진관동),37.636715,126.93566,무더위쉼터(도로명주소 일치),도로명주소,은평뉴타운제각말5단지제1경로당,서울특별시 은평구 연서로48길 12 (은평뉴타운 제각말 512동)
경로당,은평뉴타운 폭포동4단지 제1,서울특별시 은평구 진관동,1,"진관1로 77-8, 407동 은빛센터 (진관동, 은평뉴타운 폭포동)",37.631277,126.930055,무더위쉼터(도로명주소 일치),도로명주소,은평뉴타운폭포동4단지제1경로당,서울특별시 은평구 진관1로 77-8 (은평뉴타운 폭포동 401동)
경로당,은평뉴타운박석고개 13단지아파트,서울특별시 은평구 진관동,1,진관1로 22(진관동),37.630852,126.921834,무더위쉼터(도로명주소 일치),도로명주소,은평뉴타운박석고개13단지아파트경로당,서울특별시 은평구 진관1로 22 (은평뉴타운 박석고개 115동)
경로당,은평뉴타운박석고개 1단지 제1,서울특별시 은평구 진관동,1,진관1로 21-9(진관동),37.632665,126.920102,무더위쉼터(도로명주소 일치),도로명주소,은평뉴타운박석고개1단지제1경로당,서울특별시 은평구 진관1로 21-9 (은평뉴타운 박석고개 103동)
경로당,은평뉴타운상림마을 10단지아파트,서울특별시 은평구 진관동,1,진관4로 48-17(진관동),37.644988,126.927457,무더위쉼터(도로명주소 일치),도로명주소,은평뉴타운상림마을10단지아파트경로당,서울특별시 은평구 진관4로 48-17 (은평뉴타운상림마을 709동)
경로당,은평뉴타운상림마을 11단지아파트,서울특별시 은평구 진관동,1,진관4로 48-8(진관동),37.644191,126.926967,무더위쉼터(도로명주소 일치),도로명주소,은평뉴타운상림마을11단지아파트경로당,서울특별시 은평구 진관4로 48-8 (은평뉴타운상림마을718동)
경로당,은평뉴타운상림마을 12단지아파트,서울특별시 은평구 진관동,1,진관3로 70(진관동),37.642466,126.922612,무더위쉼터(도로명주소 일치),도로명주소,은평뉴타운상림마을12단지아파트경로당,서울특별시 은평구 진관3로 70 (은평뉴타운상림마을 827동)
경로당,은평뉴타운상림마을 13단지아파트,서울특별시 은평구 진관동,1,진관4로 48-50(진관동),37.642173,126.929545,무더위쉼터(도로명주소 일치),도로명주소,은평뉴타운상림마을13단지아파트경로당,서울특별시 은평구 진관4로 48-50 (은평뉴타운상림마을 719동)
경로당,은평뉴타운상림마을 14단지아파트,서울특별시 은평구 진관동,1,진관4로 48-51(진관동),37.642753,126.931128,무더위쉼터(도로명주소 일치),도로명주소,은평뉴타운상림마을14단지아파트경로당,서울특별시 은평구 진관4로 48-51 (은평뉴타운 상림마을 742동)
경로당,은평뉴타운상림마을 1단지아파트,서울특별시 은평구 진관동,1,진관4로 17(진관동),37.644238,126.922759,무더위쉼터(도로명주소 일치),도로명주소,은평뉴타운상림마을1단지아파트경로당,서울특별시 은평구 진관4로 17 (811동)
경로당,은평뉴타운상림마을 2단지아파트,서울특별시 은평구 진관동,1,진관4로 37(진관동),37.645162,126.925106,무더위쉼터(도로명주소 일치),도로명주소,은평뉴타운상림마을2단지아파트경로당,서울특별시 은평구 진관4로 37 (은평뉴타운상림마을 809동)
경로당,은평뉴타운상림마을 3단지아파트,서울특별시 은평구 진관동,1,진관4로 47 (진관동),37.646162,126.9263,무더위쉼터(도로명주소 일치),도로명주소,은평뉴타운상림마을3단지아파트경로당,서울특별시 은평구 진관4로 47 (은평뉴타운상림마을 708동)
경로당,은평뉴타운상림마을 4단지아파트,서울특별시 은평구 진관동,1,진관4로 77(진관동),37.647026,126.92752,무더위쉼터(도로명주소 일치),도로명주소,은평뉴타운상림마을4단지아파트경로당,서울특별시 은평구 진관4로 77 (은평뉴타운상림마을 702동)
경로당,은평뉴타운상림마을 5단지아파트,서울특별시 은평구 진관동,1,진관4로 87(진관동),37.647946,126.928579,무더위쉼터(도로명주소 일치),도로명주소,은평뉴타운상림마을5단지아파트경로당,서울특별시 은평구 진관4로 87 (은평뉴타운상림마을 622동)
경로당,은평뉴타운상림마을 6단지 제1,서울특별시 은평구 진관동,1,진관4로 78-7(진관동),37.64675,126.930095,무더위쉼터(도로명주소 일치),도로명주소,은평뉴타운상림마을6단지아파트제1경로당,서울특별시 은평구 진관4로 78-7 (은평뉴타운상림마을 605동)
경로당,은평뉴타운상림마을 6단지아파트,서울특별시 은평구 진관동,1,진관4로 107(진관동),37.648923,126.929988,무더위쉼터(도로명주소 일치),도로명주소,은평뉴타운상림마을6단지아파트경로당,서울특별시 은평구 진관4로 107 (은평뉴타운상림마을 616동)
경로당,은평뉴타운상림마을 7단지아파트,서울특별시 은평구 진관동,1,진관4로 100(진관동),37.648508,126.931807,무더위쉼터(도로명주소 일치),도로명주소,은평뉴타운상림마을7단지아파트경로당,서울특별시 은평구 진관4로 100 (은평뉴타운상림마을 608동)
경로당,은평뉴타운상림마을 9단지아파트,서울특별시 은평구 진관동,1,진관4로 78-8(진관동),37.645954,126.928712,무더위쉼터(도로명주소 일치),도로명주소,은평뉴타운상림마을9단지아파트경로당,서울특별시 은평구 진관4로 78-8 (은평뉴타운상림마을701동)
주민센터,진관동 주민센터,서울특별시 은평구 진관동,1,서울특별시 은평구 진관2로 31,37.635,126.9209,무더위쉼터(도로명주소 일치),도로명주소,진관동주민센터,서울특별시 은평구 진관2로 31
도서관(공공도서관),아름꿈도서관,서울특별시 종로구,1,서울특별시 종로구 종로58가길 19,37.5726975,127.0171157,전국도서관표준데이터,도로명주소,아름꿈도서관,"서울특별시 종로구 종로58가길 19 (동묘파출소, 아름꿈도서관)"
도서관(공공도서관),청운문학도서관,서울특별시 종로구,1,서울특별시 종로구 자하문로36길 40,37.5903786,126.9659189,전국도서관표준데이터,도로명주소,청운문학도서관,서울특별시 종로구 자하문로36길 40 (청운동한옥문학 도서관)
도서관(작은도서관),도담도담 한옥도서관,서울특별시 종로구,1,서울특별시 종로구 숭인동길 43,37.5769278,127.0218396,전국도서관표준데이터,도로명주소,도담도담한옥도서관,서울특별시 종로구 숭인동길 43 (도담도담한옥도서관)
도서관(작은도서관),삼청공원 숲속도서관,서울특별시 종로구,1,서울특별시 종로구 북촌로 134-3,37.5879786,126.9840854,전국도서관표준데이터,도로명주소,삼청공원숲속도서관,서울특별시 종로구 북촌로 134-3 (삼청공원)
도서관(작은도서관),통인 어린이 작은도서관,서울특별시 종로구,1,서울특별시 종로구 자하문로13길 20,37.5804256,126.9705288,전국도서관표준데이터,도로명주소,통인어린이작은도서관,서울특별시 종로구 자하문로13길 20 (통인어린이작은도서관)
경로당/주민센터,"가회경로당, 가회동 주민센터",서울특별시 종로구 가회동,2,종로구 북촌로 35(가회동),37.5801246,126.9847736,무더위쉼터(도로명주소 일치),도로명주소,가회경로당,서울특별시 종로구 북촌로 35 (가회동)
경로당,구기할머니경로당,서울특별시 종로구 구기동,1,종로구 진흥로 438-8(구기동),37.607872,126.9563703,무더위쉼터(도로명주소 일치),도로명주소,구기할머니경로당,서울특별시 종로구 진흥로 438-8 (구기동)
경로당,구기할아버지경로당,서울특별시 종로구 구기동,1,종로구 진흥로 438-6(구기동),37.607804,126.9564991,무더위쉼터(도로명주소 일치),도로명주소,구기할아버지경로당,서울특별시 종로구 진흥로 438-6 (구기동)
주민센터/도서관(작은도서관),"청운효자동 주민센터, 청운효자동 북카페",서울특별시 종로구 궁정동,2,서울특별시 종로구 자하문로 92(궁정동),37.5840952,126.9706558,무더위쉼터(도로명주소 일치),도로명주소,청운효자동주민센터,서울특별시 종로구 자하문로 92 (궁정동)
경로당,우정경로당,서울특별시 종로구 낙원동,1,종로구 수표로22길 22(낙원동),37.5712197,126.9906168,무더위쉼터(도로명주소 일치),도로명주소,우정경로당,서울특별시 종로구 수표로22길 22 (돈의동)
경로당,동숭경로당,서울특별시 종로구 동숭동,1,종로구 동숭4나길 29(동숭동),37.583189,127.005093,무더위쉼터(시설명 일치),시설명,동숭경로당,서울특별시 종로구 동숭4나길 17
경로당,마로니에경로당,서울특별시 종로구 동숭동,1,종로구 낙산1길 21(동숭동),37.5811836,127.0057153,무더위쉼터(도로명주소 일치),도로명주소,마로니에경로당,서울특별시 종로구 낙산1길 21
경로당,명륜3가경로당,서울특별시 종로구 명륜1가,1,종로구 성균관로 50 (명륜1가),37.5871177,126.9967148,무더위쉼터(도로명주소 일치),도로명주소,명륜3가경로당,"서울특별시 종로구 성균관로 50 (명륜1가, )"
경로당,혜명경로당,서울특별시 종로구 명륜1가,1,종로구 혜화로9길 24-9(명륜1가),37.5880529,126.9982946,무더위쉼터(도로명주소 일치),도로명주소,혜명경로당,서울특별시 종로구 혜화로9길 24-9 (명륜1가)
경로당,와룡경로당,서울특별시 종로구 명륜3가,1,"종로구 명륜길 90, 2층(명륜3가)",37.5906204,126.9933781,무더위쉼터(도로명주소 일치),도로명주소,와룡경로당,서울특별시 종로구 명륜길 90 (명륜3가)
경로당,유림경로당,서울특별시 종로구 명륜3가,1,종로구 성균관로5길 25-13(명륜3가),37.5844736,126.996928,무더위쉼터(도로명주소 일치),도로명주소,유림경로당,서울특별시 종로구 성균관로5길 25-13 (명륜3가)
경로당,명륜2?4가경로당,서울특별시 종로구 명륜4가,1,종로구 창경궁로26길 7(명륜4가),37.5818846,126.9981471,무더위쉼터(도로명주소 일치),도로명주소,명륜2.4가경로당,서울특별시 종로구 창경궁로26길 7 (명륜4가)
도서관(공공도서관),어린이청소년국학도서관,서울특별시 종로구 명륜동,1,서울특별시 종로구 명륜길 26(명륜동 와룡문화센터 5층),37.5886859,126.9955389,전국도서관표준데이터,도로명주소,어린이청소년국학도서관,서울특별시 종로구 명륜길 26 (명륜동와룡공영주차장 및 문화센터)
경로당,무악경로당,서울특별시 종로구 무악동,1,종로구 통일로14길 19(무악동),37.575436,126.957754,무더위쉼터(도로명주소 일치),도로명주소,무악경로당,서울특별시 종로구 통일로14길 19 (무악경로당)
경로당,무악제2경로당,서울특별시 종로구 무악동,1,종로구 통일로 246-11(무악동),37.575647,126.958111,무더위쉼터(시설명 일치),시설명,무악제2경로당,서울특별시 종로구 통일로14길 24-4
주민센터/도서관(작은도서관),"무악동 주민센터, 무악다솜방",서울특별시 종로구 무악동,2,서울특별시 종로구 통일로14길 36(무악동),37.5760029,126.9582278,무더위쉼터(도로명주소 일치),도로명주소,무악동주민센터,서울특별시 종로구 통일로14길 36 (무악동)
경로당,부암경로당,서울특별시 종로구 부암동,1,종로구 자하문로 260(부암동),37.5973744,126.9634272,무더위쉼터(도로명주소 일치),도로명주소,부암경로당,서울특별시 종로구 자하문로 260 (부암동)
주민센터,부암동 주민센터,서울특별시 종로구 부암동,1,서울특별시 종로구 창의문로 145(부암동),37.5924354,126.9640763,무더위쉼터(도로명주소 일치),도로명주소,부암동주민센터,서울특별시 종로구 창의문로 145 (부암동)
경로당,사직경로당,서울특별시 종로구 사직동,1,종로구 사직로9길 15-25(사직동),37.5764535,126.9655864,무더위쉼터(도로명주소 일치),도로명주소,사직경로당,서울특별시 종로구 사직로9길 15-25 (사직동)
경로당,복정경로당,서울특별시 종로구 삼청동,1,종로구 삼청로4길 22(삼청동),37.5823969,126.9821249,무더위쉼터(도로명주소 일치),도로명주소,복정경로당,서울특별시 종로구 삼청로4길 22 (삼청동)
주민센터,삼청동 주민센터,서울특별시 종로구 삼청동,1,서울특별시 종로구 삼청로 107(삼청동),37.5849943,126.9817601,무더위쉼터(도로명주소 일치),도로명주소,삼청동주민센터,서울특별시 종로구 삼청로 107 (삼청동)
경로당,동원경로당,서울특별시 종로구 숭인동,1,종로구 숭인동2길 28(숭인동),37.5783284,127.0202659,무더위쉼터(도로명주소 일치),도로명주소,동원경로당,서울특별시 종로구 숭인동2길 28 (숭인동)
경로당,롯데캐슬천지인경로당,서울특별시 종로구 숭인동,1,"종로구 종로 347, 천동 2층(숭인동)",37.573852,127.016178,무더위쉼터(도로명주소 일치),도로명주소,종로중앙새마을금고동묘지점,서울특별시 종로구 종로 347 (롯데캐슬천지인)
경로당,숭인2경로당,서울특별시 종로구 숭인동,1,종로구 종로66가길 35(숭인동),37.5731117,127.0200647,무더위쉼터(도로명주소 일치),도로명주소,숭인2경로당,서울특별시 종로구 종로66가길 35 (숭인동)
경로당,"한마음경로당, 흥인경로당",서울특별시 종로구 숭인동,2,"종로구 숭인동길 78-8, 1층(숭인동)",37.578254,127.0222011,무더위쉼터(도로명주소 일치),도로명주소,흥인경로당,서울특별시 종로구 숭인동길 78-8 (숭인동)
경로당/주민센터/도서관(작은도서관),"숭인1상록경로당, 숭인제1동 주민센터, 숭인마루 작은도서관",서울특별시 종로구 숭인동,3,"종로구 지봉로 86, 4층(숭인동)",37.5778544,127.0155814,무더위쉼터(도로명주소 일치),도로명주소,숭인상록경로당,서울특별시 종로구 지봉로 86 (숭인동)
주민센터,숭인제2동 주민센터,서울특별시 종로구 숭인동,1,서울특별시 종로구 종로65길 10(숭인동),37.5748698,127.0199896,무더위쉼터(도로명주소 일치),도로명주소,숭인2동주민센터,서울특별시 종로구 종로65길 10 (숭인동)
경로당,청운경로당,서울특별시 종로구 신교동,1,"종로구 필운대로 86, 1층(신교동)",37.5834852,126.967421,무더위쉼터(도로명주소 일치),도로명주소,청운경로당,서울특별시 종로구 필운대로 86 (신교동)
주민센터,사직동 주민센터,서울특별시 종로구 신문로2가,1,서울특별시 종로구 경희궁1길 15(신문로2가),37.571394,126.9706517,무더위쉼터(도로명주소 일치),도로명주소,사직동주민센터,서울특별시 종로구 경희궁1길 15 (신문로2가)
경로당,신영경로당,서울특별시 종로구 신영동,1,종로구 세검정로6길 76-19(신영동),37.601291,126.9636445,무더위쉼터(도로명주소 일치),도로명주소,신영경로당,서울특별시 종로구 세검정로6길 76-19 (신영동)
경로당,세종마을경로당,서울특별시 종로구 옥인동,1,종로구 옥인1길 12-2(옥인동),37.581001,126.967978,무더위쉼터(도로명주소 일치),도로명주소,세종마을경로당,서울특별시 종로구 옥인1길 12-2
경로당,운니경로당,서울특별시 종로구 운니동,1,종로구 삼일대로32길 51(운니동),37.5756351,126.9898416,무더위쉼터(도로명주소 일치),도로명주소,운니경로당,서울특별시 종로구 삼일대로32길 51 (운니동)
경로당,계원경로당,서울특별시 종로구 원서동,1,종로구 창덕궁3가길 8(원서동),37.5811279,126.9885166,무더위쉼터(도로명주소 일치),도로명주소,계원경로당,서울특별시 종로구 창덕궁3가길 8 (원서동)
경로당,원서경로당,서울특별시 종로구 원서동,1,종로구 창덕궁길 94(원서동),37.58163,126.989396,무더위쉼터(도로명주소 일치),도로명주소,원서경로당,서울특별시 종로구 창덕궁길 94 (원서노인정)
경로당,이화경로당,서울특별시 종로구 이화동,1,종로구 이화장1나길 15(이화동),37.5777353,127.0067503,무더위쉼터(도로명주소 일치),도로명주소,이화경로당,서울특별시 종로구 이화장1나길 15 (이화동)
주민센터/도서관(작은도서관),"이화동 주민센터, 이화마을 작은도서관",서울특별시 종로구 이화동,2,서울특별시 종로구 이화장길 33(이화동),37.576979,127.004349,무더위쉼터(도로명주소 일치),도로명주소,이화마을작은도서관,서울특별시 종로구 이화장길 33 (이화동주민센터)
주민센터/도서관(작은도서관),"종로1·2·3·4가동 주민센터, 우리소리도서관",서울특별시 종로구 익선동,2,서울특별시 종로구 삼일대로30길 47(익선동),37.574482,126.990231,무더위쉼터(도로명주소 일치),도로명주소,우리소리도서관,서울특별시 종로구 삼일대로30길 47 (종로1.2.3.4가동주민센터)
경로당,북촌경로당,서울특별시 종로구 재동,1,종로구 북촌로 20-27(재동),37.5789115,126.9858728,무더위쉼터(도로명주소 일치),도로명주소,북촌경로당,서울특별시 종로구 북촌로 20-27
경로당,당고개경로당,서울특별시 종로구 창신동,1,종로구 종로53길 29(창신동),37.5736793,127.0132278,무더위쉼터(도로명주소 일치),도로명주소,당고개경로당,서울특별시 종로구 종로53길 29 (창신동)
경로당,온고회경로당,서울특별시 종로구 창신동,1,종로구 지봉로13길 14(창신동),37.578978,127.014694,무더위쉼터(도로명주소 일치),도로명주소,온고회경로당,서울특별시 종로구 지봉로13길 14
경로당,창락경로당,서울특별시 종로구 창신동,1,종로구 창신길 191-6(창신동),37.5799227,127.00947,무더위쉼터(도로명주소 일치),도로명주소,창락경로당,서울특별시 종로구 창신길 191-6 (창신동)
경로당,창삼경로당,서울특별시 종로구 창신동,1,종로구 지봉로13길 82(창신동),37.5772613,127.0124754,무더위쉼터(도로명주소 일치),도로명주소,창삼경로당,서울특별시 종로구 지봉로13길 82 (창신동)
경로당,창신2경로당,서울특별시 종로구 창신동,1,"종로구 창신길 98, 2,3층(창신동)",37.5759816,127.0105375,무더위쉼터(도로명주소 일치),도로명주소,창이경로당,서울특별시 종로구 창신길 98 (창신동)
경로당,창신두산아파트경로당,서울특별시 종로구 창신동,1,종로구 지봉로5길 7(창신동),37.574176,127.014303,무더위쉼터(도로명주소 일치),도로명주소,창신두산아파트경로당,서울특별시 종로구 지봉로5길 7 (두산아파트 101동)
경로당,창인경로당,서울특별시 종로구 창신동,1,종로구 낙산성곽동길 70-3(창신동),37.5786855,127.0089349,무더위쉼터(도로명주소 일치),도로명주소,창인경로당,서울특별시 종로구 낙산성곽동길 70-3 (창신동)
경로당,창일경로당,서울특별시 종로구 창신동,1,종로구 종로54길 9-23(창신동),37.572238,127.0148157,무더위쉼터(도로명주소 일치),도로명주소,창일경로당,서울특별시 종로구 종로54길 9-23 (창신동)
주민센터,창신제1동 주민센터,서울특별시 종로구 창신동,1,서울특별시 종로구 지봉로 8-6(창신동),37.570766,127.01633,무더위쉼터(도로명주소 일치),도로명주소,창신1동주민센터,서울특별시 종로구 지봉로 8-6 (창신제1동주민센터)
주민센터,창신제2동 주민센터,서울특별시 종로구 창신동,1,서울특별시 종로구 창신길 62(창신동),37.5744319,127.0108835,무더위쉼터(도로명주소 일치),도로명주소,창신2동주민센터,서울특별시 종로구 창신길 62 (창신동)
주민센터,창신제3동 주민센터,서울특별시 종로구 창신동,1,서울특별시 종로구 지봉로 87(창신동),37.577824,127.015142,무더위쉼터(도로명주소 일치),도로명주소,창신3동주민센터,서울특별시 종로구 지봉로 87 (창신이수아파트 101동)
경로당,충신경로당,서울특별시 종로구 충신동,1,종로구 율곡로22나길 21(충신동),37.5739111,127.0046662,무더위쉼터(도로명주소 일치),도로명주소,충신경로당,서울특별시 종로구 율곡로22나길 21 (충신동)
경로당,충신어르신행복충전소경로당,서울특별시 종로구 충신동,1,종로구 낙산성곽서길 65-11(충신동),37.5750553,127.0081528,무더위쉼터(도로명주소 일치),도로명주소,충신어르신행복충전소경로당,서울특별시 종로구 낙산성곽서길 65-11
경로당,삼청경로당,서울특별시 종로구 팔판동,1,종로구 삼청로5길 30(팔판동),37.583069,126.980226,무더위쉼터(도로명주소 일치),도로명주소,삼청경로당,서울특별시 종로구 삼청로5길 30
경로당,평창경로당,서울특별시 종로구 평창동,1,종로구 평창문화로 48(평창동),37.6053178,126.9669154,무더위쉼터(도로명주소 일치),도로명주소,평창경로당,서울특별시 종로구 평창문화로 48 (평창동)
주민센터/도서관(작은도서관),"평창동 주민센터, 꿈꾸는 평창동 작은도서관",서울특별시 종로구 평창동,2,서울특별시 종로구 평창문화로 65(평창동),37.6063867,126.9683786,무더위쉼터(도로명주소 일치),도로명주소,평창동주민센터,서울특별시 종로구 평창문화로 65 (평창동)
경로당,교남경로당,서울특별시 종로구 행촌동,1,종로구 사직로2길 8(행촌동),37.572533,126.9645796,무더위쉼터(도로명주소 일치),도로명주소,교남경로당,서울특별시 종로구 사직로2길 8
경로당,은행나무경로당,서울특별시 종로구 행촌동,1,종로구 통일로12길 60(행촌동),37.5749442,126.9619131,무더위쉼터(도로명주소 일치),도로명주소,은행나무경로당,서울특별시 종로구 통일로12길 60 (행촌동)
경로당,행촌경로당,서울특별시 종로구 행촌동,1,종로구 인왕산로1길 58 (행촌동),37.5753864,126.9630088,무더위쉼터(도로명주소 일치),도로명주소,행촌경로당,서울특별시 종로구 인왕산로1길 58 (행촌동)
주민센터/도서관(작은도서관),"교남동 주민센터, 홍파랑 북카페",서울특별시 종로구 행촌동,2,서울특별시 종로구 송월길 154(행촌동),37.571916,126.961963,무더위쉼터(도로명주소 일치),도로명주소,교남동주민센터,서울특별시 종로구 송월길 154 (행촌동)
주민센터/도서관(작은도서관),"혜화동 주민센터, 혜화마을 북카페",서울특별시 종로구 혜화동,2,서울특별시 종로구 혜화로 12(혜화동),37.5869073,127.000608,무더위쉼터(도로명주소 일치),도로명주소,혜화동주민센터,서울특별시 종로구 혜화로 12 (혜화동)
경로당/주민센터/도서관(작은도서관),"종로5?6가경로당, 종로5·6가동 주민센터, 지혜만들기 작은도서관",서울특별시 종로구 효제동,3,종로구 종로35가길 19(효제동),37.5720368,127.0050402,무더위쉼터(도로명주소 일치),도로명주소,종로56가경로당,서울특별시 종로구 종로35가길 19
도서관(공공도서관),가온도서관,서울특별시 중구,1,서울특별시 중구 동호로14길 18,37.556385,127.010838,전국도서관표준데이터,도로명주소,가온도서관,서울특별시 중구 동호로14길 18 (신당동)
도서관(공공도서관),다산성곽도서관,서울특별시 중구,1,서울특별시 중구 동호로17길 173,37.551604,127.0043894,전국도서관표준데이터,도로명주소,다산성곽도서관,서울특별시 중구 동호로17길 173 (신당동)
도서관(공공도서관),손기정문화도서관,서울특별시 중구,1,서울특별시 중구 손기정로101-3,37.5559207,126.9645377,전국도서관표준데이터,시설명,손기정문화도서관,서울특별시 중구 손기정로 101 (만리동2가)
도서관(공공도서관),손기정어린이도서관,서울특별시 중구,1,서울특별시 중구 손기정로 101,37.5559207,126.9645377,전국도서관표준데이터,도로명주소,손기정문화도서관,서울특별시 중구 손기정로 101 (만리동2가)
도서관(공공도서관),신당누리도서관,서울특별시 중구,1,서울특별시 중구 다산로33길 2,37.5623008,127.0145942,전국도서관표준데이터,시설명,신당누리도서관,서울특별시 중구 다산로33길 3 (신당동)
도서관(공공도서관),어울림도서관,서울특별시 중구,1,서울특별시 중구 다산로38길 66-35,37.561723,127.0189303,전국도서관표준데이터,도로명주소,어울림도서관,서울특별시 중구 다산로38길 66-35 (신당동)
도서관(작은도서관),다산동 작은도서관,서울특별시 중구,1,서울특별시 중구 동호로12길 89,37.5592305,127.012036,전국도서관표준데이터,도로명주소,다산동작은도서관,서울특별시 중구 동호로12길 89 (신당2동경로당)
도서관(작은도서관),약수동 작은도서관,서울특별시 중구,1,서울특별시 중구 동호로5길 19,37.551855,127.012567,전국도서관표준데이터,도로명주소,약수동작은도서관,서울특별시 중구 동호로5길 19 (중구청소년센터)
도서관(작은도서관),장충동 작은도서관,서울특별시 중구,1,서울특별시 중구 동호로25길 33,37.559197,127.001363,전국도서관표준데이터,도로명주소,장충동작은도서관,서울특별시 중구 동호로25길 33
도서관(작은도서관),중구청 작은도서관,서울특별시 중구,1,서울특별시 중구 창경궁로 17,37.5641202,126.9980097,전국도서관표준데이터,도로명주소,중구청,서울특별시 중구 창경궁로 17 (예관동)
경로당,신당푸르지오,서울특별시 중구 103동,1,다산로36길110(103동) 관리사무소옆,37.5592014,127.0195265,무더위쉼터(도로명주소 일치),도로명주소,푸르지오경로당,서울특별시 중구 다산로36길 110
경로당/주민센터/도서관(작은도서관),"광 희, 광희동 주민센터, 광희동 작은도서관",서울특별시 중구 광희동1가,3,퇴계로 303-9 광희동주민센터 4층,37.5644512,127.004986,무더위쉼터(도로명주소 일치),도로명주소,광희동주민센터,서울특별시 중구 퇴계로 303-9
경로당,명 동,서울특별시 중구 남산동2가,1,퇴계로20길25-26(남산동2가),37.558995,126.9863726,무더위쉼터(도로명주소 일치),도로명주소,명동경로당,서울특별시 중구 퇴계로20길 25-26
주민센터/도서관(작은도서관),"동화동 주민센터, 동화동 작은도서관",서울특별시 중구 동화동주민센터,2,서울특별시 중구 다산로36길 100,37.5592,127.019505,무더위쉼터(도로명주소 일치),도로명주소,동화동작은도서관,서울특별시 중구 다산로36길 100 (동화동주민센터)
경로당,중 림,서울특별시 중구 만리동1가,1,손기정로 101-5,37.5568741,126.9660121,무더위쉼터(도로명주소 일치),도로명주소,중림경로당,서울특별시 중구 손기정로 101-5 (만리동1가)
경로당/주민센터,"서울역자이아파트, 중림동 주민센터",서울특별시 중구 만리동2가,2,"만리재로 175, 109동 1층",37.553782,126.96403,무더위쉼터(도로명주소 일치),도로명주소,서울역자이경로당,서울특별시 중구 만리재로 175 (서울역센트럴자이)
주민센터,명동 주민센터,서울특별시 중구 명동주민센터,1,서울특별시 중구 퇴계로20길 3,37.558297,126.985297,무더위쉼터(시설명 일치),시설명,명동주민센터,서울특별시 중구 퇴계로20나길 16 (명동주민센터 임시청사)
주민센터,소공동 주민센터,서울특별시 중구 서소문동,1,서울특별시 중구 남대문로1길 31-5,37.561663,126.97423,무더위쉼터(시설명 일치),시설명,소공동주민센터,서울특별시 중구 서소문로12길 36
경로당,다 산,서울특별시 중구 신당동,1,동호로12길97(신당동),37.5595449,127.0120608,무더위쉼터(도로명주소 일치),도로명주소,다산경로당,서울특별시 중구 동호로12길 97
경로당,동 호,서울특별시 중구 신당동,1,동호로8길42-22(신당동),37.5524119,127.013025,무더위쉼터(도로명주소 일치),도로명주소,동호경로당,서울특별시 중구 동호로8길 42-22
경로당,동화동,서울특별시 중구 신당동,1,퇴계로80길52(신당동),37.5632367,127.0172988,무더위쉼터(도로명주소 일치),도로명주소,동화동구립경로당,서울특별시 중구 퇴계로80길 52
경로당,동화동현대@,서울특별시 중구 신당동,1,"다산로36길109, 1동앞",37.559689,127.020225,무더위쉼터(도로명주소 일치),도로명주소,현대아파트경로당,서울특별시 중구 다산로36길 109 (현대아파트 경로당)
경로당,신당5동,서울특별시 중구 신당동,1,다산로42길53(신당동),37.5643603,127.0192147,무더위쉼터(도로명주소 일치),도로명주소,신당5동경로당,서울특별시 중구 다산로42길 53
경로당,신당KCC스위첸,서울특별시 중구 신당동,1,"난계로 130, 102동 1층",37.563126,127.024794,무더위쉼터(도로명주소 일치),도로명주소,신당KCC스위첸경로당,서울특별시 중구 난계로 130 (신당KCC스위첸)
경로당,약 수,서울특별시 중구 신당동,1,다산로10길10-10(신당동),37.553241,127.010212,무더위쉼터(도로명주소 일치),도로명주소,약수경로당,서울특별시 중구 다산로10길 10-10 (약수노인정)
경로당,장 수,서울특별시 중구 신당동,1,동호로11다길18(신당동),37.5519585,127.007057,무더위쉼터(도로명주소 일치),도로명주소,장수경로당,서울특별시 중구 동호로11다길 18
경로당,충 현,서울특별시 중구 신당동,1,동호로17나길5-4(신당동),37.5544732,127.0056789,무더위쉼터(도로명주소 일치),도로명주소,충현경로당,서울특별시 중구 동호로17나길 5-4
경로당,파라다이스(150세대미만아파트),서울특별시 중구 신당동,1,"다산로42나길46(신당동,파라다이스)",37.562396,127.017283,무더위쉼터(도로명주소 일치),도로명주소,파라다이스경로당,서울특별시 중구 다산로42나길 46 (신당동파라다이스 아파트)
경로당/도서관(공공도서관),"하늘(구 남산타운3), 남산타운어린이도서관",서울특별시 중구 신당동,2,다산로32(신당동) 관리사무소 옆,37.548681,127.00888,무더위쉼터(도로명주소 일치),도로명주소,남산숲경로당,서울특별시 중구 다산로 32 (남산타운3동)
경로당/도서관(작은도서관),"신 당, 신당동 작은도서관",서울특별시 중구 신당동,2,다산로29길10(신당동),37.561105,127.013542,무더위쉼터(도로명주소 일치),도로명주소,신당동작은도서관,서울특별시 중구 다산로29길 10 (신당1동노인복지관)
경로당/도서관(작은도서관),"유 락, 신당5동 작은도서관",서울특별시 중구 신당동,2,퇴계로90길42(신당동),37.5634445,127.0216395,무더위쉼터(도로명주소 일치),도로명주소,유락경로당,서울특별시 중구 퇴계로90길 42
주민센터,신당5동 주민센터,서울특별시 중구 신당동,1,서울특별시 중구 다산로44길 85,37.5651172,127.0218667,무더위쉼터(도로명주소 일치),도로명주소,신당5동주민센터,서울특별시 중구 다산로44길 85
주민센터,신당동 주민센터,서울특별시 중구 신당동,1,서울특별시 중구 다산로33길 3 신당누리센터 3층,37.5620989,127.0145763,무더위쉼터(도로명주소 일치),도로명주소,신당누리도서관,서울특별시 중구 다산로33길 3 (신당동)
주민센터,청구동 주민센터,서울특별시 중구 신당동,1,서울특별시 중구 청구로3길 55,37.5571022,127.0146791,무더위쉼터(도로명주소 일치),도로명주소,청구동주민센터,서울특별시 중구 청구로3길 55
주민센터/보건소,"다산동 주민센터, 다산보건지소",서울특별시 중구 신당동,2,서울특별시 중구 동호로15길 50,37.5542653,127.0083084,무더위쉼터(도로명주소 일치),도로명주소,다산동주민센터,서울특별시 중구 동호로15길 50
주민센터/보건소,"약수동 주민센터, 약수보건지소",서울특별시 중구 신당동,2,서울특별시 중구 다산로 92,37.5524756,127.0089583,무더위쉼터(도로명주소 일치),도로명주소,약수동주민센터,서울특별시 중구 다산로 92
주민센터,을지로동 주민센터,서울특별시 중구 을지로3가,1,서울특별시 중구 을지로 117,37.566683,126.990972,무더위쉼터(도로명주소 일치),도로명주소,을지로동주민센터,서울특별시 중구 을지로 117
경로당,을 지,서울특별시 중구 을지로4가,1,을지로28길16(을지로4가),37.565995,126.998889,무더위쉼터(도로명주소 일치),도로명주소,을지경로당,서울특별시 중구 을지로28길 16 (을지경노당)
주민센터,장충동 주민센터,서울특별시 중구 장충동1가,1,서울특별시 중구 서울특별시 중구 장충단로8길 22,37.5619114,127.0078704,무더위쉼터(시설명 일치),시설명,장충동주민센터,서울특별시 중구 장충단로8길 22
경로당,공원장충,서울특별시 중구 장충동2가,1,동호로257-10(장충동2가),37.558511,127.003887,무더위쉼터(도로명주소 일치),도로명주소,공원장충경로당,서울특별시 중구 동호로 257-10
경로당,장 충,서울특별시 중구 장충동2가,1,동호로25길38(장충동2가),37.5594476,127.0015723,무더위쉼터(도로명주소 일치),도로명주소,장충경로당,서울특별시 중구 동호로25길 38 (장충동2가)
경로당,삼성사이버,서울특별시 중구 중림동,1,"중림로10(중림동), 105동앞",37.5582144,126.9652972,무더위쉼터(도로명주소 일치),도로명주소,삼성사이버경로당,서울특별시 중구 중림로 10
경로당,충 정,서울특별시 중구 중림동,1,"중림로4길41(중림동), 202동 1층",37.5571804,126.9646435,무더위쉼터(도로명주소 일치),도로명주소,충정경로당(임대),서울특별시 중구 중림로4길 41
경로당,묵 정,서울특별시 중구 충무로5가,1,퇴계로45길 32-12,37.56388,126.999734,무더위쉼터(도로명주소 일치),도로명주소,묵정경로당,서울특별시 중구 퇴계로45길 32-12
경로당/도서관(작은도서관),"필 동, 필동 작은도서관",서울특별시 중구 필동2가,2,필동로11(필동2가),37.560545,126.996237,무더위쉼터(도로명주소 일치),도로명주소,필동작은도서관,서울특별시 중구 필동로 11 (필동경로당)
주민센터,필동 주민센터,서울특별시 중구 필동2가,1,서울특별시 중구 퇴계로36길 42,37.5601546,126.9955807,무더위쉼터(도로명주소 일치),도로명주소,필동주민센터,서울특별시 중구 퇴계로36길 42
경로당,"롯데캐슬베네치아, SH황학롯데캐슬",서울특별시 중구 황학동,2,"청계천로400(황학동), 103동7층",37.570931,127.021316,무더위쉼터(도로명주소 일치),도로명주소,이마트청계천점,서울특별시 중구 청계천로 400 (롯데캐슬베네치아103동)
경로당,황 중,서울특별시 중구 황학동,1,난계로11길37(황학동),37.5666637,127.0217758,무더위쉼터(도로명주소 일치),도로명주소,황중경로당,서울특별시 중구 난계로11길 37
도서관(작은도서관)/보건소,"황학동 작은도서관, 황학보건지소",서울특별시 중구 황학동,2,서울특별시 중구 난계로11길 52,37.567423,127.021382,전국도서관표준데이터,도로명주소,황학동주민센터,서울특별시 중구 난계로11길 52
주민센터,황학동 주민센터,서울특별시 중구 황학동,1,서울특별시 중구 황학동 난계로11길 52,37.5674378,127.0213668,무더위쉼터(시설명 일치),시설명,황학동주민센터,서울특별시 중구 난계로11길 52
경로당,회 현,서울특별시 중구 회현동1가,1,퇴계로12길89(회현동1가),37.5558275,126.9819701,무더위쉼터(도로명주소 일치),도로명주소,회현경로당,서울특별시 중구 퇴계로12길 89 (회현동1가)
주민센터/도서관(작은도서관),"회현동 주민센터, 회현동 작은도서관",서울특별시 중구 회현동1가,2,서울특별시 중구 퇴계로8길 46,37.5572999,126.9794086,무더위쉼터(도로명주소 일치),도로명주소,회현동주민센터,서울특별시 중구 퇴계로8길 46 (회현동1가)
경로당,용마폭포공원경로당,서울특별시 중랑구,1,서울특별시 중랑구 용마산로 250-12,37.573384,127.090943,무더위쉼터(도로명주소 일치),도로명주소,용마폭포공원경로당,"서울특별시 중랑구 용마산로 250-12 (용마배수지,용마산돌산공원)"
경로당,한일써너스빌리젠시경로당,서울특별시 중랑구 101동,1,서울특별시 중랑구 용마산로115길 127 (101동 3층),37.59736,127.093475,무더위쉼터(도로명주소 일치),도로명주소,한일써너스빌리젠시경로당,서울특별시 중랑구 용마산로115길 127 (한일써너스빌리젠시1단지 102호)
경로당,신내건영1차APT경로당,서울특별시 중랑구 건영아파트 상가동,1,서울특별시 중랑구 봉화산로48길 62,37.603879,127.093636,무더위쉼터(도로명주소 일치),도로명주소,신내건영1차APT경로당,서울특별시 중랑구 봉화산로48길 62 (건영아파트 상가동)
경로당,면목7동구립경로당,서울특별시 중랑구 구립면목7동경로당,1,서울특별시 중랑구 사가정로50길 91,37.576871,127.084338,무더위쉼터(도로명주소 일치),도로명주소,면목7동구립경로당,서울특별시 중랑구 사가정로50길 91 (구립면목7동경로당)
경로당,극동늘푸른APT경로당,서울특별시 중랑구 극동늘푸른아파트,1,서울특별시 중랑구 동일로 941,37.614673,127.076223,무더위쉼터(도로명주소 일치),도로명주소,극동늘푸른APT경로당,서울특별시 중랑구 동일로 941 (극동늘푸른아파트 관리사무소)
경로당,중화극동APT경로당,서울특별시 중랑구 극동아파트,1,서울특별시 중랑구 봉화산로27길 32,37.603599,127.083841,무더위쉼터(도로명주소 일치),도로명주소,중화극동APT경로당,서울특별시 중랑구 봉화산로27길 32 (극동아파트 종합상가)
경로당,늘푸른동아APT경로당,서울특별시 중랑구 늘푸른동아아파트,1,서울특별시 중랑구 동일로 476,37.572857,127.080719,무더위쉼터(도로명주소 일치),도로명주소,늘푸른동아APT경로당,서울특별시 중랑구 동일로 476 (늘푸른동아아파트)
경로당,동구햇살APT경로당,서울특별시 중랑구 동구햇살아파트 101동,1,서울시특별시 중랑구 동일로 169길 41,37.613348,127.074475,무더위쉼터(도로명주소 일치),도로명주소,동구햇살APT경로당,서울특별시 중랑구 동일로169길 41 (동구햇살아파트 101동)
경로당,면목2동구립동부경로당,서울특별시 중랑구 동부경로당,1,서울특별시 중랑구 겸재로27가길 18-4,37.588241,127.082947,무더위쉼터(도로명주소 일치),도로명주소,면목2동구립동부경로당,서울특별시 중랑구 겸재로27가길 18-4 (동부경로당)
경로당,동성3차APT경로당,서울특별시 중랑구 동성아파트,1,서울특별시 중랑구 신내로 110,37.608308,127.096115,무더위쉼터(도로명주소 일치),도로명주소,동성3차APT경로당,서울특별시 중랑구 신내로 110 (동성아파트)
경로당,동성4차APT경로당,서울특별시 중랑구 동성아파트,1,서울특별시 중랑구 봉화산로 216,37.606803,127.096662,무더위쉼터(도로명주소 일치),도로명주소,동성4차APT경로당,서울특별시 중랑구 봉화산로 216 (동성아파트 관리사무소)
주민센터,망우3동 주민센터,서울특별시 중랑구 망우3동주민센터,1,서울특별시 중랑구 겸재로61길 40,37.59188,127.094927,무더위쉼터(도로명주소 일치),도로명주소,망우3동주민센터,서울특별시 중랑구 겸재로61길 40 (망우3동주민센터)
경로당,경남APT경로당,서울특별시 중랑구 망우동,1,서울특별시 중랑구 양원역로 37,37.603735,127.106404,무더위쉼터(도로명주소 일치),도로명주소,경남APT경로당,서울특별시 중랑구 양원역로 37 (경남아파트 상가)
경로당,망우경로당,서울특별시 중랑구 망우동,1,서울특별시 중랑구 망우로72길 15-3,37.59936,127.102815,무더위쉼터(도로명주소 일치),도로명주소,망우경로당,서울특별시 중랑구 망우로72길 15-3 (망우경로당)
경로당,샛별경로당,서울특별시 중랑구 망우동,1,서울특별시 중랑구 용마공원로5가길 36,37.593008,127.102235,무더위쉼터(도로명주소 일치),도로명주소,샛별경로당,서울특별시 중랑구 용마공원로5가길 36 (샛별경로당)
경로당,신원금호APT경로당,서울특별시 중랑구 망우동,1,서울특별시 중랑구 망우로 504-7,37.600012,127.108528,무더위쉼터(도로명주소 일치),도로명주소,신원금호APT경로당,서울특별시 중랑구 망우로 504-7 (신원아파트)
경로당,안산경로당,서울특별시 중랑구 망우동,1,서울특별시 중랑구 봉우재로65가길 18,37.595745,127.098159,무더위쉼터(도로명주소 일치),도로명주소,안산경로당,서울특별시 중랑구 봉우재로65가길 18 (안산경로당)
경로당,엘에이치양원1단지경로당,서울특별시 중랑구 망우동,1,"서울특별시 중랑구 양원역로 92(망우동,LH양원1단지아파트, 101동)",37.608999,127.107189,무더위쉼터(도로명주소 일치),도로명주소,중랑구이동노동자쉼터2호점,서울특별시 중랑구 양원역로 92 (LH서울양원1단지)
경로당,예성그린캐슬APT경로당,서울특별시 중랑구 망우동,1,"서울특별시 중랑구 용마산로112가길 34(망우동, 예성그린캐슬아파트)",37.597028,127.102059,무더위쉼터(도로명주소 일치),도로명주소,예성그린캐슬APT경로당,서울특별시 중랑구 용마산로112가길 34 (예성그린캐슬아파트 관리동)
경로당,용마공원경로당,서울특별시 중랑구 망우동,1,서울특별시 중랑구 용마산로112나길 69?(망우동),37.595917,127.102489,무더위쉼터(도로명주소 일치),도로명주소,용마공원경로당,서울특별시 중랑구 용마산로112나길 69 (망우동)
경로당,우림경로당,서울특별시 중랑구 망우동,1,서울특별시 중랑구 용마산로115나길 8,37.59766,127.096645,무더위쉼터(도로명주소 일치),도로명주소,우림경로당,서울특별시 중랑구 용마산로115나길 8 (우림경로당)
경로당,중랑숲리가APT경로당,서울특별시 중랑구 망우동,1,서울특별시 중랑구 망우로75길19(망우동),37.602371,127.104937,무더위쉼터(도로명주소 일치),도로명주소,중랑숲리가APT경로당,서울특별시 중랑구 망우로75길 19 (중랑숲리가아파트 상가동)
경로당,햇님경로당,서울특별시 중랑구 망우동,1,서울특별시 중랑구 봉우재로58길 16-5,37.59365,127.095257,무더위쉼터(도로명주소 일치),도로명주소,햇님경로당,서울특별시 중랑구 봉우재로58길 16-5 (햇님경노당)
도서관(공공도서관),양원숲속도서관,서울특별시 중랑구 망우동,1,서울특별시 중랑구 송림길 172(망우동),37.6068613,127.1106972,전국도서관표준데이터,도로명주소,양원숲속도서관,서울특별시 중랑구 송림길 172 (양원숲속도서관)
도서관(공공도서관),중랑숲어린이도서관,서울특별시 중랑구 망우동,1,서울특별시 중랑구 망우로73길 46-1(망우동),37.6026682,127.1039284,전국도서관표준데이터,도로명주소,중랑숲어린이도서관,서울특별시 중랑구 망우로73길 46-1 (중랑숲어린이도서관)
경로당,망우본동경로당,서울특별시 중랑구 망우본동경로당,1,서울특별시 중랑구 망우로73길 24-8,37.601595,127.103653,무더위쉼터(도로명주소 일치),도로명주소,망우본동경로당,서울특별시 중랑구 망우로73길 24-8 (망우본동경로당)
주민센터,망우본동 주민센터,서울특별시 중랑구 망우본동복합청사,1,서울특별시 중랑구 망우로67길 10,37.600587,127.101506,무더위쉼터(도로명주소 일치),도로명주소,망우본동주민센터,서울특별시 중랑구 망우로67길 10 (망우본동복합청사)
주민센터,면목2동 주민센터,서울특별시 중랑구 면목2동주민센터,1,서울특별시 중랑구 동일로101길 20-15,37.589725,127.079023,무더위쉼터(도로명주소 일치),도로명주소,면목2동주민센터,서울특별시 중랑구 동일로101길 20-15 (면목2동주민센터)
주민센터,면목3·8동 주민센터,서울특별시 중랑구 면목3,1,서울특별시 중랑구 사가정로51길 48,37.583015,127.088054,무더위쉼터(도로명주소 일치),도로명주소,"면목3,8동주민센터","서울특별시 중랑구 사가정로51길 48 (면목3,8동주민센터)"
경로당,대성경로당,서울특별시 중랑구 면목4동대성경로당,1,서울특별시 중랑구 면목로31길 60,37.576104,127.081915,무더위쉼터(도로명주소 일치),도로명주소,대성경로당,서울특별시 중랑구 면목로31길 60 (면목4동대성경로당)
경로당,샘터경로당,서울특별시 중랑구 면목4동샘터경로당,1,서울특별시 중랑구 면목로21길 28,37.572626,127.082278,무더위쉼터(도로명주소 일치),도로명주소,샘터경로당,서울특별시 중랑구 면목로21길 28 (면목4동샘터경로당)
주민센터,면목4동 주민센터,서울특별시 중랑구 면목4동주민센터,1,서울특별시 중랑구 면목로 246,37.574731,127.0855,무더위쉼터(도로명주소 일치),도로명주소,면목4동주민센터,서울특별시 중랑구 면목로 246 (면목4동주민센터)
주민센터,면목5동 주민센터,서울특별시 중랑구 면목5동복합청사,1,서울특별시 중랑구 동일로 619,37.585754,127.079473,무더위쉼터(도로명주소 일치),도로명주소,면목5동주민센터,서울특별시 중랑구 동일로 619 (면목5동복합청사)
경로당,면목5동제1구립경로당,서울특별시 중랑구 면목5동제1구립경로당,1,서울특별시 중랑구 동일로95길 29,37.584625,127.078044,무더위쉼터(도로명주소 일치),도로명주소,면목5동제1구립경로당,서울특별시 중랑구 동일로95길 29 (면목5동제1구립경로당)
경로당,면목5동제2구립경로당,서울특별시 중랑구 면목5동제2구립노인정,1,서울특별시 중랑구 동일로92길 17-7,37.583863,127.080875,무더위쉼터(도로명주소 일치),도로명주소,면목5동제2구립경로당,서울특별시 중랑구 동일로92길 17-7 (면목5동제2구립노인정)
경로당,용마경로당,서울특별시 중랑구 면목7동구립용마경로당,1,서울특별시 중랑구 면목로40길 23,37.578836,127.088443,무더위쉼터(도로명주소 일치),도로명주소,용마경로당,서울특별시 중랑구 면목로40길 23 (면목7동구립용마경로당)
경로당,SH면목아파트경로당,서울특별시 중랑구 면목동,1,서울특별시 중랑구 용마산로 228,37.573564,127.088406,무더위쉼터(도로명주소 일치),도로명주소,면목종합사회복지관,서울특별시 중랑구 용마산로 228 (면목임대아파트)
경로당,까치공원경로당,서울특별시 중랑구 면목동,1,서울특별시 중랑구 사가정로49길 56,37.5836103,127.0870547,무더위쉼터(도로명주소 일치),도로명주소,까치공원경로당,서울특별시 중랑구 사가정로49길 56
경로당,두산제1차APT경로당,서울특별시 중랑구 면목동,1,서울특별시 중랑구 사가정로41길 9,37.581649,127.083895,무더위쉼터(도로명주소 일치),도로명주소,두산제1차APT경로당,서울특별시 중랑구 사가정로41길 9 (두산아파트)
경로당,두산제3차APT경로당,서울특별시 중랑구 면목동,1,서울특별시 중랑구 면목로37길 57,37.579702,127.083047,무더위쉼터(도로명주소 일치),도로명주소,두산제3차APT경로당,서울특별시 중랑구 면목로37길 57 (두산아파트)
경로당,면목2동구립서부경로당,서울특별시 중랑구 면목동,1,서울특별시 중랑구 겸재로3길 50,37.588087,127.076818,무더위쉼터(도로명주소 일치),도로명주소,면목2동구립서부경로당,서울특별시 중랑구 겸재로3길 50 (서부경로당)
경로당,섬들경로당,서울특별시 중랑구 면목동,1,서울특별시 중랑구 면목로76길 42,37.590093,127.090344,무더위쉼터(도로명주소 일치),도로명주소,섬들경로당,서울특별시 중랑구 면목로76길 42 (섬들경로당)
경로당,안수경로당,서울특별시 중랑구 면목동,1,서울특별시 중랑구 면목로63길 36,37.58636,127.086249,무더위쉼터(도로명주소 일치),도로명주소,안수경로당,서울특별시 중랑구 면목로63길 36 (안수경로당)
경로당,용마금호타운APT경로당,서울특별시 중랑구 면목동,1,서울특별시 중랑구 용마산로 348?,37.582814,127.094173,무더위쉼터(도로명주소 일치),도로명주소,용마금호타운APT경로당,서울특별시 중랑구 용마산로 348 (용마금호타운)
경로당,용마산경로당,서울특별시 중랑구 면목동,1,서울특별시 중랑구 용마산로 327?,37.581162,127.093097,무더위쉼터(도로명주소 일치),도로명주소,용마산경로당,서울특별시 중랑구 용마산로 327 (용마산경로당)
경로당,용마통합경로당,서울특별시 중랑구 면목동,1,서울특별시 중랑구 용마산로94길 98,37.5873409,127.1017742,무더위쉼터(도로명주소 일치),도로명주소,구립용마경로복지관,서울특별시 중랑구 용마산로94길 98 (면목동)
경로당,용마한신APT경로당,서울특별시 중랑구 면목동,1,서울특별시 중랑구 사가정로71길 19?,37.581292,127.095943,무더위쉼터(도로명주소 일치),도로명주소,용마한신APT경로당,서울특별시 중랑구 사가정로71길 19 (용마한신아파트 관리사무소)
경로당,은행길경로당,서울특별시 중랑구 면목동,1,서울특별시 중랑구 겸재로 212-7,37.588842,127.091514,무더위쉼터(도로명주소 일치),도로명주소,은행길경로당,서울특별시 중랑구 겸재로 212-7 (구립은행길경로당)
경로당,풍림APT경로당,서울특별시 중랑구 면목동,1,서울특별시 중랑구 망우로26길 43,37.591009,127.072361,무더위쉼터(도로명주소 일치),도로명주소,풍림APT경로당,서울특별시 중랑구 망우로26길 43 (풍림아파트 노인정)
경로당,현대APT경로당,서울특별시 중랑구 면목동,1,서울특별시 중랑구 용마산로 252,37.576139,127.089667,무더위쉼터(도로명주소 일치),도로명주소,현대APT경로당,서울특별시 중랑구 용마산로 252 (면목현대아파트 관리사무소)
주민센터,면목7동 주민센터,서울특별시 중랑구 면목동,1,서울특별시 중랑구 면목로36길 4,37.57774,127.08606,무더위쉼터(도로명주소 일치),도로명주소,면목7동주민센터,서울특별시 중랑구 면목로36길 4
경로당,면목금호어울림APT경로당,서울특별시 중랑구 면목동금호어울림아파트,1,서울특별시 중랑구 용마산로 271,37.577185,127.08928,무더위쉼터(도로명주소 일치),도로명주소,면목금호어울림APT경로당,서울특별시 중랑구 용마산로 271 (면목동금호어울림아파트)
경로당,신성미소지움APT경로당,서울특별시 중랑구 면목동신성미소지움아파트,1,서울특별시 중랑구 용마산로86길 9-27,37.587192,127.096147,무더위쉼터(도로명주소 일치),도로명주소,신성미소지움APT경로당,서울특별시 중랑구 용마산로86길 9-27 (면목동신성미소지움아파트 경비실)
경로당,면목본동경로당,서울특별시 중랑구 면목본동경로당,1,서울특별시 중랑구 면목로64길 37-4,37.58612,127.09123,무더위쉼터(도로명주소 일치),도로명주소,면목본동경로당,서울특별시 중랑구 면목로64길 37-4 (면목본동경로당)
주민센터/도서관(공공도서관),"면목본동 주민센터, 중랑구립면목정보도서관",서울특별시 중랑구 면목본동주민센터,2,서울특별시 중랑구 면목로 397,37.587359,127.08756,무더위쉼터(도로명주소 일치),도로명주소,면목정보도서관,서울특별시 중랑구 면목로 397 (면목본동주민센터)
경로당,삼익APT경로당,서울특별시 중랑구 면목삼익아파트 101동,1,서울특별시 중랑구 동일로 501?,37.575263,127.079614,무더위쉼터(도로명주소 일치),도로명주소,삼익APT경로당,서울특별시 중랑구 동일로 501 (면목삼익아파트 101동)
경로당,면목한신APT경로당,서울특별시 중랑구 면목한신아파트 12동,1,서울특별시 중랑구 중랑천로 20,37.587456,127.075269,무더위쉼터(도로명주소 일치),도로명주소,면목한신APT경로당,"서울특별시 중랑구 중랑천로 20 (면목한신아파트 12동(노인정, 중앙공급실))"
주민센터,묵1동 주민센터,서울특별시 중랑구 묵1동주민센터,1,서울특별시 중랑구 공릉로2가길 5,37.612418,127.078498,무더위쉼터(도로명주소 일치),도로명주소,묵1동주민센터,서울특별시 중랑구 공릉로2가길 5 (묵1동주민센터)
경로당,신내대림두산APT경로당,서울특별시 중랑구 묵동,1,서울특별시 중랑구 신내로21길 16?,37.61704,127.088148,무더위쉼터(도로명주소 일치),도로명주소,신내대림두산APT경로당,서울특별시 중랑구 신내로21길 16 (신내두산대림아파트)
경로당,신안3차APT경로당,서울특별시 중랑구 묵동,1,서울특별시 중랑구 공릉로2라길 4,37.612506,127.081663,무더위쉼터(도로명주소 일치),도로명주소,신안3차APT경로당,"서울특별시 중랑구 공릉로2라길 4 (신안3차아파트 관리사무소,노인정)"
경로당,학수경로당,서울특별시 중랑구 묵동,1,서울특별시 중랑구 중랑천로 252-1,37.607217,127.073525,무더위쉼터(도로명주소 일치),도로명주소,구립학수경로당,서울특별시 중랑구 중랑천로 252-1 (구립학수경로당)
경로당,한양경로당,서울특별시 중랑구 묵동,1,서울특별시 중랑구 중랑역로 209-3,37.612148,127.075388,무더위쉼터(도로명주소 일치),도로명주소,한양경로당,서울특별시 중랑구 중랑역로 209-3
경로당,화랑마을경로당,서울특별시 중랑구 묵동,1,서울특별시 중랑구 동일로154길 38,37.609047,127.080358,무더위쉼터(도로명주소 일치),도로명주소,화랑마을경로당,서울특별시 중랑구 동일로154길 38
도서관(공공도서관),중랑구립정보도서관,서울특별시 중랑구 묵동,1,서울특별시 중랑구 신내로15길 197(묵동),37.6151706,127.0869064,전국도서관표준데이터,도로명주소,구립정보도서관,서울특별시 중랑구 신내로15길 197 (중랑구립정보도서관)
주민센터,묵2동 주민센터,서울특별시 중랑구 묵동,1,서울특별시 중랑구 중랑역로 181,37.609572,127.075957,무더위쉼터(도로명주소 일치),도로명주소,묵2동주민센터,서울특별시 중랑구 중랑역로 181
경로당,묵1동구립경로당,서울특별시 중랑구 묵동경로당,1,서울특별시 중랑구 공릉로2라길 26,37.613301,127.081714,무더위쉼터(도로명주소 일치),도로명주소,묵1동구립경로당,서울특별시 중랑구 공릉로2라길 26 (묵동경로당)
경로당,"신도2차APT경로당, 신도1차APT경로당",서울특별시 중랑구 묵동신도아파트,2,서울특별시 중랑구 공릉로13길 30,37.616738,127.077444,무더위쉼터(도로명주소 일치),도로명주소,신도2차APT경로당,서울특별시 중랑구 공릉로13길 30 (묵동신도아파트)
경로당,현대아이파크APT경로당,서울특별시 중랑구 묵동아이파크아파트 관리동,1,서울특별시 중랑구 중랑천로 286 묵동아이파크아파트,37.610458,127.07367,무더위쉼터(도로명주소 일치),도로명주소,현대아이파크APT경로당,서울특별시 중랑구 중랑천로 286 (묵동아이파크아파트 관리동)
경로당,월드메르디앙APT경로당,서울특별시 중랑구 묵동월드메르디앙아파트 101동,1,서울시특별시 중랑구 중랑천로 316,37.612974,127.073466,무더위쉼터(도로명주소 일치),도로명주소,월드메르디앙APT경로당,서울특별시 중랑구 중랑천로 316 (묵동월드메르디앙아파트 101동)
경로당,한국APT경로당,서울특별시 중랑구 묵동한국아파트,1,서울특별시 중랑구 중랑천로 332,37.614214,127.073627,무더위쉼터(도로명주소 일치),도로명주소,한국APT경로당,서울특별시 중랑구 중랑천로 332 (묵동한국아파트 관리사무소)
경로당,상봉1동구립경로당,서울특별시 중랑구 상봉1동경로당,1,서울특별시 중랑구 봉화산로42길 20,37.602217,127.087541,무더위쉼터(도로명주소 일치),도로명주소,상봉1동구립경로당,서울특별시 중랑구 봉화산로42길 20 (상봉1동경로당)
주민센터,상봉1동 주민센터,서울특별시 중랑구 상봉1동주민센터,1,서울특별시 중랑구 상봉중앙로1길 6,37.599864,127.0872,무더위쉼터(도로명주소 일치),도로명주소,상봉1동주민센터,서울특별시 중랑구 상봉중앙로1길 6 (상봉1동주민센터)
경로당,상봉2동구립경로당,서울특별시 중랑구 상봉2동경로당,1,서울특별시 중랑구 동일로112길 27,37.593179,127.082368,무더위쉼터(도로명주소 일치),도로명주소,상봉2동구립경로당,서울특별시 중랑구 동일로112길 27 (상봉2동경로당)
주민센터/도서관(공공도서관)/보건소,"상봉2동 주민센터, 중랑상봉도서관, 상봉보건지소",서울특별시 중랑구 상봉2동복합청사,3,서울특별시 중랑구 동일로114길 10,37.592894,127.080828,무더위쉼터(도로명주소 일치),도로명주소,상봉도서관,서울특별시 중랑구 동일로114길 10 (상봉2동복합청사)
경로당,건영캐스빌APT경로당,서울특별시 중랑구 상봉동,1,서울특별시 중랑구 상봉중앙로8길 76,37.602545,127.091255,무더위쉼터(도로명주소 일치),도로명주소,건영캐스빌APT경로당,서울특별시 중랑구 상봉중앙로8길 76 (건영캐스빌 주민복지관)
경로당,구립중랑경로당,서울특별시 중랑구 상봉동,1,서울특별시 중랑구 봉화산로 43길 9,37.603736,127.087315,무더위쉼터(도로명주소 일치),도로명주소,구립중랑경로당,서울특별시 중랑구 봉화산로43길 9 (중랑노인복지회관)
경로당,봉황경로당,서울특별시 중랑구 상봉동,1,서울시 중랑구 봉우재로33길 55-10,37.595246,127.088243,무더위쉼터(도로명주소 일치),도로명주소,봉황경로당,서울특별시 중랑구 봉우재로33길 55-10 (봉황경로당)
경로당,상봉듀오트리스경로당,서울특별시 중랑구 상봉동,1,서울특별시 중랑구 상봉로 131 A-30층,37.597445,127.092209,무더위쉼터(도로명주소 일치),도로명주소,상봉듀오트리스경로당,서울특별시 중랑구 상봉로 131 (상봉 듀오트리스)
경로당,서촌경로당,서울특별시 중랑구 상봉동,1,서울특별시 중랑구 신내로7가길 71,37.602148,127.092113,무더위쉼터(도로명주소 일치),도로명주소,서촌경로당,서울특별시 중랑구 신내로7가길 71 (서촌경로당)
경로당,신내건영2차APT경로당,서울특별시 중랑구 상봉동,1,서울특별시 중랑구 신내로7나길 24,37.601168,127.093111,무더위쉼터(도로명주소 일치),도로명주소,신내건영2차APT경로당,서울특별시 중랑구 신내로7나길 24 (건영2차아파트)
경로당,신내엘지쌍용APT경로당,서울특별시 중랑구 상봉동,1,서울특별시 중랑구 봉화산로 130,37.603063,127.089259,무더위쉼터(도로명주소 일치),도로명주소,신내엘지쌍용APT경로당,서울특별시 중랑구 봉화산로 130 (쌍용아파트)
경로당,우정APT경로당,서울특별시 중랑구 상봉동,1,서울특별시 중랑구 상봉중앙로1다길 21,37.599442,127.088605,무더위쉼터(도로명주소 일치),도로명주소,우정APT경로당,서울특별시 중랑구 상봉중앙로1다길 21 (우정아파트)
경로당,청운경로당,서울특별시 중랑구 상봉동,1,서울특별시 중랑구 봉화산로30길 69-3,37.599064,127.085344,무더위쉼터(도로명주소 일치),도로명주소,청운경로당,서울특별시 중랑구 봉화산로30길 69-3 (청운경로당)
주민센터,신내1동 주민센터,서울특별시 중랑구 신내1동주민센터,1,서울특별시 중랑구 용마산로129나길 35,37.60589,127.099463,무더위쉼터(도로명주소 일치),도로명주소,신내1동주민센터,서울특별시 중랑구 용마산로129나길 35 (신내1동주민센터)
경로당,"신내9단지APT(봉화)경로당, 신내9단지APT(진흥)경로당",서울특별시 중랑구 신내9단지신내아파트상가1동,2,서울특별시 중랑구 신내로 127 신내9단지 908동,37.611986,127.094727,무더위쉼터(도로명주소 일치),도로명주소,신내9단지APT(진흥)경로당,서울특별시 중랑구 신내로 127 (신내9단지신내아파트상가1동)
경로당,신내11단지APT(대명)경로당,서울특별시 중랑구 신내대명아파트 신내아파트보육시설동,1,서울특별시 중랑구 봉화산로 193 신내11단지,37.607398,127.094055,무더위쉼터(도로명주소 일치),도로명주소,신내11단지APT(대명)경로당,서울특별시 중랑구 봉화산로 193 (신내대명아파트 신내아파트보육시설동)
경로당,경원APT경로당,서울특별시 중랑구 신내동,1,서울특별시 중랑구 봉화산로56길 73,37.60552,127.098443,무더위쉼터(도로명주소 일치),도로명주소,경원APT경로당,서울특별시 중랑구 봉화산로56길 73 (경원아파트)
경로당,동성1?2차APT경로당,서울특별시 중랑구 신내동,1,서울특별시 중랑구 신내로 128,37.609854,127.09737,무더위쉼터(도로명주소 일치),도로명주소,동성1?2차APT경로당,서울특별시 중랑구 신내로 128
경로당,동성7차APT경로당,서울특별시 중랑구 신내동,1,"서울특별시 중랑구 신내로14길 21 (신내동, 동성7차아파트)",37.60603,127.097134,무더위쉼터(도로명주소 일치),도로명주소,동성7차APT경로당,서울특별시 중랑구 신내로14길 21 (동성7차아파트)
경로당,벽산APT경로당,서울특별시 중랑구 신내동,1,서울특별시 중랑구 용마산로125길 50,37.60314,127.100042,무더위쉼터(도로명주소 일치),도로명주소,벽산APT경로당,서울특별시 중랑구 용마산로125길 50 (벽산아파트 관리사무실)
경로당,새우개경로당,서울특별시 중랑구 신내동,1,서울특별시 중랑구 용마산로139나길 47,37.617697,127.102349,무더위쉼터(도로명주소 일치),도로명주소,새우개경로당,서울특별시 중랑구 용마산로139나길 47 (새우개경로당)
경로당,새한APT경로당,서울특별시 중랑구 신내동,1,서울특별시 중랑구 용마산로 616,37.605137,127.101501,무더위쉼터(도로명주소 일치),도로명주소,새한APT경로당,서울특별시 중랑구 용마산로 616 (새한아파트 관리사무실)
경로당,석탑APT경로당,서울특별시 중랑구 신내동,1,서울특별시 중랑구 용마산로125길 92,37.603633,127.101071,무더위쉼터(도로명주소 일치),도로명주소,석탑APT경로당,서울특별시 중랑구 용마산로125길 92 (석탑아파트)
경로당,신내10단지APT경로당,서울특별시 중랑구 신내동,1,서울특별시 중랑구 신내로 115 신내10단지,37.609268,127.094602,무더위쉼터(도로명주소 일치),도로명주소,서울시립대종합사회복지관,서울특별시 중랑구 신내로 115 (신내10단지신내아파트)
경로당,신내6단지APT(시영)경로당,서울특별시 중랑구 신내동,1,서울특별시 중랑구 신내로19길 42,37.615226,127.09104,무더위쉼터(도로명주소 일치),도로명주소,신내6단지APT(시영)경로당,서울특별시 중랑구 신내로19길 42 (신내6단지신내아파트 관리사무소)
경로당,신내7단지APT(진로)경로당,서울특별시 중랑구 신내동,1,서울특별시 중랑구 신내로17길 41 신내7단지,37.614138,127.093272,무더위쉼터(도로명주소 일치),도로명주소,신내7단지APT(진로)경로당,서울특별시 중랑구 신내로17길 41 (진로아파트)
경로당,신내구립경로당,서울특별시 중랑구 신내동,1,서울특별시 중랑구 망우로65길 20,37.6012676,127.0999342,무더위쉼터(도로명주소 일치),도로명주소,구립신내경로복지관,서울특별시 중랑구 망우로65길 20 (신내동)
경로당,신내데시앙포레경로당,서울특별시 중랑구 신내동,1,"서울특별시 중랑구 신내역로 165(신내동, 신내 데시앙포레)",37.6153702,127.1099925,무더위쉼터(도로명주소 일치),도로명주소,신내데시앙포레경로당,"서울특별시 중랑구 신내역로 165 (신내동, 신내 데시앙포레)"
경로당,신내우남푸르미아APT경로당,서울특별시 중랑구 신내동,1,서울특별시 중랑구 봉화산로56길 51,37.606217,127.098926,무더위쉼터(도로명주소 일치),도로명주소,신내우남푸르미아APT경로당,서울특별시 중랑구 봉화산로56길 51 (우남푸르미아아파트 관리소)
경로당,신내우디안1단지경로당,서울특별시 중랑구 신내동,1,"서울특별시 중랑구 신내역로 1길85(신내동, 신내우디안1단지)",37.6171039,127.1064734,무더위쉼터(도로명주소 일치),도로명주소,신내우디안1단지경로당,"서울특별시 중랑구 신내역로1길 85 (신내동, 신내우디안1단지)"
경로당,영풍마드레빌APT경로당,서울특별시 중랑구 신내동,1,서울특별시 중랑구 용마산로129가길 41,37.605613,127.10002,무더위쉼터(도로명주소 일치),도로명주소,영풍마드레빌APT경로당,서울특별시 중랑구 용마산로129가길 41 (영풍마드레빌)
경로당,중앙하이츠APT경로당,서울특별시 중랑구 신내동,1,서울특별시 중랑구 봉화산로56길 123,37.603446,127.098121,무더위쉼터(도로명주소 일치),도로명주소,중앙하이츠APT경로당,서울특별시 중랑구 봉화산로56길 123 (중앙하이츠아파트 경로당)
경로당,피울경로당,서울특별시 중랑구 신내동,1,서울특별시 중랑구 용마산로129나길 25,37.606175,127.099679,무더위쉼터(도로명주소 일치),도로명주소,피울경로당,서울특별시 중랑구 용마산로129나길 25 (구립피울경로당)
보건소,중랑구보건소,서울특별시 중랑구 신내동,1,"서울특별시 중랑구 봉화산로 179 (신내동, 중랑구청) 중랑구 보건소",37.6066787,127.0926557,무더위쉼터(도로명주소 일치),도로명주소,중랑구청,서울특별시 중랑구 봉화산로 179  (신내동)
주민센터,신내2동 주민센터,서울특별시 중랑구 신내동,1,서울특별시 중랑구 봉화산로 190,37.606233,127.094173,무더위쉼터(도로명주소 일치),도로명주소,신내2동주민센터,서울특별시 중랑구 봉화산로 190 (중랑구청제2청사)
경로당,신내경남아너스빌경로당,서울특별시 중랑구 신내동 경남아너스빌 101동,1,서울특별시 중랑구 봉화산로56길 112,37.603616,127.096737,무더위쉼터(도로명주소 일치),도로명주소,신내경남아너스빌APT경로당,서울특별시 중랑구 봉화산로56길 112 (신내동 경남아너스빌 101동)
경로당,신내의료안심주택경로당,서울특별시 중랑구 신내의료안심주택 2동,1,서울특별시 중랑구 신내로16길 33(신내의료안심주택 2동),37.6139871,127.0981666,무더위쉼터(도로명주소 일치),도로명주소,신내의료안심주택경로당,"서울특별시 중랑구 신내로16길 33 (신내동, 신내동 의료안심주택)"
경로당,신성은하수APT경로당,서울특별시 중랑구 신성아파트 상가동,1,서울특별시 중랑구 중랑천로37?,37.58862,127.073295,무더위쉼터(도로명주소 일치),도로명주소,신성은하수APT경로당,서울특별시 중랑구 중랑천로 37 (신성아파트 상가동)
경로당,신안1차APT경로당,서울특별시 중랑구 신안1차아파트 상가 상가동,1,서울특별시 중랑구 공릉로2길 47?,37.612672,127.08099,무더위쉼터(도로명주소 일치),도로명주소,신안1차APT경로당,서울특별시 중랑구 공릉로2길 47 (신안1차아파트 상가 상가동)
경로당,신우APT경로당,서울특별시 중랑구 신우아파트 101동,1,서울특별시 중랑구 동일로 569-55?,37.580492,127.079249,무더위쉼터(도로명주소 일치),도로명주소,신우APT경로당,서울특별시 중랑구 동일로 569-55 (신우아파트 101동)
경로당,쌍용더플래티넘용마산APT경로당,서울특별시 중랑구 쌍용 더 플래티넘 용마산 101동,1,서울특별시 중랑구 용마산로209,37.572542,127.085429,무더위쉼터(도로명주소 일치),도로명주소,쌍용더플래티넘용마산APT경로당,서울특별시 중랑구 용마산로 209 (쌍용 더 플래티넘 용마산 101동)
경로당,아남리치카운티APT경로당,서울특별시 중랑구 아남리치카운티아파트 105동,1,서울특별시 중랑구 겸재로29길 27,37.58936,127.085107,무더위쉼터(도로명주소 일치),도로명주소,아남리치카운티APT경로당,서울특별시 중랑구 겸재로29길 27 (아남리치카운티아파트 105동)
경로당,용마산하늘채APT경로당,서울특별시 중랑구 용마산 하늘채 101동,1,서울시 중랑구 용마산로 210,37.572499,127.08662,무더위쉼터(도로명주소 일치),도로명주소,용마산하늘채APT경로당,서울특별시 중랑구 용마산로 210 (용마산 하늘채 101동)
경로당,이편한세상화랑대APT경로당,서울특별시 중랑구 이편한세상 화랑대 근린생활시설동,1,서울시 중랑구 숙선옹주로 45 (e-편한세상화랑대),37.616373,127.082972,무더위쉼터(도로명주소 일치),도로명주소,이편한세상화랑대경로당,서울특별시 중랑구 숙선옹주로 45 (이편한세상 화랑대 근린생활시설동)
경로당,망우금호어울림APT경로당,서울특별시 중랑구 중랑숲금호어울림 관리동,1,서울특별시 중랑구 양원역로 18?,37.601015,127.110341,무더위쉼터(도로명주소 일치),도로명주소,망우금호어울림APT경로당,서울특별시 중랑구 양원역로 18 (중랑숲금호어울림 관리동)
경로당,해모로APT경로당,서울특별시 중랑구 중랑해모로아파트 101동,1,서울특별시 중랑구 양원역로6가길 19,37.602621,127.110373,무더위쉼터(도로명주소 일치),도로명주소,해모로APT경로당,서울특별시 중랑구 양원역로6가길 19 (중랑해모로아파트 101동)
주민센터,중화1동 주민센터,서울특별시 중랑구 중화1동주민센터,1,서울특별시 중랑구 동일로134길 17,37.601148,127.080653,무더위쉼터(도로명주소 일치),도로명주소,중화1동주민센터,서울특별시 중랑구 동일로134길 17 (중화1동주민센터)
주민센터/도서관(공공도서관),"중화2동 주민센터, 중화문학도서관",서울특별시 중랑구 중화2동복합청사,2,서울특별시 중랑구 봉화산로 27,37.602074,127.077465,무더위쉼터(도로명주소 일치),도로명주소,중화문학도서관,서울특별시 중랑구 봉화산로 27 (중화2동복합청사)
경로당,백학경로당,서울특별시 중랑구 중화동,1,서울특별시 중랑구 중랑천로20길 6-14,37.595646,127.072982,무더위쉼터(도로명주소 일치),도로명주소,백학경로당,서울특별시 중랑구 중랑천로20길 6-14 (구립백학경로당)
경로당,봉화경로당,서울특별시 중랑구 중화동,1,서울특별시 중랑구 봉화산로3길 40-5,37.60351,127.076007,무더위쉼터(도로명주소 일치),도로명주소,봉화경로당,서울특별시 중랑구 봉화산로3길 40-5 (봉화경로당)
경로당,중화1동통합경로당,서울특별시 중랑구 중화동,1,서울특별시 중랑구 동일로138길 28,37.6033076,127.08114,무더위쉼터(도로명주소 일치),도로명주소,구립중화경로복지관,서울특별시 중랑구 동일로138길 28 (중화동)
경로당,중화한신APT경로당,서울특별시 중랑구 중화동,1,서울특별시 중랑구 동일로 752,37.597164,127.081309,무더위쉼터(도로명주소 일치),도로명주소,중화한신APT경로당,서울특별시 중랑구 동일로 752 (중화한신아파트)
경로당,학구경로당,서울특별시 중랑구 중화동,1,서울특별시 중랑구 동일로123길 69-5,37.59832,127.076152,무더위쉼터(도로명주소 일치),도로명주소,학구경로당,서울특별시 중랑구 동일로123길 69-5 (학구경로당)
경로당,동양엔파트2차경로당,서울특별시 중랑구 중화동 동양엔파트 2차 관리동,1,서울특별시 중랑구 중랑천로14길 34,37.594274,127.074646,무더위쉼터(도로명주소 일치),도로명주소,동양엔파트2차경로당,서울특별시 중랑구 중랑천로14길 34 (중화동 동양엔파트 2차 관리동)
경로당,태영데시앙APT경로당,서울특별시 중랑구 태영데시앙아파트 상가동,1,서울특별시 중랑구 상봉중앙로8길 104,37.603352,127.092797,무더위쉼터(도로명주소 일치),도로명주소,태영데시앙APT경로당,서울특별시 중랑구 상봉중앙로8길 104 (태영데시앙아파트 상가동)
