시설유형,시설명,시구동,시설수,상세주소,위도,경도,좌표출처
경로당,I PARK삼성아파트,서울특별시 강남구,1,강남구 영동대로 640,37.5187074,127.058307,ArcGIS 지오코딩(주소 지점 일치)
경로당,LH강남브리즈힐아파트,서울특별시 강남구,1,강남구 자곡로3길45,37.4721693,127.0910331,ArcGIS 지오코딩(주소 지점 일치)
경로당,LH강남아이파크아파트,서울특별시 강남구,1,강남구 자곡로 175,37.4744167,127.1013595,ArcGIS 지오코딩(주소 지점 일치)
경로당,LH수서1단지,서울특별시 강남구,1,"강남구 밤고개로 165, 102동 1층",37.4779177,127.1072084,ArcGIS 지오코딩(주소 지점 일치)
경로당,가람아파트,서울특별시 강남구,1,강남구 일원로 127,37.4829326,127.0840921,ArcGIS 지오코딩(주소 지점 일치)
경로당,강남 더샵 시니어하우스,서울특별시 강남구,1,강남구 광평로34길 35,37.4805449,127.0957315,ArcGIS 지오코딩(주소 지점 일치)
경로당,강남데시앙파크아파트,서울특별시 강남구,1,강남구 헌릉로590길 63,37.4605403,127.102361,ArcGIS 지오코딩(주소 지점 일치)
경로당,강남상가아파트,서울특별시 강남구,1,"강남구 압구정로2길 46, 4층 옥탑",37.5187673,127.0206916,ArcGIS 지오코딩(주소 지점 일치)
경로당,강남센트럴아이파크아파트,서울특별시 강남구,1,강남구 테헤란로 44길 26,37.5007893,127.0459346,ArcGIS 지오코딩(주소 지점 일치)
경로당,강남에버시움,서울특별시 강남구,1,강남구 자곡로 3길 22,37.4702529,127.0914106,ArcGIS 지오코딩(주소 지점 일치)
경로당,개나리skview 경로당,서울특별시 강남구,1,강남구 역삼로 315-1,37.5005685,127.050071,ArcGIS 지오코딩(주소 지점 일치)
경로당,개나리푸르지오아파트,서울특별시 강남구,1,강남구 역삼로 314,37.4996151,127.0493026,ArcGIS 지오코딩(주소 지점 일치)
경로당,개포,서울특별시 강남구,1,강남구 선릉로12길 12,37.4837051,127.0608903,ArcGIS 지오코딩(주소 지점 일치)
경로당,"개포7단지아파트, 주공6단지아파트",서울특별시 강남구,2,"강남구 개포로 516, 주공7단지아파트",37.4897616,127.0713073,ArcGIS 지오코딩(주소 지점 일치)
경로당,개포상록스타힐즈 실버라운지,서울특별시 강남구,1,강남구 영동대로 16,37.489236,127.0752562,ArcGIS 지오코딩(주소 지점 일치)
경로당,개포자이 경로당,서울특별시 강남구,1,강남구 개포로109길 69,37.4961507,127.0774579,ArcGIS 지오코딩(주소 지점 일치)
경로당,개포자이프레지던스 시니어클럽,서울특별시 강남구,1,강남구 삼성로 14,37.4861492,127.068427,ArcGIS 지오코딩(주소 지점 일치)
경로당,개포현대1차아파트,서울특별시 강남구,1,강남구 개포로 303,37.4827195,127.0555822,ArcGIS 지오코딩(주소 지점 일치)
경로당,궁마을,서울특별시 강남구,1,강남구 광평로42길 18,37.4849235,127.0992532,ArcGIS 지오코딩(주소 지점 일치)
경로당,그레이튼 실버클럽아파트,서울특별시 강남구,1,강남구 도곡로43길 21,37.4954525,127.0474221,ArcGIS 지오코딩(주소 지점 일치)
경로당,논현,서울특별시 강남구,1,강남구 논현로 123길 19,37.5112257,127.0300893,ArcGIS 지오코딩(주소 지점 일치)
경로당,논현쌍용,서울특별시 강남구,1,강남구 도산대로50길 43,37.5196437,127.038157,ArcGIS 지오코딩(주소 지점 일치)
경로당,논현아파트,서울특별시 강남구,1,강남구 강남대로146길 28,37.515305,127.0231236,ArcGIS 지오코딩(주소 지점 일치)
경로당,대림아크로빌아파트,서울특별시 강남구,1,강남구 언주로 30길 13,37.4885357,127.0514156,ArcGIS 지오코딩(주소 지점 일치)
경로당,대림아파트,서울특별시 강남구,1,강남구 학동로77길 27,37.5208849,127.047789,ArcGIS 지오코딩(주소 지점 일치)
경로당,대림아파트,서울특별시 강남구,1,강남구 논현로41길 10,37.4866129,127.0393719,ArcGIS 지오코딩(주소 지점 일치)
경로당,대청3단지,서울특별시 강남구,1,강남구 개포로109길 21,37.4953785,127.0764229,ArcGIS 지오코딩(주소 지점 일치)
경로당,대치4,서울특별시 강남구,1,강남구 도곡로77길 22,37.4998255,127.058184,ArcGIS 지오코딩(주소 지점 일치)
경로당,대치I'PARK아파트,서울특별시 강남구,1,강남구 선릉로 222,37.4959448,127.0543522,ArcGIS 지오코딩(주소 지점 일치)
경로당,대치SK VIEW아파트,서울특별시 강남구,1,강남구 삼성로51길 25,37.4956587,127.0595996,ArcGIS 지오코딩(주소 지점 일치)
경로당,대치르엘경로당,서울특별시 강남구,1,강남구 도곡로 93길23,37.5014924,127.0645958,ArcGIS 지오코딩(주소 지점 일치)
경로당,대치삼성아파트,서울특별시 강남구,1,강남구 도곡로78길 22,37.4968307,127.0593546,ArcGIS 지오코딩(주소 지점 일치)
경로당,대치아파트2단지,서울특별시 강남구,1,강남구 개포로 109길 9,37.4934986,127.0758773,ArcGIS 지오코딩(주소 지점 일치)
경로당,대치포스코더샵,서울특별시 강남구,1,강남구 삼성로 417,37.5041596,127.0576928,ArcGIS 지오코딩(주소 지점 일치)
경로당,대치현대아파트,서울특별시 강남구,1,강남구 삼성로 64길 5,37.5012703,127.0600866,ArcGIS 지오코딩(주소 지점 일치)
경로당,도곡1동,서울특별시 강남구,1,"강남구 남부순환로351길 22-12, B101,103,104호",37.486385,127.0347262,ArcGIS 지오코딩(주소 지점 일치)
경로당,도곡렉슬경로당,서울특별시 강남구,1,"강남구 선릉로 221, 210동 1002호",37.4941959,127.0533227,ArcGIS 지오코딩(주소 지점 일치)
경로당,도곡쌍용예가아파트,서울특별시 강남구,1,"강남구 남부순환로363길 30, 102동 지하",37.4880397,127.0381106,ArcGIS 지오코딩(주소 지점 일치)
경로당,도곡우성아파트,서울특별시 강남구,1,강남구 남부순환로363길 49,37.4882491,127.0373691,ArcGIS 지오코딩(주소 지점 일치)
경로당,독구리,서울특별시 강남구,1,강남구 남부순환로379길 14,37.4878307,127.0464121,ArcGIS 지오코딩(주소 지점 일치)
경로당,동부센트레빌아파트,서울특별시 강남구,1,강남구 선릉로 206,37.4914644,127.0556417,ArcGIS 지오코딩(주소 지점 일치)
경로당,동현,서울특별시 강남구,1,강남구 언주로 146길 18,37.5186431,127.0368585,ArcGIS 지오코딩(주소 지점 일치)
경로당,동호,서울특별시 강남구,1,강남구 압구정로29길 57,37.5302613,127.0268971,ArcGIS 지오코딩(주소 지점 일치)
경로당,디에이치아너힐즈 노블라운지,서울특별시 강남구,1,강남구 삼성로 11,37.4827107,127.068562,ArcGIS 지오코딩(주소 지점 일치)
경로당,"디퍼아2 경로당, 디퍼아1 경로당",서울특별시 강남구,2,강남구 개포로 310,37.4785039,127.0575778,ArcGIS 지오코딩(주소 지점 일치)
경로당,래미안 개포 루체하임 시니어클럽,서울특별시 강남구,1,강남구 개포로110길 50,37.4897169,127.0789214,ArcGIS 지오코딩(주소 지점 일치)
경로당,래미안강남힐즈아파트,서울특별시 강남구,1,강남구 자곡로 101,37.4726551,127.0958054,ArcGIS 지오코딩(주소 지점 일치)
경로당,래미안대치팰리스1단지아파트,서울특별시 강남구,1,강남구 삼성로 51길 37,37.4948217,127.0585149,ArcGIS 지오코딩(주소 지점 일치)
경로당,래미안대치팰리스2단지아파트,서울특별시 강남구,1,강남구 삼성로51길 35,37.4955638,127.0614035,ArcGIS 지오코딩(주소 지점 일치)
경로당,래미안도곡카운티,서울특별시 강남구,1,"강남구 도곡로 320, 201동 2층",37.4950481,127.0501279,ArcGIS 지오코딩(주소 지점 일치)
경로당,래미안라클래시아파트,서울특별시 강남구,1,강남구 삼성로 651,37.5178197,127.0492873,ArcGIS 지오코딩(주소 지점 일치)
경로당,래미안블레스티지,서울특별시 강남구,1,강남구 선릉로 8,37.4813524,127.0626284,ArcGIS 지오코딩(주소 지점 일치)
경로당,래미안삼성2차아파트,서울특별시 강남구,1,"강남구 선릉로130길 20, 104동",37.516552,127.042727,ArcGIS 지오코딩(주소 지점 일치)
경로당,래미안펜타빌아파트,서울특별시 강남구,1,강남구 역삼로 309,37.5009165,127.0479213,ArcGIS 지오코딩(주소 지점 일치)
경로당,래미안포레아파트,서울특별시 강남구,1,강남구 밤고개로21길 25,37.474797,127.1091635,ArcGIS 지오코딩(주소 지점 일치)
경로당,래미안하이스턴아파트,서울특별시 강남구,1,강남구 도곡로93길 12,37.5007189,127.0648839,ArcGIS 지오코딩(주소 지점 일치)
경로당,레미안 그레이튼아파트,서울특별시 강남구,1,강남구 도곡로43길 20,37.496048,127.047105,ArcGIS 지오코딩(주소 지점 일치)
경로당,롯데아파트,서울특별시 강남구,1,강남구 학동로 432,37.5178482,127.048455,ArcGIS 지오코딩(주소 지점 일치)
경로당,롯데캐슬리베아파트,서울특별시 강남구,1,강남구 도곡로 404,37.4961855,127.0535538,ArcGIS 지오코딩(주소 지점 일치)
경로당,롯데캐슬킹덤아파트,서울특별시 강남구,1,"강남구 선릉로112길 53, 지하",37.5129935,127.0478945,ArcGIS 지오코딩(주소 지점 일치)
경로당,롯데캐슬프레미어아파트,서울특별시 강남구,1,강남구 선릉로126길 22,37.51625,127.0451937,ArcGIS 지오코딩(주소 지점 일치)
경로당,매봉시니어센터 파크골프아카데미(도곡경로당),서울특별시 강남구,1,강남구 논현로26길 34,37.4833462,127.0451093,ArcGIS 지오코딩(주소 지점 일치)
경로당,목련타운아파트,서울특별시 강남구,1,강남구 광평로19길 15,37.4856343,127.0854665,ArcGIS 지오코딩(주소 지점 일치)
경로당,미도아파트,서울특별시 강남구,1,강남구 삼성로 150,37.4942281,127.0704242,ArcGIS 지오코딩(주소 지점 일치)
경로당,미성1차아파트,서울특별시 강남구,1,강남구 압구정로11길17,37.5250374,127.0191871,ArcGIS 지오코딩(주소 지점 일치)
경로당,미성2차아파트,서울특별시 강남구,1,강남구 압구정로 113,37.524371,127.0193363,ArcGIS 지오코딩(주소 지점 일치)
경로당,삼성청담공원아파트,서울특별시 강남구,1,강남구 도산대로96길 39,37.5225387,127.0501127,ArcGIS 지오코딩(주소 지점 일치)
경로당,삼성파크아파트,서울특별시 강남구,1,강남구 삼성로99길 14,37.5090948,127.0538383,ArcGIS 지오코딩(주소 지점 일치)
경로당,삼성현대아파트,서울특별시 강남구,1,"강남구 학동로64길 14, 101동",37.5167641,127.0446104,ArcGIS 지오코딩(주소 지점 일치)
경로당,상록수아파트,서울특별시 강남구,1,강남구 광평로10길 15,37.4820562,127.0816546,ArcGIS 지오코딩(주소 지점 일치)
경로당,샘터마을아파트,서울특별시 강남구,1,강남구 일원로 120,37.4838167,127.0834335,ArcGIS 지오코딩(주소 지점 일치)
경로당,서광아파트,서울특별시 강남구,1,강남구 선릉로130길 19,37.5171609,127.0427149,ArcGIS 지오코딩(주소 지점 일치)
경로당,선경아파트,서울특별시 강남구,1,강남구 삼성로 151,37.4930847,127.0608085,ArcGIS 지오코딩(주소 지점 일치)
경로당,선정,서울특별시 강남구,1,"강남구 봉은사로 52길 7, 301호, 302호",37.5094558,127.043287,ArcGIS 지오코딩(주소 지점 일치)
경로당,세곡LH푸르지오아파트,서울특별시 강남구,1,강남구 자곡로 21,37.4666965,127.0939636,ArcGIS 지오코딩(주소 지점 일치)
경로당,세곡리엔파크3단지아파트,서울특별시 강남구,1,강남구 헌릉로590길 11,37.464404,127.1038274,ArcGIS 지오코딩(주소 지점 일치)
경로당,세심,서울특별시 강남구,1,강남구 논현로115길 35-1,37.5079603,127.0303213,ArcGIS 지오코딩(주소 지점 일치)
경로당,센트럴아이파크아파트,서울특별시 강남구,1,강남구 삼성로 629,37.5152806,127.0514922,ArcGIS 지오코딩(주소 지점 일치)
경로당,수서1단지아파트,서울특별시 강남구,1,"강남구 양재대로55길 12, 117동 앞",37.4924278,127.0889559,ArcGIS 지오코딩(주소 지점 일치)
경로당,수서4단지아파트,서울특별시 강남구,1,강남구 광평로51길 27,37.4885279,127.1018486,ArcGIS 지오코딩(주소 지점 일치)
경로당,수서7단지아파트,서울특별시 강남구,1,강남구 광평로47길 17,37.4872638,127.0995706,ArcGIS 지오코딩(주소 지점 일치)
경로당,수서8단지아파트,서울특별시 강남구,1,강남구 광평로39길 3,37.4857024,127.0975283,ArcGIS 지오코딩(주소 지점 일치)
경로당,수서삼성아파트,서울특별시 강남구,1,강남구 광평로31길 27,37.4845675,127.0907803,ArcGIS 지오코딩(주소 지점 일치)
경로당,신동아파밀리에1단지,서울특별시 강남구,1,강남구 헌릉로590길100,37.4635293,127.1010245,ArcGIS 지오코딩(주소 지점 일치)
경로당,신동아파밀리에2단지,서울특별시 강남구,1,강남구 헌릉로590길 10,37.464505,127.1026804,ArcGIS 지오코딩(주소 지점 일치)
경로당,신현대아파트,서울특별시 강남구,1,강남구 압구정로 151,37.5269806,127.0253166,ArcGIS 지오코딩(주소 지점 일치)
경로당,쌍용제1차아파트,서울특별시 강남구,1,강남구 영동대로 210,37.4976424,127.0700208,ArcGIS 지오코딩(주소 지점 일치)
경로당,쌍용제2차아파트,서울특별시 강남구,1,강남구 영동대로 220,37.4998369,127.0699883,ArcGIS 지오코딩(주소 지점 일치)
경로당,아카데미스위트,서울특별시 강남구,1,강남구 언주로30길 21,37.4888657,127.0520146,ArcGIS 지오코딩(주소 지점 일치)
경로당,아크로힐스논현아파트,서울특별시 강남구,1,강남구 언주로 604,37.5095303,127.0384213,ArcGIS 지오코딩(주소 지점 일치)
경로당,압구정1동,서울특별시 강남구,1,강남구 언주로157길 8,37.5239623,127.0322639,ArcGIS 지오코딩(주소 지점 일치)
경로당,어울림,서울특별시 강남구,1,강남구 도곡로7길 22,37.4918097,127.0348175,ArcGIS 지오코딩(주소 지점 일치)
경로당,역말,서울특별시 강남구,1,강남구 논현로58길 33,37.492769,127.0438986,ArcGIS 지오코딩(주소 지점 일치)
경로당,역삼,서울특별시 강남구,1,강남구 역삼로18길 22,37.493424,127.0365544,ArcGIS 지오코딩(주소 지점 일치)
경로당,역삼2차아이파크아파트,서울특별시 강남구,1,강남구 도곡로57길 12,37.4966123,127.051668,ArcGIS 지오코딩(주소 지점 일치)
경로당,역삼e편한 세상아파트,서울특별시 강남구,1,강남구 선릉로 69길 20,37.4995059,127.050975,ArcGIS 지오코딩(주소 지점 일치)
경로당,역삼개나리래미안아파트,서울특별시 강남구,1,강남구 역삼로 306,37.4992355,127.0474795,ArcGIS 지오코딩(주소 지점 일치)
경로당,역삼래미안아파트,서울특별시 강남구,1,강남구 선릉로69길 19,37.4972272,127.0507263,ArcGIS 지오코딩(주소 지점 일치)
경로당,역삼럭키아파트,서울특별시 강남구,1,강남구 논현로 213,37.4914141,127.0409973,ArcGIS 지오코딩(주소 지점 일치)
경로당,역삼복지경로당,서울특별시 강남구,1,강남구 언주로70길 18,,,
경로당,역삼자이아파트 경로당,서울특별시 강남구,1,"강남구 언주로 420, 101동",37.501457,127.0442396,ArcGIS 지오코딩(주소 지점 일치)
경로당,역삼제3,서울특별시 강남구,1,강남구 논현로79길 24,37.4975937,127.0362687,ArcGIS 지오코딩(주소 지점 일치)
경로당,역삼중앙,서울특별시 강남구,1,강남구 도곡로21길 7,37.4925966,127.038878,ArcGIS 지오코딩(주소 지점 일치)
경로당,역삼푸르지오아파트,서울특별시 강남구,1,강남구 언주로 332,37.4973648,127.0456361,ArcGIS 지오코딩(주소 지점 일치)
경로당,영동,서울특별시 강남구,1,강남구 언주로116길 27,37.5116682,127.0387771,ArcGIS 지오코딩(주소 지점 일치)
경로당,우성1차아파트,서울특별시 강남구,1,강남구 영동대로 230,37.4997916,127.0696064,ArcGIS 지오코딩(주소 지점 일치)
경로당,우성3차아파트,서울특별시 강남구,1,강남구 개포로 307,37.4838625,127.0569774,ArcGIS 지오코딩(주소 지점 일치)
경로당,우성6차아파트,서울특별시 강남구,1,강남구 언주로 3,37.4767922,127.0559259,ArcGIS 지오코딩(주소 지점 일치)
경로당,우성7차아파트,서울특별시 강남구,1,강남구 개포로110길 15,37.4920672,127.0773289,ArcGIS 지오코딩(주소 지점 일치)
경로당,우성아파트,서울특별시 강남구,1,강남구 선릉로 120,37.4923512,127.0596327,ArcGIS 지오코딩(주소 지점 일치)
경로당,이화,서울특별시 강남구,1,강남구 개포로 409-1,37.4882149,127.0594681,ArcGIS 지오코딩(주소 지점 일치)
경로당,자곡(못골),서울특별시 강남구,1,강남구 자곡로7길 12-2,37.4735794,127.0996498,ArcGIS 지오코딩(주소 지점 일치)
경로당,재너머,서울특별시 강남구,1,강남구 삼성로147길 64,37.5206309,127.0445294,OSM Nominatim(도로명+번호 일치)
경로당,주공5단지아파트,서울특별시 강남구,1,강남구 삼성로4길 17,37.4873484,127.0690465,ArcGIS 지오코딩(주소 지점 일치)
경로당,진흥아파트,서울특별시 강남구,1,강남구 학동로 87길 9,37.520032,127.0522438,ArcGIS 지오코딩(주소 지점 일치)
경로당,청담,서울특별시 강남구,1,강남구 도산대로67길 15,37.5251753,127.0442555,ArcGIS 지오코딩(주소 지점 일치)
경로당,청담래미안로이뷰아파트,서울특별시 강남구,1,강남구 영동대로142길 16,37.5244511,127.0561817,ArcGIS 지오코딩(주소 지점 일치)
경로당,청담삼성1차아파트,서울특별시 강남구,1,강남구 삼성로133길 20,37.5194542,127.0478329,ArcGIS 지오코딩(주소 지점 일치)
경로당,청담삼성진흥아파트,서울특별시 강남구,1,강남구 학동로88길5,37.518995,127.0528406,ArcGIS 지오코딩(주소 지점 일치)
경로당,청담유로카운티아파트,서울특별시 강남구,1,강남구 도산대로92길 10,37.5236832,127.0497657,ArcGIS 지오코딩(주소 지점 일치)
경로당,청담자이아파트,서울특별시 강남구,1,강남구 영동대로138길12,37.5234766,127.057075,ArcGIS 지오코딩(주소 지점 일치)
경로당,청담현대3차아파트,서울특별시 강남구,1,강남구 도산대로101길 29,37.526891,127.0523676,ArcGIS 지오코딩(주소 지점 일치)
경로당,청솔빌리지,서울특별시 강남구,1,강남구 광평로10길 50,37.4810628,127.0832524,ArcGIS 지오코딩(주소 지점 일치)
경로당,청수,서울특별시 강남구,1,강남구 도산대로85길 43,37.5274392,127.0496732,ArcGIS 지오코딩(주소 지점 일치)
경로당,타워팰리스2차아파트,서울특별시 강남구,1,강남구 언주로30길 57,37.4894573,127.0539647,ArcGIS 지오코딩(주소 지점 일치)
경로당,테헤란,서울특별시 강남구,1,강남구 언주로97길 27-4,37.5046038,127.0390362,ArcGIS 지오코딩(주소 지점 일치)
경로당,포이,서울특별시 강남구,1,강남구 개포로20길 48,37.4760296,127.0492691,ArcGIS 지오코딩(주소 지점 일치)
경로당,푸른마을아파트,서울특별시 강남구,1,강남구 일원로 14길 25,37.4842977,127.0803837,ArcGIS 지오코딩(주소 지점 일치)
경로당,풍림아파트,서울특별시 강남구,1,강남구 영동대로112길 15,37.5154885,127.0619503,ArcGIS 지오코딩(주소 지점 일치)
경로당,학수정,서울특별시 강남구,1,강남구 도산대로17길 45,37.5213856,127.0235323,ArcGIS 지오코딩(주소 지점 일치)
경로당,한마음,서울특별시 강남구,1,강남구 논현로136길 5-8,37.5164212,127.0304473,ArcGIS 지오코딩(주소 지점 일치)
경로당,한솔마을 시니어클럽,서울특별시 강남구,1,"강남구 광평로10길 6,102동",37.4824169,127.0796505,ArcGIS 지오코딩(주소 지점 일치)
경로당,한솔아파트,서울특별시 강남구,1,강남구 학동로64길 7,37.5169206,127.0457565,ArcGIS 지오코딩(주소 지점 일치)
경로당,한신아파트,서울특별시 강남구,1,강남구 개포로 110길 43,37.4910227,127.0797724,ArcGIS 지오코딩(주소 지점 일치)
경로당,한신아파트,서울특별시 강남구,1,"강남구 논현로 205, 3동 뒤",37.487767,127.0400991,ArcGIS 지오코딩(주소 지점 일치)
경로당,한신휴플러스6단지아파트,서울특별시 강남구,1,강남구 밤고개로26길50,37.4675563,127.1061688,ArcGIS 지오코딩(주소 지점 일치)
경로당,한신휴플러스8단지아파트,서울특별시 강남구,1,강남구 밤고개로27길20,37.470801,127.1094117,ArcGIS 지오코딩(주소 지점 일치)
경로당,한아름아파트,서울특별시 강남구,1,강남구 광평로51길 22,37.4892169,127.1040109,ArcGIS 지오코딩(주소 지점 일치)
경로당,한양수자인아파트,서울특별시 강남구,1,강남구 자곡로 260,37.4740216,127.1131778,ArcGIS 지오코딩(주소 지점 일치)
경로당,한양아파트,서울특별시 강남구,1,강남구 압구정로 313,37.5299287,127.0371273,ArcGIS 지오코딩(주소 지점 일치)
경로당,한티,서울특별시 강남구,1,강남구 선릉로76길 11,37.5016703,127.051545,ArcGIS 지오코딩(주소 지점 일치)
경로당,현대2차아파트,서울특별시 강남구,1,강남구 언주로 107,37.4831026,127.0522117,ArcGIS 지오코딩(주소 지점 일치)
경로당,현대그린아파트 경로당,서울특별시 강남구,1,강남구 논현로51길 25,37.4890475,127.0395334,ArcGIS 지오코딩(주소 지점 일치)
경로당,효성해링턴 시니어클럽,서울특별시 강남구,1,강남구 자곡로 36,37.4679976,127.0953899,ArcGIS 지오코딩(주소 지점 일치)
경로당,힐스테이트1단지아파트,서울특별시 강남구,1,"강남구 학동로68길 29, 107동 뒤 2층",37.5166876,127.0494709,ArcGIS 지오코딩(주소 지점 일치)
경로당,힐스테이트2단지아파트,서울특별시 강남구,1,"강남구 삼성로111길 8, 304동",37.5138531,127.0507074,ArcGIS 지오코딩(주소 지점 일치)
도서관(공공도서관),개포하늘꿈도서관,서울특별시 강남구,1,서울특별시 강남구 개포로110길 54,37.4906848,127.0803669,전국도서관표준데이터
도서관(공공도서관),못골도서관,서울특별시 강남구,1,서울특별시 강남구 자곡로 116,37.4715379,127.0965824,전국도서관표준데이터
도서관(공공도서관),역삼푸른솔도서관,서울특별시 강남구,1,서울특별시 강남구 테헤란로8길 36 (강남문화원 4층),37.4964992,127.0320288,전국도서관표준데이터
도서관(공공도서관),정다운도서관,서울특별시 강남구,1,서울특별시 강남구 학동로67길 11 (청담평생학습관 3층),37.5190987,127.0464409,전국도서관표준데이터
도서관(작은도서관),논현정보도서관,서울특별시 강남구,1,서울특별시 강남구 학동로 169 (논현1파출소 3층),37.5138651,127.0293218,전국도서관표준데이터
도서관(작은도서관),세곡마루도서관,서울특별시 강남구,1,서울특별시 강남구 헌릉로590길 68(세곡커뮤니티센터 2층),37.4610385,127.1027375,전국도서관표준데이터
도서관(작은도서관),역삼2동작은도서관,서울특별시 강남구,1,서울특별시 강남구 언주로 314(강남프라자 2층)역삼동 761-18,37.4958918,127.0464763,전국도서관표준데이터
경로당,개포래미안포레스트아파트,서울특별시 강남구 120동,1,"강남구 개포로 264(120동, 126동 앞)",37.4780565,127.0558419,ArcGIS 지오코딩(주소 지점 일치)
경로당,강남데시앙포레아파트,서울특별시 강남구 강남데시앙포레113동,1,강남구 광평로34길 55,37.480983,127.090877,무더위쉼터(도로명주소 일치)
경로당,강남LH1단지아파트,서울특별시 강남구 강남엘에이치1단지상가동,1,강남구 헌릉로571길 20,37.466791,127.10287,무더위쉼터(도로명주소 일치)
경로당,LH강남힐스테이트아파트,서울특별시 강남구 강남자곡힐스테이트 502동,1,강남구 자곡로 3길 21,37.47128,127.088688,무더위쉼터(도로명주소 일치)
경로당,경남아파트,서울특별시 강남구 개포동,1,강남구 언주로 110,37.484618,127.0542472,무더위쉼터(도로명주소 일치)
경로당,대치1단지아파트,서울특별시 강남구 개포동,1,강남구 개포로 109길 5,37.494185,127.075215,무더위쉼터(도로명주소 일치)
경로당,밀미리,서울특별시 강남구 개포동,1,강남구 개포로31길 31,37.4809956,127.048666,무더위쉼터(도로명주소 일치)
주민센터,개포1동 주민센터,서울특별시 강남구 개포동,1,서울특별시 강남구 선릉로 35 (개포동),37.482219,127.060151,무더위쉼터(시설명 일치)
주민센터,개포2동 주민센터,서울특별시 강남구 개포동,1,서울특별시 강남구 개포로 511 (개포동),37.4899,127.0691,무더위쉼터(도로명주소 일치)
주민센터,"개포3동 주민센터, 일원1동 주민센터",서울특별시 강남구 개포동,2,서울특별시 강남구 개포로 615 (개포동),37.4927,127.0756,무더위쉼터(도로명주소 일치)
주민센터/도서관(작은도서관),"개포4동 주민센터, 개포4동작은도서관",서울특별시 강남구 개포동,2,서울특별시 강남구 개포로24길 33 (개포동),37.4772,127.0499,무더위쉼터(도로명주소 일치)
경로당,개포한신아파트,서울특별시 강남구 개포한신아파트 상가동,1,강남구 언주로 123,37.486972,127.048517,무더위쉼터(도로명주소 일치)
경로당,논골,서울특별시 강남구 논현동,1,강남구 강남대로128길 59,37.5120356,127.0260558,무더위쉼터(도로명주소 일치)
경로당,학리,서울특별시 강남구 논현동,1,강남구 학동로 47길 30,37.518598,127.03833,무더위쉼터(도로명주소 일치)
주민센터,논현1동 주민센터,서울특별시 강남구 논현동,1,서울특별시 강남구 학동로20길 25 (논현동),37.511452,127.028507,무더위쉼터(도로명주소 일치)
주민센터/도서관(공공도서관),"논현2동 주민센터, 논현도서관",서울특별시 강남구 논현동,2,서울특별시 강남구 학동로43길 17 (논현동),37.517292,127.037235,무더위쉼터(도로명주소 일치)
경로당,대치,서울특별시 강남구 대치동,1,강남구 역삼로90길 18,37.5028334,127.0620106,무더위쉼터(도로명주소 일치)
경로당/도서관(공공도서관),"은마아파트, 대치도서관",서울특별시 강남구 대치동,2,강남구 삼성로 212,37.495882,127.063928,무더위쉼터(도로명주소 일치)
주민센터/도서관(공공도서관),"대치2동 주민센터, 행복한도서관",서울특별시 강남구 대치동,2,서울특별시 강남구 영동대로65길 24 (대치동),37.502306,127.0641871,무더위쉼터(도로명주소 일치)
주민센터/도서관(공공도서관),"대치4동 주민센터, 즐거운도서관",서울특별시 강남구 대치동,2,서울특별시 강남구 도곡로77길 23 (대치동),37.4997288,127.0578474,무더위쉼터(도로명주소 일치)
주민센터/도서관(작은도서관),"대치1동 주민센터, 대치1작은도서관",서울특별시 강남구 대치동,2,서울특별시 강남구 남부순환로391길 19 (대치동),37.4932457,127.0567749,무더위쉼터(도로명주소 일치)
경로당,개포우성4차아파트,서울특별시 강남구 도곡동,1,강남구 언주로 117,37.4853497,127.0492425,무더위쉼터(도로명주소 일치)
경로당,삼성래미안아파트,서울특별시 강남구 도곡동,1,"강남구 남부순환로 2803, 상가",37.4897643,127.0506262,무더위쉼터(도로명주소 일치)
주민센터/도서관(공공도서관),"도곡1동 주민센터, 도곡정보문화도서관",서울특별시 강남구 도곡동,2,서울특별시 강남구 도곡로18길 57 (도곡동),37.4883118,127.0388787,무더위쉼터(도로명주소 일치)
주민센터/도서관(작은도서관),"도곡2동 주민센터, 도곡2동 작은도서관",서울특별시 강남구 도곡동,2,서울특별시 강남구 남부순환로378길 34-9 (도곡동),37.4836996,127.0464155,무더위쉼터(도로명주소 일치)
경로당,봉전,서울특별시 강남구 삼성동,1,강남구 봉은사로68길 39-3,37.5098625,127.0519014,무더위쉼터(도로명주소 일치)
경로당,삼성,서울특별시 강남구 삼성동,1,강남구 봉은사로111길 18-3,37.516514,127.065394,무더위쉼터(도로명주소 일치)
보건소,강남구보건소,서울특별시 강남구 삼성동,1,"서울특별시 강남구 선릉로 668 (삼성동, 강남구 보건소) 강남구 보건소",37.5162818,127.0421356,무더위쉼터(도로명주소 일치)
주민센터,삼성2동 주민센터,서울특별시 강남구 삼성동,1,서울특별시 강남구 봉은사로 419 (삼성동),37.5111674,127.0459912,무더위쉼터(도로명주소 일치)
주민센터/도서관(작은도서관),"삼성1동 주민센터, 삼성도서관",서울특별시 강남구 삼성동,2,서울특별시 강남구 봉은사로 616 (삼성동),37.514325,127.0625237,무더위쉼터(도로명주소 일치)
도서관(공공도서관),열린도서관,서울특별시 강남구 삼성생명빌딩B동,1,서울특별시 강남구 일원로115(삼성생명빌딩B동 203호),37.4840224,127.0844597,전국도서관표준데이터
경로당,반고개,서울특별시 강남구 세곡동,1,강남구 헌릉로622길 9,37.4640471,127.1070291,무더위쉼터(도로명주소 일치)
경로당,윗반고개마을,서울특별시 강남구 세곡동,1,강남구 헌릉로645길 11,37.4656188,127.1094701,무더위쉼터(도로명주소 일치)
경로당,은곡,서울특별시 강남구 세곡동,1,"강남구 헌릉로571길48, 2층",37.467894,127.09967,무더위쉼터(도로명주소 일치)
경로당,세곡리엔파크4단지아파트,서울특별시 강남구 세곡리엔파크4단지402동,1,강남구 헌릉로590길 88,37.462086,127.101964,무더위쉼터(도로명주소 일치)
경로당,수서10단지아파트,서울특별시 강남구 수서동,1,강남구 광평로19길 10,37.4845925,127.0876729,무더위쉼터(도로명주소 일치)
경로당,수서3단지아파트,서울특별시 강남구 수서동,1,강남구 광평로51길 49,37.492136,127.0997527,무더위쉼터(도로명주소 일치)
경로당/주민센터,"수서6단지아파트, 수서동 주민센터",서울특별시 강남구 수서동,2,강남구 광평로56길 11,37.4875,127.1052,무더위쉼터(도로명주소 일치)
도서관(작은도서관),수서동 작은도서관,서울특별시 강남구 수서동주민센터,1,서울특별시 강남구 광평로 301-4(수서동주민센터 2층),37.4889031,127.1049911,전국도서관표준데이터
경로당,로데오현대아파트,서울특별시 강남구 신사동,1,강남구 압구정로50길 28,37.5265697,127.0370193,무더위쉼터(도로명주소 일치)
경로당,압구정노인복지관,서울특별시 강남구 신사동,1,강남구 도산대로53길 5,37.5235237,127.0381928,무더위쉼터(도로명주소 일치)
주민센터/도서관(작은도서관),"신사동 주민센터, 신사동작은도서관",서울특별시 강남구 신사동,2,서울특별시 강남구 압구정로 128 (신사동),37.5239742,127.0227971,무더위쉼터(도로명주소 일치)
경로당/주민센터/도서관(작은도서관),"현대아파트, 압구정동 주민센터, 압구정동작은도서관",서울특별시 강남구 압구정동주민센터,3,강남구 압구정로33길 48,37.52966,127.03083,무더위쉼터(도로명주소 일치)
경로당,상방교,서울특별시 강남구 역삼동,1,강남구 봉은사로24길 70,37.5023877,127.0318787,무더위쉼터(도로명주소 일치)
경로당,역삼2,서울특별시 강남구 역삼동,1,강남구 도곡로27길 27,37.49456,127.041844,무더위쉼터(도로명주소 일치)
경로당,역삼시니어하우스,서울특별시 강남구 역삼동,1,"강남구 언주로 79길 30-3, 1층/지1층",37.4992,127.0414,무더위쉼터(도로명주소 일치)
경로당,테헤란아이파크아파트 실버클럽,서울특별시 강남구 역삼동,1,강남구 테헤란로52길 16,37.5023902,127.046061,무더위쉼터(도로명주소 일치)
경로당,하방교,서울특별시 강남구 역삼동,1,강남구 역삼로11길 9-7,37.4952906,127.0345716,무더위쉼터(도로명주소 일치)
주민센터,역삼2동 주민센터,서울특별시 강남구 역삼동,1,서울특별시 강남구 도곡로43길 25 (역삼동),37.4959747,127.0468166,무더위쉼터(도로명주소 일치)
주민센터/도서관(공공도서관),"역삼1동 주민센터, 역삼도서관",서울특별시 강남구 역삼동,2,서울특별시 강남구 역삼로7길 16 (역삼동),37.4953738,127.0332825,무더위쉼터(도로명주소 일치)
경로당,방죽1,서울특별시 강남구 율현동,1,강남구 밤고개로24길 60,37.4708649,127.1053217,무더위쉼터(도로명주소 일치)
경로당,방죽2,서울특별시 강남구 율현동,1,강남구 밤고개로23길 14-31,37.4717861,127.1096964,무더위쉼터(도로명주소 일치)
주민센터/도서관(작은도서관),"세곡동 주민센터, 세곡도서관",서울특별시 강남구 율현동,2,서울특별시 강남구 밤고개로 286 (율현동),37.4690495,127.1069115,무더위쉼터(도로명주소 일치)
도서관(작은도서관),일원1동 작은도서관,서울특별시 강남구 일원1동주민센터,1,서울특별시 강남구 양재대로55길 14(일원1동주민센터 1층),37.4918547,127.0880264,전국도서관표준데이터
경로당,대청,서울특별시 강남구 일원동,1,강남구 개포로124길 24,37.4931978,127.0830002,무더위쉼터(도로명주소 일치)
경로당,일원,서울특별시 강남구 일원동,1,강남구 광평로3길 21,37.4840866,127.0779655,무더위쉼터(도로명주소 일치)
경로당,"제일, 장수",서울특별시 강남구 일원동,2,"강남구 양재대로55길 10, 104동 놀이터 옆",37.492171,127.092092,무더위쉼터(도로명주소 일치)
경로당/도서관(공공도서관),"디에이치자이개포아파트, 일원라온영어도서관",서울특별시 강남구 일원동,2,강남구 영동대로 22,37.490812,127.075204,무더위쉼터(도로명주소 일치)
주민센터/도서관(작은도서관),"일원본동 주민센터, 일원본동 작은도서관",서울특별시 강남구 일원동,2,서울특별시 강남구 광평로 126 (일원동),37.4833779,127.0864808,무더위쉼터(도로명주소 일치)
경로당,쟁골,서울특별시 강남구 자곡동,1,강남구 밤고개로12길 29,37.482083,127.102182,무더위쉼터(도로명주소 일치)
도서관(어린이도서관),못골한옥어린이도서관,서울특별시 강남구 자곡동,1,서울특별시 강남구 자곡로7길 3 (자곡동 607),37.4733061,127.0997279,전국도서관표준데이터
주민센터/도서관(공공도서관),"청담동 주민센터, 청담도서관",서울특별시 강남구 청담동,2,서울특별시 강남구 압구정로79길 26 (청담동),37.5250817,127.0493166,무더위쉼터(도로명주소 일치)
주민센터,상일2동 주민센터,서울특별시 강동구,1,서울특별시 강동구 고덕로98길 71,37.5551447,127.1797442,무더위쉼터(시설명 일치)
경로당,강동리엔파크 9단지,서울특별시 강동구 강동리엔파크9단지,1,강동구 고덕로 98길 29(강일리엔파크 9단지),37.55701,127.180766,무더위쉼터(도로명주소 일치)
경로당,강동리버스트 4단지,서울특별시 강동구 강일동,1,"강동구 아리수로93가길 110(강일동, 강동리버스트 4단지)",37.573,127.1721,무더위쉼터(도로명주소 일치)
경로당,강동리버스트 6단지,서울특별시 강동구 강일동,1,"서울특별시 강동구 아리수로93가길 77(강일동, 강동리버스트 6단지)",37.5707,127.1696,무더위쉼터(도로명주소 일치)
경로당,강동리버스트 7단지,서울특별시 강동구 강일동,1,강동구 아리수로 93가길 70,37.5707222,127.1739686,무더위쉼터(도로명주소 일치)
경로당,강동리버스트 8단지,서울특별시 강동구 강일동,1,"강동구 아리수로93나길 88(강일동, 강동리버스트 8단지)",37.571528,127.176199,무더위쉼터(도로명주소 일치)
경로당,강일리버파크10단지,서울특별시 강동구 강일동,1,"강동구 고덕로97길 20(강일동, 강일리버파크10단지아파트)",37.5588838,127.18041,무더위쉼터(도로명주소 일치)
경로당,강일리버파크11단지,서울특별시 강동구 강일동,1,"강동구 고덕로97길 100(강일동, 강일리버파크11단지아파트)",37.5627326,127.180025,무더위쉼터(도로명주소 일치)
경로당,강일리버파크1단지,서울특별시 강동구 강일동,1,"강동구 아리수로93가길 25(강일동, 강일리버파크1단지아파트)",37.5682259,127.171696,무더위쉼터(도로명주소 일치)
경로당,강일리버파크2단지,서울특별시 강동구 강일동,1,"강동구 아리수로97길 68(강일동, 강일리버파크2단지아파트)",37.5702066,127.1765629,무더위쉼터(도로명주소 일치)
경로당,강일리버파크3단지,서울특별시 강동구 강일동,1,"강동구 아리수로93길 40(강일동, 강일리버파크3단지아파트)",37.5662686,127.1739037,무더위쉼터(도로명주소 일치)
경로당,강일리버파크4단지,서울특별시 강동구 강일동,1,"강동구 아리수로97길 19(강일동, 강일리버파크4단지아파트)",37.5670948,127.1757272,무더위쉼터(도로명주소 일치)
경로당,강일리버파크5단지,서울특별시 강동구 강일동,1,"강동구 아리수로97길 20(강일동, 강일리버파크5단지아파트)",37.5681939,127.1786556,무더위쉼터(도로명주소 일치)
경로당,강일리버파크6단지,서울특별시 강동구 강일동,1,"강동구 아리수로94길 19(강일동, 강일리버파크6단지아파트)",37.5638,127.1765,무더위쉼터(도로명주소 일치)
경로당,강일리버파크7단지,서울특별시 강동구 강일동,1,"강동구 아리수로98길 25(강일동, 강일리버파크7단지아파트)",37.5658877,127.1783063,무더위쉼터(도로명주소 일치)
경로당,강일리버파크8단지,서울특별시 강동구 강일동,1,"강동구 아리수로94길 72(강일동, 강일리버파크8단지아파트)",37.5608961,127.1760439,ArcGIS 지오코딩(주소 지점 일치)
경로당,강일리버파크9단지,서울특별시 강동구 강일동,1,"강동구 고덕로97길 29(강일동, 강일리버파크9단지아파트)",37.5599473,127.1784532,무더위쉼터(도로명주소 일치)
경로당,고덕리엔파크1단지,서울특별시 강동구 강일동,1,"강동구 상일로 152(강일동, 고덕리엔파크1단지아파트)",37.5605611,127.171474,무더위쉼터(도로명주소 일치)
경로당,고덕리엔파크2단지,서울특별시 강동구 강일동,1,"강동구 고덕로 427(강일동, 고덕리엔파크2단지아파트)",37.5585833,127.1727816,무더위쉼터(도로명주소 일치)
도서관(공공도서관),강일도서관,서울특별시 강동구 강일동,1,"서울특별시 강동구 아리수로93길 9-14,4,5층(강일동)",37.5650504,127.1739063,전국도서관표준데이터
보건소,강일보건지소,서울특별시 강동구 강일동,1,"서울특별시 강동구 아리수로93길 9-14 (강일동, 강일동복합청사) 1층, 2층",37.5650411,127.1739073,ArcGIS 지오코딩(주소 지점 일치)
주민센터,강일동 주민센터,서울특별시 강동구 강일동,1,서울특별시 강동구 아이수로93길 9-14,37.5650129,127.1739677,무더위쉼터(시설명 일치)
경로당,고덕롯데캐슬베네루체A,서울특별시 강동구 고덕 롯데캐슬 베네루체 719동,1,강동구 상암로 79길 88,37.5489,127.167536,무더위쉼터(도로명주소 일치)
경로당,고덕2동,서울특별시 강동구 고덕동,1,강동구 상일로21길 14-7(고덕동),37.5600389,127.1694942,무더위쉼터(도로명주소 일치)
경로당,"고덕그라시움 제2, 고덕그라시움 제1",서울특별시 강동구 고덕동,2,강동구 고덕로 333(고덕동),37.558178,127.165605,무더위쉼터(도로명주소 일치)
경로당,"고덕래미안힐스테이트(여), 고덕래미안힐스테이트(남)",서울특별시 강동구 고덕동,2,"강동구 아리수로50길 50(고덕동, 래미안힐스테이트)",37.558949,127.147083,무더위쉼터(도로명주소 일치)
경로당,고덕아남A,서울특별시 강동구 고덕동,1,"강동구 양재대로 1706(고덕동, 아남아파트)",37.557814,127.145484,무더위쉼터(도로명주소 일치)
경로당,고덕아이파크,서울특별시 강동구 고덕동,1,"강동구 동남로79길 26(고덕동, 고덕아이파크)",37.558646,127.155588,무더위쉼터(도로명주소 일치)
경로당,고덕현대A,서울특별시 강동구 고덕동,1,"강동구 고덕로61길 37(고덕동, 현대아파트)",37.556104,127.151986,무더위쉼터(도로명주소 일치)
경로당,고일,서울특별시 강동구 고덕동,1,강동구 아리수로64길 29(고덕동),37.560865,127.153777,무더위쉼터(도로명주소 일치)
경로당,방죽말,서울특별시 강동구 고덕동,1,강동구 아리수로72길 60-16(고덕동),37.5616522,127.1627522,무더위쉼터(도로명주소 일치)
주민센터,고덕1동 주민센터,서울특별시 강동구 고덕동,1,서울특별시 양재대로156길 123,37.5572811,127.1515066,무더위쉼터(도로명주소 일치)
주민센터,고덕2동 주민센터,서울특별시 강동구 고덕동,1,서울특별시 아리수로78길 43-12,37.5605075,127.1643569,무더위쉼터(도로명주소 일치)
경로당,GS강동자이,서울특별시 강동구 길동,1,"강동구 천호대로 1239(길동, GS강동자이아파트)",37.53757,127.149112,무더위쉼터(도로명주소 일치)
경로당,기리울,서울특별시 강동구 길동,1,강동구 명일로 224-1(길동),37.5386041,127.1466939,무더위쉼터(도로명주소 일치)
경로당,길동라인A,서울특별시 강동구 길동,1,"강동구 천중로50길 48-12 (길동, 라인아파트)",37.539295,127.141704,무더위쉼터(도로명주소 일치)
경로당,길동삼익파크A(1),서울특별시 강동구 길동,1,"강동구 명일로 286(길동, 삼익파크아파트)",37.54435,127.1485128,ArcGIS 지오코딩(주소 지점 일치)
경로당,길동삼익파크A(2),서울특별시 강동구 길동,1,"강동구 명일로 293(길동, 삼익파크아파트)",37.544794,127.14739,무더위쉼터(도로명주소 일치)
경로당,길동우성A,서울특별시 강동구 길동,1,"강동구 천호대로193길 37(길동, 길동우성아파트)",37.5378742,127.1435408,ArcGIS 지오코딩(주소 지점 일치)
경로당,달님,서울특별시 강동구 길동,1,강동구 양재대로112길 52(길동),37.5362104,127.1425676,ArcGIS 지오코딩(주소 지점 일치)
경로당,무궁화,서울특별시 강동구 길동,1,강동구 양재대로124길 62(길동),37.5423718,127.1454023,무더위쉼터(도로명주소 일치)
경로당,성심,서울특별시 강동구 길동,1,강동구 천중로40길 66 (길동),37.5383161,127.1373927,무더위쉼터(도로명주소 일치)
경로당,한빛(구 골드빌),서울특별시 강동구 길동,1,"강동구 성안로 176(길동, 길동골드빌1차아파트)",37.5385076,127.1363642,ArcGIS 지오코딩(주소 지점 일치)
주민센터,길동 주민센터,서울특별시 강동구 길동,1,서울특별시 천호대로 1183,37.53466,127.1426082,무더위쉼터(도로명주소 일치)
경로당,둔촌2동,서울특별시 강동구 둔촌동,1,강동구 천호대로 188길 39,37.53228,127.14322,무더위쉼터(도로명주소 일치)
경로당,둔촌동아A,서울특별시 강동구 둔촌동,1,"강동구 동남로49길 60-5(둔촌동, 동아아파트)",37.533204,127.145926,무더위쉼터(도로명주소 일치)
경로당,둔촌신동아A,서울특별시 강동구 둔촌동,1,"강동구 양재대로96길 79(둔촌동, 둔촌신동아아파트)",37.529153,127.141841,무더위쉼터(도로명주소 일치)
경로당,둔촌푸르지오A,서울특별시 강동구 둔촌동,1,"강동구 명일로 172(둔촌동, 둔촌푸르지오아파트)",37.534424,127.147185,무더위쉼터(도로명주소 일치)
경로당,둔촌프라자A,서울특별시 강동구 둔촌동,1,"강동구 천호대로 1240(둔촌동, 프라자아파트)",37.5354032,127.1480672,ArcGIS 지오코딩(주소 지점 일치)
경로당,둔촌하이츠A,서울특별시 강동구 둔촌동,1,"강동구 명일로 113(둔촌동, 둔촌하이츠아파트)",37.529484,127.142378,무더위쉼터(도로명주소 일치)
경로당,둔촌현대1차A,서울특별시 강동구 둔촌동,1,서울특별시 강동구 동남로49길 57,37.532044,127.145962,무더위쉼터(도로명주소 일치)
경로당,둔촌현대3차A,서울특별시 강동구 둔촌동,1,"강동구 진황도로 211(둔촌동, 현대3차아파트)",37.527394,127.144804,무더위쉼터(도로명주소 일치)
경로당,둔촌현대4차A,서울특별시 강동구 둔촌동,1,"강동구 진황도로61길 7(둔촌동, 현대4차아파트)",37.52978,127.143404,무더위쉼터(도로명주소 일치)
경로당,선린,서울특별시 강동구 둔촌동,1,강동구 명일로10나길 5(둔촌동),37.5315248,127.1446029,무더위쉼터(도로명주소 일치)
경로당,신성둔촌미소지움1차A,서울특별시 강동구 둔촌동,1,"강동구 명일로 102(둔촌동, 신성둔촌미소지움)",37.527866,127.142777,무더위쉼터(도로명주소 일치)
경로당,신성둔촌미소지움2차A,서울특별시 강동구 둔촌동,1,"강동구 진황도로 212(둔촌동, 신성둔촌미소지움2차)",37.527386,127.143615,무더위쉼터(도로명주소 일치)
경로당,약수,서울특별시 강동구 둔촌동,1,강동구 진황도로 150-8(둔촌동),37.5327943,127.1408627,무더위쉼터(도로명주소 일치)
경로당,한솔솔파크,서울특별시 강동구 둔촌동,1,"강동구 천호대로198길 36(둔촌동, 둔촌한솔솔파크)",37.533904,127.14806,무더위쉼터(도로명주소 일치)
도서관(공공도서관),둔촌도서관,서울특별시 강동구 둔촌동,1,"서울특별시 강동구 동남로49길 21-8(둔촌동, 둔촌도서관)",37.5317359,127.1483674,전국도서관표준데이터
주민센터,둔촌2동 주민센터,서울특별시 강동구 둔촌동,1,서울특별시 천호대로186길 7,37.5333444,127.1419499,무더위쉼터(도로명주소 일치)
주민센터,둔촌1동 주민센터,서울특별시 강동구 둔촌제1동주민센터 둔촌제1동주민센터,1,서울특별시 양재대로84길 31,37.523421,127.136695,무더위쉼터(도로명주소 일치)
경로당,래미안 솔베뉴A,서울특별시 강동구 명일동,1,"강동구 양재대로 1650(명일동, 래미안솔베뉴)",37.552821,127.145465,무더위쉼터(도로명주소 일치)
경로당,명일1동,서울특별시 강동구 명일동,1,강동구 양재대로138길 29(명일동),,,
경로당,명일1동우성A,서울특별시 강동구 명일동,1,"고덕로38길 34-9(명일동, 우성아파트)",37.55289,127.141989,무더위쉼터(도로명주소 일치)
경로당,명일2동현대A,서울특별시 강동구 명일동,1,"강동구 동남로71길 41(명일동, 현대아파트)",37.549571,127.1528144,ArcGIS 지오코딩(주소 지점 일치)
경로당,명일신동아A,서울특별시 강동구 명일동,1,"강동구 고덕로 240(명일동, 신동아아파트)",37.553672,127.152206,무더위쉼터(도로명주소 일치)
경로당,명일우성A,서울특별시 강동구 명일동,1,"강동구 고덕로62길 76(명일동, 명일우성아파트)",37.5514108,127.1519506,ArcGIS 지오코딩(주소 지점 일치)
경로당,명일주공9단지A,서울특별시 강동구 명일동,1,"강동구 상암로 251(명일동, 고덕주공아파트)",37.547925,127.150748,무더위쉼터(도로명주소 일치)
경로당,명일지에스,서울특별시 강동구 명일동,1,"강동구 상암로51길 54(명일동, 지에스아파트)",37.548896,127.146834,무더위쉼터(도로명주소 일치)
경로당,명일한양A,서울특별시 강동구 명일동,1,"강동구 동남로71길 19(명일동, 한양아파트)",37.5501675,127.1554081,ArcGIS 지오코딩(주소 지점 일치)
경로당,삼익2차A,서울특별시 강동구 명일동,1,"강동구 고덕로 210(명일동, 삼익그린맨션)",37.553295,127.148459,무더위쉼터(도로명주소 일치)
경로당,삼익가든A,서울특별시 강동구 명일동,1,"강동구 상암로 224(명일동, 삼익가든아파트)",37.5460301,127.1474939,ArcGIS 지오코딩(주소 지점 일치)
경로당,샘물,서울특별시 강동구 명일동,1,강동구 천중로49길 104(명일동),37.545277,127.144702,무더위쉼터(도로명주소 일치)
경로당,원터골,서울특별시 강동구 명일동,1,강동구 동남로65길 46-8(명일동),37.5481638,127.1536699,무더위쉼터(도로명주소 일치)
주민센터,명일1동 주민센터,서울특별시 강동구 명일동,1,서울특별시 양재대로 1634,37.5514,127.1442,무더위쉼터(도로명주소 일치)
주민센터,명일2동 주민센터,서울특별시 강동구 명일동,1,서울특별시 상암로 260,37.5463648,127.1513532,무더위쉼터(도로명주소 일치)
경로당,강동리엔파크 11단지,서울특별시 강동구 상일동,1,"강동구 고덕로 98길 101(상일동, 강동리엔파크11단지)",37.5537576,127.1809074,무더위쉼터(도로명주소 일치)
경로당,강동리엔파크 13단지,서울특별시 강동구 상일동,1,"강동구 고덕로98길 161(상일동, 강동리엔파크13단지)",37.5519182,127.1815646,무더위쉼터(도로명주소 일치)
경로당,강동리엔파크 14단지,서울특별시 강동구 상일동,1,"서울특별시 강동구 고덕로98길 160(상일동, 강동리엔파크14단지)",37.551427,127.1805051,무더위쉼터(도로명주소 일치)
경로당,게내,서울특별시 강동구 상일동,1,"강동구 천호대로219길 72, 2층",37.5489836,127.1710813,무더위쉼터(도로명주소 일치)
경로당,"고덕 아르테온2A, 고덕 아르테온A",서울특별시 강동구 상일동,2,"고덕로 360(상일동, 고덕아르테온)",37.55608,127.166793,무더위쉼터(도로명주소 일치)
경로당,고덕리엔파크3단지,서울특별시 강동구 상일동,1,"강동구 상일로 74(상일동, 고덕리엔파크3단지아파트)",37.55266,127.176626,무더위쉼터(도로명주소 일치)
경로당,고덕센트럴아이파크,서울특별시 강동구 상일동,1,"서울특별시 강동구 고덕로80길99(상일동, 고덕센트럴아이파크)",37.552258,127.166675,무더위쉼터(도로명주소 일치)
경로당,고덕숲아이파크,서울특별시 강동구 상일동,1,"강동구 고덕로80길 134, 105동 지하1층(상일동)",37.551226,127.164661,무더위쉼터(도로명주소 일치)
경로당,고덕어반브릿지,서울특별시 강동구 상일동,1,"강동구 고덕로98길 75(상일동, e편한세상 고덕어반브릿지)",37.5563869,127.1808679,ArcGIS 지오코딩(주소 지점 일치)
경로당,고덕자이A,서울특별시 강동구 상일동,1,"강동구 상일로 55(상일동, 고덕자이아파트)",37.552261,127.170834,무더위쉼터(도로명주소 일치)
경로당,삼성빌라,서울특별시 강동구 상일동,1,"강동구 상암로 325(상일동, 삼성빌라)",37.5460224,127.1575449,ArcGIS 지오코딩(주소 지점 일치)
경로당,상일1동제2,서울특별시 강동구 상일동,1,강동구 상암로 413,37.5457707,127.1687241,무더위쉼터(도로명주소 일치)
경로당,상일동,서울특별시 강동구 상일동,1,강동구 상일로5길 26(상일동),37.5492728,127.1714689,무더위쉼터(도로명주소 일치)
경로당,상일동아A,서울특별시 강동구 상일동,1,강동구 상암로81길7(상일동),37.5466435,127.16742,ArcGIS 지오코딩(주소 지점 일치)
경로당,상일중앙하이츠,서울특별시 강동구 상일동,1,"강동구 구천면로 557(상일동, 명일중앙하이츠아파트)",37.550661,127.159823,무더위쉼터(도로명주소 일치)
주민센터,상일1동 주민센터,서울특별시 강동구 상일동,1,서울특별시 강동구 구천면로 633,37.5505955,127.1682581,무더위쉼터(도로명주소 일치)
경로당,둔촌역청구,서울특별시 강동구 성내동,1,"강동구 풍성로 194(성내동, 둔촌역청구아파트)",37.5296011,127.1333609,ArcGIS 지오코딩(주소 지점 일치)
경로당,분토골,서울특별시 강동구 성내동,1,강동구 천호대로168길 18-11(성내동),37.534983,127.131515,무더위쉼터(도로명주소 일치)
경로당,선린공원,서울특별시 강동구 성내동,1,"강동구 양재대로91길 59, 2층(성내동)",37.52836,127.132812,무더위쉼터(도로명주소 일치)
경로당,성내1동,서울특별시 강동구 성내동,1,강동구 성내로3가길 71(성내동),37.5294516,127.1265382,무더위쉼터(도로명주소 일치)
경로당,성내2동,서울특별시 강동구 성내동,1,강동구 올림픽로62길 35(성내동),37.5365389,127.1248032,무더위쉼터(도로명주소 일치)
경로당,성내3동제1,서울특별시 강동구 성내동,1,강동구 양재대로97길 41(성내동),37.5313526,127.1347868,무더위쉼터(도로명주소 일치)
경로당,성내3동제2,서울특별시 강동구 성내동,1,강동구 양재대로85길 59(성내동),37.5247179,127.1313132,무더위쉼터(도로명주소 일치)
경로당,성내삼성A,서울특별시 강동구 성내동,1,"강동구 풍성로 128(성내동, 삼성2단지아파트)",37.5312581,127.1262815,ArcGIS 지오코딩(주소 지점 일치)
경로당,성내삼성A목련,서울특별시 강동구 성내동,1,"강동구 풍성로 127(성내동, 삼성1단지아파트)",37.5318918,127.1270959,ArcGIS 지오코딩(주소 지점 일치)
경로당,성내천,서울특별시 강동구 성내동,1,"강동구 성안로3길 112-9, 101(성내동, 에코빌)",37.5285136,127.1240386,무더위쉼터(도로명주소 일치)
경로당,성내현대A,서울특별시 강동구 성내동,1,"강동구 천호옛12길27(성내동, 현대아파트)",37.535515,127.1270312,ArcGIS 지오코딩(주소 지점 일치)
경로당,성안마을청구A,서울특별시 강동구 성내동,1,"강동구 풍성로 116(성내동, 성안마을청구아파트)",37.531889,127.1249612,ArcGIS 지오코딩(주소 지점 일치)
경로당,안말,서울특별시 강동구 성내동,1,강동구 풍성로45길 11(성내동),37.5314585,127.129927,무더위쉼터(도로명주소 일치)
경로당,올림픽파크 한양수자인A,서울특별시 강동구 성내동,1,강동구 성내로 80(성내동),37.526747,127.128195,무더위쉼터(도로명주소 일치)
경로당,웃말,서울특별시 강동구 성내동,1,강동구 천호대로162길 72(성내동),,,
경로당,힐데스하임 올림픽파크A,서울특별시 강동구 성내동,1,"강동구 강동대로55길 39(성내동, 힐데스하임 올림픽파크아파트)",37.524096,127.132929,무더위쉼터(도로명주소 일치)
도서관(공공도서관),성내도서관,서울특별시 강동구 성내동,1,"서울특별시 강동구 성안로 106-1 (성내동, 성내도서관)",37.5328463,127.1333283,전국도서관표준데이터
보건소,강동구보건소,서울특별시 강동구 성내동,1,"서울특별시 강동구 성내로 45 (성내동, 강동구보건소) .",37.5292646,127.1255831,ArcGIS 지오코딩(주소 지점 일치)
주민센터,성내1동 주민센터,서울특별시 강동구 성내동,1,서울특별시 성내로 13,37.5304794,127.122458,무더위쉼터(도로명주소 일치)
주민센터,성내2동 주민센터,서울특별시 강동구 성내동,1,서울특별시 천호대로 1050,37.536713,127.128321,무더위쉼터(도로명주소 일치)
주민센터,성내3동 주민센터,서울특별시 강동구 성내동,1,서울특별시 강동대로53길 76,37.5260424,127.1328857,무더위쉼터(도로명주소 일치)
경로당,강동롯데캐슬,서울특별시 강동구 암사동,1,"강동구 고덕로 131(암사동, 강동롯데캐슬퍼스트아파트)",37.556623,127.14304,무더위쉼터(도로명주소 일치)
경로당,강동현대홈타운,서울특별시 강동구 암사동,1,강동구 고덕로27길 36(암사동),37.556715,127.138984,무더위쉼터(도로명주소 일치)
경로당,강암,서울특별시 강동구 암사동,1,강동구 상암로15길 38-15(암사동),37.5504568,127.1320645,무더위쉼터(도로명주소 일치)
경로당,구암,서울특별시 강동구 암사동,1,강동구  고덕로 109,37.555,127.1375,무더위쉼터(도로명주소 일치)
경로당,동원베네스트,서울특별시 강동구 암사동,1,"강동구 고덕로 52-11(암사동, 동원베네스트)",37.554086,127.131067,무더위쉼터(도로명주소 일치)
경로당,복지말,서울특별시 강동구 암사동,1,강동구 고덕로16길 46(암사동),37.5526038,127.1329555,무더위쉼터(도로명주소 일치)
경로당,삼성광나루A,서울특별시 강동구 암사동,1,"강동구 상암로3길 77(암사동, 삼성광나루아파트)",37.554033,127.12715,무더위쉼터(도로명주소 일치)
경로당,새장터,서울특별시 강동구 암사동,1,강동구 암사1가길 16(암사동),37.5521271,127.1305781,무더위쉼터(도로명주소 일치)
경로당,서원마을,서울특별시 강동구 암사동,1,강동구 올림픽로 936(암사동),37.5640064,127.1333787,무더위쉼터(도로명주소 일치)
경로당,선사현대A,서울특별시 강동구 암사동,1,"강동구 상암로 11(암사동, 선사현대아파트)",37.550986,127.126483,무더위쉼터(도로명주소 일치)
경로당,암사1동제1,서울특별시 강동구 암사동,1,강동구 구천면로59길 19(암사동),37.5507745,127.1379406,무더위쉼터(도로명주소 일치)
경로당,암사1동제2,서울특별시 강동구 암사동,1,강동구 고덕로24길 23(암사동),37.5536386,127.1357187,무더위쉼터(도로명주소 일치)
경로당,암사1동제3,서울특별시 강동구 암사동,1,강동구 암사13길 13-3(암사동),37.5525923,127.1367444,무더위쉼터(도로명주소 일치)
경로당,암사2동제2,서울특별시 강동구 암사동,1,강동구 상암로 12-19(암사동),37.5500207,127.1255454,무더위쉼터(도로명주소 일치)
경로당,암사한솔,서울특별시 강동구 암사동,1,"강동구 암사19길 25(암사동, 암사동한솔아파트)",37.552049,127.140225,무더위쉼터(도로명주소 일치)
경로당,양지마을,서울특별시 강동구 암사동,1,강동구 아리수로25길 58(암사동),37.55929,127.136792,무더위쉼터(도로명주소 일치)
경로당,장생,서울특별시 강동구 암사동,1,강동구 상암로23길 7-10(암사동),37.5480222,127.1337938,무더위쉼터(도로명주소 일치)
경로당,프라이어팰리스A,서울특별시 강동구 암사동,1,"강동구 고덕로 130(암사동, 프라이어팰리스)",37.553554,127.139663,무더위쉼터(도로명주소 일치)
경로당,한강포스파크,서울특별시 강동구 암사동,1,"강동구 고덕로19길 30(암사동, 한강포스파크아파트)",37.556211,127.134274,무더위쉼터(도로명주소 일치)
경로당,한강현대,서울특별시 강동구 암사동,1,"강동구 올림픽로104길 42(암사동, 한강현대아파트)",37.5551398,127.1319645,ArcGIS 지오코딩(주소 지점 일치)
도서관(공공도서관),암사도서관,서울특별시 강동구 암사동,1,"서울특별시 강동구 고덕로20길 42 (암사동, 암사도서관)",37.5528007,127.1333457,전국도서관표준데이터
주민센터,암사1동 주민센터,서울특별시 강동구 암사동,1,서울특별시 올림픽로98가길 57,37.5514797,127.1326412,무더위쉼터(도로명주소 일치)
주민센터,암사2동 주민센터,서울특별시 강동구 암사동,1,서울특별시 상암로3길 28,37.5517055,127.1272729,무더위쉼터(도로명주소 일치)
주민센터,암사3동 주민센터,서울특별시 강동구 암사동,1,서울특별시 고덕로 137,37.554995,127.1407822,무더위쉼터(도로명주소 일치)
주민센터,천호3동 주민센터,서울특별시 강동구 천호3동주민센터,1,서울특별시 진황도로23길 7,37.53993,127.129785,무더위쉼터(도로명주소 일치)
경로당,곡교,서울특별시 강동구 천호동,1,강동구 구천면로39길 23(천호동),37.5454043,127.1318383,무더위쉼터(도로명주소 일치)
경로당,구사거리,서울특별시 강동구 천호동,1,"강동구 천호대로161길 21, 1층(천호동, 어바니엘)",37.5382,127.1289,무더위쉼터(도로명주소 일치)
경로당,당말,서울특별시 강동구 천호동,1,강동구 성안로31길 11(천호동),37.540336,127.1359797,무더위쉼터(도로명주소 일치)
경로당,동아하이빌A,서울특별시 강동구 천호동,1,"강동구 구천면로 278(천호동, 동아하이빌아파트)",37.544718,127.134546,무더위쉼터(도로명주소 일치)
경로당,래미안강동팰리스,서울특별시 강동구 천호동,1,"강동구 천호대로 1077, 102동 704호(천호동, 래미안강동팰리스)",37.537373,127.132072,무더위쉼터(도로명주소 일치)
경로당,소망,서울특별시 강동구 천호동,1,강동구 구천면로68나길 18(천호동),37.5485031,127.1417025,무더위쉼터(도로명주소 일치)
경로당,쉼터,서울특별시 강동구 천호동,1,강동구 올림픽로89길 27-23(천호동),37.5468002,127.124087,무더위쉼터(도로명주소 일치)
경로당,십자성,서울특별시 강동구 천호동,1,강동구 상암로28길 24(천호동),37.5450771,127.1370663,무더위쉼터(도로명주소 일치)
경로당,천삼,서울특별시 강동구 천호동,1,강동구 진황도로 13(천호동),37.5399039,127.1292171,무더위쉼터(도로명주소 일치)
경로당,천호1동,서울특별시 강동구 천호동,1,강동구 구천면로36길 9-4(천호동),37.5429385,127.1324178,무더위쉼터(도로명주소 일치)
경로당,천호2동,서울특별시 강동구 천호동,1,강동구 구천면로13길 21(천호동),37.5429708,127.1225191,무더위쉼터(도로명주소 일치)
경로당,천호3동(여),서울특별시 강동구 천호동,1,강동구 진황도로33길 11 (천호동) S.I팰리스 1층,37.537802,127.13411,ArcGIS 지오코딩(주소 지점 일치)
경로당,천호문구거리,서울특별시 강동구 천호동,1,강동구 구천면로18길 24(천호동),37.5406534,127.1225878,무더위쉼터(도로명주소 일치)
경로당,"천호삼성A(남), 천호삼성A(여)",서울특별시 강동구 천호동,2,"강동구 성안로25길 6(천호동, 삼성아파트)",37.538756,127.135203,무더위쉼터(도로명주소 일치)
경로당,천호성원A,서울특별시 강동구 천호동,1,"강동구 진황도로31길 26(천호동, 성원아파트)",37.538744,127.134216,무더위쉼터(도로명주소 일치)
경로당,천호우성A,서울특별시 강동구 천호동,1,"강동구 구천면로 366(천호동, 천호우성아파트)",37.549306,127.1388324,ArcGIS 지오코딩(주소 지점 일치)
경로당,천호중앙A,서울특별시 강동구 천호동,1,"강동구 구천면로41길 79(천호동, 중앙하이츠아파트)",37.547424,127.130004,무더위쉼터(도로명주소 일치)
경로당,"천호태영A제2, 천호태영A제1",서울특별시 강동구 천호동,2,"강동구 천호대로 1055(천호동, 태영아파트)",37.5387373,127.1301225,무더위쉼터(도로명주소 일치)
경로당,천호한신A,서울특별시 강동구 천호동,1,"강동구 구천면로42길 16(천호동, 천호한신아파트)",37.545811,127.134731,무더위쉼터(도로명주소 일치)
경로당,천호현대타워,서울특별시 강동구 천호동,1,"강동구 천호대로 1095, 24층(천호동, 현대타워아파트)",37.535954,127.133676,무더위쉼터(도로명주소 일치)
경로당,해공,서울특별시 강동구 천호동,1,강동구 천중로12길 23-23(천호동),37.5438117,127.1284059,무더위쉼터(도로명주소 일치)
도서관(공공도서관),천호도서관,서울특별시 강동구 천호동,1,"서울특별시 강동구 성안로31마길 1(천호동, 천호도서관)",37.540522,127.1340837,전국도서관표준데이터
도서관(공공도서관),해공도서관,서울특별시 강동구 천호동,1,"서울특별시 강동구 올림픽로 702 (천호동, 해공공원)",37.5439477,127.1255384,전국도서관표준데이터
보건소,천호보건지소,서울특별시 강동구 천호동,1,"서울특별시 강동구 구천면로 297-5 (천호동, 이연아마빌레) 1층, 2층",37.5468465,127.1337755,ArcGIS 지오코딩(주소 지점 일치)
주민센터,천호1동 주민센터,서울특별시 강동구 천호동,1,서울특별시 구천면로42길 59,37.5450202,127.1367984,무더위쉼터(시설명 일치)
주민센터,천호2동 주민센터,서울특별시 강동구 천호동,1,서울특별시 올림픽로80길 60,37.542453,127.128341,무더위쉼터(도로명주소 일치)
경로당,"SK북한산시티아파트제2경로당, SK북한산시티아파트제1경로당",서울특별시 강북구 미아동,2,"서울특별시 강북구 솔샘로 174 (미아동, 에스케이북한산시티아파트)",37.6182026,127.0108351,ArcGIS 지오코딩(주소 지점 일치)
경로당,건양경로당,서울특별시 강북구 미아동,1,서울특별시 강북구 삼양로38길 8-9 (미아동),37.62068,127.02133,무더위쉼터(도로명주소 일치)
경로당,경남아너스빌아파트경로당,서울특별시 강북구 미아동,1,"서울특별시 강북구 오패산로30길 30 (미아동, 경남아너스빌아파트)",37.615229,127.035248,무더위쉼터(도로명주소 일치)
경로당,경남아파트경로당,서울특별시 강북구 미아동,1,"서울특별시 강북구 삼양로74길 8 (미아동, 경남아너스빌)",37.6291409,127.0183516,ArcGIS 지오코딩(주소 지점 일치)
경로당,구봉경로당,서울특별시 강북구 미아동,1,"서울특별시 강북구 오현로9길 97 (미아동, 월드아트빌) 101호",37.6209111,127.03293,무더위쉼터(시설명 일치)
경로당,꿈의숲롯데캐슬아파트경로당,서울특별시 강북구 미아동,1,"서울특별시 강북구 오현로 56 (미아동, 꿈의숲롯데캐슬)",37.617191,127.036818,무더위쉼터(도로명주소 일치)
경로당,꿈의숲한신더휴아파트경로당,서울특별시 강북구 미아동,1,서울특별시 강북구 오패산로 202(미아동),37.6196488,127.0330752,ArcGIS 지오코딩(주소 지점 일치)
경로당,꿈의숲해링턴플레이스아파트경로당,서울특별시 강북구 미아동,1,"서울특별시 강북구 오현로 45 (미아동, 꿈의숲해링턴플레이스)",37.618721,127.033873,무더위쉼터(도로명주소 일치)
경로당,래미안미아1차아파트경로당,서울특별시 강북구 미아동,1,"서울특별시 강북구 삼양로 256 (미아동, 삼성래미안)",37.6258041,127.0196235,ArcGIS 지오코딩(주소 지점 일치)
경로당,래미안트리베라1차아파트경로당,서울특별시 강북구 미아동,1,"서울특별시 강북구 삼양로19길 25 (미아동, 삼성 래미안 트리베라 1차)",37.614269,127.0208,무더위쉼터(도로명주소 일치)
경로당,래미안트리베라2차아파트경로당,서울특별시 강북구 미아동,1,"서울특별시 강북구 삼양로27길 19 (미아동, 삼성 래미안 트리베라 2차)",37.6175682,127.021328,ArcGIS 지오코딩(주소 지점 일치)
경로당,미동경로당,서울특별시 강북구 미아동,1,서울특별시 강북구 삼양로74길 74(미아동),37.6301478,127.0220201,무더위쉼터(도로명주소 일치)
경로당,미송경로당,서울특별시 강북구 미아동,1,서울특별시 강북구 인수봉로 42 (미아동),37.623794,127.0129864,무더위쉼터(도로명주소 일치)
경로당,미아경로당,서울특별시 강북구 미아동,1,서울특별시 강북구 솔매로 147-11 (미아동),37.6274542,127.0285432,무더위쉼터(도로명주소 일치)
경로당,미아동부센트레빌아파트경로당,서울특별시 강북구 미아동,1,"서울특별시 강북구 숭인로7가길 37 (미아동, 미아 동부센트레빌)",37.6133903,127.025698,ArcGIS 지오코딩(주소 지점 일치)
경로당,미아두산위브트레지움아파트경로당,서울특별시 강북구 미아동,1,"서울특별시 강북구 삼양로27길 80 (미아동, 두산위브트레지움)",37.619114,127.0171835,ArcGIS 지오코딩(주소 지점 일치)
경로당,미아요진아파트경로당,서울특별시 강북구 미아동,1,"서울특별시 강북구 도봉로76길 52 (미아동, 미아요진아파트)",37.6332024,127.027141,ArcGIS 지오코딩(주소 지점 일치)
경로당,미아현대아파트경로당,서울특별시 강북구 미아동,1,"서울특별시 강북구 도봉로68길 26(미아동, 미아현대아파트)",37.6309899,127.0261286,ArcGIS 지오코딩(주소 지점 일치)
경로당,미양할머니경로당,서울특별시 강북구 미아동,1,서울특별시 강북구 삼양로35가길 7-4 (미아동),37.6206923,127.0193915,무더위쉼터(도로명주소 일치)
경로당,방천경로당,서울특별시 강북구 미아동,1,서울특별시 강북구 월계로7길 39-9 (미아동),37.612419,127.0331566,무더위쉼터(도로명주소 일치)
경로당,벽오산경로당,서울특별시 강북구 미아동,1,서울특별시 강북구 월계로21나길 30 (미아동),37.6155997,127.0381214,무더위쉼터(도로명주소 일치)
경로당,"삼각산암산아파트경로당, 삼각산아이원아파트경로당",서울특별시 강북구 미아동,2,"서울특별시 강북구 삼양로19길 113 (미아동, 삼각산아이원아파트)",37.615433,127.016798,무더위쉼터(도로명주소 일치)
경로당,삼일경로당,서울특별시 강북구 미아동,1,서울특별시 강북구 삼양로41길 61 (미아동),37.6215081,127.0167817,무더위쉼터(도로명주소 일치)
경로당,성우아파트경로당,서울특별시 강북구 미아동,1,"서울특별시 강북구 삼양로24길 19 (미아동, 현대성우아파트)",37.6174497,127.0219965,ArcGIS 지오코딩(주소 지점 일치)
경로당,솔샘길경로당,서울특별시 강북구 미아동,1,서울특별시 강북구 솔샘로 277-1 (미아동),,,
경로당,"솔샘아파트경로당, 미아벽산아파트경로당",서울특별시 강북구 미아동,2,"서울특별시 강북구 솔샘로 159 (미아동, 벽산라이브파크)",37.62131,127.0109035,ArcGIS 지오코딩(주소 지점 일치)
경로당,송암경로당,서울특별시 강북구 미아동,1,서울특별시 강북구 삼양로24길 4-6 (미아동),37.6163306,127.0224841,무더위쉼터(도로명주소 일치)
경로당,송중경로당,서울특별시 강북구 미아동,1,서울특별시 강북구 도봉로34길 25-3 (미아동),37.6223791,127.0294927,무더위쉼터(도로명주소 일치)
경로당,송천경로당,서울특별시 강북구 미아동,1,서울특별시 강북구 솔샘로60길 18-12 (미아동),37.6180387,127.0243348,무더위쉼터(도로명주소 일치)
경로당,송천센트레빌아파트경로당,서울특별시 강북구 미아동,1,"서울특별시 강북구 숭인로 39 (미아동, 송천센트레빌)",37.6127622,127.0268612,ArcGIS 지오코딩(주소 지점 일치)
경로당,숭인경로당,서울특별시 강북구 미아동,1,서울특별시 강북구 삼양로16길 25 (미아동),37.6130543,127.0235704,무더위쉼터(도로명주소 일치)
경로당,신일해피트리아파트경로당,서울특별시 강북구 미아동,1,"서울특별시 강북구 오패산로 60길 22 (미아동, 신일해피트리아파트)",37.6259384,127.0311038,ArcGIS 지오코딩(주소 지점 일치)
경로당,실개울경로당,서울특별시 강북구 미아동,1,서울특별시 강북구 삼양로47길 37(미아동) 1층,37.6226723,127.0169319,무더위쉼터(시설명 일치)
경로당,오패산경로당,서울특별시 강북구 미아동,1,서울특별시 강북구 오패산로52다길 55(미아동),37.6224067,127.0332572,무더위쉼터(도로명주소 일치)
경로당,요한경로당,서울특별시 강북구 미아동,1,"서울특별시 강북구 도봉로49길?62 (미아동, 미아3동천주교교회)",37.624712,127.022968,무더위쉼터(시설명 일치)
경로당,운산경로당,서울특별시 강북구 미아동,1,서울특별시 강북구 도봉로72길 14-4 (미아동),37.6319109,127.0250429,무더위쉼터(도로명주소 일치)
경로당,원송경로당,서울특별시 강북구 미아동,1,서울특별시 강북구 오패산로 156-3(미아동),37.6157505,127.0338298,무더위쉼터(도로명주소 일치)
경로당,율곡경로당,서울특별시 강북구 미아동,1,서울특별시 강북구 오패산로52아길 11 (미아동),37.62704,127.0311905,무더위쉼터(도로명주소 일치)
경로당,은혜경로당,서울특별시 강북구 미아동,1,서울특별시 강북구 삼양로63가길 7-26 (미아동) 스카이팰리스11A 101호,37.6272716,127.0160684,무더위쉼터(도로명주소 일치)
경로당,청암경로당,서울특별시 강북구 미아동,1,서울특별시 강북구 솔매로22길 11 (미아동),37.624735,127.016998,무더위쉼터(도로명주소 일치)
경로당,큰마을효심경로당,서울특별시 강북구 미아동,1,서울특별시 강북구 삼양로54길 60 (미아동),37.6232608,127.0213522,무더위쉼터(도로명주소 일치)
경로당,팔팔 경로당,서울특별시 강북구 미아동,1,서울특별시 강북구 인수봉로 36 (미아동),37.623229,127.0132726,무더위쉼터(도로명주소 일치)
경로당,한빛경로당,서울특별시 강북구 미아동,1,서울특별시 강북구 솔매로43길 25 (미아동),37.6269019,127.0237313,무더위쉼터(도로명주소 일치)
경로당,한일유앤아이아파트경로당,서울특별시 강북구 미아동,1,"서울특별시 강북구 월계로21가길 41 (미아동, 미아한일유앤아이)",37.615575,127.037075,무더위쉼터(도로명주소 일치)
도서관(공공도서관),강북청소년문화정보도서관,서울특별시 강북구 미아동,1,서울특별시 강북구 삼양로54길 68 (미아동),37.6230803,127.0215541,전국도서관표준데이터
도서관(공공도서관),솔샘문화정보도서관,서울특별시 강북구 미아동,1,서울특별시 강북구 솔샘로 177 (미아동),37.6204759,127.012452,전국도서관표준데이터
도서관(공공도서관),송중문화정보도서관,서울특별시 강북구 미아동,1,서울특별시 강북구 도봉로20나길 6 (미아동),37.618342,127.0299392,전국도서관표준데이터
보건소,삼각산보건지소,서울특별시 강북구 미아동,1,"서울특별시 강북구 삼양로19길 154 (미아동, 강북구민 건강관리센터), 강북구 보건소 삼각산 분소 삼각산보건지소",37.6170465,127.0156398,ArcGIS 지오코딩(주소 지점 일치)
주민센터,삼양동 주민센터,서울특별시 강북구 미아동,1,서울특별시 강북구 솔매로69(미아동),37.6249773,127.0199065,무더위쉼터(도로명주소 일치)
주민센터,송중동 주민센터,서울특별시 강북구 미아동,1,서울특별시 강북구 오패산로 162(미아동),37.616097,127.033751,무더위쉼터(도로명주소 일치)
주민센터,송천동 주민센터,서울특별시 강북구 미아동,1,서울특별시 강북구 솔샘로 284(미아동),37.618268,127.023834,무더위쉼터(도로명주소 일치)
주민센터/도서관(공공도서관),"미아동 주민센터, 미아문화정보도서관",서울특별시 강북구 미아동,2,서울특별시 강북구 솔매로49길 14(미아동),37.627063,127.026967,무더위쉼터(도로명주소 일치)
주민센터/도서관(공공도서관),"삼각산동 주민센터, 삼각산어린이도서관",서울특별시 강북구 미아동,2,서울특별시 강북구 삼양로19길 34(미아동),37.6151481,127.0207409,무더위쉼터(도로명주소 일치)
경로당,골말경로당,서울특별시 강북구 번동,1,서울특별시 강북구 한천로109길 57-12 (번동),37.626881,127.041326,무더위쉼터(도로명주소 일치)
경로당,교육촌경로당,서울특별시 강북구 번동,1,서울특별시 강북구 오현로25다길 36 (번동),37.627086,127.035455,무더위쉼터(도로명주소 일치)
경로당,금호어울림아파트경로당,서울특별시 강북구 번동,1,"서울특별시 강북구 오현로31길 85-7 (번동, 금호아파트)",37.6306779,127.0357325,ArcGIS 지오코딩(주소 지점 일치)
경로당,기산그린아파트경로당,서울특별시 강북구 번동,1,"서울특별시 강북구 월계로37길 137 (번동, 기산그린아파트)",37.6277193,127.0433522,ArcGIS 지오코딩(주소 지점 일치)
경로당,동문아파트경로당,서울특별시 강북구 번동,1,"서울특별시 강북구 오현로 128 (번동, 번동동문아파트)",37.6239009,127.0378601,ArcGIS 지오코딩(주소 지점 일치)
경로당,두산위브아파트경로당,서울특별시 강북구 번동,1,"서울특별시 강북구 덕릉로41길 15 (번동, 수유역 두산위브 아파트)",37.635778,127.032625,무더위쉼터(시설명 일치)
경로당,번1동경로당,서울특별시 강북구 번동,1,서울특별시 강북구 덕릉로41길 92 (번동),37.638224,127.028037,무더위쉼터(도로명주소 일치)
경로당,번남경로당,서울특별시 강북구 번동,1,서울특별시 강북구 강북구 오패산로77길 29-7 (번동),37.636157,127.0257443,무더위쉼터(시설명 일치)
경로당,번동삼성아파트경로당,서울특별시 강북구 번동,1,"서울특별시 강북구 도봉로98길 33 (번동, 삼성아파트)",37.641957,127.03156,무더위쉼터(도로명주소 일치)
경로당,번동솔그린아파트경로당,서울특별시 강북구 번동,1,"서울특별시 강북구 한천로109길 83 (번동, 번동솔그린아파트)",37.62669,127.0393811,ArcGIS 지오코딩(주소 지점 일치)
경로당,번동주공2단지아파트경로당,서울특별시 강북구 번동,1,"서울특별시 강북구 한천로105길 24 (번동, 번동2단지주공아파트)",37.626701,127.04488,무더위쉼터(도로명주소 일치)
경로당,번동주공3단지아파트경로당,서울특별시 강북구 번동,1,"서울특별시 강북구 오현로 208 (번동, 번동3단지주공아파트)",37.628713,127.042758,무더위쉼터(도로명주소 일치)
경로당,번동주공4단지아파트경로당,서울특별시 강북구 번동,1,"서울특별시 강북구 오현로 207 (번동, 번동4단지주공아파트)",37.6306841,127.0406603,ArcGIS 지오코딩(주소 지점 일치)
경로당,번동주공5단지아파트경로당,서울특별시 강북구 번동,1,"서울특별시 강북구 한천로115길 20(번동, 번동주공5단지아파트)",37.632585,127.038113,무더위쉼터(도로명주소 일치)
경로당,샘골경로당,서울특별시 강북구 번동,1,서울특별시 강북구 덕릉로44길 6-4 (번동),37.635035,127.032418,무더위쉼터(도로명주소 일치)
경로당,샘마을경로당,서울특별시 강북구 번동,1,서울특별시 강북구 오현로31길 125-14(번동),37.6326416,127.0341852,무더위쉼터(도로명주소 일치)
경로당,샛강경로당,서울특별시 강북구 번동,1,서울특별시 강북구 도봉로96나길 9-1 (번동),37.6390372,127.0323882,무더위쉼터(도로명주소 일치)
경로당,신원아파트경로당,서울특별시 강북구 번동,1,"서울특별시 강북구 월계로37길 87-9 (번동, 신원아파트)",37.6259063,127.0437416,ArcGIS 지오코딩(주소 지점 일치)
경로당,쌍용아파트경로당,서울특별시 강북구 번동,1,"서울특별시 강북구 한천로124나길 10 (번동, 쌍용아파트)",37.637976,127.03233,무더위쉼터(도로명주소 일치)
경로당,오동경로당,서울특별시 강북구 번동,1,서울특별시 강북구 오현로25나길 92 (번동),37.6256273,127.033276,무더위쉼터(도로명주소 일치)
경로당,오동공원현대홈타운아파트경로당,서울특별시 강북구 번동,1,"서울특별시 강북구 오현로31길 89 (번동, 오동공원 현대홈타운)",37.6312045,127.0351597,ArcGIS 지오코딩(주소 지점 일치)
경로당,오현아파트경로당,서울특별시 강북구 번동,1,"서울특별시 강북구 한천로105길 23 (번동, 번동1단지주공아파트)",37.6245323,127.0465984,ArcGIS 지오코딩(주소 지점 일치)
경로당,장수촌경로당,서울특별시 강북구 번동,1,서울특별시 강북구 덕릉로 36길 22-4 (번동),37.633829,127.028185,무더위쉼터(도로명주소 일치)
경로당,한솔솔파크아파트경로당,서울특별시 강북구 번동,1,"서울특별시 강북구 오현로 180 (번동, 한솔솔파크아파트)",37.6270422,127.0392496,ArcGIS 지오코딩(주소 지점 일치)
경로당,한양아파트경로당,서울특별시 강북구 번동,1,"서울특별시 강북구 한천로109길 69 (번동, 한양아파트)",37.6262613,127.0416836,ArcGIS 지오코딩(주소 지점 일치)
경로당,한진아파트경로당,서울특별시 강북구 번동,1,"서울특별시 강북구 월계로37길 61 (번동, 번동한진아파트)",37.6248091,127.0449183,ArcGIS 지오코딩(주소 지점 일치)
경로당,해모로아파트경로당,서울특별시 강북구 번동,1,"서울특별시 강북구 오현로 156 (번동, 해모로아파트)",37.6264229,127.037794,ArcGIS 지오코딩(주소 지점 일치)
도서관(공공도서관),강북문화정보도서관,서울특별시 강북구 번동,1,서울특별시 강북구 오현로 145 (번동),37.625174,127.0360816,전국도서관표준데이터
주민센터,번1동 주민센터,서울특별시 강북구 번동,1,서울특별시 강북구 덕릉로41길 74(번동),37.637862,127.028835,무더위쉼터(도로명주소 일치)
주민센터,번3동 주민센터,서울특별시 강북구 번동,1,서울특별시 강북구 한천로105길 21(번동),37.625825,127.046596,무더위쉼터(도로명주소 일치)
주민센터/보건소,"번2동 주민센터, 강북구보건소",서울특별시 강북구 번동,2,서울특별시 강북구 한천로 897(번동),37.632068,127.038756,무더위쉼터(도로명주소 일치)
경로당,6.25참전용사경로당,서울특별시 강북구 수유동,1,"서울특별시 강북구 노해로 115 (수유동, 대한민국 재향군인회 건물 옥상)",37.6455401,127.0240171,ArcGIS 지오코딩(주소 지점 일치)
경로당,가오경로당,서울특별시 강북구 수유동,1,서울특별시 강북구 삼양로111길 56 (수유동),37.6419715,127.0134325,ArcGIS 지오코딩(주소 지점 일치)
경로당,극동아파트경로당,서울특별시 강북구 수유동,1,"서울특별시 강북구 인수봉로72길 4 (수유동, 극동아파트)",37.641625,127.012573,무더위쉼터(도로명주소 일치)
경로당,무너미경로당,서울특별시 강북구 수유동,1,서울특별시 강북구 인수봉로55가길 21 (수유동),37.6358172,127.0099542,무더위쉼터(도로명주소 일치)
경로당,물댐길경로당,서울특별시 강북구 수유동,1,서울특별시 강북구 한천로170가길 4 (수유동),37.648147,127.017426,무더위쉼터(도로명주소 일치)
경로당,벽산201아파트경로당,서울특별시 강북구 수유동,1,"서울특별시 강북구 삼양로 116길 20 (수유동, 수유 벽산201 아파트)",37.6434678,127.0173543,ArcGIS 지오코딩(주소 지점 일치)
경로당,벽산아파트경로당,서울특별시 강북구 수유동,1,"서울특별시 강북구 삼각산로 143-1 (수유동, 수유벽산아파트)",37.6417889,127.0206343,ArcGIS 지오코딩(주소 지점 일치)
경로당,삼산경로당,서울특별시 강북구 수유동,1,서울특별시 강북구 인수봉로79길 62-4 (수유동),37.643277,127.008289,무더위쉼터(도로명주소 일치)
경로당,삼흥경로당,서울특별시 강북구 수유동,1,"서울특별시 강북구 삼양로77길 111 (수유동, 삼흥연립2단지)",37.627812,127.012578,무더위쉼터(도로명주소 일치)
경로당,상산경로당,서울특별시 강북구 수유동,1,서울특별시 강북구 노해로8길 23 (수유동),37.6383065,127.0239151,무더위쉼터(도로명주소 일치)
경로당,수삼경로당,서울특별시 강북구 수유동,1,서울특별시 강북구 삼양로98길 22 (수유동),37.6386718,127.0184192,무더위쉼터(도로명주소 일치)
경로당,수유2동경로당,서울특별시 강북구 수유동,1,서울특별시 강북구 노해로 23길94 (수유동),37.646798,127.018826,무더위쉼터(도로명주소 일치)
경로당,수유경로당,서울특별시 강북구 수유동,1,서울특별시 강북구 인수봉로20길 32 (수유동),37.626678,127.012373,무더위쉼터(도로명주소 일치)
경로당,"수유삼성아파트경로당, 삼성장수아파트경로당",서울특별시 강북구 수유동,2,"서울특별시 강북구 한천로159길 8 (수유동, 래미안수유아파트 106동 옆)",37.6443897,127.0186721,ArcGIS 지오코딩(주소 지점 일치)
경로당,수유장수경로당,서울특별시 강북구 수유동,1,서울특별시 강북구 삼양로80나길 56 (수유동),37.633316,127.020612,무더위쉼터(도로명주소 일치)
경로당,은모루경로당,서울특별시 강북구 수유동,1,서울특별시 강북구 도봉로95길 38-1 (수유동),37.6422337,127.0270318,무더위쉼터(도로명주소 일치)
경로당,인수경로당,서울특별시 강북구 수유동,1,서울특별시 강북구 인수봉로72길 15-12 (수유동),37.64275,127.012103,무더위쉼터(도로명주소 일치)
경로당,장미원경로당,서울특별시 강북구 수유동,1,서울특별시 강북구 삼양로124길 29-8,37.6460948,127.0167133,무더위쉼터(도로명주소 일치)
경로당,제일경로당,서울특별시 강북구 수유동,1,서울특별시 강북구 삼양로87길 33-8 (수유동),37.635781,127.015627,무더위쉼터(도로명주소 일치)
경로당,큰무네미경로당,서울특별시 강북구 수유동,1,서울특별시 강북구 도봉로71가길 30-9 (수유동),37.632566,127.022639,무더위쉼터(도로명주소 일치)
경로당,한신경로당,서울특별시 강북구 수유동,1,서울특별시 강북구 인수봉로48길 5-6 (수유동),37.634314,127.01396,무더위쉼터(도로명주소 일치)
경로당,화계경로당,서울특별시 강북구 수유동,1,서울특별시 강북구 인수봉로38가길 28(수유동),37.631436,127.015663,무더위쉼터(도로명주소 일치)
보건소,수유보건지소,서울특별시 강북구 수유동,1,"서울특별시 강북구 삼양로 335-1 (수유동, 수유보건지소) 수유보건지소",37.6334245,127.0171699,ArcGIS 지오코딩(주소 지점 일치)
주민센터,수유2동 주민센터,서울특별시 강북구 수유동,1,서울특별시 강북구 한천로 1117(수유동),37.644617,127.019875,무더위쉼터(도로명주소 일치)
주민센터,수유3동 주민센터,서울특별시 강북구 수유동,1,서울특별시 강북구 노해로 36(수유동),37.638689,127.023136,무더위쉼터(도로명주소 일치)
주민센터,우이동 주민센터,서울특별시 강북구 수유동,1,서울특별시 강북구 삼양로 139길 49(수유동),37.647866,127.011843,무더위쉼터(도로명주소 일치)
주민센터,인수동 주민센터,서울특별시 강북구 수유동,1,서울특별시 강북구 인수봉로 255(수유동),37.641458,127.01058,무더위쉼터(도로명주소 일치)
주민센터/도서관(공공도서관),"수유1동 주민센터, 수유문화정보도서관",서울특별시 강북구 수유동,2,서울특별시 강북구 삼양로 299(수유동),37.630001,127.017529,무더위쉼터(도로명주소 일치)
경로당,대우아파트경로당,서울특별시 강북구 우이동,1,"서울특별시 강북구 삼양로149길 45 (우이동, 우이동푸르지오)",37.65485,127.011543,무더위쉼터(도로명주소 일치)
경로당,백운경로당,서울특별시 강북구 우이동,1,서울특별시 강북구 삼양로159길 9(우이동),37.6574242,127.0129502,무더위쉼터(도로명주소 일치)
경로당,삼각산경로당,서울특별시 강북구 우이동,1,서울특별시 강북구 삼양로 515-21 (우이동),37.648824,127.013315,무더위쉼터(도로명주소 일치)
경로당,소귓골경로당,서울특별시 강북구 우이동,1,서울특별시 강북구 삼양로173가길 55 (우이동) 메이트하우스 102동 201호,37.661471,127.009657,무더위쉼터(도로명주소 일치)
경로당,우이경로당,서울특별시 강북구 우이동,1,서울특별시 강북구 삼양로170길 23 (우이동),37.661865,127.013863,무더위쉼터(도로명주소 일치)
경로당,우이성원아파트경로당,서울특별시 강북구 우이동,1,"서울특별시 강북구 삼양로 658 (우이동, 성원아파트)",37.6624091,127.0137313,ArcGIS 지오코딩(주소 지점 일치)
경로당,가양6단지(아),서울특별시 강서구,1,강서구 허준로 175,37.5630986,126.8599145,ArcGIS 지오코딩(주소 지점 일치)
경로당,가양8단지(아),서울특별시 강서구,1,강서구 허준로 176,37.5621274,126.856969,ArcGIS 지오코딩(주소 지점 일치)
경로당,가양9-1단지(아),서울특별시 강서구,1,강서구 허준로 224,37.5604973,126.8611299,ArcGIS 지오코딩(주소 지점 일치)
경로당,가양9-2단지(청송)(아),서울특별시 강서구,1,강서구 허준로 234,37.5588525,126.8646284,ArcGIS 지오코딩(주소 지점 일치)
경로당,가양보람(아),서울특별시 강서구,1,강서구 양천로53길 66,37.5673237,126.8485805,ArcGIS 지오코딩(주소 지점 일치)
경로당,가양중앙하이츠(아),서울특별시 강서구,1,강서구 허준로 55-20,37.5695275,126.8495907,ArcGIS 지오코딩(주소 지점 일치)
경로당,강나루현대(아),서울특별시 강서구,1,강서구 양천로 507,37.5613413,126.8562175,ArcGIS 지오코딩(주소 지점 일치)
경로당,강나루현대2차(아),서울특별시 강서구,1,강서구 양천로 497,37.5614279,126.8560864,ArcGIS 지오코딩(주소 지점 일치)
경로당,강변(3-2단지)(아),서울특별시 강서구,1,강서구 허준로 139,37.5649873,126.8557809,ArcGIS 지오코딩(주소 지점 일치)
경로당,개화,서울특별시 강서구,1,강서구 개화동로5길 3-66,37.5830686,126.7987818,ArcGIS 지오코딩(주소 지점 일치)
경로당,개화산경남아너스빌(아),서울특별시 강서구,1,강서구 양천로14가길 23,37.5716975,126.8090434,ArcGIS 지오코딩(주소 지점 일치)
경로당,개화산동부센트레빌(아),서울특별시 강서구,1,강서구 양천로3길 17,37.5732819,126.8058333,ArcGIS 지오코딩(주소 지점 일치)
경로당,극동상록수(아),서울특별시 강서구,1,강서구 공항대로71길 31,37.5489837,126.8726783,ArcGIS 지오코딩(주소 지점 일치)
경로당,까치산,서울특별시 강서구,1,강서구 가로공원로82길 44,37.5354708,126.8404119,ArcGIS 지오코딩(주소 지점 일치)
경로당,내발산,서울특별시 강서구,1,강서구 우장산로 24-7,,,
경로당,대림(아),서울특별시 강서구,1,강서구 공항대로39길 100,37.5620919,126.8452554,ArcGIS 지오코딩(주소 지점 일치)
경로당,대림(아),서울특별시 강서구,1,강서구 공항대로75길 42,37.5484625,126.875373,ArcGIS 지오코딩(주소 지점 일치)
경로당,대한항공정우회,서울특별시 강서구,1,강서구 양천로24길 108,37.5685072,126.8151475,ArcGIS 지오코딩(주소 지점 일치)
경로당,동아3차(아),서울특별시 강서구,1,강서구 양천로 731,37.5497875,126.8780881,ArcGIS 지오코딩(주소 지점 일치)
경로당,동일스위트리버(아),서울특별시 강서구,1,강서구 금낭화로24가길 28,37.5790051,126.8164292,ArcGIS 지오코딩(주소 지점 일치)
경로당,등촌,서울특별시 강서구,1,강서구 화곡로66길 186-12,37.5537766,126.8624096,ArcGIS 지오코딩(주소 지점 일치)
경로당,등촌10단지(아),서울특별시 강서구,1,강서구 화곡로63가길 71,37.5619497,126.8485646,ArcGIS 지오코딩(주소 지점 일치)
경로당,등촌11단지(아),서울특별시 강서구,1,강서구 공항대로43길 39,37.5590531,126.848843,ArcGIS 지오코딩(주소 지점 일치)
경로당,등촌3주공(아),서울특별시 강서구,1,강서구 강서로56나길 37,37.5621996,126.8418886,ArcGIS 지오코딩(주소 지점 일치)
경로당,마곡금호어울림아파트,서울특별시 강서구,1,강서구 양천로47길 94,37.5744418,126.8372073,ArcGIS 지오코딩(주소 지점 일치)
경로당,마곡수명산파크1단지(아),서울특별시 강서구,1,강서구 강서로47길 108,37.5550674,126.8296051,ArcGIS 지오코딩(주소 지점 일치)
경로당,마곡신안(아),서울특별시 강서구,1,강서구 양천로30길 123-9,37.5683238,126.8239603,ArcGIS 지오코딩(주소 지점 일치)
경로당,마곡엠밸리10단지(아),서울특별시 강서구,1,강서구 마곡중앙1로 72,37.5601025,126.8188555,ArcGIS 지오코딩(주소 지점 일치)
경로당,마곡엠밸리11단지(아),서울특별시 강서구,1,강서구 공항대로 124,37.5591475,126.8213391,ArcGIS 지오코딩(주소 지점 일치)
경로당,마곡엠밸리12단지(아),서울특별시 강서구,1,강서구 공항대로140,37.5591517,126.8231937,ArcGIS 지오코딩(주소 지점 일치)
경로당,마곡엠밸리5단지(아),서울특별시 강서구,1,강서구 마곡서1로 111-11,37.5652527,126.8168806,ArcGIS 지오코딩(주소 지점 일치)
경로당,마곡엠밸리6단지(아),서울특별시 강서구,1,강서구 마곡서1로 100,37.564355,126.8220972,ArcGIS 지오코딩(주소 지점 일치)
경로당,마곡엠밸리7단지(아),서울특별시 강서구,1,강서구 마곡서로133,37.5651354,126.82236,ArcGIS 지오코딩(주소 지점 일치)
경로당,마곡청구(아) 舊 푸르뫼(아),서울특별시 강서구,1,강서구 양천로26길 103,37.5730757,126.8206629,ArcGIS 지오코딩(주소 지점 일치)
경로당,마곡현대2차(아),서울특별시 강서구,1,강서구 양천로 140,37.5731307,126.8193564,ArcGIS 지오코딩(주소 지점 일치)
경로당,마곡힐스테이트,서울특별시 강서구,1,강서구 마곡중앙3로 74,37.5633845,126.8184881,ArcGIS 지오코딩(주소 지점 일치)
경로당,마곡힐스테이트13단지(아),서울특별시 강서구,1,강서구 마곡중앙1로 71,37.5578085,126.8166711,ArcGIS 지오코딩(주소 지점 일치)
경로당,미성(아),서울특별시 강서구,1,강서구 초록마을로 176,37.5359722,126.8447648,ArcGIS 지오코딩(주소 지점 일치)
경로당,방화동부센트레빌(아),서울특별시 강서구,1,강서구 방화대로 45길 32,37.5748876,126.8159381,ArcGIS 지오코딩(주소 지점 일치)
경로당,방화한진로즈힐(아),서울특별시 강서구,1,강서구 양천로24가길 59,37.5710038,126.8132928,ArcGIS 지오코딩(주소 지점 일치)
경로당,봉제,서울특별시 강서구,1,강서구 까치산로18길 62,37.545054,126.85091,무더위쉼터(도로명주소 일치)
경로당,빛고을우방(아),서울특별시 강서구,1,강서구 양천로 521,37.5599785,126.857599,ArcGIS 지오코딩(주소 지점 일치)
경로당,산우물,서울특별시 강서구,1,강서구 방화대로21가길 18,37.5637246,126.8146751,ArcGIS 지오코딩(주소 지점 일치)
경로당,삼성한사랑 (아),서울특별시 강서구,1,강서구 양천로66길 6,37.5547589,126.8653495,ArcGIS 지오코딩(주소 지점 일치)
경로당,상사,서울특별시 강서구,1,강서구 개화길 52,37.5867869,126.8015628,ArcGIS 지오코딩(주소 지점 일치)
경로당,서광(아),서울특별시 강서구,1,강서구 양천로 27길 129,37.579619,126.8196054,ArcGIS 지오코딩(주소 지점 일치)
경로당,서광(아),서울특별시 강서구,1,강서구 공항대로45길 68-6,37.5574921,126.8563333,ArcGIS 지오코딩(주소 지점 일치)
경로당,신동아(아),서울특별시 강서구,1,강서구 방화대로37길 15,37.5699645,126.8161653,ArcGIS 지오코딩(주소 지점 일치)
경로당,신안빌라,서울특별시 강서구,1,강서구 방화대로34길 120,37.5713908,126.8226698,ArcGIS 지오코딩(주소 지점 일치)
경로당,아리수 (월드메르디앙(아)아리수),서울특별시 강서구,1,강서구 양천로71길 38,37.5529601,126.8721838,ArcGIS 지오코딩(주소 지점 일치)
경로당,염창2차한화꿈에그린(아),서울특별시 강서구,1,강서구 공항대로63길 16,37.552256,126.8666533,ArcGIS 지오코딩(주소 지점 일치)
경로당,염창강변성원(아),서울특별시 강서구,1,강서구 양천로69길 65,37.5552902,126.8722481,ArcGIS 지오코딩(주소 지점 일치)
경로당,염창극동(아),서울특별시 강서구,1,강서구 양천로69길 18,37.5524724,126.8714342,ArcGIS 지오코딩(주소 지점 일치)
경로당,염창롯데캐슬(아),서울특별시 강서구,1,강서구 공항대로65길 21,37.5511571,126.8680083,ArcGIS 지오코딩(주소 지점 일치)
경로당,염창삼성하나로(아),서울특별시 강서구,1,강서구 양천로73길 5,37.5516825,126.8713422,ArcGIS 지오코딩(주소 지점 일치)
경로당,염창우성2차(아),서울특별시 강서구,1,강서구 양천로67길 54,37.5560977,126.8692625,ArcGIS 지오코딩(주소 지점 일치)
경로당,염창우성3차(아),서울특별시 강서구,1,강서구 공항대로63길 14,37.5514141,126.867377,ArcGIS 지오코딩(주소 지점 일치)
경로당,우장산롯데3차(아),서울특별시 강서구,1,강서구 우장산로 92,37.5524944,126.8463788,ArcGIS 지오코딩(주소 지점 일치)
경로당,우장산롯데캐슬(아),서울특별시 강서구,1,강서구 공항대로 382,37.5558864,126.8486243,ArcGIS 지오코딩(주소 지점 일치)
경로당,월드메르디앙(아),서울특별시 강서구,1,강서구 양천로1길 117,37.5749685,126.810219,ArcGIS 지오코딩(주소 지점 일치)
경로당,중앙하이츠 (아),서울특별시 강서구,1,강서구 강서로 17가길 46,37.5348838,126.8439572,ArcGIS 지오코딩(주소 지점 일치)
경로당,치현,서울특별시 강서구,1,강서구 금낭화로24가길 40,37.5798402,126.8153085,ArcGIS 지오코딩(주소 지점 일치)
경로당,코오롱(아),서울특별시 강서구,1,강서구 화곡로66길 90,37.5562135,126.8579475,ArcGIS 지오코딩(주소 지점 일치)
경로당,태진한솔(아),서울특별시 강서구,1,강서구 공항대로71길 54,37.5493451,126.8733671,ArcGIS 지오코딩(주소 지점 일치)
경로당,한미(아),서울특별시 강서구,1,강서구 양천로23길 8,37.5739689,126.8162328,ArcGIS 지오코딩(주소 지점 일치)
경로당,한사랑2차삼성(아),서울특별시 강서구,1,강서구 공항대로59길 64,37.5543835,126.8635757,ArcGIS 지오코딩(주소 지점 일치)
경로당,한숲대림(아),서울특별시 강서구,1,강서구 방화대로50길 7,37.5768121,126.8174741,ArcGIS 지오코딩(주소 지점 일치)
경로당,한화꿈에그린(아),서울특별시 강서구,1,강서구 우장산로 103,37.5536345,126.8475036,ArcGIS 지오코딩(주소 지점 일치)
경로당,화곡2차보람(아),서울특별시 강서구,1,강서구 공항대로 48길 12,37.5541763,126.8550012,ArcGIS 지오코딩(주소 지점 일치)
경로당,화곡본동천주교회,서울특별시 강서구,1,강서구 까치산로2길 43,37.5393316,126.8436417,ArcGIS 지오코딩(주소 지점 일치)
경로당,화곡초록(아),서울특별시 강서구,1,강서구 강서로45다길 30-27,37.5450313,126.8336321,ArcGIS 지오코딩(주소 지점 일치)
경로당,화곡푸르지오(아),서울특별시 강서구,1,강서구 화곡로13길 107,37.5420579,126.8328776,ArcGIS 지오코딩(주소 지점 일치)
경로당,희훈리치파크(아),서울특별시 강서구,1,강서구 강서로45다길 30-17,37.5465378,126.834532,ArcGIS 지오코딩(주소 지점 일치)
경로당/도서관(작은도서관),"초록동, 초록동작은도서관",서울특별시 강서구,2,강서구 초록마을로14길 36,37.5411487,126.84851,ArcGIS 지오코딩(주소 지점 일치)
도서관(공공도서관),가양도서관,서울특별시 강서구,1,서울특별시 강서구 양천로61길 101,37.5599615,126.8655601,전국도서관표준데이터
도서관(공공도서관),곰달래도서관,서울특별시 강서구,1,서울특별시 강서구 강서로5길 50,37.5290587,126.848899,전국도서관표준데이터
도서관(공공도서관),꿈꾸는어린이도서관,서울특별시 강서구,1,서울특별시 강서구 공항대로 615,37.5473381,126.8733184,전국도서관표준데이터
도서관(공공도서관),등빛도서관,서울특별시 강서구,1,서울특별시 강서구 강서로62길 48,37.5624556,126.8423755,전국도서관표준데이터
도서관(공공도서관),푸른들청소년도서관,서울특별시 강서구,1,서울특별시 강서구 강서로45다길 71,37.5446709,126.8351791,전국도서관표준데이터
도서관(작은도서관),내발산작은도서관,서울특별시 강서구,1,"서울특별시 강서구 강서로52길 89, 내발산문화센터 5층",37.5574976,126.8431963,전국도서관표준데이터
도서관(작은도서관),봉제산책쉼터,서울특별시 강서구,1,서울특별시 강서구 초록마을로 69-9,37.5421344,126.8510719,전국도서관표준데이터
도서관(작은도서관),수명산작은도서관,서울특별시 강서구,1,"서울특별시 강서구 수명로1길 131, 내발산동공공기숙사 지하1층",37.5541175,126.8255215,전국도서관표준데이터
도서관(작은도서관),역마을작은도서관,서울특별시 강서구,1,"서울특별시 강서구 화곡로 312, 화곡6동주민센터 2층",37.5518158,126.8500753,전국도서관표준데이터
도서관(작은도서관),옹기종기작은도서관,서울특별시 강서구,1,"서울특별시 강서구 공항대로61길 50, 염창동지역정보센터 1층",37.5530251,126.8667223,전국도서관표준데이터
도서관(작은도서관),채움작은도서관,서울특별시 강서구,1,"서울특별시 강서구 개화동로23길 20, 방화2동주민센터 2층",37.5667202,126.8067388,전국도서관표준데이터
경로당,염창e편한세상,서울특별시 강서구 e편한세상 101동,1,강서구 공항대로 583,37.548629,126.870743,무더위쉼터(도로명주소 일치)
경로당,가양2단지(아),서울특별시 강서구 가양2단지아파트 204동,1,강서구 허준로 47,37.570482,126.847166,무더위쉼터(도로명주소 일치)
경로당,가양(읍내),서울특별시 강서구 가양동,1,강서구 양천로47나길 48-6,37.5723268,126.8400207,무더위쉼터(도로명주소 일치)
경로당,가양4단지,서울특별시 강서구 가양동,1,강서구 양천로57길 37,37.564642,126.8527306,무더위쉼터(도로명주소 일치)
경로당,가양7종합사회복지관(정우),서울특별시 강서구 가양동,1,강서구 허준로 209,37.5612988,126.862381,무더위쉼터(도로명주소 일치)
경로당,한보구암(아),서울특별시 강서구 가양동,1,강서구 허준로 76,37.56816,126.848945,무더위쉼터(도로명주소 일치)
경로당/도서관(작은도서관),"가양5종합사회복지관(장수), 가람작은도서관",서울특별시 강서구 가양동,2,강서구 양천로57길 36,37.5642,126.8535,무더위쉼터(도로명주소 일치)
주민센터/도서관(작은도서관),"가양1동 주민센터, 도란도란쉼터작은도서관",서울특별시 강서구 가양동,2,서울특별시 강서구 허준로 30 (가양동),37.5695181,126.8446542,무더위쉼터(도로명주소 일치)
주민센터/도서관(작은도서관),"가양2동 주민센터, 허준마을작은도서관",서울특별시 강서구 가양동,2,서울특별시 강서구 허준로 93,37.5673814,126.8512612,무더위쉼터(도로명주소 일치)
주민센터/도서관(작은도서관),"가양3동 주민센터, 도리샘작은도서관",서울특별시 강서구 가양동,2,서울특별시 강서구 허준로 202,37.561058,126.86054,무더위쉼터(도로명주소 일치)
경로당,가양우성(아),서울특별시 강서구 가양우성아파트 상가동,1,강서구 양천로 489,37.562198,126.854375,무더위쉼터(도로명주소 일치)
경로당,강변코아루(아),서울특별시 강서구 강변코아루 상가동,1,강서구 양천로71길 54,37.553243,126.873506,무더위쉼터(도로명주소 일치)
경로당,쌍용예가(아),서울특별시 강서구 강서쌍용예가아파트 101동,1,강서구 양천로613,37.555197,126.866237,무더위쉼터(도로명주소 일치)
경로당,한강자이아파트경로당,서울특별시 강서구 강서한강자이 101동,1,강서구 양천로55길 55,37.566049,126.84876,무더위쉼터(도로명주소 일치)
경로당,강서힐스테이트(아) 골든클럽,서울특별시 강서구 강서힐스테이트101동,1,강서구 우현로 67,37.546634,126.840035,무더위쉼터(도로명주소 일치)
경로당,내촌,서울특별시 강서구 개화동,1,강서구 개화동로13길 12-8,37.5774711,126.80158,무더위쉼터(도로명주소 일치)
경로당,강서센트레빌4차(아),서울특별시 강서구 공항동,1,강서구 남부순환로 11(공항동),37.5610629,126.8080644,ArcGIS 지오코딩(주소 지점 일치)
경로당,공항,서울특별시 강서구 공항동,1,강서구 공항대로2가길 5-3,37.5603833,126.8090426,무더위쉼터(도로명주소 일치)
경로당,다솔,서울특별시 강서구 공항동,1,강서구 방화대로6길 24-3,37.5548175,126.8181688,무더위쉼터(도로명주소 일치)
경로당,동부,서울특별시 강서구 공항동,1,강서구 공항대로8길 33-9,37.5595668,126.8128315,무더위쉼터(도로명주소 일치)
경로당,장미,서울특별시 강서구 공항동,1,강서구 방화대로7다길 35-18,37.5568565,126.8137981,무더위쉼터(도로명주소 일치)
주민센터/도서관(작은도서관),"공항동 주민센터, 송정작은도서관",서울특별시 강서구 공항동,2,서울특별시 강서구 송정로 45,37.5588443,126.8100389,무더위쉼터(도로명주소 일치)
경로당,강서월드메르디앙(아),서울특별시 강서구 내발산동,1,강서구 공항대로42길 54-26,37.556714,126.843144,무더위쉼터(도로명주소 일치)
경로당,마곡수명산파크2단지(아),서울특별시 강서구 내발산동,1,강서구 강서로47길 158,37.554421,126.828052,무더위쉼터(도로명주소 일치)
경로당,마곡수명산파크3단지(아),서울특별시 강서구 내발산동,1,강서구 수명로1길 110,37.553346,126.824776,무더위쉼터(도로명주소 일치)
경로당,마곡수명산파크4단지(아),서울특별시 강서구 내발산동,1,강서구 수명로1길 16,37.551241,126.823405,무더위쉼터(도로명주소 일치)
경로당,마곡수명산파크5단지(아),서울특별시 강서구 내발산동,1,강서구 수명로2길 105,37.552087,126.827321,무더위쉼터(도로명주소 일치)
경로당,마곡수명산파크6단지(아),서울특별시 강서구 내발산동,1,강서구 수명로2길 63,37.550371,126.825729,무더위쉼터(도로명주소 일치)
경로당,마곡수명산파크7단지(아),서울특별시 강서구 내발산동,1,강서구 수명로2가길 22,37.547987,126.821938,무더위쉼터(도로명주소 일치)
경로당,발음,서울특별시 강서구 내발산동,1,강서구 강서로47길 61-21,37.552047,126.8331841,무더위쉼터(도로명주소 일치)
경로당,우장산신일해피트리,서울특별시 강서구 내발산동,1,강서구 강서로45길 92-5,37.549651,126.832296,무더위쉼터(도로명주소 일치)
경로당,우장산힐스테이트(아),서울특별시 강서구 내발산동,1,강서구 강서로 348,37.556109,126.840676,무더위쉼터(도로명주소 일치)
경로당,원당,서울특별시 강서구 내발산동,1,강서구 강서로52길 72,37.5574128,126.8420979,무더위쉼터(도로명주소 일치)
주민센터/도서관(작은도서관),"발산1동 주민센터, 책향기작은도서관",서울특별시 강서구 내발산동,2,서울특별시 강서구 강서로47길 54,37.553107,126.8331316,무더위쉼터(도로명주소 일치)
경로당,대동황토방2차(아),서울특별시 강서구 대동황토방2차아파트 203동,1,강서구 공항대로55길 50,37.555111,126.862475,무더위쉼터(도로명주소 일치)
경로당,대동황토방(아),서울특별시 강서구 대동황토방아파트,1,강서구 공항대로59길 103,37.556166,126.862991,무더위쉼터(도로명주소 일치)
경로당,대림경동(아),서울특별시 강서구 대림경동아파트 상가동,1,강서구 허준로 121,37.565368,126.853826,무더위쉼터(도로명주소 일치)
경로당,가양1단지(아),서울특별시 강서구 동신아파트,1,강서구 강서로 532,37.572178,126.843384,무더위쉼터(도로명주소 일치)
경로당,능안,서울특별시 강서구 등촌동,1,강서구 등촌로39마길 3,37.5465037,126.8600937,무더위쉼터(도로명주소 일치)
경로당,두보(하이츠)빌라,서울특별시 강서구 등촌동,1,강서구 등촌로39가길 42,37.5457389,126.8579683,무더위쉼터(도로명주소 일치)
경로당,등서,서울특별시 강서구 등촌동,1,강서구 화곡로68길 8,37.559189,126.854568,무더위쉼터(도로명주소 일치)
경로당,등촌4단지(아),서울특별시 강서구 등촌동,1,강서구 공항대로39길 59,37.5608,126.8438,무더위쉼터(도로명주소 일치)
경로당,등촌5단지(아),서울특별시 강서구 등촌동,1,강서구 공항대로39길 74,37.559776,126.844217,무더위쉼터(도로명주소 일치)
경로당,등촌6단지(아),서울특별시 강서구 등촌동,1,강서구 화곡로63가길 18,37.5599827,126.8481806,무더위쉼터(도로명주소 일치)
경로당,등촌9단지아파트(푸른) (등촌9종합사회복지관),서울특별시 강서구 등촌동,1,강서구 화곡로63가길 92,37.561953,126.849776,무더위쉼터(도로명주소 일치)
경로당,등촌동 대림 (아),서울특별시 강서구 등촌동,1,강서구 등촌로 137,37.542054,126.862862,무더위쉼터(도로명주소 일치)
경로당,등촌임광 (아),서울특별시 강서구 등촌동,1,강서구 등촌로 113,37.540331,126.863468,무더위쉼터(도로명주소 일치)
경로당,등촌현대(아),서울특별시 강서구 등촌동,1,강서구 공항대로45길 24,37.555904,126.855317,무더위쉼터(도로명주소 일치)
경로당,라인(아),서울특별시 강서구 등촌동,1,강서구 화곡로68길 33,37.559652,126.856759,무더위쉼터(도로명주소 일치)
경로당,보람2차(아),서울특별시 강서구 등촌동,1,강서구 화곡로 390,37.5577,126.85399,무더위쉼터(도로명주소 일치)
경로당,삼형그레이스빌(아),서울특별시 강서구 등촌동,1,강서구 등촌로 91,37.538329,126.863217,무더위쉼터(도로명주소 일치)
경로당,성재정,서울특별시 강서구 등촌동,1,강서구 강서로74길 11,37.567689,126.841891,무더위쉼터(도로명주소 일치)
경로당,"주공8단지(아), 등촌7단지 (등촌7복지관)",서울특별시 강서구 등촌동,2,강서구 공항대로43길 104,37.5602,126.8507,무더위쉼터(도로명주소 일치)
경로당,코오롱3차(아),서울특별시 강서구 등촌동,1,강서구 공항대로55길 19,37.554328,126.860744,무더위쉼터(도로명주소 일치)
경로당,태영(아),서울특별시 강서구 등촌동,1,강서구 양천로 590,37.555791,126.863944,무더위쉼터(도로명주소 일치)
경로당,태진아름 (아),서울특별시 강서구 등촌동,1,강서구 등촌로53길 39,37.549492,126.861739,무더위쉼터(도로명주소 일치)
주민센터/도서관(작은도서관),"등촌1동 주민센터, 생각열매작은도서관",서울특별시 강서구 등촌동,2,서울특별시 강서구 공항대로53가길 55,37.5558314,126.8589082,무더위쉼터(도로명주소 일치)
주민센터/도서관(작은도서관),"등촌2동 주민센터, 등마루골작은도서관",서울특별시 강서구 등촌동,2,서울특별시 강서구 등촌로 143,37.5426581,126.8625052,무더위쉼터(도로명주소 일치)
주민센터/도서관(작은도서관),"등촌3동 주민센터, 큰마음작은도서관",서울특별시 강서구 등촌동,2,서울특별시 강서구 화곡로63길 96,37.5588692,126.8479216,무더위쉼터(도로명주소 일치)
경로당,동성(아),서울특별시 강서구 등촌동성아파트 101동,1,강서구 강서로68길 108,37.563941,126.845866,무더위쉼터(도로명주소 일치)
경로당,신원(아),서울특별시 강서구 등촌동신원아파트,1,강서구 화곡로66길 50,37.557043,126.856363,무더위쉼터(도로명주소 일치)
경로당,"등촌동 아이파크2단지, 등촌I-Park 1단지(아)",서울특별시 강서구 등촌동아이파크,2,강서구 등촌로 163,37.543906,126.86021,무더위쉼터(도로명주소 일치)
경로당,등촌동월드메르디앙(아),서울특별시 강서구 등촌동월드메르디앙아파트 101동,1,강서구 양천로 420,37.564648,126.847237,무더위쉼터(도로명주소 일치)
경로당,"등촌주공2단지(아), 등촌주공1단지",서울특별시 강서구 등촌주공1,2,강서구 강서로68길 36,37.564206,126.841822,무더위쉼터(도로명주소 일치)
경로당,동부,서울특별시 강서구 마곡동,1,강서구 양천로28길 12-9,37.572525,126.8199036,무더위쉼터(도로명주소 일치)
경로당,마곡,서울특별시 강서구 마곡동,1,강서구 양천로30길 20,37.5723,126.8226,무더위쉼터(도로명주소 일치)
경로당,마곡벽산(아),서울특별시 강서구 마곡동,1,강서구 양천로47길 118,37.575658,126.837834,무더위쉼터(도로명주소 일치)
경로당,마곡삼성(아),서울특별시 강서구 마곡동,1,강서구 방화대로34길 113,37.572097,126.822168,무더위쉼터(도로명주소 일치)
경로당,마곡엠밸리9단지(아),서울특별시 강서구 마곡동,1,강서구 공항대로 103,37.562267,126.819206,무더위쉼터(도로명주소 일치)
경로당,한솔솔파크(아),서울특별시 강서구 마곡동,1,강서구 양천로30길 77,37.569602,126.823243,무더위쉼터(도로명주소 일치)
경로당,후포,서울특별시 강서구 마곡동,1,강서구 양천로47길 104,37.574903,126.837054,무더위쉼터(도로명주소 일치)
주민센터/도서관(작은도서관),"방화1동 주민센터, 글벗누리작은도서관",서울특별시 강서구 마곡동,2,서울특별시 강서구 방화대로 330,37.5703452,126.8170195,무더위쉼터(도로명주소 일치)
경로당,마곡엠밸리14단지(아),서울특별시 강서구 마곡엠밸리14단지 1402동,1,강서구 마곡중앙로 33,37.556279,126.825885,무더위쉼터(도로명주소 일치)
경로당,마곡엠밸리15단지(아),서울특별시 강서구 마곡엠밸리15단지 1512동,1,강서구 마곡중앙로 36,37.556433,126.82692,무더위쉼터(도로명주소 일치)
경로당,마곡엠밸리1단지(아),서울특별시 강서구 마곡엠밸리1단지104동,1,강서구 마곡서1로 131,37.568177,126.818609,무더위쉼터(도로명주소 일치)
경로당,마곡엠밸리2단지(아),서울특별시 강서구 마곡엠밸리2단지206동,1,강서구 마곡서1로 146,37.569377,126.820607,무더위쉼터(도로명주소 일치)
경로당,마곡엠밸리3단지(아),서울특별시 강서구 마곡엠밸리3단지301동,1,강서구 마곡서1로 132,37.568101,126.820144,무더위쉼터(도로명주소 일치)
경로당,마곡엠밸리4단지(아),서울특별시 강서구 마곡엠밸리4단지 404동,1,강서구 마곡서로 175,37.569399,126.824519,무더위쉼터(도로명주소 일치)
경로당,마곡우림필유(아),서울특별시 강서구 마곡우림필유아파트101동,1,강서구 양천로28길 29,37.571793,126.82135,무더위쉼터(도로명주소 일치)
경로당,방화12(아),서울특별시 강서구 마곡중앙하이츠아파트1203동,1,강서구 양천로6길 28,37.570674,126.807146,무더위쉼터(도로명주소 일치)
경로당,마곡푸르지오,서울특별시 강서구 마곡푸르지오104동,1,강서구 방화대로34길 88,37.569933,126.821678,무더위쉼터(도로명주소 일치)
경로당,미주진로(아),서울특별시 강서구 미주진로아파트 108동,1,강서구 공항대로 351-21,37.560261,126.847818,무더위쉼터(도로명주소 일치)
경로당,청솔(아) - 방화3단지,서울특별시 강서구 방화3단지아파트 상가동,1,강서구 방화대로47길 55,37.575678,126.812889,무더위쉼터(도로명주소 일치)
주민센터/도서관(공공도서관)/도서관(작은도서관),"방화3동 주민센터, 길꽃어린이도서관, 방그리나작은도서관",서울특별시 강서구 방화3동주민센터,3,서울특별시 강서구 금낭화로24길 5,37.578655,126.813864,무더위쉼터(도로명주소 일치)
경로당,동성(아),서울특별시 강서구 방화7단지동성아파트105동,1,강서구 금낭화로23길 8,37.579603,126.812182,무더위쉼터(도로명주소 일치)
경로당,개화(아),서울특별시 강서구 방화동,1,강서구 금낭화로 167,37.580638,126.812495,무더위쉼터(도로명주소 일치)
경로당,능말,서울특별시 강서구 방화동,1,강서구 금낭화로19길 7-3,37.5754732,126.8114118,무더위쉼터(도로명주소 일치)
경로당,방신서광(아),서울특별시 강서구 방화동,1,강서구 양천로14길 17,37.572022,126.810706,무더위쉼터(도로명주소 일치)
경로당,방화,서울특별시 강서구 방화동,1,강서구 개화동로23길 26,37.5666716,126.8070831,무더위쉼터(도로명주소 일치)
경로당,방화3차우림필유,서울특별시 강서구 방화동,1,강서구 양천로14길 118,37.568223,126.808085,무더위쉼터(도로명주소 일치)
경로당,방화5단지(아),서울특별시 강서구 방화동,1,강서구 금낭화로 287-19,37.577175,126.810148,무더위쉼터(도로명주소 일치)
경로당,방화6단지(아),서울특별시 강서구 방화동,1,강서구 금낭화로23길 25,37.5779,126.8109,무더위쉼터(도로명주소 일치)
경로당,방화9단지(아),서울특별시 강서구 방화동,1,강서구 양천로11길 57,37.574991,126.8075627,무더위쉼터(도로명주소 일치)
경로당,방화구립,서울특별시 강서구 방화동,1,강서구 방화대로37길 47-5,37.5698,126.8139,무더위쉼터(도로명주소 일치)
경로당,방화동신안네트빌(아),서울특별시 강서구 방화동,1,강서구 양천로14길 37,37.571059,126.810175,무더위쉼터(도로명주소 일치)
경로당,방화진로(아),서울특별시 강서구 방화동,1,강서구 금낭화로 258,37.576976,126.808473,무더위쉼터(도로명주소 일치)
경로당,복종,서울특별시 강서구 방화동,1,강서구 양천로7길 11,37.5734111,126.8077332,무더위쉼터(도로명주소 일치)
경로당,삼익삼환(방화4단지)(아),서울특별시 강서구 방화동,1,강서구 방화대로47가길 22,37.577001,126.814664,무더위쉼터(도로명주소 일치)
경로당,일심,서울특별시 강서구 방화동,1,강서구 방화대로 297-9,37.5668749,126.8160011,무더위쉼터(도로명주소 일치)
경로당,장미(방화1단지)(아),서울특별시 강서구 방화동,1,강서구 양천로 125,37.574242,126.817431,무더위쉼터(도로명주소 일치)
경로당,현대(아),서울특별시 강서구 방화동,1,강서구 방화대로37길 26,37.570374,126.814306,무더위쉼터(도로명주소 일치)
경로당/도서관(작은도서관),"방화11단지복지관(장수)경로당, 꿈자람책놀이터작은도서관",서울특별시 강서구 방화동,2,강서구 개화동로21길 4,37.5694,126.806,무더위쉼터(도로명주소 일치)
경로당/도서관(작은도서관),"상록수(아), 방화2종합사회복지관(우정), 해뜰작은도서관",서울특별시 강서구 방화동,3,강서구 방화대로48길 40,37.574836,126.819511,무더위쉼터(도로명주소 일치)
보건소,방화보건지소,서울특별시 강서구 방화동,1,"서울특별시 강서구 금낭화로 162 (방화동, 방화 메이빌 아파트) 1층",37.5795791,126.8139842,ArcGIS 지오코딩(주소 지점 일치)
주민센터,방화2동 주민센터,서울특별시 강서구 방화동,1,서울특별시 강서구 개화동로21길 52,37.5715,126.8054,무더위쉼터(도로명주소 일치)
경로당,보람더하임(아),서울특별시 강서구 보람더하임 103동,1,강서구 양천로 666,37.55147,126.870145,무더위쉼터(도로명주소 일치)
경로당,부영(아),서울특별시 강서구 부영아파트 상가동,1,강서구 강서로56나길 110,37.563027,126.843619,무더위쉼터(도로명주소 일치)
경로당,삼성꽃마을(아),서울특별시 강서구 삼성꽃마을아파트102동,1,강서구 양천로18길 27,37.572339,126.81333,무더위쉼터(도로명주소 일치)
주민센터/도서관(공공도서관)/도서관(작은도서관),"화곡4동 주민센터, 강서영어도서관, 볏고을작은도서관",서울특별시 강서구 시립청소년수련관및 화곡4동주민자치센터,3,서울특별시 강서구 곰달래로57가길 26,37.534562,126.860791,무더위쉼터(도로명주소 일치)
경로당,신동아(아),서울특별시 강서구 신동아아파트,1,강서구 양천로67길 32,37.554987,126.869448,무더위쉼터(도로명주소 일치)
경로당,강변(염창)한솔솔파크(아),서울특별시 강서구 염창동,1,강서구 양천로63길 38,37.55655,126.866527,무더위쉼터(도로명주소 일치)
경로당,강변힐스테이트(아) (강변 현대홈타운),서울특별시 강서구 염창동,1,강서구 양천로75길 19,37.551189,126.874225,무더위쉼터(도로명주소 일치)
경로당,관음삼성(아),서울특별시 강서구 염창동,1,강서구 양천로 656,37.552528,126.869124,무더위쉼터(도로명주소 일치)
경로당,금호타운(아),서울특별시 강서구 염창동,1,강서구 양천로 595,37.55636,126.864996,무더위쉼터(도로명주소 일치)
경로당,길훈(아),서울특별시 강서구 염창동,1,강서구 양천로65길 45,37.555831,126.867955,무더위쉼터(도로명주소 일치)
경로당,무학(아),서울특별시 강서구 염창동,1,강서구 양천로77길 45,37.551206,126.876577,무더위쉼터(도로명주소 일치)
경로당,벽산늘푸른,서울특별시 강서구 염창동,1,강서구 양천로63길 52,37.557779,126.865889,무더위쉼터(도로명주소 일치)
경로당,삼정그린코아(아),서울특별시 강서구 염창동,1,강서구 공항대로75길 30,37.547597,126.874403,무더위쉼터(도로명주소 일치)
경로당,염창,서울특별시 강서구 염창동,1,강서구 양천로73길 36,37.5517607,126.8736845,무더위쉼터(도로명주소 일치)
경로당,염창강변,서울특별시 강서구 염창동,1,강서구 양천로77길 58-25,37.5515226,126.8759032,무더위쉼터(도로명주소 일치)
경로당,염창우성1차(아),서울특별시 강서구 염창동,1,강서구 양천로67길 77,37.55555,126.870316,무더위쉼터(도로명주소 일치)
경로당,염창현대1차 (아),서울특별시 강서구 염창동,1,강서구 양천로75길 57,37.552847,126.875306,무더위쉼터(도로명주소 일치)
경로당,증미,서울특별시 강서구 염창동,1,강서구 양천로 603-7,37.5557013,126.8657014,무더위쉼터(도로명주소 일치)
경로당,한화꿈에그린(아),서울특별시 강서구 염창동,1,강서구 공항대로75길 17,37.548073,126.87329,무더위쉼터(도로명주소 일치)
보건소,강서구보건소,서울특별시 강서구 염창동,1,"서울특별시 강서구 공항대로 561 (염창동, 강서보건소) 강서구보건소",37.5496484,126.8682802,ArcGIS 지오코딩(주소 지점 일치)
주민센터/도서관(작은도서관),"염창동 주민센터, 아리향기작은도서관",서울특별시 강서구 염창동,2,서울특별시 강서구 양천로67가길 63,37.5537464,126.8709109,무더위쉼터(도로명주소 일치)
경로당,염창동아1차(아)청솔,서울특별시 강서구 염창동아아파트,1,강서구 양천로 69길 58,37.555319,126.87302,무더위쉼터(도로명주소 일치)
경로당,신광명,서울특별시 강서구 외발산동,1,강서구 남부순환로19길 105,37.546867,126.822902,무더위쉼터(도로명주소 일치)
주민센터/도서관(공공도서관),"우장산동 주민센터, 우장산숲속도서관",서울특별시 강서구 우장산동주민센터,2,서울특별시 강서구 우현로 34,37.548302,126.84192,무더위쉼터(도로명주소 일치)
경로당,우장산숲아이파크(아),서울특별시 강서구 우장산숲아이파크 107동,1,강서구 화곡로31다길 20,37.544494,126.841858,무더위쉼터(도로명주소 일치)
경로당,우장산아이파크 e-편한세상,서울특별시 강서구 우장산아이파크이편한세상아파트 127동,1,강서구 강서로 266,37.549988,126.836967,무더위쉼터(도로명주소 일치)
경로당,방화동e-편한세상(아),서울특별시 강서구 이편한세상아파트103동,1,강서구 양천로6길 57,37.570101,126.808183,무더위쉼터(도로명주소 일치)
경로당,태영송화(아),서울특별시 강서구 태영송화아파트 상가동,1,강서구 공항대로61길 60,37.553523,126.867442,무더위쉼터(도로명주소 일치)
경로당,염창한강동아(아) (동아2차),서울특별시 강서구 한강동아아파트,1,강서구 양천로 73길 80,37.553919,126.873884,무더위쉼터(도로명주소 일치)
경로당,한강타운(아),서울특별시 강서구 한강아파트 106동,1,강서구 허준로 23,37.571364,126.844981,무더위쉼터(도로명주소 일치)
경로당,거성,서울특별시 강서구 화곡동,1,강서구 초록마을로 65,37.5427671,126.8499746,무더위쉼터(도로명주소 일치)
경로당,골안말,서울특별시 강서구 화곡동,1,강서구 곰달래로45길 17,37.5333119,126.856048,무더위쉼터(도로명주소 일치)
경로당,곰달래,서울특별시 강서구 화곡동,1,강서구 월정로20길 38,37.529633,126.8407227,무더위쉼터(도로명주소 일치)
경로당,구립예촌,서울특별시 강서구 화곡동,1,강서구 곰달래로 83-1,37.5304029,126.842165,무더위쉼터(도로명주소 일치)
경로당,무지개,서울특별시 강서구 화곡동,1,강서구 곰달래로57가길 19,37.5340486,126.8608809,무더위쉼터(도로명주소 일치)
경로당,봉바위,서울특별시 강서구 화곡동,1,강서구 강서로34길 34,37.543202,126.841371,무더위쉼터(도로명주소 일치)
경로당,수명,서울특별시 강서구 화곡동,1,강서구 화곡로15길 18,37.5408687,126.834343,무더위쉼터(도로명주소 일치)
경로당,신곡,서울특별시 강서구 화곡동,1,강서구 곰달래로49길 130,37.5366873,126.8544826,무더위쉼터(도로명주소 일치)
경로당,안골,서울특별시 강서구 화곡동,1,강서구 강서로18아길 15-9,37.5360294,126.8507451,무더위쉼터(도로명주소 일치)
경로당,약수,서울특별시 강서구 화곡동,1,강서구 초록마을로32길 32,37.5380028,126.8475012,무더위쉼터(도로명주소 일치)
경로당,연지,서울특별시 강서구 화곡동,1,강서구 화곡로 58길 30-7,37.552416,126.852646,무더위쉼터(도로명주소 일치)
경로당,우장산,서울특별시 강서구 화곡동,1,강서구 화곡로53길 56-10,37.552023,126.8464445,무더위쉼터(도로명주소 일치)
경로당,우장산SK뷰(아),서울특별시 강서구 화곡동,1,강서구 우현로 26,37.548132,126.843108,무더위쉼터(도로명주소 일치)
경로당,일심,서울특별시 강서구 화곡동,1,강서구 곰달래로30길 14,37.5302272,126.8514336,무더위쉼터(도로명주소 일치)
경로당,중앙,서울특별시 강서구 화곡동,1,강서구 화곡로44가길 52-4,37.5497762,126.8489572,무더위쉼터(도로명주소 일치)
경로당,태영방송인(아),서울특별시 강서구 화곡동,1,강서구 등촌로13자길 74,37.537459,126.853791,무더위쉼터(도로명주소 일치)
경로당,푸른,서울특별시 강서구 화곡동,1,강서구 강서로45다길 74,37.5446583,126.8347482,무더위쉼터(도로명주소 일치)
경로당,하마터,서울특별시 강서구 화곡동,1,강서구 곰달래로36길 22,37.5300881,126.8537633,무더위쉼터(도로명주소 일치)
경로당,해태,서울특별시 강서구 화곡동,1,강서구 강서로7길 28,37.529984,126.846165,무더위쉼터(도로명주소 일치)
경로당,화곡,서울특별시 강서구 화곡동,1,강서구 강서로12길 15-10,37.532109,126.8477528,무더위쉼터(도로명주소 일치)
경로당,화곡대림(아),서울특별시 강서구 화곡동,1,강서구 월정로 160,37.533759,126.837639,무더위쉼터(도로명주소 일치)
경로당,화촌,서울특별시 강서구 화곡동,1,강서구 까치산로4길 30-21,37.5407,126.8445,무더위쉼터(도로명주소 일치)
경로당,화친,서울특별시 강서구 화곡동,1,강서구 강서로8길 203,37.5311046,126.8594132,무더위쉼터(도로명주소 일치)
경로당/도서관(작은도서관),"공원, 솔뫼작은도서관",서울특별시 강서구 화곡동,2,강서구 가로공원로77길 30,37.5380244,126.8385209,무더위쉼터(도로명주소 일치)
주민센터/도서관(작은도서관),"화곡1동 주민센터, 꿈터작은도서관",서울특별시 강서구 화곡동,2,서울특별시 강서구 곰달래로 79,37.5304289,126.8415696,무더위쉼터(도로명주소 일치)
주민센터/도서관(작은도서관),"화곡2동 주민센터, 옹달샘작은도서관",서울특별시 강서구 화곡동,2,서울특별시 강서구 곰달래로37길 13,37.5318516,126.854548,무더위쉼터(도로명주소 일치)
주민센터/도서관(작은도서관),"화곡3동 주민센터, 책마루작은도서관",서울특별시 강서구 화곡동,2,서울특별시 강서구 강서로33가길 17,37.5425588,126.8384421,무더위쉼터(도로명주소 일치)
주민센터/도서관(작은도서관),"화곡8동 주민센터, 배다리작은도서관",서울특별시 강서구 화곡동,2,서울특별시 강서구 곰달래로25길 45,37.5327177,126.8483058,무더위쉼터(도로명주소 일치)
주민센터/도서관(작은도서관),"화곡본동 주민센터, 초록향기작은도서관",서울특별시 강서구 화곡동,2,서울특별시 강서구 초록마을로5길 29,37.5440288,126.8476296,무더위쉼터(도로명주소 일치)
주민센터,화곡6동 주민센터,서울특별시 강서구 화곡제6동,1,서울특별시 강서구 공항대로46길 105,37.551549,126.850965,무더위쉼터(도로명주소 일치)
도서관(공공도서관),"관악중앙도서관, 관악중앙도서관 U-도서관",서울특별시 관악구,2,서울특별시 관악구 신림로3길 35,37.4675977,126.9448709,전국도서관표준데이터
도서관(공공도서관),글빛정보도서관,서울특별시 관악구,1,서울특별시 관악구 관악로 30길 23,37.486252,126.959668,전국도서관표준데이터
도서관(공공도서관),낙성대역 U-도서관,서울특별시 관악구,1,서울특별시 관악구 남부순환로 1928,37.4770652,126.96341,전국도서관표준데이터
도서관(공공도서관),당곡역 U-도서관,서울특별시 관악구,1,서울특별시 관악구 보라매로 6,37.4898906,126.9277181,전국도서관표준데이터
도서관(공공도서관),봉천역 U-도서관,서울특별시 관악구,1,서울특별시 관악구 남부순환로 1721,37.4821274,126.9420194,전국도서관표준데이터
도서관(공공도서관),서울대벤처타운역 U-도서관,서울특별시 관악구,1,서울특별시 관악구 신림로 144,37.4720872,126.9339012,전국도서관표준데이터
도서관(공공도서관),서울대입구역 U-도서관,서울특별시 관악구,1,서울특별시 관악구 남부순환로 1822,37.4811527,126.9526451,전국도서관표준데이터
도서관(공공도서관),성현동작은도서관,서울특별시 관악구,1,서울특별시 관악구 관악로 37길 56,37.487313,126.9561835,전국도서관표준데이터
도서관(공공도서관),신림역 U-도서관,서울특별시 관악구,1,서울특별시 관악구 남부순환로 1614,37.484224,126.9298033,전국도서관표준데이터
도서관(작은도서관),낙성대공원도서관,서울특별시 관악구,1,서울특별시 관악구 낙성대로 77,37.4719721,126.959371,전국도서관표준데이터
도서관(작은도서관),봉현작은도서관,서울특별시 관악구,1,서울특별시 관악구 관악로 255-7,37.4872143,126.956625,전국도서관표준데이터
도서관(작은도서관),삼성작은도서관,서울특별시 관악구,1,서울특별시 관악구 호암로 520,37.4641155,126.931802,전국도서관표준데이터
도서관(작은도서관),신원동 울타리작은도서관,서울특별시 관악구,1,서울특별시 관악구 신원로3길 13,37.4816106,126.927333,전국도서관표준데이터
도서관(작은도서관),은천동 한울작은도서관,서울특별시 관악구,1,서울특별시 관악구 은천로9길 20,37.4870806,126.9409749,전국도서관표준데이터
도서관(작은도서관),청룡작은도서관,서울특별시 관악구,1,서울특별시 관악구 청룡9길 12-39,37.478018,126.946457,전국도서관표준데이터
경로당,관수경로당,서울특별시 관악구 남현동,1,서울특별시 관악구 승방3나길 14(남현동 602-196),37.47288,126.98054,무더위쉼터(도로명주소 일치)
경로당,관악정경로당,서울특별시 관악구 남현동,1,서울특별시 관악구 과천대로 851(남현동 산100-14),37.46741,126.9862678,ArcGIS 지오코딩(주소 지점 일치)
경로당,예촌경로당,서울특별시 관악구 남현동,1,서울특별시 관악구 남현길 41(남현동 1083-1),37.4745367,126.9768906,무더위쉼터(도로명주소 일치)
주민센터/도서관(작은도서관),"남현동 주민센터, 남현동 우리작은도서관",서울특별시 관악구 남현동,2,서울특별시 관악구 남현1가길 29,37.4746879,126.9778753,무더위쉼터(도로명주소 일치)
경로당,e편한세상서울대입구(아)경로당,서울특별시 관악구 봉천동,1,"서울특별시 관악구 청룡16길 43, 207동",37.476326,126.943169,무더위쉼터(도로명주소 일치)
경로당,e편한세상서울대입구2차(아)경로당,서울특별시 관악구 봉천동,1,"서울특별시 관악구 참숯1길 19, 509동",37.477937,126.942371,무더위쉼터(도로명주소 일치)
경로당,갑을(아)경로당,서울특별시 관악구 봉천동,1,서울특별시 관악구 관악로5길 42(봉천동 1700),37.47511,126.95212,무더위쉼터(도로명주소 일치)
경로당,건영6차(아)경로당,서울특별시 관악구 봉천동,1,서울특별시 관악구 관악로 133(봉천동 1701),37.477299,126.951713,무더위쉼터(시설명 일치)
경로당,관악동부센트레빌(아)경로당,서울특별시 관악구 봉천동,1,서울특별시 관악구 은천로33길 5(봉천동 1719),37.487388,126.950794,무더위쉼터(도로명주소 일치)
경로당,관악드림타운(아)경로당,서울특별시 관악구 봉천동,1,서울특별시 관악구 성현로 80(봉천동 1712),37.489744,126.950163,무더위쉼터(도로명주소 일치)
경로당,관악드림타운2단지(아)경로당,서울특별시 관악구 봉천동,1,서울특별시 관악구 구암길 106(봉천동 1712-1),37.491697,126.948056,무더위쉼터(도로명주소 일치)
경로당,관악파크푸르지오(아)경로당,서울특별시 관악구 봉천동,1,서울특별시 관악구 행운10길 21(봉천동 1728),37.482901,126.961402,무더위쉼터(도로명주소 일치)
경로당,관악푸르지오삼오경로당,서울특별시 관악구 봉천동,1,"서울특별시 관악구 청림5길 28, 201동(봉천동 1717-1)",37.490059,126.960183,무더위쉼터(도로명주소 일치)
경로당,관악현대(아)경로당,서울특별시 관악구 봉천동,1,서울특별시 관악구 관악로 304(봉천동 1000),37.4929,126.958714,무더위쉼터(도로명주소 일치)
경로당,구암경로당,서울특별시 관악구 봉천동,1,서울특별시 관악구 은천로23길 19(봉천동 480-111),37.4876868,126.9480782,무더위쉼터(도로명주소 일치)
경로당,국사봉경로당,서울특별시 관악구 봉천동,1,서울특별시 관악구 은천로15길 13-2(봉천동 622-70),37.487504,126.943705,무더위쉼터(도로명주소 일치)
경로당,국지경로당,서울특별시 관악구 봉천동,1,서울특별시 관악구 국회단지21길 14(봉천동 635-68),37.49026,126.941507,무더위쉼터(도로명주소 일치)
경로당,낙성대현대(아)경로당,서울특별시 관악구 봉천동,1,서울특별시 관악구 남부순환로248길 56(봉천동 181-6),37.472371,126.965824,무더위쉼터(도로명주소 일치)
경로당,당곡경로당,서울특별시 관악구 봉천동,1,서울특별시 관악구 당곡6길 37(봉천동 717-17),37.4922219,126.9294321,무더위쉼터(도로명주소 일치)
경로당,덕양경로당,서울특별시 관악구 봉천동,1,서울특별시 관악구 인헌4길 20(봉천동 1637-13),37.474825,126.965907,무더위쉼터(도로명주소 일치)
경로당,덕진경로당,서울특별시 관악구 봉천동,1,서울특별시 관악구 남부순환로234길 37(봉천동 1621-23),37.4777001,126.956821,무더위쉼터(도로명주소 일치)
경로당,두산(아)1단지경로당,서울특별시 관악구 봉천동,1,서울특별시 관악구 봉천로 387(봉천동 1708),37.48455,126.942801,무더위쉼터(도로명주소 일치)
경로당,두산(아)2단지경로당,서울특별시 관악구 봉천동,1,서울특별시 관악구 은천로 86(봉천동 1708-1),37.484527,126.942895,무더위쉼터(도로명주소 일치)
경로당,두산(아)임대3단지경로당,서울특별시 관악구 봉천동,1,서울특별시 관악구 양녕로 31(봉천동 1708-2),37.485155,126.945793,무더위쉼터(도로명주소 일치)
경로당,반석푸른숲(아)경로당,서울특별시 관악구 봉천동,1,"서울특별시 관악구 인헌16다길 14, 301동(봉천동 1723)",37.468692,126.965627,무더위쉼터(도로명주소 일치)
경로당,밤골경로당,서울특별시 관악구 봉천동,1,서울특별시 관악구 인헌3가길 8(봉천동 1642-4),37.4739,126.967356,무더위쉼터(도로명주소 일치)
경로당,백설경로당,서울특별시 관악구 봉천동,1,서울특별시 관악구 관악로6길 50(봉천동 1606-11),37.476247,126.953496,무더위쉼터(도로명주소 일치)
경로당,"벽산블루밍(아)2단지경로당, 벽산블루밍(아)1단지경로당",서울특별시 관악구 봉천동,2,"서울특별시 관악구 은천로 93, 2단지(봉천동 1718)",37.489382,126.944799,무더위쉼터(도로명주소 일치)
경로당,벽산블루밍(아)3단지경로당,서울특별시 관악구 봉천동,1,서울특별시 관악구 양녕로 117(봉천동 1718-1),37.4920548,126.9426935,무더위쉼터(도로명주소 일치)
경로당,벽산블루밍3차(아)경로당,서울특별시 관악구 봉천동,1,서울특별시 관악구 은천로15길 24(봉천동 1720),37.488413,126.944437,무더위쉼터(도로명주소 일치)
경로당,보라매경로당,서울특별시 관악구 봉천동,1,서울특별시 관악구 봉천로21길 35(봉천동 662-109),37.4884691,126.9340672,무더위쉼터(도로명주소 일치)
경로당,보라매삼성(아)경로당,서울특별시 관악구 봉천동,1,서울특별시 관악구 보라매로 62(봉천동 1698-1),37.494287,126.928062,무더위쉼터(도로명주소 일치)
경로당,봉천벽산(아)2차경로당,서울특별시 관악구 봉천동,1,서울특별시 관악구 구암5가길 49(봉천동 1716),37.4925,126.946086,무더위쉼터(도로명주소 일치)
경로당,"봉천우성(아) 109,110동경로당",서울특별시 관악구 봉천동,1,서울특별시 관악구 관악로30길 40(봉천동 1706-1),37.4851173,126.9615854,ArcGIS 지오코딩(주소 지점 일치)
경로당,봉천우성(아)경로당,서울특별시 관악구 봉천동,1,서울특별시 관악구 관악로30길 12(봉천동 1706),37.4860876,126.958509,ArcGIS 지오코딩(주소 지점 일치)
경로당,삼성(아)경로당,서울특별시 관악구 봉천동,1,서울특별시 관악구 관악로 125(봉천동 1591-2),37.476414,126.951812,무더위쉼터(도로명주소 일치)
경로당,서울대입구아이원(아)경로당,서울특별시 관악구 봉천동,1,서울특별시 관악구 청룡길 78(봉천동 1560-61),37.4782,126.945413,무더위쉼터(도로명주소 일치)
경로당,성현경로당,서울특별시 관악구 봉천동,1,서울특별시 관악구 은천로35길 40-3(봉천동 41-34),37.488021,126.954203,무더위쉼터(도로명주소 일치)
경로당,성현동아(아)1단지경로당,서울특별시 관악구 봉천동,1,"서울특별시 관악구 관악로 285, 107동 앞(봉천동 1703)",37.489467,126.954374,무더위쉼터(도로명주소 일치)
경로당,성현동아(아)2단지경로당,서울특별시 관악구 봉천동,1,서울특별시 관악구 관악로37길 20(봉천동 1703-1),37.4879609,126.9562429,무더위쉼터(도로명주소 일치)
경로당,송현경로당,서울특별시 관악구 봉천동,1,서울특별시 관악구 장군봉1길 45-6(봉천동 927-22),37.481889,126.942473,무더위쉼터(도로명주소 일치)
경로당,신봉(아)경로당,서울특별시 관악구 봉천동,1,서울특별시 관악구 양녕로6나길 18(봉천동 1705),37.484922,126.949602,무더위쉼터(도로명주소 일치)
경로당,원당경로당,서울특별시 관악구 봉천동,1,서울특별시 관악구 남부순환로247다길 60(봉천동 148-145),37.47869,126.964054,무더위쉼터(도로명주소 일치)
경로당,월드경로당,서울특별시 관악구 봉천동,1,서울특별시 관악구 관악로28길 80(봉천동 1724),37.483525,126.9591454,ArcGIS 지오코딩(주소 지점 일치)
경로당,은천2단지(아)경로당,서울특별시 관악구 봉천동,1,서울특별시 관악구 인헌12길 46-1(봉천동 1707-1),37.470365,126.96477,무더위쉼터(도로명주소 일치)
경로당,은천경로당,서울특별시 관악구 봉천동,1,서울특별시 관악구 봉천로27길 45(봉천동 936-6),37.485758,126.940835,무더위쉼터(도로명주소 일치)
경로당,인헌(아)경로당,서울특별시 관악구 봉천동,1,서울특별시 관악구 낙성대로15길 66(봉천동 1725),37.468064,126.962555,무더위쉼터(도로명주소 일치)
경로당,인헌경로당,서울특별시 관악구 봉천동,1,서울특별시 관악구 낙성대역3길 6-6(봉천동 1709-5),37.4758529,126.9618197,무더위쉼터(도로명주소 일치)
경로당,장수경로당,서울특별시 관악구 봉천동,1,서울특별시 관악구 양녕로6다길 11-4(봉천동 1512-9),37.484464,126.949368,무더위쉼터(도로명주소 일치)
경로당,중앙경로당,서울특별시 관악구 봉천동,1,서울특별시 관악구 은천로26길 14(봉천동 457-208),37.4859292,126.9504127,무더위쉼터(도로명주소 일치)
경로당,청림경로당,서울특별시 관악구 봉천동,1,서울특별시 관악구 청림2길 37(봉천동 15-41),37.4866666,126.9582866,무더위쉼터(도로명주소 일치)
경로당,푸르지오(아)경로당,서울특별시 관악구 봉천동,1,서울특별시 관악구 관악로30길 27(봉천동 1717),37.486668,126.960168,무더위쉼터(도로명주소 일치)
도서관(작은도서관)/보건소,"용꿈꾸는 작은도서관, 관악구보건소",서울특별시 관악구 봉천동,2,서울특별시 관악구 관악로 145,37.4782107,126.9515012,전국도서관표준데이터
보건소,관악구보건지소,서울특별시 관악구 봉천동,1,"서울특별시 관악구 봉천로 279-7 (봉천동, 관악구보건지소) 관악구보건지소",37.4881573,126.9324783,ArcGIS 지오코딩(주소 지점 일치)
주민센터/도서관(공공도서관),"은천동 주민센터, 은천동작은도서관",서울특별시 관악구 봉천동,2,서울특별시 관악구 봉천로33나길 30,37.4853115,126.9424147,무더위쉼터(도로명주소 일치)
주민센터/도서관(작은도서관),"낙성대동 주민센터, 낙성동 우듬지작은도서관",서울특별시 관악구 봉천동,2,서울특별시 관악구 낙성대로4가길 5,37.4763038,126.9584068,무더위쉼터(도로명주소 일치)
주민센터/도서관(작은도서관),"보라매동 주민센터, 보라매동 다사랑작은도서관",서울특별시 관악구 봉천동,2,서울특별시 관악구 봉천로 279-8,37.4881672,126.9328046,무더위쉼터(도로명주소 일치)
주민센터/도서관(작은도서관),"성현동 주민센터, 성현동 파랑새작은도서관",서울특별시 관악구 봉천동,2,서울특별시 관악구 구암길 38,37.4895134,126.9481771,무더위쉼터(도로명주소 일치)
주민센터/도서관(작은도서관),"인헌동 주민센터, 인헌동 보물섬 작은도서관",서울특별시 관악구 봉천동,2,서울특별시 관악구 남부순환로246가길 20,37.475118,126.965331,무더위쉼터(도로명주소 일치)
주민센터/도서관(작은도서관),"중앙동 주민센터, 중앙동 새싹작은도서관",서울특별시 관악구 봉천동,2,서울특별시 관악구 양녕로6다길 7,37.4841932,126.9497545,무더위쉼터(도로명주소 일치)
주민센터/도서관(작은도서관),"청룡동 주민센터, 청룡동 숯고을작은도서관",서울특별시 관악구 봉천동,2,서울특별시 관악구 쑥고개로 44,37.4791345,126.9416233,무더위쉼터(도로명주소 일치)
주민센터/도서관(작은도서관),"청림동 주민센터, 청림동 푸른숲작은도서관",서울특별시 관악구 봉천동,2,서울특별시 관악구 관악로40길 39,37.4918447,126.9585971,무더위쉼터(도로명주소 일치)
주민센터/도서관(작은도서관),"행운동 주민센터, 행운동 마루작은도서관",서울특별시 관악구 봉천동,2,서울특별시 관악구 행운1길 43,37.4806676,126.9570315,무더위쉼터(도로명주소 일치)
경로당,일선경로당,서울특별시 관악구 봉천동1587,1,서울특별시 관악구 쑥고개로26길 24(봉천동1587-7),37.4778233,126.9495272,무더위쉼터(도로명주소 일치)
경로당,신창경로당,서울특별시 관악구 봉천동1675,1,"서울특별시 관악구 행운1길 12(봉천동1675-12, 1678-1)",37.479951,126.958589,무더위쉼터(도로명주소 일치)
경로당,행운경로당,서울특별시 관악구 봉천동1724,1,서울특별시 관악구 행운9길 34(봉천동1724-2),37.483375,126.959638,무더위쉼터(도로명주소 일치)
경로당,만수경로당,서울특별시 관악구 봉천동9,1,"서울특별시 관악구 청림1길 9-1, 호광연립 101호(봉천동9-5)",37.48883,126.9582049,ArcGIS 지오코딩(주소 지점 일치)
경로당,강남경로당,서울특별시 관악구 신림동,1,서울특별시 관악구 조원로4길 24(신림동 1657-3),37.4823368,126.9047018,무더위쉼터(도로명주소 일치)
경로당,건영1차(아)경로당,서울특별시 관악구 신림동,1,서울특별시 관악구 문성로 74(신림동 746-43),37.476314,126.912322,무더위쉼터(도로명주소 일치)
경로당,건영2차(아)경로당,서울특별시 관악구 신림동,1,서울특별시 관악구 난곡로35길 28-7(신림동 721-2),37.47072,126.916847,무더위쉼터(도로명주소 일치)
경로당,건영3차(아)경로당,서울특별시 관악구 신림동,1,서울특별시 관악구 신림로3길 40(신림동 1703-1),37.4670254,126.9425381,ArcGIS 지오코딩(주소 지점 일치)
경로당,국제산장(아)경로당,서울특별시 관악구 신림동,1,서울특별시 관악구 호암로 417(신림동 1693),37.460816,126.928037,무더위쉼터(도로명주소 일치)
경로당,국회단지경로당,서울특별시 관악구 신림동,1,서울특별시 관악구 난향9길 59-1(신림동 675-330),37.460303,126.91497,무더위쉼터(도로명주소 일치)
경로당,난곡경로당,서울특별시 관악구 신림동,1,서울특별시 관악구 난곡로31길 38(신림동 712-7),37.4704392,126.918345,무더위쉼터(도로명주소 일치)
경로당,난향경로당,서울특별시 관악구 신림동,1,서울특별시 관악구 난곡로9길 29-2(신림동 679-6),37.4640432,126.9181334,무더위쉼터(도로명주소 일치)
경로당,대우신림2차푸르지오(아)경로당,서울특별시 관악구 신림동,1,"서울특별시 관악구 난곡로 66, 102동(신림동 1736)",37.4612256,126.9195197,ArcGIS 지오코딩(주소 지점 일치)
경로당,대학경로당,서울특별시 관악구 신림동,1,서울특별시 관악구 대학12길 16,37.466638,126.9369878,무더위쉼터(도로명주소 일치)
경로당,돌샘경로당,서울특별시 관악구 신림동,1,"서울특별시 관악구 호암로18나길 5, 지하1층(신림동 306-12외1)",37.4652907,126.9328739,무더위쉼터(도로명주소 일치)
경로당,동부(아)경로당,서울특별시 관악구 신림동,1,서울특별시 관악구 신원로 26(신림동 1695),37.480546,126.929185,무더위쉼터(도로명주소 일치)
경로당,라이프(아)경로당,서울특별시 관악구 신림동,1,서울특별시 관악구 문성로 86(신림동 1700),37.4771351,126.9131591,ArcGIS 지오코딩(주소 지점 일치)
경로당,무궁화경로당,서울특별시 관악구 신림동,1,서울특별시 관악구 난곡로26다길 17(신림동 646-7),37.4700094,126.9245169,무더위쉼터(도로명주소 일치)
경로당,미성경로당,서울특별시 관악구 신림동,1,서울특별시 관악구 난곡로58길 11(신림동 1566-35),37.4800566,126.9157435,무더위쉼터(도로명주소 일치)
경로당,법원경로당,서울특별시 관악구 신림동,1,서울특별시 관악구 법원단지25길 15(신림동 610-47),37.4758019,126.922893,무더위쉼터(도로명주소 일치)
경로당,삼성경로당,서울특별시 관악구 신림동,1,서울특별시 관악구 난곡로63가길 47(신림동 1476-33),37.478851,126.91451,무더위쉼터(도로명주소 일치)
경로당,삼성산주공(아)경로당,서울특별시 관악구 신림동,1,서울특별시 관악구 호암로 399(신림동 1714),37.462468,126.926031,무더위쉼터(도로명주소 일치)
경로당,새들경로당,서울특별시 관악구 신림동,1,서울특별시 관악구 관천로20길 43(신림동 1451-8),37.4884242,126.9250784,무더위쉼터(도로명주소 일치)
경로당,색동경로당,서울특별시 관악구 신림동,1,서울특별시 관악구 신림로70길 74(신림동 1418-1),37.486588,126.932576,무더위쉼터(도로명주소 일치)
경로당,서광경로당,서울특별시 관악구 신림동,1,"서울특별시 관악구 참숯5길 38(신림동 1564-64, 1564-78)",37.4761071,126.9417476,무더위쉼터(도로명주소 일치)
경로당,서원경로당,서울특별시 관악구 신림동,1,서울특별시 관악구 서원3길 10(신림동 409-26),37.476832,126.933228,무더위쉼터(도로명주소 일치)
경로당,성우(아)경로당,서울특별시 관악구 신림동,1,서울특별시 관악구 남부순환로198길 7(신림동 10-622),37.48367,126.937285,무더위쉼터(도로명주소 일치)
경로당,신관경로당,서울특별시 관악구 신림동,1,서울특별시 관악구 신림로48길 25(신림동 91-50),37.479402,126.933451,무더위쉼터(도로명주소 일치)
경로당,신도브래뉴(아)경로당,서울특별시 관악구 신림동,1,서울특별시 관악구 조원로16길 12(신림동 1723),37.4837,126.9106311,ArcGIS 지오코딩(주소 지점 일치)
경로당,신림9현대(아)경로당,서울특별시 관악구 신림동,1,서울특별시 관악구 대학20길 27(신림동 255-189),37.4638864,126.9368052,ArcGIS 지오코딩(주소 지점 일치)
경로당,신림SH빌(아)경로당,서울특별시 관악구 신림동,1,서울특별시 관악구 난곡로 80(신림동 1736-1),37.46242,126.919834,무더위쉼터(도로명주소 일치)
경로당,신림동벽산블루밍(아)경로당,서울특별시 관악구 신림동,1,서울특별시 관악구 호암로 519(신림동 1733),37.463855,126.931375,무더위쉼터(도로명주소 일치)
경로당,신림동부센트레빌(아)경로당,서울특별시 관악구 신림동,1,서울특별시 관악구 미성3길 16(신림동 1734),37.473138,126.916342,무더위쉼터(도로명주소 일치)
경로당,신림서초(아)경로당,서울특별시 관악구 신림동,1,서울특별시 관악구 호암로16길 5(신림동 1724),37.46373,126.932083,무더위쉼터(도로명주소 일치)
경로당,신림쌍용(아)경로당,서울특별시 관악구 신림동,1,서울특별시 관악구 미성길 122(신림동 1686),37.4718634,126.9114237,ArcGIS 지오코딩(주소 지점 일치)
경로당,신림우방(아)경로당,서울특별시 관악구 신림동,1,서울특별시 관악구  관천로27길 2(신림동 1715),37.488473,126.918655,무더위쉼터(도로명주소 일치)
경로당,신림푸르지오(아)경로당,서울특별시 관악구 신림동,1,서울특별시 관악구 남부순환로 1430(신림동 1730),37.479141,126.910549,무더위쉼터(도로명주소 일치)
경로당,신림현대(아)경로당,서울특별시 관악구 신림동,1,"서울특별시 관악구 신림로29길 8, 104동 뒤편(신림동 1694)",37.4753021,126.9306153,ArcGIS 지오코딩(주소 지점 일치)
경로당,신본경로당,서울특별시 관악구 신림동,1,서울특별시 관악구 남부순환로200다길 7(신림동 1510-6),37.4825952,126.9364927,무더위쉼터(도로명주소 일치)
경로당,신사경로당,서울특별시 관악구 신림동,1,서울특별시 관악구 조원로 151-1(신림동 480-21),37.4859096,126.9191148,무더위쉼터(도로명주소 일치)
경로당,신원경로당,서울특별시 관악구 신림동,1,서울특별시 관악구 남부순환로170길 6 (신림동 1581-6),37.48269,126.924382,무더위쉼터(도로명주소 일치)
경로당,약수경로당,서울특별시 관악구 신림동,1,서울특별시 관악구 미성길 123(신림동 733),37.471838,126.912226,무더위쉼터(도로명주소 일치)
경로당,어울림경로당,서울특별시 관악구 신림동,1,서울특별시 관악구 남부순환로149길 34-2(신림동 524-14),37.4835879,126.9154943,무더위쉼터(도로명주소 일치)
경로당,우림경로당,서울특별시 관악구 신림동,1,서울특별시 관악구 난곡로24가길 19-4(신림동 638-62),37.469943,126.921772,무더위쉼터(도로명주소 일치)
경로당,원신경로당,서울특별시 관악구 신림동,1,서울특별시 관악구 양지10길 15-1(신림동 368-8),37.47045,126.927994,무더위쉼터(도로명주소 일치)
경로당,임광관악파크(아)경로당,서울특별시 관악구 신림동,1,서울특별시 관악구 난곡로 167(신림동 1727),37.469681,126.919186,무더위쉼터(도로명주소 일치)
경로당,조원(아)경로당,서울특별시 관악구 신림동,1,서울특별시 관악구 조원로11길 24(신림동 1719),37.484295,126.907856,무더위쉼터(도로명주소 일치)
경로당,조원경로당,서울특별시 관악구 신림동,1,서울특별시 관악구 조원로 48(신림동 560-6),37.483492,126.907749,무더위쉼터(도로명주소 일치)
경로당,주공1단지(아)경로당,서울특별시 관악구 신림동,1,서울특별시 관악구 광신길 160(신림동 1704-1),37.465935,126.927911,무더위쉼터(도로명주소 일치)
경로당,주공2단지(아)경로당,서울특별시 관악구 신림동,1,서울특별시 관악구 광신길 86(신림동 1713),37.463915,126.926697,무더위쉼터(도로명주소 일치)
경로당,태흥(아)경로당,서울특별시 관악구 신림동,1,서울특별시 관악구 호암로 541(신림동 1698),37.466062,126.931009,무더위쉼터(도로명주소 일치)
경로당,행복경로당,서울특별시 관악구 신림동,1,서울특별시 관악구 신림로36길 12-10(신림동 94-115),37.4756227,126.9379322,무더위쉼터(도로명주소 일치)
경로당,힐스테이트뉴포레(아)경로당,서울특별시 관악구 신림동,1,"서울특별시 관악구 조원로 25, 103동 1층(신림동 1746)",37.484096,126.905399,무더위쉼터(도로명주소 일치)
경로당/도서관(작은도서관),"하난곡경로당, 하난곡작은도서관",서울특별시 관악구 신림동,2,서울특별시 관악구 난우10가길 20-7(신림동 597-96),37.476792,126.919933,무더위쉼터(도로명주소 일치)
주민센터,신원동 주민센터,서울특별시 관악구 신림동,1,서울특별시 관악구 신원로3길 13-6,37.481624,126.9274389,무더위쉼터(시설명 일치)
주민센터/도서관(공공도서관),"조원동 주민센터, 조원작은도서관",서울특별시 관악구 신림동,2,서울특별시 관악구 조원로12길 25,37.4825884,126.9078078,무더위쉼터(도로명주소 일치)
주민센터/도서관(작은도서관),"난곡동 주민센터, 난곡동 책사랑 작은도서관",서울특별시 관악구 신림동,2,서울특별시 관악구 난곡로30길 40,37.4710115,126.9216424,무더위쉼터(도로명주소 일치)
주민센터/도서관(작은도서관),"난향동 주민센터, 난향동 뜰안에작은도서관",서울특별시 관악구 신림동,2,서울특별시 관악구 난곡로 67,37.4615201,126.9188341,무더위쉼터(도로명주소 일치)
주민센터/도서관(작은도서관),"대학동 주민센터, 대학동 녹두작은도서관",서울특별시 관악구 신림동,2,서울특별시 관악구 신림로 111,37.470602,126.936964,무더위쉼터(도로명주소 일치)
주민센터/도서관(작은도서관),"미성동 주민센터, 미성동 책의향기작은도서관",서울특별시 관악구 신림동,2,서울특별시 관악구 난곡로 249,37.478226,126.916221,무더위쉼터(시설명 일치)
주민센터/도서관(작은도서관),"삼성동 주민센터, 삼성동 샛별작은도서관",서울특별시 관악구 신림동,2,서울특별시 관악구 호암로 589,37.470099,126.9329724,무더위쉼터(도로명주소 일치)
주민센터/도서관(작은도서관),"서림동 주민센터, 서림동 글사랑작은도서관",서울특별시 관악구 신림동,2,서울특별시 관악구 신림로29길 6,37.4749906,126.9349893,무더위쉼터(도로명주소 일치)
주민센터/도서관(작은도서관),"서원동 주민센터, 서원동 어울작은도서관",서울특별시 관악구 신림동,2,서울특별시 관악구 신림로 282,37.4797827,126.9312704,무더위쉼터(도로명주소 일치)
주민센터/도서관(작은도서관),"신림동 주민센터, 신림동 굴렁쇠작은도서관",서울특별시 관악구 신림동,2,서울특별시 관악구 신림동길 14,37.489463,126.926196,무더위쉼터(시설명 일치)
주민센터/도서관(작은도서관),"신사동 주민센터, 신사동 해오름작은도서관",서울특별시 관악구 신림동,2,서울특별시 관악구 조원로 142,37.4855,126.9181,무더위쉼터(도로명주소 일치)
경로당,"휴먼시아(아)5경로당, 휴먼시아(아)4경로당, 휴먼시아(아)3경로당, 휴먼시아(아)2경로당",서울특별시 관악구 신림동 1735 227동,4,"서울특별시 관악구 난곡로 55, 227동(신림동 1735 227동)",37.4591,126.919046,무더위쉼터(도로명주소 일치)
경로당,휴먼시아(아)1경로당,서울특별시 관악구 신림동 1735-1 107동,1,"서울특별시 관악구 난곡로 30, 107동(신림동 1735-1 107동)",37.4613486,126.9209884,ArcGIS 지오코딩(주소 지점 일치)
경로당,휴먼시아(아)제3단지경로당,서울특별시 관악구 신림동 1735-2 별동,1,"서울특별시 관악구 난곡로 63, 별동(신림동 1735-2 별동)",37.4602244,126.9181072,ArcGIS 지오코딩(주소 지점 일치)
경로당,서림경로당,서울특별시 관악구 신림동103,1,서울특별시 관악구 서림3길 47(신림동103-141 ),37.472323,126.9406227,무더위쉼터(도로명주소 일치)
경로당,신일경로당,서울특별시 관악구 신림동1630,1,서울특별시 관악구 문성로32길 18(신림동1630-30),37.4785019,126.9286988,무더위쉼터(도로명주소 일치)
경로당,신림초원(아)경로당,서울특별시 관악구 신림동1712,1,서울특별시 관악구 미성5길 40(신림동1712),37.473436,126.914132,무더위쉼터(도로명주소 일치)
경로당,보라매갑을(아)경로당,서울특별시 관악구 신림동1718,1,서울특별시 관악구  관천로24길 3(신림동1718),37.489122,126.921922,무더위쉼터(도로명주소 일치)
경로당,워커힐 경로당,서울특별시 광진구,1,"광진구 아차산로 635 (한수상가, 워커힐아파트 경로당)",37.5494396,127.1072185,ArcGIS 지오코딩(주소 지점 일치)
경로당,광나루현대 경로당,서울특별시 광진구 광장동,1,"광진구 아차산로76길 31 (광장동, 광나루현대아파트 경로당)",37.5476389,127.1090287,ArcGIS 지오코딩(주소 지점 일치)
경로당,"광장극동2차 경로당, 광장극동1차 경로당",서울특별시 광진구 광장동,2,"광진구 아차산로 552 (광장동, 극동2차아파트 경로당)",37.5420621,127.1026044,ArcGIS 지오코딩(주소 지점 일치)
경로당,광장삼성 경로당,서울특별시 광진구 광장동,1,"광진구 아차산로 544 (광장동, 삼성아파트 경로당)",37.5418438,127.1022685,ArcGIS 지오코딩(주소 지점 일치)
경로당,광장제1 경로당,서울특별시 광진구 광장동,1,"광진구 아차산로73길 15 (광장동, 광장제1경로당)",37.545883,127.104005,무더위쉼터(도로명주소 일치)
경로당,광장제2 경로당,서울특별시 광진구 광장동,1,"광진구 아차산로78길 67 (광장동, 광장제2경로당)",37.551709,127.110602,무더위쉼터(도로명주소 일치)
경로당,광장청구 경로당,서울특별시 광진구 광장동,1,"광진구 아차산로 503-23 (광장동, 청구아파트 경로당)",37.5429853,127.0964384,ArcGIS 지오코딩(주소 지점 일치)
경로당,광장현대11차 경로당,서울특별시 광진구 광장동,1,"광진구 아차산로69길 29 (광장동, 광장11차현대홈타운 경로당)",37.5430027,127.097091,ArcGIS 지오코딩(주소 지점 일치)
경로당,광장현대12차 경로당,서울특별시 광진구 광장동,1,"광진구 천호대로808 (광장동, 현대12차APT 경로당)",37.5448422,127.1033819,ArcGIS 지오코딩(주소 지점 일치)
경로당,광장현대3차 경로당,서울특별시 광진구 광장동,1,"광진구 아차산로70길 62 (광장동, 현대3차아파트 경로당)",37.5397477,127.0984923,ArcGIS 지오코딩(주소 지점 일치)
경로당,광장현대5차 경로당,서울특별시 광진구 광장동,1,"광진구 아차산로70길 61 (광장동, 광장현대5차아파트 경로당)",37.5396647,127.0993358,ArcGIS 지오코딩(주소 지점 일치)
경로당,광장현대8차 경로당,서울특별시 광진구 광장동,1,"광진구 아차산로 522 (광장동, 현대8차아파트 경로당)",37.5418091,127.0989833,ArcGIS 지오코딩(주소 지점 일치)
경로당,광장현대9차 경로당,서울특별시 광진구 광장동,1,"광진구 아차산로69길 19 (광장동, 현대9차아파트 경로당)",37.5430015,127.0979673,ArcGIS 지오코딩(주소 지점 일치)
경로당,국가유공자 경로당,서울특별시 광진구 광장동,1,"광진구 아차산로 630, 2층(광장동, 보훈회관)",37.5488324,127.1079967,ArcGIS 지오코딩(주소 지점 일치)
경로당,금호 경로당,서울특별시 광진구 광장동,1,"광진구 광나루로579 (광장동, 금호베스트빌아파트 경로당)",37.5441187,127.0939942,ArcGIS 지오코딩(주소 지점 일치)
경로당,신동아파밀리에 경로당,서울특별시 광진구 광장동,1,"광진구 아차산로 599 (광장동, 신동아파밀리에아파트 경로당)",37.5470019,127.1045924,ArcGIS 지오코딩(주소 지점 일치)
경로당,워커힐푸르지오 경로당,서울특별시 광진구 광장동,1,"광진구 아차산로78길 10 (광장동, 워커힐일신아파트 경로당)",37.5498262,127.1086966,ArcGIS 지오코딩(주소 지점 일치)
경로당,유천빌라 경로당,서울특별시 광진구 광장동,1,"광진구 광장로 63, (광장동, 유천빌라경로당)",37.5475766,127.1040553,ArcGIS 지오코딩(주소 지점 일치)
경로당,힐스테이트 경로당,서울특별시 광진구 광장동,1,"광진구 아차산로 537-17 (광장동, 광장힐스테이트(아) 경로당)",37.5431754,127.0989661,ArcGIS 지오코딩(주소 지점 일치)
경로당/도서관(작은도서관),"광장현대10차 경로당, 광장현대파크빌도서관",서울특별시 광진구 광장동,2,"광진구 아차산로549 (광장동, 현대파크빌아파트 경로당)",37.5443906,127.1024143,ArcGIS 지오코딩(주소 지점 일치)
도서관(공공도서관),광진정보도서관,서울특별시 광진구 광장동,1,서울특별시 광진구 아차산로78길 90(광장동),37.5510735,127.1106137,전국도서관표준데이터
도서관(작은도서관),사하라작은도서관,서울특별시 광진구 광장동,1,"서울특별시 광진구 광장로 78, 2층(광장동, 광성빌딩)",37.5476111,127.1056385,전국도서관표준데이터
주민센터/도서관(작은도서관),"광장동 주민센터, 광장동새마을작은도서관",서울특별시 광진구 광장동,2,서울특별시 광진구 광장로 52,37.5469114,127.1029332,무더위쉼터(도로명주소 일치)
경로당,e편한세상광진 경로당,서울특별시 광진구 구의동,1,"광진구 광나루로 458, B1층 (구의동, e편한세상광진그랜드파크 경로당)",37.5445888,127.0816833,ArcGIS 지오코딩(주소 지점 일치)
경로당,강변우성 경로당,서울특별시 광진구 구의동,1,"광진구 구의강변로42 (구의동, 강변우성아파트 경로당)",37.5354304,127.0932853,ArcGIS 지오코딩(주소 지점 일치)
경로당,구의 경로당,서울특별시 광진구 구의동,1,"광진구 광나루로40길 6 (구의동, 구의경로당)",37.5445034,127.0893848,무더위쉼터(도로명주소 일치)
경로당,구의1동제2 경로당,서울특별시 광진구 구의동,1,"광진구 광나루로30가길 27 (구의동, 구의1동 제2경로당)",37.5439311,127.0835362,무더위쉼터(도로명주소 일치)
경로당,구의2동 경로당,서울특별시 광진구 구의동,1,"광진구 자양로38길 17-5 (구의동, 구의2동 경로당)",37.54722,127.089051,무더위쉼터(도로명주소 일치)
경로당,구의새마을 경로당,서울특별시 광진구 구의동,1,"광진구 구의강변로3길 39 (구의동, 구의새마을 경로당)",37.536388,127.09021,무더위쉼터(도로명주소 일치)
경로당,구의새한 경로당,서울특별시 광진구 구의동,1,"광진구 자양로26길 71 (구의동, 새한아파트 경로당)",37.5407747,127.0882726,ArcGIS 지오코딩(주소 지점 일치)
경로당,구의아크로리버 경로당,서울특별시 광진구 구의동,1,"광진구 구의강변로 64 (구의동, 구의대림아크로리버경로당)",37.5363409,127.0932485,ArcGIS 지오코딩(주소 지점 일치)
경로당,구의현대2차 경로당,서울특별시 광진구 구의동,1,"광진구 광나루로56길 32 (구의동, 현대2차아파트 경로당)",37.537177,127.0951709,ArcGIS 지오코딩(주소 지점 일치)
경로당,구의현대6차 경로당,서울특별시 광진구 구의동,1,"광진구 구의강변로94 (구의동, 현대6차아파트 경로당)",37.538645,127.094548,무더위쉼터(도로명주소 일치)
경로당,구의현대7차 경로당,서울특별시 광진구 구의동,1,"광진구 구의강변로3가길 39 (구의동, 현대7차아파트 경로당)",37.5369155,127.0908139,ArcGIS 지오코딩(주소 지점 일치)
경로당,구의현대프라임 경로당,서울특별시 광진구 구의동,1,"광진구 광나루로56길 29 (구의동, 현대프라임아파트 경로당)",37.537505,127.09805,무더위쉼터(도로명주소 일치)
경로당,래미안파크스위트 경로당,서울특별시 광진구 구의동,1,"광진구 광나루로 545(구의동, 래미안파트스위트)",37.546485,127.090544,무더위쉼터(도로명주소 일치)
경로당,명성 경로당,서울특별시 광진구 구의동,1,"광진구 자양로26길 20-5 (구의동, 명성경로당)",37.5413809,127.0851535,무더위쉼터(도로명주소 일치)
경로당,산의마을 경로당,서울특별시 광진구 구의동,1,"광진구 아차산로63길 21 (구의동, 산의마을 경로당)",37.5403134,127.0922674,무더위쉼터(도로명주소 일치)
경로당,세양 경로당,서울특별시 광진구 구의동,1,"광진구 구의강변로84 (구의동, 세양아파트 경로당)",37.5373409,127.0938665,ArcGIS 지오코딩(주소 지점 일치)
경로당,소능 경로당,서울특별시 광진구 구의동,1,"광진구 자양로37길 85 (구의동, 소능경로당)",37.547628,127.085923,무더위쉼터(도로명주소 일치)
경로당,아차산 경로당,서울특별시 광진구 구의동,1,"광진구 자양로47길 9-4 (구의동, 아차산경로당)",37.552141,127.091617,무더위쉼터(도로명주소 일치)
도서관(작은도서관),더바움문화예술작은도서관,서울특별시 광진구 구의동,1,"서울특별시 광진구 자양로28길 98, 지하1층(구의동)",37.5414145,127.0895623,전국도서관표준데이터
도서관(작은도서관),사람아이앤지작은도서관,서울특별시 광진구 구의동,1,"서울특별시 광진구 자양로 322, 3층(구의동)",37.5539275,127.0940536,전국도서관표준데이터
도서관(작은도서관),아름드리작은도서관,서울특별시 광진구 구의동,1,"서울특별시 광진구 워커힐로 93, 본관 2층(구의동, 정립회관)",37.550537,127.0979157,전국도서관표준데이터
도서관(작은도서관),아차산아래작은도서관놀자,서울특별시 광진구 구의동,1,"서울특별시 광진구 자양로50가길 45, 2층(구의동)",37.5538555,127.0944525,전국도서관표준데이터
도서관(작은도서관),예드림작은도서관,서울특별시 광진구 구의동,1,"서울특별시 광진구 구의강변로 96, B101호(구의동, 예드림교회)",37.5391435,127.0943108,전국도서관표준데이터
주민센터,구의2동 주민센터,서울특별시 광진구 구의동,1,서울특별시 광진구 천호대로136길 55,37.547138,127.089974,무더위쉼터(도로명주소 일치)
주민센터/도서관(공공도서관),"구의3동 주민센터, 구의제3동도서관",서울특별시 광진구 구의동,2,서울특별시 광진구 강변역로 17,37.5379926,127.091984,무더위쉼터(도로명주소 일치)
주민센터/도서관(작은도서관),"구의1동 주민센터, 구의1동새마을작은도서관",서울특별시 광진구 구의동,2,서울특별시 광진구 광나루로36길 56,37.5425184,127.0857555,무더위쉼터(도로명주소 일치)
경로당,군자 경로당,서울특별시 광진구 군자동,1,"광진구 동일로52길 27 (군자동, 군자경로당)",37.554418,127.072768,무더위쉼터(도로명주소 일치)
경로당,복조리 경로당,서울특별시 광진구 군자동,1,"광진구 광나루로17길 28 102호 (군자동, 복조리경로당)",37.5488597,127.0724033,무더위쉼터(시설명 일치)
경로당,양마 경로당,서울특별시 광진구 군자동,1,"광진구 동일로42길 2 (군자동, 양마경로당)",37.552876,127.070286,무더위쉼터(도로명주소 일치)
경로당,양마제2 경로당,서울특별시 광진구 군자동,1,"광진구 군자로13길 35 (군자동, 양마제2 경로당)",37.5517694,127.0705721,무더위쉼터(도로명주소 일치)
경로당,일성파크 경로당,서울특별시 광진구 군자동,1,"광진구 군자로12길 46 (군자동, 일성파크아파트 경로당)",37.551267,127.072673,무더위쉼터(도로명주소 일치)
도서관(작은도서관),국제문학작은도서관,서울특별시 광진구 군자동,1,서울특별시 광진구 광나루로15길 41(군자동),37.5501281,127.0696581,전국도서관표준데이터
주민센터/도서관(공공도서관),"군자동 주민센터, 군자동도서관",서울특별시 광진구 군자동,2,서울특별시 광진구 면목로 13,37.555492,127.075486,무더위쉼터(도로명주소 일치)
경로당,능동 경로당,서울특별시 광진구 능동,1,"광진구 천호대로112길 70 (능동, 능동경로당)",37.5531677,127.0801892,무더위쉼터(도로명주소 일치)
주민센터/도서관(작은도서관),"능동 주민센터, 능동새마을작은도서관",서울특별시 광진구 능동,2,서울특별시 광진구 천호대로112길 55,37.5537961,127.080446,무더위쉼터(도로명주소 일치)
경로당,경남아너스빌 경로당,서울특별시 광진구 자양동,1,"광진구 자양로3길 49 (자양동, 경남아너스빌아파트 경로당)",37.5295176,127.0839518,무더위쉼터(도로명주소 일치)
경로당,꿈에그린 경로당,서울특별시 광진구 자양동,1,"광진구 뚝섬로24길 74, (자양동, 한화꿈에그린아파트 경로당)",37.533856,127.0617907,ArcGIS 지오코딩(주소 지점 일치)
경로당,노유산 경로당,서울특별시 광진구 자양동,1,"광진구 동일로10가길 15-2 (자양동, 노유산경로당)",37.5387394,127.0638371,무더위쉼터(도로명주소 일치)
경로당,대동 경로당,서울특별시 광진구 자양동,1,"광진구 뚝섬로31길 11 (자양동, 대동아파트 경로당)",37.5361522,127.0675737,ArcGIS 지오코딩(주소 지점 일치)
경로당,더샵스타시티 경로당,서울특별시 광진구 자양동,1,"광진구 아차산로 262 (자양동, 더샵스타시티아파트 경로당)",37.5381059,127.0722564,ArcGIS 지오코딩(주소 지점 일치)
경로당,래미안시니어클럽  경로당,서울특별시 광진구 자양동,1,"광진구 아차산로345 101동, 5층(자양동, 래미안시니어클럽 경로당)",37.538006,127.0813499,ArcGIS 지오코딩(주소 지점 일치)
경로당,로얄동아 경로당,서울특별시 광진구 자양동,1,"광진구 뚝섬로52마길 56 (자양동, 로얄동아아파트 경로당)",37.5282243,127.0813984,무더위쉼터(도로명주소 일치)
경로당,마실 경로당,서울특별시 광진구 자양동,1,"광진구 자양번영로7길 16-9 (자양동, 마실 경로당)",37.5362583,127.0754691,무더위쉼터(도로명주소 일치)
경로당,신양 경로당,서울특별시 광진구 자양동,1,"광진구 뚝섬로 543 (자양동, 신양경로당)",37.534821,127.070567,무더위쉼터(도로명주소 일치)
경로당,우방리버파크(아) 경로당,서울특별시 광진구 자양동,1,"광진구 능동로4길 78 (자양동, 우방리버파크아파트 경로당)",37.531138,127.070516,무더위쉼터(도로명주소 일치)
경로당,우성1차 경로당,서울특별시 광진구 자양동,1,"광진구 뚝섬로 569 (자양동, 우성1차아파트 경로당)",37.5338002,127.0746084,ArcGIS 지오코딩(주소 지점 일치)
경로당,우성2차 경로당,서울특별시 광진구 자양동,1,"광진구 뚝섬로 576 (자양동, 우성2차아파트 경로당)",37.533199,127.074007,무더위쉼터(도로명주소 일치)
경로당,우성3차 경로당,서울특별시 광진구 자양동,1,"광진구 뚝섬로35길 32 (자양동, 우성3차아파트 경로당)",37.53605,127.071611,무더위쉼터(도로명주소 일치)
경로당,우성7차 경로당,서울특별시 광진구 자양동,1,"광진구 아차산로36길 39 (자양동, 우성7차아파트 경로당)",37.536295,127.074619,무더위쉼터(도로명주소 일치)
경로당,유수지 경로당,서울특별시 광진구 자양동,1,"광진구 뚝섬로48길 46 (자양동, 유수지 경로당)",37.5299959,127.0768171,무더위쉼터(도로명주소 일치)
경로당,이튼타워리버3차 경로당,서울특별시 광진구 자양동,1,"광진구 능동로 18 (자양동, 이튼타워리버3차아파트 경로당)",37.532987,127.068039,무더위쉼터(도로명주소 일치)
경로당,이튼타워리버5차 경로당,서울특별시 광진구 자양동,1,"광진구 능동로4길 40(자양동, 이튼타워리버5차아파트 경로당)",37.532146,127.069054,무더위쉼터(도로명주소 일치)
경로당,자양1동 경로당,서울특별시 광진구 자양동,1,"광진구 아차산로40길 46 (자양동, 자양1동 경로당)",37.5356682,127.0778435,무더위쉼터(도로명주소 일치)
경로당,자양2동제1 경로당,서울특별시 광진구 자양동,1,"광진구 뚝섬로56길 28 (자양동, 자양2동 제1경로당)",37.530283,127.082446,무더위쉼터(도로명주소 일치)
경로당,자양2동제2 경로당,서울특별시 광진구 자양동,1,"광진구 뚝섬로62길 17 (자양동, 자양2동 제2경로당)",37.532535,127.088155,무더위쉼터(도로명주소 일치)
경로당,자양2현대2차 경로당,서울특별시 광진구 자양동,1,"광진구 뚝섬로56길 72 (자양동, 현대2차아파트 경로당)",37.5280306,127.0826551,ArcGIS 지오코딩(주소 지점 일치)
경로당,자양2현대3차 경로당,서울특별시 광진구 자양동,1,"광진구 뚝섬로56길 10 (자양동, 현대3차아파트 경로당)",37.5309886,127.0824257,ArcGIS 지오코딩(주소 지점 일치)
경로당,자양3동 경로당,서울특별시 광진구 자양동,1,"광진구 자양번영로3길 16 (자양동, 자양3동 경로당)",37.5318992,127.0743003,무더위쉼터(도로명주소 일치)
경로당,자양4동 제1 경로당,서울특별시 광진구 자양동,1,"광진구 동일로12길 24, 2층 (자양동, 자양4동 제1경로당)",37.5396209,127.0635531,무더위쉼터(도로명주소 일치)
경로당,자양4동 제2 경로당,서울특별시 광진구 자양동,1,"광진구 동일로2길 17 (자양동, 자양4동제2경로당)",37.5351173,127.0613158,무더위쉼터(도로명주소 일치)
경로당,자양4동 제4 경로당,서울특별시 광진구 자양동,1,"광진구 뚝섬로30가길 18 (자양동, 자양4동 제4경로당)",37.535113,127.065268,무더위쉼터(도로명주소 일치)
경로당,자양경남 경로당,서울특별시 광진구 자양동,1,"광진구 뚝섬로52길 71 (자양동, 경남아파트 경로당)",37.5289369,127.078962,무더위쉼터(도로명주소 일치)
경로당,자양삼성 경로당,서울특별시 광진구 자양동,1,"광진구 자양번영로3길 65 (자양동, 삼성아파트 경로당)",37.5316877,127.0719077,ArcGIS 지오코딩(주소 지점 일치)
경로당,자양한양 경로당,서울특별시 광진구 자양동,1,"광진구 구의강변로 11 (자양동, 한양아파트 경로당)",37.5313933,127.0906183,ArcGIS 지오코딩(주소 지점 일치)
경로당,자양현대10차 경로당,서울특별시 광진구 자양동,1,"광진구 뚝섬로34길 25-19 (자양동, 현대10차아파트 경로당)",37.5333543,127.0700921,ArcGIS 지오코딩(주소 지점 일치)
경로당,자양현대2차 경로당,서울특별시 광진구 자양동,1,"광진구 뚝섬로34길 9 (자양동, 자양2차현대아파트 경로당)",37.5338442,127.0712827,ArcGIS 지오코딩(주소 지점 일치)
경로당,자양현대8차 경로당,서울특별시 광진구 자양동,1,"광진구 뚝섬로36길 19 (자양동, 자양8차현대홈타운 아파트 경로당)",37.533502,127.072084,무더위쉼터(도로명주소 일치)
경로당,자양현대9차 경로당,서울특별시 광진구 자양동,1,"광진구 뚝섬로34길 32 (자양동, 현대9차아파트 경로당)",37.533747,127.06919,무더위쉼터(도로명주소 일치)
경로당,중앙 경로당,서울특별시 광진구 자양동,1,"광진구 뚝섬로47길 33 (자양동, 중앙 경로당)",37.533918,127.078713,무더위쉼터(도로명주소 일치)
경로당,청아 경로당,서울특별시 광진구 자양동,1,"광진구 자양로19길 70 (자양동, 청아경로당)",37.538464,127.079727,무더위쉼터(도로명주소 일치)
경로당,한강우성 경로당,서울특별시 광진구 자양동,1,"광진구 능동로1길 15 (자양동, 한강우성아파트 경로당)",37.5321062,127.0659307,ArcGIS 지오코딩(주소 지점 일치)
경로당,한라 경로당,서울특별시 광진구 자양동,1,"광진구 뚝섬로33길 20 (자양동, 한라아파트 경로당)",37.5359272,127.0698168,ArcGIS 지오코딩(주소 지점 일치)
경로당,한솔리베르 경로당,서울특별시 광진구 자양동,1,"광진구 뚝섬로56가길 28 (자양동, 한솔리베르아파트 경로당)",37.5281409,127.0842568,ArcGIS 지오코딩(주소 지점 일치)
경로당,현대강변 경로당,서울특별시 광진구 자양동,1,"광진구 자양로3가길 43 (자양동, 현대강변아파트 경로당)",37.5284285,127.0859474,무더위쉼터(도로명주소 일치)
경로당/주민센터/도서관(작은도서관),"자마장 경로당, 자양1동 주민센터, 자양1동새마을작은도서관",서울특별시 광진구 자양동,3,"광진구 자양로13길 37 (자양동, 자마장 경로당)",37.5345191,127.0824159,무더위쉼터(도로명주소 일치)
도서관(공공도서관),자양한강도서관,서울특별시 광진구 자양동,1,서울특별시 광진구 뚝섬로52길 66(자양동),37.5292155,127.077668,전국도서관표준데이터
도서관(작은도서관),새빛작은도서관,서울특별시 광진구 자양동,1,"서울특별시 광진구 아차산로 330 (자양동, 새빛지역아동센터)",37.5372735,127.0794272,전국도서관표준데이터
도서관(작은도서관),자양4동새마을작은도서관,서울특별시 광진구 자양동,1,서울특별시 광진구 아차산로24길 17(자양동),37.540263,127.0651113,전국도서관표준데이터
도서관(작은도서관),평강마을도서관,서울특별시 광진구 자양동,1,"서울특별시 광진구 자양번영로4길 13, 2층(자양동, 평강침례교회)",37.5315744,127.0760916,전국도서관표준데이터
보건소,광진구보건소,서울특별시 광진구 자양동,1,"서울특별시 광진구 아차산로 400 (자양동, 광진구청) 광진구보건소",37.536282,127.087753,무더위쉼터(도로명주소 일치)
보건소,자양보건지소,서울특별시 광진구 자양동,1,"서울특별시 광진구 아차산로24길 17 (자양동, 자양공공힐링센터) 2층(자양보건지소)",37.5402634,127.0651094,ArcGIS 지오코딩(주소 지점 일치)
주민센터/도서관(작은도서관),"자양2동 주민센터, 자양2동새마을작은도서관",서울특별시 광진구 자양동,2,서울특별시 광진구 자양로3가길 26,37.528785,127.084456,무더위쉼터(도로명주소 일치)
주민센터/도서관(작은도서관),"자양3동 주민센터, 자양3동새마을작은도서관",서울특별시 광진구 자양동,2,서울특별시 광진구 뚝섬로 568,37.5338326,127.0728868,무더위쉼터(도로명주소 일치)
주민센터/도서관(공공도서관),"자양4동 주민센터, 자양제4동도서관",서울특별시 광진구 자양제4동주민센터,2,서울특별시 광진구 뚝섬로26길 58,37.534117,127.066259,무더위쉼터(도로명주소 일치)
경로당,대원 경로당,서울특별시 광진구 중곡동,1,"광진구 긴고랑로36길 57-27 (중곡동, 대원경로당)",37.557602,127.091653,무더위쉼터(도로명주소 일치)
경로당,신향빌라 경로당,서울특별시 광진구 중곡동,1,"광진구 용마산로24길 13 (중곡동, 신향빌라 경로당)",37.5669901,127.0873612,ArcGIS 지오코딩(주소 지점 일치)
경로당,용곡 경로당,서울특별시 광진구 중곡동,1,"광진구 용마산로28길 31 (중곡동, 용곡경로당)",37.567656,127.087908,무더위쉼터(도로명주소 일치)
경로당,용마 경로당,서울특별시 광진구 중곡동,1,"광진구 용마산로31길 38-8 (중곡동, 용마경로당)",37.5692617,127.0840609,무더위쉼터(도로명주소 일치)
경로당,장수 경로당,서울특별시 광진구 중곡동,1,"광진구 긴고랑로31길 44 (중곡동, 장수경로당)",37.56171,127.086883,무더위쉼터(도로명주소 일치)
경로당,중곡1동 제1 경로당,서울특별시 광진구 중곡동,1,"광진구 긴고랑로5길 10 (중곡동, 중곡1동 제1경로당)",37.5645561,127.0791404,무더위쉼터(도로명주소 일치)
경로당,중곡1동 제2 경로당,서울특별시 광진구 중곡동,1,"광진구 긴고랑로8길 51 (중곡동, 중곡1동 제2경로당)",37.5611728,127.0779688,무더위쉼터(도로명주소 일치)
경로당,중곡3동 경로당,서울특별시 광진구 중곡동,1,"광진구 동일로80길 20 (중곡동, 중곡3동 경로당)",37.570052,127.080895,무더위쉼터(도로명주소 일치)
경로당,중곡4동 경로당,서울특별시 광진구 중곡동,1,"광진구 긴고랑로39길 57 (중곡동, 중곡4동 경로당)",37.559388,127.093102,무더위쉼터(도로명주소 일치)
경로당,한마음 경로당,서울특별시 광진구 중곡동,1,"광진구 긴고랑로22길 39-4 (중곡동, 한마음경로당)",37.559217,127.083744,무더위쉼터(도로명주소 일치)
도서관(공공도서관),중곡문화체육센터도서관,서울특별시 광진구 중곡동,1,서울특별시 광진구 능동로 433(중곡동),37.5677778,127.0848034,전국도서관표준데이터
도서관(작은도서관),샘터작은도서관,서울특별시 광진구 중곡동,1,서울특별시 광진구 용마산로24길 10(중곡동),37.5651522,127.087354,전국도서관표준데이터
도서관(작은도서관),운룡도서관,서울특별시 광진구 중곡동,1,서울특별시 광진구 자양로43길 85(중곡동),37.5541982,127.0893602,전국도서관표준데이터
도서관(작은도서관),이룸도서관,서울특별시 광진구 중곡동,1,서울특별시 광진구 용마산로 49(중곡동),37.5579873,127.0875991,전국도서관표준데이터
도서관(작은도서관),중곡교회작은도서관,서울특별시 광진구 중곡동,1,"서울특별시 광진구 긴고랑로36길 56, 지하1층(중곡동, 중곡교회)",37.556965,127.090785,전국도서관표준데이터
도서관(작은도서관),하람도서관,서울특별시 광진구 중곡동,1,"서울특별시 광진구 용마산로 16길 18, 101호(중곡동)",37.5621277,127.0883465,전국도서관표준데이터
보건소,중곡보건지소,서울특별시 광진구 중곡동,1,"서울특별시 광진구 긴고랑로 110 (중곡동, 중곡종합건강센터) 중곡보건지소",37.5593921,127.0871558,무더위쉼터(도로명주소 일치)
주민센터/도서관(작은도서관),"중곡1동 주민센터, 중곡1동새마을작은도서관",서울특별시 광진구 중곡동,2,서울특별시 광진구 긴고랑로12길 49,37.560566,127.080038,무더위쉼터(도로명주소 일치)
주민센터/도서관(작은도서관),"중곡2동 주민센터, 중곡2동새마을작은도서관",서울특별시 광진구 중곡동,2,서울특별시 광진구 능동로 346,37.5602523,127.0814064,무더위쉼터(도로명주소 일치)
주민센터/도서관(작은도서관),"중곡3동 주민센터, 중곡3동새마을작은도서관",서울특별시 광진구 중곡동,2,서울특별시 광진구 동일로76가길 28,37.568808,127.080116,무더위쉼터(도로명주소 일치)
주민센터/도서관(작은도서관),"중곡4동 주민센터, 중곡4동새마을작은도서관",서울특별시 광진구 중곡동,2,서울특별시 광진구 긴고랑로 131,37.5590837,127.0894508,무더위쉼터(도로명주소 일치)
경로당,모진동 경로당,서울특별시 광진구 화양동,1,"광진구 광나루로24길 53 (화양동, 모진동경로당)",37.5450517,127.0780555,무더위쉼터(도로명주소 일치)
경로당,화양동 현대 경로당,서울특별시 광진구 화양동,1,"광진구 동일로24길 5 (화양동, 현대아파트 경로당)",37.544507,127.065845,무더위쉼터(도로명주소 일치)
경로당,화양장수 경로당,서울특별시 광진구 화양동,1,"광진구 군자로36, 1층(화양동, 화양장수경로당)",37.546339,127.070502,무더위쉼터(도로명주소 일치)
경로당/주민센터/도서관(작은도서관),"화양동 경로당, 화양동 주민센터, 화양동새마을작은도서관",서울특별시 광진구 화양동,3,"광진구 능동로17길 39 (화양동, 화양동경로당)",37.5465376,127.0713179,무더위쉼터(도로명주소 일치)
도서관(작은도서관),성신비전스쿨도서관,서울특별시 광진구 화양동,1,서울특별시 광진구 동일로 160(화양동),37.546461,127.0666556,전국도서관표준데이터
도서관(공공도서관),개봉도서관,서울특별시 구로구,1,서울특별시 구로구 개봉로16길 30-11,37.4895231,126.8579748,전국도서관표준데이터
도서관(공공도서관),개봉어린이도서관,서울특별시 구로구,1,서울특별시 구로구 경인로 318-15,37.496705,126.855912,전국도서관표준데이터
도서관(공공도서관),고척열린도서관,서울특별시 구로구,1,서울특별시 구로구 경인로43길 49,37.4983268,126.8595211,전국도서관표준데이터
도서관(공공도서관),구로구립온누리도서관,서울특별시 구로구,1,"서울특별시 구로구 구로중앙로27나길 9, 4층 (온누리관)",37.4974612,126.8865524,전국도서관표준데이터
도서관(공공도서관),구로기적의도서관,서울특별시 구로구,1,서울특별시 구로구 구로중앙로40길 24,37.506736,126.877312,전국도서관표준데이터
도서관(공공도서관),구로미래도서관,서울특별시 구로구,1,서울특별시 구로구 새말로 111,37.50717,126.8914,전국도서관표준데이터
도서관(공공도서관),궁동어린이도서관,서울특별시 구로구,1,서울특별시 구로구 오리로 1352,37.502239,126.8292614,전국도서관표준데이터
도서관(공공도서관),글마루한옥어린이도서관,서울특별시 구로구,1,서울특별시 구로구 고척로27바길 7,37.5069151,126.845627,전국도서관표준데이터
도서관(공공도서관),꿈나무도서관,서울특별시 구로구,1,"서울특별시 구로구 구로동로26길 54, 2층 (구로구시설관리공단)",37.4898784,126.8865593,전국도서관표준데이터
도서관(공공도서관),오류도서관,서울특별시 구로구,1,서울특별시 구로구 경인로19길 29-4,37.4972231,126.8423228,전국도서관표준데이터
도서관(공공도서관),하늘도서관,서울특별시 구로구,1,서울특별시 구로구 구로동로13길 68,37.4873757,126.8813483,전국도서관표준데이터
도서관(공공도서관),항동푸른도서관,서울특별시 구로구,1,서울특별시 구로구 연동로 290-46,37.4849826,126.8245649,전국도서관표준데이터
경로당,골말 경로당,서울특별시 구로구 가리봉동,1,구로구 구로동로7길 74?(가리봉동),37.4863903,126.8825385,무더위쉼터(도로명주소 일치)
경로당,정수 경로당,서울특별시 구로구 가리봉동,1,구로구 남부순환로105가길 10-3?(가리봉동),37.4793195,126.8928633,무더위쉼터(시설명 일치)
경로당,호국 보훈 구로 경로당,서울특별시 구로구 가리봉동,1,구로구 우마1다길 25 (가리봉동),,,
주민센터,가리봉동 주민센터,서울특별시 구로구 가리봉동,1,서울특별시 구로구 우마2길 35,37.4824503,126.8897691,무더위쉼터(도로명주소 일치)
경로당,개명 경로당,서울특별시 구로구 개봉동,1,구로구 개봉로1길 148?(개봉동),37.4819015,126.8508643,무더위쉼터(도로명주소 일치)
경로당,개봉 푸르지오(아) 경로당,서울특별시 구로구 개봉동,1,구로구 남부순환로 775 (개봉동),37.500653,126.847957,무더위쉼터(도로명주소 일치)
경로당,개봉1동 경로당,서울특별시 구로구 개봉동,1,구로구 경인로35길 40-1?(개봉동),37.499108,126.854011,무더위쉼터(도로명주소 일치)
경로당,개봉2동 경로당,서울특별시 구로구 개봉동,1,구로구 개봉로17나길 62?(개봉동),37.493549,126.851947,무더위쉼터(도로명주소 일치)
경로당,개봉3동 경로당,서울특별시 구로구 개봉동,1,구로구 개봉로11길 7-46?(개봉동),37.4870609,126.8553809,무더위쉼터(도로명주소 일치)
경로당,개봉건영(아) 경로당,서울특별시 구로구 개봉동,1,구로구 고척로21나길 85-6?(개봉동),37.501172,126.840425,무더위쉼터(도로명주소 일치)
경로당,개봉대상(아) 경로당,서울특별시 구로구 개봉동,1,구로구 개봉로1길 170?(개봉동),37.482316,126.849795,무더위쉼터(도로명주소 일치)
경로당,개봉동아이파크(아) 경로당,서울특별시 구로구 개봉동,1,구로구 개봉로2길 133-15?(개봉동),37.49001,126.859464,무더위쉼터(도로명주소 일치)
경로당,개봉역센트레빌레우스 경로당,서울특별시 구로구 개봉동,1,구로구 경인로 302 (개봉동),37.496149,126.854328,무더위쉼터(도로명주소 일치)
경로당,거성1차푸르뫼(아) 경로당,서울특별시 구로구 개봉동,1,구로구 고척로 85?(개봉동),37.500908,126.843386,무더위쉼터(도로명주소 일치)
경로당,거성2차푸르뫼(아) 경로당,서울특별시 구로구 개봉동,1,구로구 고척로 82?(개봉동),37.500185,126.84374,무더위쉼터(도로명주소 일치)
경로당,동인(아) 경로당,서울특별시 구로구 개봉동,1,구로구 서해안로34가길 22?(개봉동),37.493622,126.849137,무더위쉼터(도로명주소 일치)
경로당,두산(아) 경로당,서울특별시 구로구 개봉동,1,구로구 남부순환로95길 88?(개봉동),37.495095,126.852538,무더위쉼터(도로명주소 일치)
경로당,백곡 경로당,서울특별시 구로구 개봉동,1,구로구 고척로21길 85?(개봉동),37.5051409,126.844444,무더위쉼터(도로명주소 일치)
경로당,삼호(아) 경로당,서울특별시 구로구 개봉동,1,구로구 남부순환로95길 16?(개봉동),37.494243,126.857173,무더위쉼터(도로명주소 일치)
경로당,삼환(아) 경로당,서울특별시 구로구 개봉동,1,구로구 남부순환로95길 54?(개봉동),37.494873,126.854169,무더위쉼터(도로명주소 일치)
경로당,상우(아) 경로당,서울특별시 구로구 개봉동,1,구로구 남부순환로97길 50?(개봉동),37.493639,126.860831,무더위쉼터(도로명주소 일치)
경로당,안나 경로당,서울특별시 구로구 개봉동,1,구로구 고척로 134-5 (개봉동),37.502183,126.849036,무더위쉼터(도로명주소 일치)
경로당,양송이 경로당,서울특별시 구로구 개봉동,1,구로구 고척로21가길 48-11(개봉동),37.5020829,126.8431154,무더위쉼터(도로명주소 일치)
경로당,영화(아) 경로당,서울특별시 구로구 개봉동,1,구로구 경인로40길 11?(개봉동),37.495988,126.860113,무더위쉼터(도로명주소 일치)
경로당,영화아이닉스(아) 경로당,서울특별시 구로구 개봉동,1,구로구 개봉로1길 188?(개봉동),37.482804,126.849247,무더위쉼터(도로명주소 일치)
경로당,중앙 경로당,서울특별시 구로구 개봉동,1,구로구 개봉로15길 58-2?(개봉동),37.4901202,126.8529993,무더위쉼터(도로명주소 일치)
경로당,천수 경로당,서울특별시 구로구 개봉동,1,구로구 고척로27가길 3-6 (개봉동),37.5037998,126.8470863,무더위쉼터(도로명주소 일치)
경로당,청실(아) 경로당,서울특별시 구로구 개봉동,1,구로구 경인로40길 25?(개봉동),37.495444,126.859962,무더위쉼터(도로명주소 일치)
경로당,"한마을(아)벽산 경로당, 한마을(아) 경로당",서울특별시 구로구 개봉동,2,구로구 경인로 382 (개봉동),37.495383,126.861664,무더위쉼터(도로명주소 일치)
경로당,한진(아) 경로당,서울특별시 구로구 개봉동,1,구로구 개봉로3길 87 (개봉동),37.485381,126.851525,무더위쉼터(도로명주소 일치)
경로당,"현대(아)서부 경로당, 현대(아)중부 경로당, 개봉현대(아) 경로당",서울특별시 구로구 개봉동,3,구로구 개봉로20길 6?(개봉동),37.491574,126.858794,무더위쉼터(도로명주소 일치)
경로당,현대홈타운2단지(아) 경로당,서울특별시 구로구 개봉동,1,구로구 개봉로20길 158?(개봉동),37.491819,126.861235,무더위쉼터(도로명주소 일치)
주민센터,개봉1동 주민센터,서울특별시 구로구 개봉동,1,서울특별시 구로구 경인로33길 51,37.50021,126.851117,무더위쉼터(도로명주소 일치)
주민센터,개봉2동 주민센터,서울특별시 구로구 개봉동,1,서울특별시 구로구 개봉로16가길 17,37.4908316,126.856584,무더위쉼터(도로명주소 일치)
주민센터,개봉3동 주민센터,서울특별시 구로구 개봉동,1,서울특별시 구로구 개봉로3길 47-5,37.48586,126.853845,무더위쉼터(시설명 일치)
경로당,고척아이파크MD(아),서울특별시 구로구 고척1동,1,"구로구 경인로43길 49 6층 시니어라운지(고척1동, 351)",37.498327,126.859521,무더위쉼터(시설명 일치)
경로당,경남1차(아) 경로당,서울특별시 구로구 고척동,1,구로구 경인로47길 150?(고척동),37.505334,126.862634,무더위쉼터(도로명주소 일치)
경로당,경남2차(아) 경로당,서울특별시 구로구 고척동,1,구로구 고척로52길 21?(고척동),37.504441,126.856486,무더위쉼터(도로명주소 일치)
경로당,고척 경로당,서울특별시 구로구 고척동,1,구로구 안양천로537다길 30?(고척동),37.5019492,126.868476,무더위쉼터(도로명주소 일치)
경로당,고척대우(아) 경로당,서울특별시 구로구 고척동,1,구로구 고척로52길 48?(고척동),37.50307,126.855413,무더위쉼터(도로명주소 일치)
경로당,고척동삼환로즈빌(아) 경로당,서울특별시 구로구 고척동,1,구로구 경인로 343?(고척동),37.497852,126.858204,무더위쉼터(도로명주소 일치)
경로당,고척리가(아) 경로당,서울특별시 구로구 고척동,1,구로구 중앙로12길 17-8?(고척동),37.506117,126.862001,무더위쉼터(도로명주소 일치)
경로당,고척벽산베스트블루밍(아) 경로당,서울특별시 구로구 고척동,1,구로구 고척로60길 30?(고척동),37.504534,126.859018,무더위쉼터(도로명주소 일치)
경로당,고척벽산블루밍(아) 경로당,서울특별시 구로구 고척동,1,구로구 경인로 390?(고척동),37.495777,126.864198,무더위쉼터(도로명주소 일치)
경로당,고척파크프루지오(아) 경로당,서울특별시 구로구 고척동,1,구로구 중앙로 121?(고척동),37.507505,126.858074,무더위쉼터(도로명주소 일치)
경로당,구립국화 경로당,서울특별시 구로구 고척동,1,구로구 경인로47다길 43?(고척동),37.5038005,126.8671964,무더위쉼터(도로명주소 일치)
경로당,그랜드(아)경로당 경로당,서울특별시 구로구 고척동,1,구로구 고척로27바길 47 (고척동),37.507641,126.847538,무더위쉼터(도로명주소 일치)
경로당,덕의 경로당,서울특별시 구로구 고척동,1,구로구 고척로 51길 39?(고척동),37.506458,126.8542476,무더위쉼터(도로명주소 일치)
경로당,동아한신(아) 경로당,서울특별시 구로구 고척동,1,구로구 중앙로6길 17?(고척동),37.501181,126.864898,무더위쉼터(도로명주소 일치)
경로당,마젤란(아) 경로당,서울특별시 구로구 고척동,1,구로구 경인로47길 128?(고척동),37.504475,126.864211,무더위쉼터(도로명주소 일치)
경로당,삼덕 경로당,서울특별시 구로구 고척동,1,구로구 고척로33다길 21?(고척동),37.5063832,126.8486354,무더위쉼터(도로명주소 일치)
경로당,삼익1차(아) 경로당,서울특별시 구로구 고척동,1,구로구 중앙로15길 132-17?(고척동),37.508645,126.852967,무더위쉼터(도로명주소 일치)
경로당,삼익2차(아) 경로당,서울특별시 구로구 고척동,1,구로구 중앙로15길 125?(고척동),37.507513,126.852699,무더위쉼터(도로명주소 일치)
경로당,서울가든 (아) 경로당,서울특별시 구로구 고척동,1,구로구 중앙로5길 62?(고척동),37.502696,126.860767,무더위쉼터(도로명주소 일치)
경로당,세곡 경로당,서울특별시 구로구 고척동,1,구로구 고척로52가길 58(고척동),37.5034306,126.8524755,무더위쉼터(도로명주소 일치)
경로당,센츄리(아) 경로당,서울특별시 구로구 고척동,1,구로구 중앙로12길 12?(고척동),37.504313,126.862484,무더위쉼터(도로명주소 일치)
경로당,소산 경로당,서울특별시 구로구 고척동,1,구로구 경서로5길 11-3  (고척동),37.5014989,126.8577787,무더위쉼터(도로명주소 일치)
경로당,송암 경로당,서울특별시 구로구 고척동,1,구로구 고척로52길 115?(고척동),37.4998835,126.8556625,무더위쉼터(도로명주소 일치)
경로당,양지 경로당 경로당,서울특별시 구로구 고척동,1,구로구 경인로47나길 10-5(고척동),37.5022613,126.8660701,무더위쉼터(도로명주소 일치)
경로당,오금 경로당,서울특별시 구로구 고척동,1,구로구 중앙로14나길 30 (고척동),37.5054895,126.8657935,무더위쉼터(도로명주소 일치)
경로당,우성꿈동산(아) 경로당,서울특별시 구로구 고척동,1,구로구 경인로47다길 34-7?(고척동),37.503096,126.8664,무더위쉼터(도로명주소 일치)
경로당,우성현대 (아) 경로당,서울특별시 구로구 고척동,1,구로구 중앙로1길 18-19?(고척동),37.499172,126.862301,무더위쉼터(도로명주소 일치)
경로당,청구(아) 경로당,서울특별시 구로구 고척동,1,구로구 중앙로6길 5-15?(고척동),37.501759,126.863932,무더위쉼터(도로명주소 일치)
경로당,한일유엔아이(아) 경로당,서울특별시 구로구 고척동,1,구로구 중앙로15길 151?(고척동),37.508313,126.850972,무더위쉼터(도로명주소 일치)
경로당,한효 (아) 경로당,서울특별시 구로구 고척동,1,구로구 중앙로5길 24?(고척동),37.501589,126.861185,무더위쉼터(도로명주소 일치)
주민센터,고척1동 주민센터,서울특별시 구로구 고척동,1,서울특별시 구로구 중앙로3길 18-8,37.500368,126.862775,무더위쉼터(도로명주소 일치)
주민센터,고척2동 주민센터,서울특별시 구로구 고척동,1,서울특별시 구로구 중앙로15길 22,37.506671,126.858585,무더위쉼터(도로명주소 일치)
경로당,LG신도림자이(아) 경로당,서울특별시 구로구 구로동,1,구로구 새말로18길 64?(구로동),37.503564,126.892127,무더위쉼터(도로명주소 일치)
경로당,가마산 경로당,서울특별시 구로구 구로동,1,구로구 가마산로19길 18-6(구로동),37.4947371,126.8852019,무더위쉼터(시설명 일치)
경로당,경남아너스빌(아) 경로당,서울특별시 구로구 구로동,1,구로구 구로중앙로8길 41-23?(구로동),37.493384,126.893168,무더위쉼터(도로명주소 일치)
경로당,구로2동 경로당,서울특별시 구로구 구로동,1,구로구 구로동로28길 25-13?(구로동),37.4914214,126.8855613,무더위쉼터(도로명주소 일치)
경로당,구로4동 구 경로당,서울특별시 구로구 구로동,1,구로구 구로동로8길 27?(구로동),37.4869822,126.8862513,무더위쉼터(도로명주소 일치)
경로당,구로4동복지관 경로당,서울특별시 구로구 구로동,1,구로구 구로동로20길 57 (구로동),37.4880271,126.887637,무더위쉼터(도로명주소 일치)
경로당,구로리 경로당,서울특별시 구로구 구로동,1,구로구 구로동로 28길 102-13 (구로동),37.491495,126.8892376,무더위쉼터(도로명주소 일치)
경로당,구로주공(아) 경로당,서울특별시 구로구 구로동,1,구로구 구일로4길 65?(구로동),37.493069,126.87509,무더위쉼터(도로명주소 일치)
경로당,구로한일유엔아이(아) 경로당,서울특별시 구로구 구로동,1,구로구 가마산로 87?(구로동),37.486296,126.876121,무더위쉼터(도로명주소 일치)
경로당,구일우성(아) 경로당,서울특별시 구로구 구로동,1,구로구 구일로2길 60 (구로동),37.49003,126.877161,무더위쉼터(도로명주소 일치)
경로당,극동 (아) 경로당,서울특별시 구로구 구로동,1,구로구 구로중앙로7길 28?(구로동),37.490906,126.890089,무더위쉼터(도로명주소 일치)
경로당,금호어울림(아) 경로당,서울특별시 구로구 구로동,1,구로구 공원로 26 (구로동),37.499887,126.89216,무더위쉼터(도로명주소 일치)
경로당,뉴홍현(아) 경로당,서울특별시 구로구 구로동,1,구로구 구로동로42길 77 (구로동),37.498874,126.883426,무더위쉼터(도로명주소 일치)
경로당,늘봄 경로당,서울특별시 구로구 구로동,1,구로구 구로동로21가길 5-2 (구로동),37.4891528,126.8831742,무더위쉼터(도로명주소 일치)
경로당,늘푸른 경로당,서울특별시 구로구 구로동,1,구로구 구로동로50길 10(구로동),37.4991826,126.8828544,무더위쉼터(시설명 일치)
경로당,다솜(아) 경로당,서울특별시 구로구 구로동,1,구로구 새말로16길 70 (구로동),37.502397,126.89205,무더위쉼터(도로명주소 일치)
경로당,대성스카이렉스(아) 경로당,서울특별시 구로구 구로동,1,구로구 공원로 27 (구로동),37.499419,126.890883,무더위쉼터(도로명주소 일치)
경로당,대원 경로당,서울특별시 구로구 구로동,1,구로구 도림로 110 (구로동),37.4914373,126.8949512,무더위쉼터(도로명주소 일치)
경로당,덕영드림(아) 경로당,서울특별시 구로구 구로동,1,구로구 구로중앙로34길 17?(구로동),37.501037,126.883937,무더위쉼터(도로명주소 일치)
경로당,두산위브(아) 경로당,서울특별시 구로구 구로동,1,구로구 디지털로31길 85?(구로동),37.486028,126.890582,무더위쉼터(도로명주소 일치)
경로당,"두산임대(아) 경로당, 구로두산(아) 경로당",서울특별시 구로구 구로동,2,구로구 도림로 59?(구로동),37.4898,126.888683,무더위쉼터(도로명주소 일치)
경로당,두산타워(아) 경로당,서울특별시 구로구 구로동,1,구로구 공원로 47 (구로동),37.500951,126.889649,무더위쉼터(도로명주소 일치)
경로당,럭키 (아) 경로당,서울특별시 구로구 구로동,1,구로구 도림로 107?(구로동),37.492005,126.894102,무더위쉼터(도로명주소 일치)
경로당,롯데(아) 경로당,서울특별시 구로구 구로동,1,구로구 새말로 31 (구로동),37.502656,126.88355,무더위쉼터(도로명주소 일치)
경로당,마을공원  경로당,서울특별시 구로구 구로동,1,구로구 구로동로 22길 57(구로동),37.4890868,126.8875059,무더위쉼터(도로명주소 일치)
경로당,무지개 경로당,서울특별시 구로구 구로동,1,구로구 구로동로35가길 19-16 (구로동),37.4937347,126.8813314,무더위쉼터(도로명주소 일치)
경로당,문성골 경로당,서울특별시 구로구 구로동,1,구로구 디지털로32가길 50?(구로동),37.4813694,126.8977869,무더위쉼터(도로명주소 일치)
경로당,문화 경로당,서울특별시 구로구 구로동,1,구로구 경인로58길 7 (구로동),37.5021323,126.8795652,무더위쉼터(도로명주소 일치)
경로당,미리내 경로당,서울특별시 구로구 구로동,1,구로구 구로중앙로22길 49?(구로동),37.4979903,126.8891555,무더위쉼터(도로명주소 일치)
경로당,밤동산 경로당,서울특별시 구로구 구로동,1,구로구 구로중앙로32가길 59 (구로동),37.501759,126.884875,무더위쉼터(도로명주소 일치)
경로당,베타니아 경로당,서울특별시 구로구 구로동,1,구로구 디지털로27다길 15?(구로동),37.4849759,126.8893165,무더위쉼터(도로명주소 일치)
경로당,보광 (아) 경로당,서울특별시 구로구 구로동,1,구로구 가마산로 231 (구로동),37.495373,126.885522,무더위쉼터(도로명주소 일치)
경로당,삼성래미안(아) 경로당,서울특별시 구로구 구로동,1,구로구 디지털로31길 90?(구로동),37.487493,126.891333,무더위쉼터(도로명주소 일치)
경로당,상수 경로당,서울특별시 구로구 구로동,1,구로구 구로동로41길 33 (구로동),37.4946159,126.8817337,무더위쉼터(도로명주소 일치)
경로당,새말 경로당,서울특별시 구로구 구로동,1,구로구 구로중앙로30길 16?(구로동),37.4991337,126.8862271,ArcGIS 지오코딩(주소 지점 일치)
경로당,새솔(아) 경로당,서울특별시 구로구 구로동,1,구로구 공원로 35?(구로동),37.499981,126.890336,무더위쉼터(도로명주소 일치)
경로당,세아(아) 경로당,서울특별시 구로구 구로동,1,구로구 공원로 3?(구로동),37.497708,126.892342,무더위쉼터(도로명주소 일치)
경로당,신구로현대 (아) 경로당,서울특별시 구로구 구로동,1,구로구 구로중앙로18길 68?(구로동),37.496559,126.892932,무더위쉼터(도로명주소 일치)
경로당,신도림현대(아) 경로당,서울특별시 구로구 구로동,1,구로구 새말로9길 45?(구로동),37.504454,126.885661,무더위쉼터(도로명주소 일치)
경로당,신성미소지움(아) 경로당,서울특별시 구로구 구로동,1,구로구 시흥대로161길 50?(구로동),37.479277,126.89688,무더위쉼터(도로명주소 일치)
경로당,아홉길 경로당 경로당,서울특별시 구로구 구로동,1,구로구 구로중앙로27길 28-29 (구로동),37.4984739,126.8848854,무더위쉼터(도로명주소 일치)
경로당,영서(아) 경로당,서울특별시 구로구 구로동,1,구로구 디지털로 319?(구로동),37.487859,126.896376,무더위쉼터(도로명주소 일치)
경로당,영화참마음(아) 경로당,서울특별시 구로구 구로동,1,구로구 구일로8길 79 (구로동),37.497155,126.874478,무더위쉼터(도로명주소 일치)
경로당,우리유앤미(아) 경로당,서울특별시 구로구 구로동,1,구로구 구로동로43길 10 (구로동),37.496618,126.881527,무더위쉼터(도로명주소 일치)
경로당,우민늘푸른(아) 경로당,서울특별시 구로구 구로동,1,구로구 도림로20길 50?(구로동),37.488063,126.894016,무더위쉼터(도로명주소 일치)
경로당,우방(아) 경로당,서울특별시 구로구 구로동,1,구로구 구일로 154-17?(구로동),37.497955,126.874275,무더위쉼터(도로명주소 일치)
경로당,우성 (아) 경로당,서울특별시 구로구 구로동,1,구로구 도림천로 344 (구로동),37.493894,126.893865,무더위쉼터(도로명주소 일치)
경로당,우성 (아) 경로당,서울특별시 구로구 구로동,1,구로구 구일로8길 31?(구로동),37.494814,126.872386,무더위쉼터(도로명주소 일치)
경로당,우성(아)  경로당,서울특별시 구로구 구로동,1,구로구 공원로6가길 67 (구로동),37.503956,126.889272,무더위쉼터(도로명주소 일치)
경로당,월드진영(아) 경로당,서울특별시 구로구 구로동,1,구로구 구로중앙로 229?(구로동),37.505632,126.876045,무더위쉼터(도로명주소 일치)
경로당,은빛  경로당,서울특별시 구로구 구로동,1,구로구 구로동로22길 51 (구로동),37.4891848,126.887213,무더위쉼터(도로명주소 일치)
경로당,이화우성(아) 경로당,서울특별시 구로구 구로동,1,구로구 도림로22길 8?(구로동),37.490157,126.894048,무더위쉼터(도로명주소 일치)
경로당,일신건영(아) 경로당,서울특별시 구로구 구로동,1,구로구 새말로9길 22?(구로동),37.503556,126.885814,무더위쉼터(시설명 일치)
경로당,장수 경로당,서울특별시 구로구 구로동,1,구로구 구로동로17길 5-8 (구로동),37.487987,126.8840947,무더위쉼터(도로명주소 일치)
경로당,중앙하이츠(아) 경로당,서울특별시 구로구 구로동,1,구로구 구로동로47길 24?(구로동),37.498712,126.880658,무더위쉼터(도로명주소 일치)
경로당,중앙하이츠(아) 경로당,서울특별시 구로구 구로동,1,구로구 구일로8길 92?(구로동),37.496567,126.876388,무더위쉼터(도로명주소 일치)
경로당,태영타운(아) 경로당,서울특별시 구로구 구로동,1,구로구 새말로 93?(구로동),37.506041,126.887922,무더위쉼터(도로명주소 일치)
경로당,푸른솔 경로당,서울특별시 구로구 구로동,1,구로구 구로중앙로32나길 12?(구로동),37.501599,126.885526,무더위쉼터(도로명주소 일치)
경로당,한국현대(아) 경로당,서울특별시 구로구 구로동,1,구로구 구일로8길 107 (구로동),37.49787,126.875444,무더위쉼터(도로명주소 일치)
경로당,한신(아) 경로당,서울특별시 구로구 구로동,1,구로구 구일로8길 63?(구로동),37.496457,126.873588,무더위쉼터(도로명주소 일치)
경로당,한신휴플러스(아) 경로당,서울특별시 구로구 구로동,1,구로구 디지털로31길 120?(구로동),37.488497,126.890861,무더위쉼터(도로명주소 일치)
경로당,한우리 경로당,서울특별시 구로구 구로동,1,구로구 벚꽃로 414-9?(구로동),37.490447,126.880497,무더위쉼터(시설명 일치)
경로당,한중다문화  경로당,서울특별시 구로구 구로동,1,구로구 구로동로28길 78-6 (구로동),37.491032,126.8883964,무더위쉼터(시설명 일치)
경로당,현대로얄(아) 경로당,서울특별시 구로구 구로동,1,구로구 가마산로 97?(구로동),37.486402,126.877274,무더위쉼터(도로명주소 일치)
경로당,현대상선(아) 경로당,서울특별시 구로구 구로동,1,구로구 구일로10길 53?(구로동),37.495912,126.875036,무더위쉼터(도로명주소 일치)
경로당,현대연예인(아) 경로당,서울특별시 구로구 구로동,1,구로구 구일로4길 46?(구로동),37.4922,126.876753,무더위쉼터(도로명주소 일치)
경로당,현대의보(아) 경로당,서울특별시 구로구 구로동,1,구로구 구일로8길 121?(구로동),37.498304,126.875938,무더위쉼터(도로명주소 일치)
경로당,화원 경로당,서울특별시 구로구 구로동,1,구로구 벚꽃로 490?(구로동),37.4979185,126.8804061,무더위쉼터(도로명주소 일치)
경로당/도서관(공공도서관),"구로3동 경로당, 꿈마을도서관",서울특별시 구로구 구로동,2,구로구 디지털로27다길 65?(구로동),37.4871738,126.8902592,무더위쉼터(도로명주소 일치)
보건소,G밸리보건지소,서울특별시 구로구 구로동,1,"서울특별시 구로구 디지털로 243 (구로동, 지하이시티) G벨리보건지소",37.4819922,126.892349,ArcGIS 지오코딩(주소 지점 일치)
주민센터,구로1동 주민센터,서울특별시 구로구 구로동,1,서울특별시 구로구 구일로4길 57,37.493013,126.875755,무더위쉼터(도로명주소 일치)
주민센터,구로2동 주민센터,서울특별시 구로구 구로동,1,서울특별시 구로구 구로동로 141,37.4913193,126.8835711,무더위쉼터(도로명주소 일치)
주민센터,구로3동 주민센터,서울특별시 구로구 구로동,1,서울특별시 구로구 디지털로31길 109,37.4874416,126.8903054,무더위쉼터(도로명주소 일치)
주민센터,구로4동 주민센터,서울특별시 구로구 구로동,1,서울특별시 구로구 구로동로28길 94,37.491563,126.889132,무더위쉼터(도로명주소 일치)
주민센터/보건소,"구로5동 주민센터, 구로구보건소",서울특별시 구로구 구로동,2,서울특별시 구로구 구로중앙로28길 66,37.500043,126.889289,무더위쉼터(도로명주소 일치)
경로당,궁동 경로당,서울특별시 구로구 궁동,1,구로구 부일로17길 158-4 (궁동),37.4985843,126.8302765,무더위쉼터(도로명주소 일치)
경로당,궁동빌라 경로당,서울특별시 구로구 궁동,1,구로구 부일로19길 34  (궁동),37.494609,126.836488,무더위쉼터(도로명주소 일치)
경로당,아랫말 경로당,서울특별시 구로구 궁동,1,구로구 부일로11길 4-3 (궁동),37.4936454,126.8321988,무더위쉼터(도로명주소 일치)
경로당,우신빌라 경로당,서울특별시 구로구 궁동,1,구로구 오리로 1265?(궁동),37.4943014,126.8305708,무더위쉼터(도로명주소 일치)
주민센터,수궁동 주민센터,서울특별시 구로구 궁동,1,서울특별시 구로구 오리로15길 32,37.4938646,126.8314537,무더위쉼터(도로명주소 일치)
경로당,"대림2차(아) 경로당, 대림1차(아) 경로당",서울특별시 구로구 신도림동,2,구로구 신도림로 16 (신도림동),37.505845,126.880422,무더위쉼터(도로명주소 일치)
경로당,대림3차(아) 경로당,서울특별시 구로구 신도림동,1,구로구 신도림로 11?(신도림동),37.506875,126.877955,무더위쉼터(도로명주소 일치)
경로당,대림4차(아) 경로당,서울특별시 구로구 신도림동,1,구로구 경인로65길 16-15 (신도림동),37.510466,126.886956,무더위쉼터(도로명주소 일치)
경로당,대림5차(아) 경로당,서울특별시 구로구 신도림동,1,구로구 신도림로 32?(신도림동),37.507436,126.880626,무더위쉼터(도로명주소 일치)
경로당,동아1차(아) 경로당,서울특별시 구로구 신도림동,1,구로구 신도림로 87 (신도림동),37.510841,126.883104,무더위쉼터(도로명주소 일치)
경로당,동아2차(아) 경로당,서울특별시 구로구 신도림동,1,구로구 경인로 643 (신도림동),37.508821,126.885804,무더위쉼터(도로명주소 일치)
경로당,동아3차(아) 경로당,서울특별시 구로구 신도림동,1,구로구 신도림로 78?(신도림동),37.509385,126.884177,무더위쉼터(도로명주소 일치)
경로당,디큐브시티(아) 경로당,서울특별시 구로구 신도림동,1,구로구 경인로 662 (신도림동),37.50887,126.88862,무더위쉼터(도로명주소 일치)
경로당,미성(아) 경로당,서울특별시 구로구 신도림동,1,구로구 신도림로11가길 36 (신도림동),37.507513,126.87656,무더위쉼터(도로명주소 일치)
경로당,송학 경로당,서울특별시 구로구 신도림동,1,구로구 구로중앙로42길 110-43 (신도림동),37.5109055,126.879486,무더위쉼터(도로명주소 일치)
경로당,신도림 경로당,서울특별시 구로구 신도림동,1,구로구 경인로 619-50 (신도림동),37.506912,126.8839968,무더위쉼터(시설명 일치)
경로당,신도림7차 e편한세상 경로당,서울특별시 구로구 신도림동,1,구로구 신도림로 56-13?(신도림동),37.508517,126.882536,무더위쉼터(도로명주소 일치)
경로당,신도림현대(아) 경로당,서울특별시 구로구 신도림동,1,구로구 신도림로19길 16 (신도림동),37.512092,126.884177,무더위쉼터(도로명주소 일치)
경로당,신성은하수(아) 경로당,서울특별시 구로구 신도림동,1,구로구 경인로66길 5?(신도림동),37.507666,126.887353,무더위쉼터(도로명주소 일치)
경로당,우성1차(아) 경로당,서울특별시 구로구 신도림동,1,구로구 신도림로 110 (신도림동),37.5112017,126.8858412,ArcGIS 지오코딩(주소 지점 일치)
경로당,우성2차(아) 경로당,서울특별시 구로구 신도림동,1,구로구 신도림로 105 (신도림동),37.512126,126.885282,무더위쉼터(도로명주소 일치)
경로당,우성3차(아) 경로당,서울특별시 구로구 신도림동,1,구로구 신도림로21길 25 (신도림동),37.512943,126.884242,무더위쉼터(도로명주소 일치)
경로당,우성5차(아) 경로당,서울특별시 구로구 신도림동,1,구로구 신도림로21길 21?(신도림동),37.51267,126.883952,무더위쉼터(도로명주소 일치)
주민센터/도서관(작은도서관),"신도림동 주민센터, 신도림어린이영어작은도서관",서울특별시 구로구 신도림동,2,서울특별시 구로구 신도림로 40,37.5077837,126.880604,무더위쉼터(도로명주소 일치)
경로당,오류2동 은빛경로당,서울특별시 구로구 오류2동,1,"구로구 오리로10길 44-28 (오류2동, 172-59)",37.487757,126.839299,무더위쉼터(도로명주소 일치)
경로당,가든빌라(아) 경로당,서울특별시 구로구 오류동,1,구로구 경인로 83 (오류동),37.492294,126.831391,무더위쉼터(도로명주소 일치)
경로당,경남아너스빌(아) 경로당,서울특별시 구로구 오류동,1,구로구 오류로 65?(오류동),37.490617,126.839803,무더위쉼터(도로명주소 일치)
경로당,구립새마을 경로당,서울특별시 구로구 오류동,1,구로구 고척로4길 15-1?(오류동),37.495869,126.841307,무더위쉼터(도로명주소 일치)
경로당,금강(아) 경로당,서울특별시 구로구 오류동,1,구로구 서해안로34가길 18?(오류동),37.492703,126.847753,무더위쉼터(도로명주소 일치)
경로당,금강수목원(아) 경로당,서울특별시 구로구 오류동,1,구로구 오리로 1197?(오류동),37.488267,126.832325,무더위쉼터(도로명주소 일치)
경로당,"동부골든임대(아) 경로당, 동부골든(아)서부 경로당, 동부골든(아)동부 경로당",서울특별시 구로구 오류동,3,구로구 고척로 49 (오류동),37.499291,126.839532,무더위쉼터(도로명주소 일치)
경로당,동부돌타운(아) 경로당,서울특별시 구로구 오류동,1,구로구 경인로 248-13 (오류동),37.497277,126.848508,무더위쉼터(도로명주소 일치)
경로당,동산경로당 경로당,서울특별시 구로구 오류동,1,구로구 고척로3길 85?(오류동),37.497733,126.836885,무더위쉼터(도로명주소 일치)
경로당,동선(아) 경로당,서울특별시 구로구 오류동,1,구로구 경인로 158?(오류동),37.493606,126.839375,무더위쉼터(도로명주소 일치)
경로당,삼천리(아) 경로당,서울특별시 구로구 오류동,1,구로구 경인로8길 75?(오류동),37.492345,126.838698,무더위쉼터(도로명주소 일치)
경로당,영풍마드레빌(아) 경로당,서울특별시 구로구 오류동,1,구로구 경인로8길 64?(오류동),37.49157,126.838569,무더위쉼터(도로명주소 일치)
경로당,오류 동부 덕고개(아) 경로당,서울특별시 구로구 오류동,1,구로구 경인로 248-14 (오류동),37.496905,126.847864,무더위쉼터(도로명주소 일치)
경로당,오류2동  경로당,서울특별시 구로구 오류동,1,구로구 오류로8라길 3?(오류동),37.4916023,126.8427747,무더위쉼터(도로명주소 일치)
경로당,오류대우푸르지오(아) 경로당,서울특별시 구로구 오류동,1,구로구 오류로8길 11?(오류동),37.4918,126.841573,무더위쉼터(도로명주소 일치)
경로당,오류동금호어울림(아) 경로당,서울특별시 구로구 오류동,1,구로구 고척로 41?(오류동),37.498559,126.839105,무더위쉼터(도로명주소 일치)
경로당,오류라인(아) 경로당,서울특별시 구로구 오류동,1,구로구 경인로 230-13?(오류동),37.496532,126.846965,무더위쉼터(도로명주소 일치)
경로당,오리골 경로당,서울특별시 구로구 오류동,1,구로구 오류로 54?(오류동),37.489542,126.840042,무더위쉼터(도로명주소 일치)
경로당,오정  경로당,서울특별시 구로구 오류동,1,구로구 오리로13가길 30 (오류동),37.48957,126.830284,무더위쉼터(도로명주소 일치)
경로당,우림필유(아) 경로당,서울특별시 구로구 오류동,1,구로구 서해안로 2368?(오류동),37.493997,126.846583,무더위쉼터(도로명주소 일치)
경로당,응골 경로당,서울특별시 구로구 오류동,1,구로구 서해안로 2340-11?(오류동),37.493638,126.847025,무더위쉼터(시설명 일치)
경로당,장미 경로당,서울특별시 구로구 오류동,1,구로구 경인로15나길 3?(오류동),37.4955342,126.8383473,무더위쉼터(도로명주소 일치)
경로당,천왕연지타운1단지 경로당,서울특별시 구로구 오류동,1,구로구 오류로 30 (오류동),37.48579,126.840565,무더위쉼터(도로명주소 일치)
경로당,한신플러스타운(아) 경로당,서울특별시 구로구 오류동,1,구로구 고척로 52?(오류동),37.498389,126.841208,무더위쉼터(도로명주소 일치)
경로당,행복주택 경로당 경로당,서울특별시 구로구 오류동,1,구로구 경인로20가길 38 (오류동),37.495462,126.845886,무더위쉼터(도로명주소 일치)
경로당,희망 경로당 경로당,서울특별시 구로구 오류동,1,구로구 경인로11길 4-9 (오류동),37.4942737,126.8383632,무더위쉼터(도로명주소 일치)
경로당/주민센터,"오류골 경로당 경로당, 오류1동 주민센터",서울특별시 구로구 오류동,2,구로구 경인로27길 7 (오류동),37.497032,126.845111,무더위쉼터(도로명주소 일치)
보건소,오류보건지소,서울특별시 구로구 오류동,1,서울특별시 구로구 오리로10길 44-3 (오류동) 오류보건지소,37.4887946,126.839338,ArcGIS 지오코딩(주소 지점 일치)
주민센터,오류2동 주민센터,서울특별시 구로구 오류동,1,서울특별시 구로구 오류로 45,37.4887627,126.8394745,무더위쉼터(도로명주소 일치)
경로당,"6.25참전유공자회 경로당, 수궁 경로당",서울특별시 구로구 온수동,2,구로구 부일로9길 111 (온수동),37.4967476,126.8232329,무더위쉼터(도로명주소 일치)
경로당,동진빌라 경로당,서울특별시 구로구 온수동,1,구로구 경인로 31-9 (온수동),37.4903603,126.8248465,무더위쉼터(시설명 일치)
경로당,성원빌라 경로당,서울특별시 구로구 온수동,1,구로구 경인로 15-7?(온수동),37.4896612,126.8233651,무더위쉼터(도로명주소 일치)
경로당,온수 경로당,서울특별시 구로구 온수동,1,구로구 부일로1길 62?(온수동),37.4932684,126.8191241,무더위쉼터(도로명주소 일치)
경로당,온수힐스테이트(아) 경로당,서울특별시 구로구 온수동,1,구로구 부일로9길 127?(온수동),37.496201,126.821542,무더위쉼터(도로명주소 일치)
경로당,천왕연지타운2단지 경로당,서울특별시 구로구 천왕동,1,구로구 오리로 1102-10 (천왕동),37.483134,126.845028,무더위쉼터(도로명주소 일치)
경로당,천왕이펜하우스1단지 경로당,서울특별시 구로구 천왕동,1,구로구 천왕로 91?(천왕동),37.486011,126.83711,무더위쉼터(도로명주소 일치)
경로당,천왕이펜하우스2단지 경로당,서울특별시 구로구 천왕동,1,구로구 천왕로 92?(천왕동),37.484615,126.83932,무더위쉼터(도로명주소 일치)
경로당,천왕이펜하우스3단지 경로당,서울특별시 구로구 천왕동,1,구로구 천왕로 56?(천왕동),37.48218,126.840436,무더위쉼터(도로명주소 일치)
경로당,천왕이펜하우스4단지 경로당,서울특별시 구로구 천왕동,1,구로구 천왕로 29 (천왕동),37.480137,126.838333,무더위쉼터(도로명주소 일치)
경로당,천왕이펜하우스5단지 경로당,서울특별시 구로구 천왕동,1,구로구 천왕로 10?(천왕동),37.479813,126.841745,무더위쉼터(도로명주소 일치)
경로당,천왕이펜하우스6단지 경로당,서울특별시 구로구 천왕동,1,구로구 천왕로 9?(천왕동),37.478366,126.840972,무더위쉼터(도로명주소 일치)
경로당,천왕이펜하우스8단지 경로당,서울특별시 구로구 천왕동,1,구로구 금오로 882 (천왕동),37.47651,126.842367,무더위쉼터(도로명주소 일치)
경로당,구립수목원 경로당,서울특별시 구로구 항동,1,구로구 연동로 296-12 (항동),37.486295,126.824346,무더위쉼터(도로명주소 일치)
경로당,그린빌라 경로당,서울특별시 구로구 항동,1,구로구 연동로 287 (항동),37.485952,126.822326,무더위쉼터(도로명주소 일치)
경로당,수목원현대홈타운(아) 경로당,서울특별시 구로구 항동,1,구로구 연동로13길 25 (항동),37.484326,126.820469,무더위쉼터(도로명주소 일치)
경로당,한양수자인에듀힐즈(아) 경로당,서울특별시 구로구 항동,1,구로구 항동로 42 (항동),37.478477,126.825802,무더위쉼터(도로명주소 일치)
경로당,항동 중흥S클래스  경로당,서울특별시 구로구 항동,1,구로구 연동로 233 (항동),37.481167,126.822637,무더위쉼터(도로명주소 일치)
경로당,항동 하버라인 2단지(아) 경로당,서울특별시 구로구 항동,1,구로구 연동로 234 (항동),37.481993,126.822411,무더위쉼터(도로명주소 일치)
경로당,항동 하버라인 3단지(아) 경로당,서울특별시 구로구 항동,1,구로구 항동로 43 (항동),37.479166,126.824064,무더위쉼터(도로명주소 일치)
경로당,항동8단지(아) 경로당,서울특별시 구로구 항동,1,구로구 서해안로 2036 (항동),37.474645,126.817895,무더위쉼터(도로명주소 일치)
경로당,항서 경로당,서울특별시 구로구 항동,1,구로구 연동로 169 (항동),37.476548,126.822897,무더위쉼터(도로명주소 일치)
주민센터,항동 주민센터,서울특별시 구로구 항동,1,서울특별시 구로구 연동로 191-19,37.4792566,126.8224112,무더위쉼터(도로명주소 일치)
경로당,e편한세상 독산 더타워아파트경로당,서울특별시 금천구,1,범안로 1212,37.4654541,126.8963705,ArcGIS 지오코딩(주소 지점 일치)
경로당,가산삼익아파트경로당,서울특별시 금천구,1,두산로9길 56,37.4726933,126.8927411,ArcGIS 지오코딩(주소 지점 일치)
경로당,각산아파트경로당,서울특별시 금천구,1,한내로 52,37.4559702,126.8869892,ArcGIS 지오코딩(주소 지점 일치)
경로당,건영아파트경로당,서울특별시 금천구,1,독산로10길 96,37.4499132,126.9112332,ArcGIS 지오코딩(주소 지점 일치)
경로당,계룡아파트경로당,서울특별시 금천구,1,범안로15길 7,37.4668756,126.8930081,ArcGIS 지오코딩(주소 지점 일치)
경로당,관악산신도브래뉴아파트경로당,서울특별시 금천구,1,금하로24나길 48,37.4482695,126.9110901,ArcGIS 지오코딩(주소 지점 일치)
경로당,관악우방아파트경로당,서울특별시 금천구,1,금하로 750,37.449513,126.9136563,ArcGIS 지오코딩(주소 지점 일치)
경로당,금천롯데캐슬골드파크2차경로당,서울특별시 금천구,1,벚꽃로 30,37.4582229,126.8937104,ArcGIS 지오코딩(주소 지점 일치)
경로당,독산동한양수자인아파트,서울특별시 금천구,1,시흥대로150길 6,37.475681,126.8992357,ArcGIS 지오코딩(주소 지점 일치)
경로당,독산삼익아파트경로당,서울특별시 금천구,1,남부순환로120길 22,37.4779403,126.9002529,ArcGIS 지오코딩(주소 지점 일치)
경로당,독산신도아파트경로당,서울특별시 금천구,1,시흥대로152길 25,37.477316,126.8998016,ArcGIS 지오코딩(주소 지점 일치)
경로당,독산역롯데캐슬아파트경로당,서울특별시 금천구,1,벚꽃로 100,37.4645668,126.8916804,ArcGIS 지오코딩(주소 지점 일치)
경로당,독산현대아파트경로당,서울특별시 금천구,1,범안로17길 12,37.4673717,126.8955786,ArcGIS 지오코딩(주소 지점 일치)
경로당,동아아파트경로당,서울특별시 금천구,1,독산로78다길 52,37.4696581,126.9061637,ArcGIS 지오코딩(주소 지점 일치)
경로당,"두산아파트C지역경로당, 두산아파트A지구경로당",서울특별시 금천구,2,가산로 99,37.4745039,126.8937662,ArcGIS 지오코딩(주소 지점 일치)
경로당,라이프아파트꽃마음경로당,서울특별시 금천구,1,벚꽃로 60,37.4608663,126.8924667,ArcGIS 지오코딩(주소 지점 일치)
경로당,럭키아파트경로당,서울특별시 금천구,1,시흥대로47길 43,37.4491747,126.8998686,ArcGIS 지오코딩(주소 지점 일치)
경로당,무지개아파트경로당,서울특별시 금천구,1,시흥대로73길 11,37.4568144,126.8991259,ArcGIS 지오코딩(주소 지점 일치)
경로당,벽산아파트3단지경로당,서울특별시 금천구,1,탑골로 84,37.4527901,126.9171617,ArcGIS 지오코딩(주소 지점 일치)
경로당,벽산아파트6단지경로당,서울특별시 금천구,1,금하로 796,37.449813,126.9156172,ArcGIS 지오코딩(주소 지점 일치)
경로당,"산복경로당, 벽산아파트제1경로당, 벽산아파트금하경로당",서울특별시 금천구,3,금하로 793,37.4522012,126.9184372,ArcGIS 지오코딩(주소 지점 일치)
경로당,성지아파트경로당,서울특별시 금천구,1,시흥대로51길 55,37.4512276,126.8982027,ArcGIS 지오코딩(주소 지점 일치)
경로당,시흥경남아파트경로당,서울특별시 금천구,1,독산로 78-1,37.4545705,126.9069992,ArcGIS 지오코딩(주소 지점 일치)
경로당,시흥금강아파트경로당,서울특별시 금천구,1,독산로50길 57-2,37.4632371,126.9080723,ArcGIS 지오코딩(주소 지점 일치)
경로당,시흥삼익아파트경로당,서울특별시 금천구,1,독산로50길 89,37.4626425,126.9087637,ArcGIS 지오코딩(주소 지점 일치)
경로당,신흥경로당,서울특별시 금천구,1,금하로23길 155,37.4570322,126.9073526,무더위쉼터(도로명주소 일치)
경로당,우창경로당,서울특별시 금천구,1,서부샛길 572,37.477768,126.8772013,ArcGIS 지오코딩(주소 지점 일치)
경로당,주공14단지아파트경로당,서울특별시 금천구,1,한내로 69-54,37.4600192,126.8863525,ArcGIS 지오코딩(주소 지점 일치)
경로당,중앙하이츠빌라경로당,서울특별시 금천구,1,시흥대로36길 45,37.4445032,126.906623,ArcGIS 지오코딩(주소 지점 일치)
경로당,중앙하이츠아파트경로당,서울특별시 금천구,1,범안로 1136,37.4653308,126.8885366,ArcGIS 지오코딩(주소 지점 일치)
경로당,청광아파트경로당,서울특별시 금천구,1,독산동 1139,37.4712461,126.8941325,ArcGIS 지오코딩(지번 일치)
경로당,탑스빌아파트경로당,서울특별시 금천구,1,금하로30길 34,37.4490908,126.9159812,ArcGIS 지오코딩(주소 지점 일치)
경로당,한신아파트경로당,서울특별시 금천구,1,한내로 62,37.4543244,126.8896904,ArcGIS 지오코딩(주소 지점 일치)
경로당,해가든아파트경로당,서울특별시 금천구,1,벚꽃로6길 3,37.4607551,126.8929982,ArcGIS 지오코딩(주소 지점 일치)
경로당,효정경로당,서울특별시 금천구,1,시흥대로 266(203호),37.4575218,126.8999193,ArcGIS 지오코딩(주소 지점 일치)
경로당/도서관(작은도서관),"금주경로당, 트리니티 작은도서관",서울특별시 금천구,2,시흥대로72길 13,37.457173,126.900291,ArcGIS 지오코딩(주소 지점 일치)
도서관(공공도서관),금천구립가산도서관,서울특별시 금천구,1,"서울특별시 금천구 가산로5길 43, 금천구립가산정보도서관",37.4734924,126.892128,전국도서관표준데이터
도서관(공공도서관),금천구립독산도서관,서울특별시 금천구,1,서울특별시 금천구 독산로 54길 114,37.4675802,126.9081059,전국도서관표준데이터
도서관(작은도서관),금천가산퍼블릭디자인작은도서관,서울특별시 금천구,1,"서울특별시 금천구 디지털로 178, A동 4층 M-401호",37.4771886,126.886462,전국도서관표준데이터
도서관(작은도서관),길빛 작은도서관,서울특별시 금천구,1,서울특별시 금천구 독산로 16,37.4488354,126.9048306,전국도서관표준데이터
도서관(작은도서관),나누리 작은도서관,서울특별시 금천구,1,"서울특별시 금천구 금하로23길 40, 금화빌딩",37.4531041,126.908929,전국도서관표준데이터
도서관(작은도서관),맑은누리작은도서관,서울특별시 금천구,1,"서울특별시 금천구 금하로 668, 맑은누리작은도서관",37.453362,126.904163,전국도서관표준데이터
도서관(작은도서관),산돌어린이도서관,서울특별시 금천구,1,"서울특별시 금천구 시흥대로75길 12, 산돌문화센타",37.4576006,126.898373,전국도서관표준데이터
도서관(작은도서관),샘솟는 작은도서관,서울특별시 금천구,1,서울특별시 금천구 독산로64길 15,37.4652309,126.9034346,전국도서관표준데이터
도서관(작은도서관),소망의나무어린이 작은도서관,서울특별시 금천구,1,서울특별시 금천구 금하로11길 14,37.4545525,126.9037964,전국도서관표준데이터
도서관(작은도서관),우리울 작은도서관,서울특별시 금천구,1,서울특별시 금천구 범안로12가길 49,37.4649346,126.894003,전국도서관표준데이터
도서관(작은도서관),은행나무어린이도서관,서울특별시 금천구,1,서울특별시 금천구 탑골로 43,37.4520564,126.9139655,전국도서관표준데이터
도서관(작은도서관),지혜의숲 작은도서관,서울특별시 금천구,1,"서울특별시 금천구 시흥대로90길 25, 신일교회",37.4618145,126.8992884,전국도서관표준데이터
도서관(작은도서관),참새작은도서관,서울특별시 금천구,1,"서울특별시 금천구 한내로 69-15, 3층",37.457388,126.8865496,전국도서관표준데이터
도서관(작은도서관),책이든거리작은도서관,서울특별시 금천구,1,"서울특별시 금천구 범안로 1142, 고가도로 아래",37.4657639,126.8889751,전국도서관표준데이터
도서관(작은도서관),책읽는마을 작은도서관,서울특별시 금천구,1,서울특별시 금천구 독산로74길 31,37.4686517,126.904183,전국도서관표준데이터
경로당,매봉경로당,서울특별시 금천구 가산동,1,시흥대로149가길 6,37.4755881,126.895548,무더위쉼터(시설명 일치)
경로당,상록경로당,서울특별시 금천구 가산동,1,벚꽃로38길 35,37.4828,126.8843,무더위쉼터(도로명주소 일치)
경로당,우정경로당,서울특별시 금천구 가산동,1,두산로3길 49,37.4726854,126.8887064,무더위쉼터(도로명주소 일치)
주민센터,가산동 주민센터,서울특별시 금천구 가산동,1,서울특별시 금천구 가산로 129,37.4768451,126.8917582,무더위쉼터(도로명주소 일치)
경로당/도서관(작은도서관),"금천롯데캐슬골드파크1차경로당, 롯데캐슬1차 작은도서관",서울특별시 금천구 금천롯데캐슬 골드파크 1차 102동,2,벚꽃로 40,37.459752,126.89446,무더위쉼터(도로명주소 일치)
경로당,대덕트윈빌아파트경로당,서울특별시 금천구 대덕트윈빌 101동,1,시흥대로112길 6,37.467339,126.899029,무더위쉼터(도로명주소 일치)
주민센터/도서관(작은도서관),"독산2동 주민센터, 미래향기작은도서관",서울특별시 금천구 독산2동주민센터,2,서울특별시 금천구 독산로 179,37.463144,126.90348,무더위쉼터(도로명주소 일치)
주민센터/도서관(작은도서관),"독산4동 주민센터, 꿈씨어린이작은도서관",서울특별시 금천구 독산4동주민센터,2,서울특별시 금천구 독산로 232,37.46756,126.902149,무더위쉼터(도로명주소 일치)
경로당,감로천경로당,서울특별시 금천구 독산동,1,독산로72길 86-5,37.4695383,126.906447,무더위쉼터(도로명주소 일치)
경로당,구룡경로당,서울특별시 금천구 독산동,1,남부순환로122길 5,37.4791717,126.9022011,무더위쉼터(시설명 일치)
경로당,금천롯데캐슬골드파크3차경로당,서울특별시 금천구 독산동,1,시흥대로 291,37.459919,126.89725,무더위쉼터(도로명주소 일치)
경로당,금천현대아파트경로당,서울특별시 금천구 독산동,1,벚꽃로 73,37.462267,126.890337,무더위쉼터(도로명주소 일치)
경로당,동산경로당,서울특별시 금천구 독산동,1,독산로54길 247,37.4729248,126.9059886,무더위쉼터(도로명주소 일치)
경로당,만수경로당,서울특별시 금천구 독산동,1,시흥대로90길 60-3,37.4628214,126.900969,무더위쉼터(도로명주소 일치)
경로당,말미경로당,서울특별시 금천구 독산동,1,"범안로17길 22, 2층",37.4674,126.8944,무더위쉼터(도로명주소 일치)
경로당,목화경로당,서울특별시 금천구 독산동,1,문성로7가길 14,37.4775444,126.906504,무더위쉼터(도로명주소 일치)
경로당,문성경로당,서울특별시 금천구 독산동,1,독산로93길 18,37.474045,126.9022738,무더위쉼터(시설명 일치)
경로당,복지경로당,서울특별시 금천구 독산동,1,벚꽃로10길 94,37.464581,126.895285,무더위쉼터(도로명주소 일치)
경로당,세일경로당,서울특별시 금천구 독산동,1,시흥대로147길 30-15,37.4747791,126.896187,무더위쉼터(도로명주소 일치)
경로당,영보경로당,서울특별시 금천구 독산동,1,시흥대로141길 61-1,37.475583,126.897327,무더위쉼터(도로명주소 일치)
경로당,정심경로당,서울특별시 금천구 독산동,1,독산로75길 12-7,37.469376,126.901665,무더위쉼터(도로명주소 일치)
경로당,정훈경로당,서울특별시 금천구 독산동,1,독산로64길 79,37.466802,126.906432,무더위쉼터(도로명주소 일치)
경로당,진도3차아파트경로당,서울특별시 금천구 독산동,1,범안로17길 41,37.468504,126.893454,무더위쉼터(도로명주소 일치)
경로당,참새공원경로당,서울특별시 금천구 독산동,1,한내로 55,37.4569538,126.8871926,무더위쉼터(도로명주소 일치)
경로당,철쭉경로당,서울특별시 금천구 독산동,1,금하로1마길 15-8,37.4528822,126.889601,무더위쉼터(도로명주소 일치)
도서관(작은도서관),책달샘숲속작은도서관,서울특별시 금천구 독산동,1,"서울특별시 금천구 독산동 373, 감로천생태공원 내",37.469984,126.907914,전국도서관표준데이터
보건소,독산보건지소,서울특별시 금천구 독산동,1,"서울특별시 금천구 독산로87길 27 (독산동, 독산보건지소) 독산보건지소",37.4736703,126.9022527,무더위쉼터(도로명주소 일치)
주민센터/도서관(작은도서관),"독산1동 주민센터, 해오름작은도서관",서울특별시 금천구 독산동,2,서울특별시 금천구 시흥대로123길 11,37.4702215,126.8970489,무더위쉼터(시설명 일치)
주민센터/도서관(작은도서관),"독산3동 주민센터, 청개구리작은도서관",서울특별시 금천구 독산동,2,서울특별시 금천구 독산로 317,37.4751601,126.9031743,무더위쉼터(도로명주소 일치)
경로당,백운한비치2차아파트경로당,서울특별시 금천구 백운한비치Ⅱ101동,1,금하로23길 52,37.453498,126.909866,무더위쉼터(도로명주소 일치)
경로당,백운한비치1차아파트경로당,서울특별시 금천구 백운한비치아파트1동,1,탑골로2길 19,37.45148,126.911863,무더위쉼터(도로명주소 일치)
경로당,"벽산타운경로당, 벽산아파트5단지경로당",서울특별시 금천구 벽산5단지아파트 524동,2,금하로 816,37.448158,126.916987,무더위쉼터(도로명주소 일치)
주민센터,시흥3동 주민센터,서울특별시 금천구 시흥3동주민센터,1,서울특별시 금천구 시흥대로18길 40,37.440264,126.905828,무더위쉼터(도로명주소 일치)
주민센터/도서관(작은도서관),"시흥4동 주민센터, 도란도란작은도서관",서울특별시 금천구 시흥4동주민센터,2,서울특별시 금천구 독산로36길 14,37.458938,126.906146,무더위쉼터(도로명주소 일치)
경로당,금산경로당,서울특별시 금천구 시흥동,1,"시흥대로24길 50, 2층",37.4412742,126.9071673,무더위쉼터(도로명주소 일치)
경로당,남서울힐스테이트경로당,서울특별시 금천구 시흥동,1,시흥대로 165,37.447625,126.900616,무더위쉼터(도로명주소 일치)
경로당,대명경로당,서울특별시 금천구 시흥동,1,독산로11길 4,37.452227,126.9055948,무더위쉼터(도로명주소 일치)
경로당,박산경로당,서울특별시 금천구 시흥동,1,시흥대로2길 60,37.4350423,126.9065287,무더위쉼터(도로명주소 일치)
경로당,산장경로당,서울특별시 금천구 시흥동,1,탑골로2길 59-9,37.4508156,126.9138957,무더위쉼터(도로명주소 일치)
경로당,새재미경로당,서울특별시 금천구 시흥동,1,독산로39길 16,37.4588453,126.9042611,무더위쉼터(도로명주소 일치)
경로당,시흥베르빌아파트경로당,서울특별시 금천구 시흥동,1,시흥대로77길 23,37.4581271,126.8984574,무더위쉼터(도로명주소 일치)
경로당,읍내경로당,서울특별시 금천구 시흥동,1,은행나무로10길 12-1,37.4504237,126.9063177,무더위쉼터(도로명주소 일치)
경로당,장수경로당,서울특별시 금천구 시흥동,1,독산로50길 57-1,37.4628413,126.9075398,무더위쉼터(시설명 일치)
경로당,탑동경로당,서울특별시 금천구 시흥동,1,금하로23가길 14-1,37.4515244,126.9095322,무더위쉼터(도로명주소 일치)
경로당,한울경로당,서울특별시 금천구 시흥동,1,"독산로50마길 39-8, 101호",37.4611121,126.913054,무더위쉼터(도로명주소 일치)
도서관(공공도서관)/보건소,"금천구립금나래도서관, 금천구보건소",서울특별시 금천구 시흥동,2,"서울특별시 금천구 시흥대로73길 70, 금천구의회",37.4570656,126.8960369,전국도서관표준데이터
도서관(작은도서관)/보건소,"꿈꾸는작은도서관, 박미보건지소",서울특별시 금천구 시흥동,2,"서울특별시 금천구 시흥대로12길 10-5, 2층",37.4386618,126.904464,전국도서관표준데이터
주민센터,시흥1동 주민센터,서울특별시 금천구 시흥동,1,서울특별시 금천구 시흥대로58길 36,37.4535702,126.903237,무더위쉼터(시설명 일치)
주민센터/도서관(공공도서관),"시흥2동 주민센터, 금천구립시흥도서관",서울특별시 금천구 시흥동,2,서울특별시 금천구 금하로 764,37.4496974,126.9141886,무더위쉼터(도로명주소 일치)
주민센터/도서관(작은도서관),"시흥5동 주민센터, 행궁마을작은도서관",서울특별시 금천구 시흥동,2,서울특별시 금천구 금하로24길 6,37.4508,126.9084,무더위쉼터(도로명주소 일치)
경로당,목련아파트경로당,서울특별시 금천구 시흥목련아파트103동,1,금하로3길 26,37.454535,126.897596,무더위쉼터(도로명주소 일치)
경로당,현대빌라경로당,서울특별시 금천구 현대빌라 8동,1,시흥대로 53,37.440065,126.902123,무더위쉼터(도로명주소 일치)
도서관(공공도서관),노원어린이도서관,서울특별시 노원구,1,서울특별시 노원구 한글비석로 346,37.6579508,127.0763791,전국도서관표준데이터
도서관(공공도서관),노원중앙도서관,서울특별시 노원구,1,서울특별시 노원구 노원로34길 43,37.6610997,127.0650081,전국도서관표준데이터
도서관(공공도서관),불암도서관,서울특별시 노원구,1,서울특별시 노원구 중계로 106,37.6452921,127.0825447,전국도서관표준데이터
도서관(공공도서관),상계도서관,서울특별시 노원구,1,서울특별시 노원구 동일로243길 57,37.6785281,127.0519416,전국도서관표준데이터
도서관(공공도서관),월계도서관,서울특별시 노원구,1,서울특별시 노원구 월계로 319,37.628637,127.056121,전국도서관표준데이터
도서관(공공도서관),월계어린이도서관,서울특별시 노원구,1,서울특별시 노원구 월계로42길 9 월계문화복지센터 3층,37.6235884,127.0687815,전국도서관표준데이터
도서관(공공도서관),하계어린이도서관,서울특별시 노원구,1,서울특별시 노원구 공릉로58가길 13,37.6360959,127.0724932,전국도서관표준데이터
도서관(공공도서관),화랑도서관,서울특별시 노원구,1,서울특별시 노원구 노원로1나길 10,37.6215198,127.083006,전국도서관표준데이터
도서관(작은도서관),나무작은도서관,서울특별시 노원구,1,"서울특별시 노원구 동일로1405,1층",37.653831,127.0601779,전국도서관표준데이터
도서관(작은도서관),노원문화원,서울특별시 노원구,1,서울특별시 노원구 동일로 197길 24,37.6287991,127.0698014,전국도서관표준데이터
도서관(작은도서관),메아리작은도서관,서울특별시 노원구,1,서울특별시 노원구 노해길 183,37.65299,127.057987,전국도서관표준데이터
도서관(작은도서관),초안산숲속작은도서관,서울특별시 노원구,1,서울특별시 노원구 덕릉로 60길 199,37.6320801,127.0444276,전국도서관표준데이터
도서관(작은도서관),한내지혜의숲도서관,서울특별시 노원구,1,서울특별시 노원구 마들로 86,37.6235884,127.0687815,전국도서관표준데이터
도서관(작은도서관),한내행복발전소,서울특별시 노원구,1,서울특별시 노원구 마들로3길 15,37.6265077,127.0619783,전국도서관표준데이터
도서관(작은도서관),향기나무도서관,서울특별시 노원구,1,서울특별시 노원구 노원로 333 노원아동복지관 1층,37.6235884,127.0687815,전국도서관표준데이터
주민센터/도서관(작은도서관),"공릉1동 주민센터, 도란도란작은도서관",서울특별시 노원구 공릉1동주민센터,2,서울특별시 노원구 동일로186길 3-24,37.624829,127.073842,무더위쉼터(도로명주소 일치)
경로당,8단지청솔아파트경로당,서울특별시 노원구 공릉동,1,"노원구 노원로1가길 10(공릉동, 청솔8단지)",37.623523,127.085708,무더위쉼터(도로명주소 일치)
경로당,9단지청솔아파트경로당(청솔아파트경로당),서울특별시 노원구 공릉동,1,"노원구 노원로1길 21(공릉동, 공릉9단지청솔아파트)",37.621186,127.085135,무더위쉼터(도로명주소 일치)
경로당,건영장미아파트경로당,서울특별시 노원구 공릉동,1,"노원구 공릉로51길 14-17(공릉동, 건영장미아파트)",37.629314,127.074736,무더위쉼터(도로명주소 일치)
경로당,공노회경로당,서울특별시 노원구 공릉동,1,노원구 공릉로32길 35-2(공릉동),37.6221051,127.0812151,무더위쉼터(도로명주소 일치)
경로당,공덕경로당,서울특별시 노원구 공릉동,1,노원구 동일로184길 33(공릉동),37.6243485,127.075392,무더위쉼터(도로명주소 일치)
경로당,공릉1단지경로당,서울특별시 노원구 공릉동,1,"노원구 동일로 1127(공릉동, 공릉1단지아파트)",37.6307171,127.0698881,무더위쉼터(도로명주소 일치)
경로당,공릉1동 대동아파트경로당,서울특별시 노원구 공릉동,1,"노원구 동일로175길 38(공릉동, 대동아파트)",37.61981,127.072473,무더위쉼터(도로명주소 일치)
경로당,공릉1동대아아파트경로당,서울특별시 노원구 공릉동,1,"노원구 동일로183길 34(공릉동, 대아아파트)",37.623336,127.071429,무더위쉼터(도로명주소 일치)
경로당,공릉1동삼익아파트경로당,서울특별시 노원구 공릉동,1,"노원구 섬밭로 17(공릉동, 삼익아파트)",37.617696,127.072451,무더위쉼터(도로명주소 일치)
경로당,공릉1동현대아파트경로당,서울특별시 노원구 공릉동,1,"노원구 동일로176길 39-12(공릉동, 현대아파트)",37.6211533,127.0772159,무더위쉼터(도로명주소 일치)
경로당,공릉2단지경로당,서울특별시 노원구 공릉동,1,"노원구 동일로198가길 149(공릉동, 공릉2단지아파트)",37.630429,127.066931,무더위쉼터(도로명주소 일치)
경로당,공릉2동경로당,서울특별시 노원구 공릉동,1,노원구 공릉로 129(공릉동),37.6217503,127.0789781,무더위쉼터(도로명주소 일치)
경로당,공릉3단지경로당,서울특별시 노원구 공릉동,1,"노원구 섬밭로 123(공릉동, 공릉3단지아파트)",37.627226,127.068689,무더위쉼터(도로명주소 일치)
경로당,공릉4단지경로당,서울특별시 노원구 공릉동,1,"노원구 동일로198가길 13(공릉동, 공릉삼익4단지아파트)",37.629831,127.072063,무더위쉼터(도로명주소 일치)
경로당,공릉경로당,서울특별시 노원구 공릉동,1,"노원구 공릉로 169-9 B01호(공릉동, 진주빌라B동)",37.6252534,127.0791498,무더위쉼터(도로명주소 일치)
경로당,공릉대주파크빌경로당,서울특별시 노원구 공릉동,1,"노원구 섬밭로 52(공릉동, 대주파크빌)",37.621262,127.072132,무더위쉼터(도로명주소 일치)
경로당,공릉동신도1차아파트경로당,서울특별시 노원구 공릉동,1,"노원구 동일로191가길 59(공릉동, 공릉동신도1차아파트)",37.627569,127.069705,무더위쉼터(도로명주소 일치)
경로당,공릉두산아파트경로당,서울특별시 노원구 공릉동,1,"노원구 공릉로 126(공릉동, 두산힐스빌아파트)",37.621537,127.079639,무더위쉼터(도로명주소 일치)
경로당,공릉비선아파트경로당,서울특별시 노원구 공릉동,1,"노원구 화랑로51길 78(공릉동, 비선아파트)",37.626281,127.087688,무더위쉼터(도로명주소 일치)
경로당,공릉아파트경로당,서울특별시 노원구 공릉동,1,"노원구 화랑로51길 81(공릉동, 공릉아파트)",37.624647,127.087648,무더위쉼터(도로명주소 일치)
경로당,공릉우성아파트경로당,서울특별시 노원구 공릉동,1,"노원구 동일로198길 24(공릉동, 공릉우성아파트)",37.628573,127.072629,무더위쉼터(도로명주소 일치)
경로당,공릉풍림아파트경로당,서울특별시 노원구 공릉동,1,"노원구 섬밭로 139(공릉동, 공릉풍림아파트)",37.628991,127.067177,무더위쉼터(도로명주소 일치)
경로당,공릉한보아파트경로당,서울특별시 노원구 공릉동,1,"노원구 공릉로46길 19(공릉동, 한보아파트)",37.628065,127.080516,무더위쉼터(도로명주소 일치)
경로당,공릉행복경로당(공릉3동경로당),서울특별시 노원구 공릉동,1,"노원구 동일로192나길 16-15, 2-201(공릉동, 임성타운4차)",37.6278387,127.0755824,무더위쉼터(도로명주소 일치)
경로당,공릉효성아파트경로당,서울특별시 노원구 공릉동,1,"노원구 공릉로34길 45(공릉동, 공릉효성아파트)",37.624203,127.080891,무더위쉼터(도로명주소 일치)
경로당,대동2차아파트경로당,서울특별시 노원구 공릉동,1,"노원구 동일로195길 39(공릉동, 공릉동2차대동아파트)",37.626671,127.070071,무더위쉼터(도로명주소 일치)
경로당,대아아파트경로당,서울특별시 노원구 공릉동,1,"노원구 공릉로 157(공릉동, 대아아파트)",37.623906,127.078611,무더위쉼터(도로명주소 일치)
경로당,동부아파트경로당,서울특별시 노원구 공릉동,1,"노원구 공릉로 206(공릉동, 동부아파트)",37.628054,127.078394,무더위쉼터(도로명주소 일치)
경로당,동신아파트경로당,서울특별시 노원구 공릉동,1,"노원구 공릉로 213(공릉동, 동신아파트)",37.628636,127.076881,무더위쉼터(도로명주소 일치)
경로당,삼익2차아파트경로당,서울특별시 노원구 공릉동,1,"노원구 공릉로34길 118(공릉동, 공릉삼익2차아파트)",37.625864,127.079993,무더위쉼터(도로명주소 일치)
경로당,삼익아파트경로당,서울특별시 노원구 공릉동,1,"노원구 공릉로46길 32(공릉동, 삼익아파트)",37.626793,127.082047,무더위쉼터(도로명주소 일치)
경로당,성우아파트경로당,서울특별시 노원구 공릉동,1,"노원구 공릉로27길 110(공릉동, 현대성우아파트)",37.626699,127.077472,무더위쉼터(도로명주소 일치)
경로당,신도2차브래뉴아파트경로당,서울특별시 노원구 공릉동,1,"노원구 동일로193길 7(공릉동, 공릉2차신도브래뉴아파트)",37.6258504,127.071889,무더위쉼터(도로명주소 일치)
경로당,신성미소지움경로당,서울특별시 노원구 공릉동,1,"노원구 공릉로42길 13-14(공릉동, 신성미소지움아파트)",37.624626,127.080834,무더위쉼터(도로명주소 일치)
경로당,신원아파트경로당,서울특별시 노원구 공릉동,1,"노원구 동일로192나길 26(공릉동, 신원아파트)",37.628048,127.074916,무더위쉼터(도로명주소 일치)
경로당,우방아파트경로당,서울특별시 노원구 공릉동,1,"노원구 노원로 58(공릉동, 우방아파트)",37.626945,127.088409,무더위쉼터(도로명주소 일치)
경로당,태강아파트경로당,서울특별시 노원구 공릉동,1,"노원구 공릉로34길 62(공릉동, 태강아파트)",37.623483,127.083007,무더위쉼터(도로명주소 일치)
경로당,태릉우성아파트경로당,서울특별시 노원구 공릉동,1,"노원구 노원로 29(공릉동, 태능우성아파트)",37.624821,127.084386,무더위쉼터(도로명주소 일치)
경로당,태릉해링턴플레이스경로당,서울특별시 노원구 공릉동,1,"노원구 공릉로34길 86(공릉동, 태릉해링턴플레이스)",37.625986,127.083207,무더위쉼터(도로명주소 일치)
경로당,한마음경로당,서울특별시 노원구 공릉동,1,노원구 동일로178길 25-5(공릉동),37.6216313,127.0759311,무더위쉼터(도로명주소 일치)
경로당,화랑타운아파트경로당,서울특별시 노원구 공릉동,1,"노원구 화랑로51길 17(공릉동, 화랑타운아파트)",37.623719,127.088917,무더위쉼터(도로명주소 일치)
경로당,효성화운트빌아파트경로당,서울특별시 노원구 공릉동,1,"노원구 노원로 62(공릉동, 공릉효성화운트빌)",37.627345,127.08713,무더위쉼터(도로명주소 일치)
경로당/도서관(작은도서관),"공릉1동경로당, 공릉행복도서관",서울특별시 노원구 공릉동,2,"노원구 동일로179길 22(공릉동, 공릉행복발전소 1층)",37.622055,127.072804,무더위쉼터(도로명주소 일치)
보건소,공릉보건지소,서울특별시 노원구 공릉동,1,"서울특별시 노원구 공릉로 166-1 (공릉동, 공릉보건지소) 공릉보건지소",37.6247881,127.080003,ArcGIS 지오코딩(주소 지점 일치)
주민센터/도서관(작은도서관),"공릉2동 주민센터, 책이랑친구랑작은도서관",서울특별시 노원구 공릉동,2,서울특별시 노원구 노원로 1길 68,37.6212893,127.083385,무더위쉼터(도로명주소 일치)
경로당,상계대동아파트경로당,서울특별시 노원구 상계2동,1,노원구 노원구 상계2동 1284,37.656665,127.071665,무더위쉼터(시설명 일치)
경로당,갈월경로당,서울특별시 노원구 상계동,1,노원구 동일로236길 55(상계동),37.6741672,127.0585449,ArcGIS 지오코딩(주소 지점 일치)
경로당,계산경로당,서울특별시 노원구 상계동,1,노원구 동일로239다길 19(상계동),37.675998,127.051017,무더위쉼터(도로명주소 일치)
경로당,극동늘푸른아파트경로당,서울특별시 노원구 상계동,1,"노원구 동일로246길 39(상계동, 극동아파트)",37.67747,127.057623,무더위쉼터(도로명주소 일치)
경로당,금호타운아파트경로당,서울특별시 노원구 상계동,1,"노원구 한글비석로46나길 10(상계동, 금호아파트)",37.667303,127.068803,무더위쉼터(도로명주소 일치)
경로당,노원센트럴푸르지오경로당,서울특별시 노원구 상계동,1,"노원구 수락산로 12(상계동, 노원센트럴푸르지오)",37.665632,127.074947,무더위쉼터(도로명주소 일치)
경로당,노원우성아파트경로당,서울특별시 노원구 상계동,1,"노원구 상계로7길 18(상계동, 우성아파트)",37.658192,127.06498,무더위쉼터(도로명주소 일치)
경로당,노원현대아파트경로당,서울특별시 노원구 상계동,1,"노원구 상계로3길 50(상계동, 노원현대아파트)",37.658504,127.063503,무더위쉼터(도로명주소 일치)
경로당,대림아파트경로당,서울특별시 노원구 상계동,1,"노원구 동일로221길 22(상계동, 대림아파트)",37.659302,127.057698,무더위쉼터(도로명주소 일치)
경로당,대망드림힐아파트경로당,서울특별시 노원구 상계동,1,"노원구 동일로242라길 27(상계동, 대망드림힐아파트)",37.676092,127.058139,무더위쉼터(도로명주소 일치)
경로당,덕산경로당,서울특별시 노원구 상계동,1,노원구 덕릉로 849(상계동),37.672236,127.082376,무더위쉼터(시설명 일치)
경로당,도암경로당,서울특별시 노원구 상계동,1,노원구 덕릉로126나길 14(상계동),37.6708,127.083197,무더위쉼터(도로명주소 일치)
경로당,동아불암106동경로당,서울특별시 노원구 상계동,1,"노원구 덕릉로112길 13(상계동, 동아불암아파트)",37.666035,127.078223,무더위쉼터(도로명주소 일치)
경로당,동아불암아파트경로당,서울특별시 노원구 상계동,1,"노원구 덕릉로 780(상계동, 동아불암아파트)",37.667207,127.079515,무더위쉼터(도로명주소 일치)
경로당,두산아파트경로당,서울특별시 노원구 상계동,1,"노원구 동일로241길 53(상계동, 두산아파트)",37.677481,127.053736,무더위쉼터(도로명주소 일치)
경로당,미도아파트경로당,서울특별시 노원구 상계동,1,"노원구 덕릉로 459-18(상계동, 미도아파트)",37.64576,127.06086,무더위쉼터(도로명주소 일치)
경로당,보람아파트경로당,서울특별시 노원구 상계동,1,"노원구 한글비석로 479(상계동, 보람아파트1단지)",37.664528,127.064466,무더위쉼터(도로명주소 일치)
경로당,복지경로당,서울특별시 노원구 상계동,1,노원구 한글비석로 426-12(상계동),37.662567,127.0705265,무더위쉼터(도로명주소 일치)
경로당,봉산경로당,서울특별시 노원구 상계동,1,"노원구 동일로242가길 26-23(상계동, 구립), 24-37(상계동, 사립)",37.6768639,127.0563617,무더위쉼터(도로명주소 일치)
경로당,북현경로당,서울특별시 노원구 상계동,1,"노원구 동일로237바길 17(상계동, 북부현대아파트)",37.6744311,127.0504716,무더위쉼터(도로명주소 일치)
경로당,불암경로당,서울특별시 노원구 상계동,1,노원구 한글비석로47길 99-3(상계동),37.6596453,127.0660526,무더위쉼터(도로명주소 일치)
경로당,불암현대아파트106동경로당,서울특별시 노원구 상계동,1,"노원구 덕릉로118길 27(상계동, 불암현대아파트)",37.668568,127.080524,무더위쉼터(시설명 일치)
경로당,불암현대아파트경로당,서울특별시 노원구 상계동,1,"노원구 덕릉로118길 29(상계동, 상계불암현대아파트)",37.66649,127.079895,무더위쉼터(도로명주소 일치)
경로당,상계1동 현대4차아파트경로당,서울특별시 노원구 상계동,1,"노원구 동일로231다길 23(상계동, 현대4차아파트)",37.672749,127.051055,무더위쉼터(도로명주소 일치)
경로당,상계2차중앙하이츠아파트경로당,서울특별시 노원구 상계동,1,"노원구 노원로 428(상계동, 상계2차중앙하이츠아파트)",37.654529,127.068782,무더위쉼터(도로명주소 일치)
경로당,상계5동경로당,서울특별시 노원구 상계동,1,노원구 한글비석로37길 22(상계동),37.6614565,127.0689601,무더위쉼터(도로명주소 일치)
경로당,상계대림아파트경로당,서울특별시 노원구 상계동,1,"노원구 상계로 193-14(상계동, 상계대림아파트)",37.66257,127.074,무더위쉼터(도로명주소 일치)
경로당,상계대림아파트경로당,서울특별시 노원구 상계동,1,"노원구 동일로239길 68(상계동, 상계대림아파트)",37.67444,127.050954,무더위쉼터(도로명주소 일치)
경로당,상계동 동양메이저아파트경로당,서울특별시 노원구 상계동,1,"노원구 상계로5길 12(상계동, 동양메이저아파트)",37.657524,127.063656,무더위쉼터(도로명주소 일치)
경로당,상계동양우아파트경로당,서울특별시 노원구 상계동,1,"노원구 노원로30길 81(상계동, 상계양우아파트)",37.656489,127.071071,무더위쉼터(도로명주소 일치)
경로당,상계마들아파트경로당,서울특별시 노원구 상계동,1,"노원구 덕릉로70가길 101(상계동, 상계마들아파트)",37.6417139,127.0565071,ArcGIS 지오코딩(주소 지점 일치)
경로당,상계미라보아파트경로당,서울특별시 노원구 상계동,1,"노원구 덕릉로127길 25 (상계동, 성림아파트)",37.671907,127.081371,무더위쉼터(도로명주소 일치)
경로당,상계벽산아파트경로당,서울특별시 노원구 상계동,1,"노원구 한글비석로 396(상계동, 벽산아파트)",37.66091,127.071737,무더위쉼터(도로명주소 일치)
경로당,상계불암대림아파트207동경로당,서울특별시 노원구 상계동,1,"노원구 덕릉로94가길 41(상계동, 상계불암대림아파트)",37.6639493,127.0779669,무더위쉼터(도로명주소 일치)
경로당,상계불암대림아파트경로당,서울특별시 노원구 상계동,1,"노원구 덕릉로 730(상계동, 상계불암대림아파트)",37.663708,127.077681,무더위쉼터(시설명 일치)
경로당,상계성원아파트경로당,서울특별시 노원구 상계동,1,"노원구 노원로34길 34(상계동, 성원아파트)",37.660493,127.065863,무더위쉼터(도로명주소 일치)
경로당,상계수락경로당,서울특별시 노원구 상계동,1,"노원구 동일로242라길20,201호(상계동)",37.6759299,127.0576465,무더위쉼터(도로명주소 일치)
경로당,상계신동아아파트경로당,서울특별시 노원구 상계동,1,"노원구 한글비석로52길 66(상계동, 신동아아파트)",37.667366,127.067487,무더위쉼터(도로명주소 일치)
경로당,상계우방아파트효도의집경로당,서울특별시 노원구 상계동,1,"노원구 동일로230가길 15(상계동, 상계우방아파트)",37.67184,127.056711,무더위쉼터(도로명주소 일치)
경로당,상일경로당,서울특별시 노원구 상계동,1,노원구 동일로237가길 10(상계동),37.6743292,127.0545298,무더위쉼터(도로명주소 일치)
경로당,송암경로당,서울특별시 노원구 상계동,1,노원구 한글비석로44길 64-20(상계동),37.6645374,127.07194,무더위쉼터(도로명주소 일치)
경로당,수락리버시티3단지경로당,서울특별시 노원구 상계동,1,"노원구 누원로 28(상계동, 수락리버시티3단지)",37.688156,127.054018,무더위쉼터(도로명주소 일치)
경로당,수락리버시티4단지경로당,서울특별시 노원구 상계동,1,"노원구 누원로 18(상계동, 수락리버시티4단지)",37.686422,127.053431,무더위쉼터(도로명주소 일치)
경로당,수락산벨리체아파트경로당,서울특별시 노원구 상계동,1,"노원구 동일로250길 18(상계동, 수락산벨리체아파트)",37.681894,127.057044,무더위쉼터(도로명주소 일치)
경로당,수락파크빌아파트경로당,서울특별시 노원구 상계동,1,"노원구 동일로248길 16(상계동, 수락파크빌아파트)",37.678998,127.056741,무더위쉼터(도로명주소 일치)
경로당,수락한신아파트경로당,서울특별시 노원구 상계동,1,"노원구 동일로242길 80(상계동, 수락한신아파트)",37.673733,127.060152,무더위쉼터(도로명주소 일치)
경로당,수락현대아파트경로당,서울특별시 노원구 상계동,1,"노원구 동일로242길 95(상계동, 수락현대아파트)",37.675393,127.059384,무더위쉼터(도로명주소 일치)
경로당,수암경로당,서울특별시 노원구 상계동,1,노원구 덕릉로115가길 21(상계동),37.667597,127.0785275,무더위쉼터(도로명주소 일치)
경로당,숲속경로당,서울특별시 노원구 상계동,1,노원구 수락산로 32(상계동),37.6656266,127.0730773,무더위쉼터(도로명주소 일치)
경로당,양지마을경로당,서울특별시 노원구 상계동,1,노원구 덕릉로137길 45(상계동),37.674572,127.083181,무더위쉼터(시설명 일치)
경로당,우림루미아트1차경로당,서울특별시 노원구 상계동,1,"노원구 동일로230가길 71(상계동, 우림루미아트)",37.674377,127.055861,무더위쉼터(도로명주소 일치)
경로당,우림루미아트경로당,서울특별시 노원구 상계동,1,"노원구 동일로238길 33(상계동, 우림루미아트2차)",37.6745903,127.0570832,무더위쉼터(도로명주소 일치)
경로당,원터경로당,서울특별시 노원구 상계동,1,노원구 상계로10길 24-7(상계동),37.6562818,127.06745,무더위쉼터(도로명주소 일치)
경로당,은빛1단지경로당,서울특별시 노원구 상계동,1,"노원구 동일로245길 162(상계동, 은빛1단지아파트)",37.681055,127.054075,무더위쉼터(도로명주소 일치)
경로당,은빛2단지경로당,서울특별시 노원구 상계동,1,"노원구 동일로245가길 41(상계동, 은빛2단지아파트)",37.680109,127.053439,무더위쉼터(도로명주소 일치)
경로당,은빛3단지어르신방경로당,서울특별시 노원구 상계동,1,"노원구 동일로250길 17(상계동, 은빛3단지아파트)",37.6828099,127.0566809,무더위쉼터(도로명주소 일치)
경로당,임광아파트경로당,서울특별시 노원구 상계동,1,"노원구 노원로 569(상계동, 임광아파트)",37.660661,127.056134,무더위쉼터(도로명주소 일치)
경로당,주공10단지경로당,서울특별시 노원구 상계동,1,"노원구 노원로 564(상계동, 상계주공10단지아파트)",37.662924,127.054199,무더위쉼터(도로명주소 일치)
경로당,주공11단지경로당,서울특별시 노원구 상계동,1,"노원구 동일로227길 25(상계동, 상계주공11단지아파트)",37.666493,127.054508,무더위쉼터(도로명주소 일치)
경로당,주공12단지경로당,서울특별시 노원구 상계동,1,"노원구 한글비석로 530(상계동, 상계주공12단지아파트)",37.66609,127.059162,무더위쉼터(도로명주소 일치)
경로당,주공13단지경로당,서울특별시 노원구 상계동,1,"노원구 한글비석로54길 92(상계동, 상계주공13단지아파트)",37.66731,127.062335,무더위쉼터(도로명주소 일치)
경로당,주공14단지경로당,서울특별시 노원구 상계동,1,"노원구 동일로228길 23(상계동, 상계주공14단지아파트)",37.669705,127.059049,무더위쉼터(도로명주소 일치)
경로당,주공16단지경로당,서울특별시 노원구 상계동,1,"노원구 동일로227길 86(상계동, 상계주공16단지아파트)",37.66882,127.052781,무더위쉼터(도로명주소 일치)
경로당,주공1단지경로당,서울특별시 노원구 상계동,1,"노원구 덕릉로 459-21(상계동, 상계주공1단지아파트)",37.647142,127.057982,무더위쉼터(도로명주소 일치)
경로당,주공2단지경로당,서울특별시 노원구 상계동,1,"노원구 동일로215길 23(상계동, 상계주공2단지아파트)",37.649706,127.058348,무더위쉼터(도로명주소 일치)
경로당,주공3단지경로당,서울특별시 노원구 상계동,1,"노원구 동일로215길 48(상계동, 상계주공3단지아파트)",37.652183,127.057739,무더위쉼터(도로명주소 일치)
경로당,주공4단지경로당,서울특별시 노원구 상계동,1,"노원구 동일로214길 21(상계동, 상계주공4단지아파트)",37.650023,127.063541,무더위쉼터(도로명주소 일치)
경로당,주공5단지경로당,서울특별시 노원구 상계동,1,"노원구 동일로216길 47(상계동, 상계주공5단지아파트)",37.652239,127.063941,무더위쉼터(도로명주소 일치)
경로당,주공6단지경로당,서울특별시 노원구 상계동,1,"노원구 노해로 508(상계동, 상계주공6단지아파트)",37.654485,127.064365,무더위쉼터(도로명주소 일치)
경로당,주공7단지경로당,서울특별시 노원구 상계동,1,"노원구 동일로 1456(상계동, 상계주공7단지아파트)",37.659467,127.060766,무더위쉼터(도로명주소 일치)
경로당,주공9단지경로당,서울특별시 노원구 상계동,1,"노원구 노원로 532(상계동, 상계주공9단지아파트)",37.66351,127.061045,무더위쉼터(도로명주소 일치)
경로당,중계센트럴파크아파트경로당,서울특별시 노원구 상계동,1,"노원구 덕릉로70가길 21(상계동, 중계센트럴파크)",37.643486,127.06051,무더위쉼터(도로명주소 일치)
경로당,중앙하이츠아파트경로당,서울특별시 노원구 상계동,1,"노원구 노원로28길 15(상계동, 상계1차중앙하이츠아파트)",37.653886,127.068201,무더위쉼터(도로명주소 일치)
경로당,청솔경로당,서울특별시 노원구 상계동,1,노원구 노원로30길 73(상계동),37.6561268,127.070725,무더위쉼터(도로명주소 일치)
경로당,청암1단지아파트경로당,서울특별시 노원구 상계동,1,"노원구 덕릉로112길 24(상계동, 청암1단지아파트)",37.664941,127.078699,무더위쉼터(도로명주소 일치)
경로당,청암2단지아파트경로당,서울특별시 노원구 상계동,1,"노원구 덕릉로94가길 20(상계동, 청암2단지아파트)",37.663261,127.078413,무더위쉼터(도로명주소 일치)
경로당,코오롱아파트경로당,서울특별시 노원구 상계동,1,"노원구 노원로26가길 7(상계동, 코오롱아파트)",37.6523046,127.0695568,ArcGIS 지오코딩(주소 지점 일치)
경로당,한신1차아파트경로당,서울특별시 노원구 상계동,1,"노원구 한글비석로46가길 16(상계동, 한신1차아파트)",37.666719,127.069173,무더위쉼터(도로명주소 일치)
경로당,한신2차아파트경로당,서울특별시 노원구 상계동,1,"노원구 한글비석로48길 6(상계동, 한신2차아파트)",37.665025,127.06879,무더위쉼터(도로명주소 일치)
경로당,한신3차아파트경로당,서울특별시 노원구 상계동,1,"노원구 한글비석로46가길 34(상계동, 한신3차아파트)",37.666381,127.067584,무더위쉼터(도로명주소 일치)
경로당,한신아파트경로당,서울특별시 노원구 상계동,1,"노원구 동일로230길 63(상계동, 조흥한신아파트)",37.67402,127.059492,무더위쉼터(도로명주소 일치)
경로당,한양아파트경로당,서울특별시 노원구 상계동,1,"노원구 동일로216길 92(상계동, 한양아파트)",37.651516,127.067005,무더위쉼터(도로명주소 일치)
경로당,한일유앤아이아파트경로당,서울특별시 노원구 상계동,1,"노원구 노원로28길 62(상계동, 한일유앤아이아파트)",37.654482,127.071568,무더위쉼터(도로명주소 일치)
경로당,현대1차아파트경로당,서울특별시 노원구 상계동,1,"노원구 동일로237길 41(상계동, 현대1차아파트)",37.672913,127.052673,무더위쉼터(도로명주소 일치)
경로당,현대2차아파트경로당,서울특별시 노원구 상계동,1,"노원구 동일로231길 86(상계동, 현대2차아파트)",37.672653,127.050821,무더위쉼터(도로명주소 일치)
경로당,현대3차아파트경로당,서울특별시 노원구 상계동,1,"노원구 수락산로 234(상계동, 현대3차아파트)",37.671742,127.053159,무더위쉼터(도로명주소 일치)
경로당,희망경로당,서울특별시 노원구 상계동,1,노원구 덕릉로130길 48(상계동),37.6720172,127.0857105,무더위쉼터(도로명주소 일치)
보건소,노원구보건소,서울특별시 노원구 상계동,1,"서울특별시 노원구 노해로 437 (상계동, 노원구청), 보건소 노원구보건소",37.6541095,127.0567319,무더위쉼터(도로명주소 일치)
보건소,마들보건지소,서울특별시 노원구 상계동,1,"서울특별시 노원구 수락산로 212-20 (상계동, 마들보건지소) 마들보건지소",37.6714644,127.0552311,ArcGIS 지오코딩(주소 지점 일치)
보건소,상계보건지소,서울특별시 노원구 상계동,1,"서울특별시 노원구 상계로 118 (상계동, 상계2동주민센터) 3층",37.6574832,127.0678641,ArcGIS 지오코딩(주소 지점 일치)
주민센터,상계6·7동 주민센터,서울특별시 노원구 상계동,1,서울특별시 노원구 노원로 429,37.654893,127.0669752,무더위쉼터(도로명주소 일치)
주민센터/도서관(작은도서관),"상계10동 주민센터, 가온작은도서관",서울특별시 노원구 상계동,2,서울특별시 노원구 노원로 530,37.659732,127.063218,무더위쉼터(시설명 일치)
주민센터/도서관(작은도서관),"상계1동 주민센터, 푸른숲작은도서관",서울특별시 노원구 상계동,2,서울특별시 노원구 동일로 1697,37.6798826,127.0548999,무더위쉼터(도로명주소 일치)
주민센터/도서관(작은도서관),"상계2동 주민센터, 파랑새작은도서관",서울특별시 노원구 상계동,2,서울특별시 노원구 상계로 118,37.6575021,127.0678196,무더위쉼터(도로명주소 일치)
주민센터/도서관(작은도서관),"상계3·4동 주민센터, 수락작은도서관",서울특별시 노원구 상계동,2,서울특별시 노원구 덕릉로 859,37.6728813,127.0831865,무더위쉼터(도로명주소 일치)
주민센터/도서관(작은도서관),"상계5동 주민센터, 해솔작은도서관",서울특별시 노원구 상계동,2,서울특별시 노원구 한글비석로 434,37.6629598,127.0693758,무더위쉼터(도로명주소 일치)
주민센터/도서관(작은도서관),"상계8동 주민센터, 상계숲속작은도서관, 반디작은도서관",서울특별시 노원구 상계동,3,서울특별시 노원구 동일로227길 97,37.6667498,127.0515713,무더위쉼터(도로명주소 일치)
주민센터/도서관(작은도서관),"상계9동 주민센터, 한울작은도서관",서울특별시 노원구 상계동,2,서울특별시 노원구 한글비석로 487,37.6644992,127.0638853,무더위쉼터(도로명주소 일치)
주민센터,월계3동 주민센터,서울특별시 노원구 월계3동주민센터,1,서울특별시 노원구 마들로 57,37.620964,127.069265,무더위쉼터(도로명주소 일치)
경로당,2단지각심경로당,서울특별시 노원구 월계동,1,"노원구 초안산로1길 18(월계동, 월계주공2단지아파트)",37.628534,127.052369,무더위쉼터(도로명주소 일치)
경로당,sk뷰아파트경로당,서울특별시 노원구 월계동,1,"노원구 월계로42길 97(월계동,sk뷰아파트)",37.621664,127.05399,무더위쉼터(도로명주소 일치)
경로당,건양노블레스아파트경로당,서울특별시 노원구 월계동,1,"노원구 화랑로45길 42-18(월계동, 건양노블레스아파트)",37.617305,127.066832,무더위쉼터(도로명주소 일치)
경로당,광운경로당,서울특별시 노원구 월계동,1,노원구 광운로19가길 53(월계동),37.6252768,127.0591271,무더위쉼터(도로명주소 일치)
경로당,그랑빌아파트경로당,서울특별시 노원구 월계동,1,"노원구 마들로 31(월계동, 그랑빌아파트)",37.617803,127.068242,무더위쉼터(도로명주소 일치)
경로당,극동아파트경로당,서울특별시 노원구 월계동,1,"노원구 덕릉로60길 268(월계동, 극동아파트)",37.62924,127.045993,무더위쉼터(시설명 일치)
경로당,녹천역두산위브아파트경로당,서울특별시 노원구 월계동,1,"노원구 마들로5길 25(월계동,녹천역두산위브아파트)",37.640652,127.052769,무더위쉼터(도로명주소 일치)
경로당,대동아파트경로당,서울특별시 노원구 월계동,1,"노원구 광운로 46(월계동, 대동아파트)",37.621913,127.060938,무더위쉼터(도로명주소 일치)
경로당,대우아파트경로당,서울특별시 노원구 월계동,1,"노원구 초안산로5길 22(월계동, 대우아파트)",37.63295,127.051435,무더위쉼터(도로명주소 일치)
경로당,동신아파트경로당,서울특별시 노원구 월계동,1,"노원구 광운로2나길 30(월계동, 동신아파트)",37.616524,127.061719,무더위쉼터(도로명주소 일치)
경로당,롯데캐슬루나아파트경로당,서울특별시 노원구 월계동,1,"노원구 월계로45길 21(월계동, 롯데캐슬루나아파트)",37.626271,127.049699,무더위쉼터(도로명주소 일치)
경로당,미성아파트경로당,서울특별시 노원구 월계동,1,"노원구 마들로 59(월계동, 월계미성아파트)",37.621131,127.066933,무더위쉼터(도로명주소 일치)
경로당,벼루마을경로당,서울특별시 노원구 월계동,1,노원구 월계로44길 62(월계동),37.6225767,127.0525235,무더위쉼터(도로명주소 일치)
경로당,사슴1단지경로당,서울특별시 노원구 월계동,1,"노원구 월계로 372(월계동, 월계사슴1단지아파트)",37.6301648,127.060023,무더위쉼터(도로명주소 일치)
경로당,사슴2단지경로당,서울특별시 노원구 월계동,1,"노원구 월계로55길 16(월계동, 월계사슴2단지아파트)",37.632493,127.06034,무더위쉼터(도로명주소 일치)
경로당,사슴3단지경로당,서울특별시 노원구 월계동,1,"노원구 월계로55길 15(월계동, 월계사슴3단지아파트)",37.632233,127.060099,무더위쉼터(도로명주소 일치)
경로당,삼미아파트경로당,서울특별시 노원구 월계동,1,"노원구 마들로 111(월계동, 월계미륭아파트) 미륭 삼호3차",37.623883,127.063571,무더위쉼터(도로명주소 일치)
경로당,삼창아파트경로당,서울특별시 노원구 월계동,1,"노원구 광운로2나길 50(월계동, 삼창아파트)",37.618679,127.059873,무더위쉼터(도로명주소 일치)
경로당,서광아파트경로당,서울특별시 노원구 월계동,1,"노원구 마들로1길 44(월계동, 서광아파트)",37.622776,127.065148,무더위쉼터(도로명주소 일치)
경로당,선곡경로당,서울특별시 노원구 월계동,1,노원구 광운로2길 15-6(월계동),37.6176181,127.0582983,무더위쉼터(도로명주소 일치)
경로당,성북역신도브래뉴경로당,서울특별시 노원구 월계동,1,"노원구 광운로19길 38(월계동, 성북역신도브래뉴)",37.623187,127.059193,무더위쉼터(도로명주소 일치)
경로당,성원아파트경로당,서울특별시 노원구 월계동,1,"노원구 마들로3길 37(월계동, 성원아파트)",37.629598,127.062339,무더위쉼터(도로명주소 일치)
경로당,세양청마루아파트경로당,서울특별시 노원구 월계동,1,"노원구 석계로13길 35(월계동, 세양청마루아파트)",37.620534,127.06015,무더위쉼터(도로명주소 일치)
경로당,연촌경로당,서울특별시 노원구 월계동,1,노원구 광운로 15길 35-2 동광빌라 101호,37.6213594,127.0571986,무더위쉼터(도로명주소 일치)
경로당,월계동원베네스트경로당,서울특별시 노원구 월계동,1,"노원구 월계로53길 21(월계동, 동원베네스트)",37.631452,127.058408,무더위쉼터(도로명주소 일치)
경로당,월계센트럴아이파크아파트경로당,서울특별시 노원구 월계동,1,"노원구 초안산로2라길 26, 101동 1층(월계센트럴아이파크아파트)",37.630338,127.058278,무더위쉼터(도로명주소 일치)
경로당,월계역신도브래뉴경로당,서울특별시 노원구 월계동,1,"노원구 월계로 338(월계동, 월계역신도브래뉴)",37.629165,127.058404,무더위쉼터(시설명 일치)
경로당,월계우남아파트경로당,서울특별시 노원구 월계동,1,"노원구 화랑로 355(월계동, 우남아파트)",37.615913,127.067123,무더위쉼터(도로명주소 일치)
경로당,월계유원아파트경로당,서울특별시 노원구 월계동,1,"노원구 덕릉로60길 252(월계동, 유원아파트)",37.629269,127.045078,무더위쉼터(도로명주소 일치)
경로당,월계종합복지관경로당,서울특별시 노원구 월계동,1,"노원구 초안산로1길 15(월계동, 월계주공1단지아파트)",37.627287,127.052817,무더위쉼터(시설명 일치)
경로당,월계풍림아이원아파트경로당,서울특별시 노원구 월계동,1,"노원구 화랑로47길 38(월계동, 월계풍림아이원아파트)",37.616956,127.066099,무더위쉼터(도로명주소 일치)
경로당,월계한일1차아파트경로당,서울특별시 노원구 월계동,1,"노원구 석계로15길 25(월계동, 한일아파트)",37.622011,127.061357,무더위쉼터(도로명주소 일치)
경로당,월계한일2차아파트경로당,서울특별시 노원구 월계동,1,"노원구 석계로13길 6-10(월계동, 월계2차한일아파트)",37.621021,127.061982,무더위쉼터(도로명주소 일치)
경로당,월계현대아파트경로당,서울특별시 노원구 월계동,1,"노원구 석계로 49(월계동, 현대아파트)",37.618688,127.062557,무더위쉼터(도로명주소 일치)
경로당,월계흥화브라운빌경로당,서울특별시 노원구 월계동,1,"노원구 우이천로2나길 14(월계동, 월계흥화브라운빌)",37.632099,127.044027,무더위쉼터(도로명주소 일치)
경로당,월성경로당,서울특별시 노원구 월계동,1,노원구 광운로13길 9 (월계동),37.6212999,127.0587409,무더위쉼터(도로명주소 일치)
경로당,월천아파트경로당,서울특별시 노원구 월계동,1,"노원구 마들로 127(월계동, 월계삼호아파트) 삼호4차",37.626221,127.065909,무더위쉼터(도로명주소 일치)
경로당,인덕마을경로당,서울특별시 노원구 월계동,1,"노원구 초안산로2길 94-14, 1층2호(월계동)",37.6324101,127.0580515,무더위쉼터(도로명주소 일치)
경로당,장은하이빌아파트경로당,서울특별시 노원구 월계동,1,"노원구 석계로13길 6-9(월계동, 장은아파트)",37.6207,127.062317,무더위쉼터(도로명주소 일치)
경로당,청백1단지경로당,서울특별시 노원구 월계동,1,"노원구 초안산로 89(월계동, 월계청백1단지아파트)",37.635784,127.051436,무더위쉼터(도로명주소 일치)
경로당,청백3단지경로당,서울특별시 노원구 월계동,1,"노원구 월계로45가길 89(월계동, 월계청백3단지아파트)",37.631799,127.050001,무더위쉼터(도로명주소 일치)
경로당,청백4단지경로당,서울특별시 노원구 월계동,1,"노원구 월계로45가길 94(월계동, 월계청백4단지아파트)",37.631823,127.052321,무더위쉼터(도로명주소 일치)
경로당,초안1단지경로당,서울특별시 노원구 월계동,1,"노원구 덕릉로60길 185(월계동, 초안아파트)",37.633155,127.043952,무더위쉼터(도로명주소 일치)
경로당,초안산쌍용스윗닷홈경로당,서울특별시 노원구 월계동,1,"노원구 덕릉로60길 222(월계동, 초안산쌍용스윗닷홈아파트)",37.630914,127.044213,무더위쉼터(도로명주소 일치)
경로당,초안아파트경로당,서울특별시 노원구 월계동,1,"노원구 우이천로 102(월계동, 초안아파트)",37.630643,127.04362,무더위쉼터(도로명주소 일치)
보건소,월계보건지소,서울특별시 노원구 월계동,1,"서울특별시 노원구 월계로 378 (월계동, 월계보건지소) 1층",37.63145,127.0615911,ArcGIS 지오코딩(주소 지점 일치)
주민센터/도서관(작은도서관),"월계1동 주민센터, 꿈꾸는작은도서관",서울특별시 노원구 월계동,2,서울특별시 노원구 석계로 59,37.6198913,127.0629734,무더위쉼터(도로명주소 일치)
주민센터/도서관(작은도서관),"월계2동 주민센터, 달내작은도서관",서울특별시 노원구 월계동,2,서울특별시 노원구 초안산로5길 28,37.6324674,127.0507586,무더위쉼터(도로명주소 일치)
경로당,3차청구아파트경로당,서울특별시 노원구 중계동,1,"노원구 중계로 233(중계동, 청구3차아파트)",37.649717,127.074304,무더위쉼터(도로명주소 일치)
경로당,건영2차아파트경로당,서울특별시 노원구 중계동,1,"노원구 덕릉로 517(중계동, 중계건영2차아파트)",37.646945,127.065233,무더위쉼터(시설명 일치)
경로당,건영3차아파트경로당,서울특별시 노원구 중계동,1,"노원구 노원로22길 71(중계동, 건영3차아파트)",37.648799,127.074055,무더위쉼터(도로명주소 일치)
경로당,건영아파트경로당,서울특별시 노원구 중계동,1,"노원구 덕릉로 718(중계동, 중계동건영아파트)",37.661717,127.07626,무더위쉼터(도로명주소 일치)
경로당,경남아너스빌아파트경로당,서울특별시 노원구 중계동,1,"노원구 덕릉로94길 10(중계동, 경남아너스빌)",37.662087,127.076093,무더위쉼터(도로명주소 일치)
경로당,금호타운아파트경로당,서울특별시 노원구 중계동,1,"노원구 중계로12길 24(중계동, 금호아파트)",37.646824,127.081878,무더위쉼터(도로명주소 일치)
경로당,대호프라자경로당,서울특별시 노원구 중계동,1,"노원구 한글비석로 384, 4층(중계동,대호프라자)",37.6597791,127.0729646,무더위쉼터(도로명주소 일치)
경로당,동진경로당,서울특별시 노원구 중계동,1,"노원구 중계로16나길 11(중계동, 동진아파트)",37.652626,127.081951,무더위쉼터(도로명주소 일치)
경로당,"롯데아파트경로당, 상아아파트경로당, 경남아파트경로당",서울특별시 노원구 중계동,3,"노원구 섬밭로 265(중계동, 롯데아파트)",37.638858,127.064013,무더위쉼터(도로명주소 일치)
경로당,마들사회복지관경로당,서울특별시 노원구 중계동,1,"노원구 동일로210길 22(중계동, 중계주공1단지아파트)",37.646945,127.065233,무더위쉼터(도로명주소 일치)
경로당,배삿골현대아파트경로당,서울특별시 노원구 중계동,1,"노원구 중계로8길 20(중계동, 현대6차아파트)",37.645841,127.082129,무더위쉼터(도로명주소 일치)
경로당,삼성아파트경로당,서울특별시 노원구 중계동,1,"노원구 중계로14나길 25(중계동, 삼성아파트)",37.648957,127.082661,무더위쉼터(도로명주소 일치)
경로당,삼창아파트경로당,서울특별시 노원구 중계동,1,"노원구 한글비석로 383(중계동,삼창아파트)",37.659073,127.072753,무더위쉼터(도로명주소 일치)
경로당,신안?동진아파트경로당,서울특별시 노원구 중계동,1,"노원구 중계로 196(중계동, 신안동진아파트)",37.649647,127.078482,무더위쉼터(시설명 일치)
경로당,양지대림1단지아파트경로당,서울특별시 노원구 중계동,1,"노원구 덕릉로71길 30(중계동, 양지대림아파트)",37.651146,127.070922,무더위쉼터(도로명주소 일치)
경로당,"양지대림1차106,107동경로당",서울특별시 노원구 중계동,1,"노원구 덕릉로73길 31(중계동, 양지대림아파트)",37.652119,127.072061,무더위쉼터(도로명주소 일치)
경로당,양지대림2단지아파트경로당,서울특별시 노원구 중계동,1,"노원구 덕릉로73길 28(중계동, 양지대림아파트)",37.652516,127.07258,무더위쉼터(도로명주소 일치)
경로당,양지대림2차209동경로당,서울특별시 노원구 중계동,1,"노원구 덕릉로77길 27(중계동, 양지대림2차아파트)",37.654495,127.073052,무더위쉼터(도로명주소 일치)
경로당,염광아파트경로당,서울특별시 노원구 중계동,1,"노원구 덕릉로79길 23(중계동, 염광아파트)",37.656204,127.072912,무더위쉼터(도로명주소 일치)
경로당,은행경로당,서울특별시 노원구 중계동,1,"노원구 중계로8길 124, 201호(중계동, 세한빌라)",37.648254,127.08363,무더위쉼터(도로명주소 일치)
경로당,주공2단지아파트경로당,서울특별시 노원구 중계동,1,"노원구 한글비석로14길 8(중계동, 주공2단지아파트)",37.657652,127.078303,무더위쉼터(도로명주소 일치)
경로당,주공4단지아파트경로당,서울특별시 노원구 중계동,1,"노원구 덕릉로76길 29(중계동, 주공4단지아파트)",37.655958,127.076305,무더위쉼터(도로명주소 일치)
경로당,주공6단지경로당,서울특별시 노원구 중계동,1,"노원구 한글비석로8길 41(중계동, 중계6단지주공아파트)",37.648305,127.078843,무더위쉼터(도로명주소 일치)
경로당,주공8단지경로당,서울특별시 노원구 중계동,1,"노원구 한글비석로5길 62(중계동, 중계8단지주공아파트)",37.646282,127.075538,무더위쉼터(도로명주소 일치)
경로당,중계2단지아파트경로당,서울특별시 노원구 중계동,1,"노원구 동일로208길 19(중계동, 중계무지개아파트)",37.643251,127.065942,무더위쉼터(시설명 일치)
경로당,중계4단지목화아파트경로당,서울특별시 노원구 중계동,1,"노원구 노원로19길 31(중계동, 시영4단지목화아파트)",37.643454,127.069657,무더위쉼터(도로명주소 일치)
경로당,중계5단지경로당,서울특별시 노원구 중계동,1,"노원구 중계로 230(중계동, 중계5단지주공아파트)",37.653153,127.076029,무더위쉼터(도로명주소 일치)
경로당,중계7단지경로당,서울특별시 노원구 중계동,1,"노원구 한글비석로8길 42(중계동, 주공7단지아파트)",37.647431,127.079798,무더위쉼터(도로명주소 일치)
경로당,중계동부경로당,서울특별시 노원구 중계동,1,"노원구 동일로207길 17(중계동, 중계그린아파트)",37.642777,127.064325,무더위쉼터(도로명주소 일치)
경로당,중계불암경로당,서울특별시 노원구 중계동,1,"노원구 중계로 184(중계동, 라이프청구신동아아파트)",37.651448,127.079313,무더위쉼터(도로명주소 일치)
경로당,중계사회복지관경로당,서울특별시 노원구 중계동,1,"노원구 덕릉로 662(중계동, 주공3단지아파트)",37.6566279,127.0758641,무더위쉼터(도로명주소 일치)
경로당,중계서부경로당,서울특별시 노원구 중계동,1,"노원구 섬밭로 285(중계동, 중계그린아파트)",37.641237,127.062429,무더위쉼터(도로명주소 일치)
경로당,중계성원2차경로당,서울특별시 노원구 중계동,1,"노원구 덕릉로 89길 8(중계동, 성원2차아파트)",37.661238,127.075378,무더위쉼터(도로명주소 일치)
경로당,중계주공10단지경로당,서울특별시 노원구 중계동,1,"노원구 노원로22길 53(중계동, 주공10단지아파트)",37.64808,127.073048,무더위쉼터(도로명주소 일치)
경로당,중앙하이츠아파트경로당,서울특별시 노원구 중계동,1,"노원구 한글비석로14길 37(중계동, 중앙하이츠아파트)",37.658979,127.07643,무더위쉼터(도로명주소 일치)
경로당,진로대림아파트경로당,서울특별시 노원구 중계동,1,"노원구 중계로14가길 5(중계동, 진로유통조합아파트)",37.648436,127.082287,무더위쉼터(도로명주소 일치)
경로당,천보경로당,서울특별시 노원구 중계동,1,노원구 중계로14길 39-4(중계동),37.6502573,127.0822129,무더위쉼터(도로명주소 일치)
경로당,청암3단지아파트경로당,서울특별시 노원구 중계동,1,"노원구 덕릉로86길 70(중계동, 청암3단지아파트)",37.660837,127.079345,무더위쉼터(도로명주소 일치)
경로당,편백경로당,서울특별시 노원구 중계동,1,노원구 중계로16길 36-1,37.6509474,127.0823416,무더위쉼터(도로명주소 일치)
경로당,평화사회복지관경로당,서울특별시 노원구 중계동,1,"노원구 노원로 331(중계동, 시영3단지목련아파트)",37.646509,127.06901,무더위쉼터(도로명주소 일치)
경로당,학도경로당,서울특별시 노원구 중계동,1,"노원구 중계로8길 39(중계동, 현대5차아파트)",37.646411,127.084915,무더위쉼터(도로명주소 일치)
경로당,한우리경로당,서울특별시 노원구 중계동,1,노원구 덕릉로92길 13-11(중계동),37.660586,127.0767412,무더위쉼터(도로명주소 일치)
경로당,한화꿈에그린더퍼스트경로당,서울특별시 노원구 중계동,1,"노원구 덕릉로 83길 9-7(중계동,한화꿈의그린더퍼스트아파트)",37.659537,127.075,무더위쉼터(도로명주소 일치)
경로당,한화꿈에그린아파트경로당,서울특별시 노원구 중계동,1,"노원구 중계로8길 29(중계동, 한화꿈에그린아파트)",37.647963,127.083018,무더위쉼터(도로명주소 일치)
경로당,현대1차아파트경로당,서울특별시 노원구 중계동,1,"노원구 중계로8길 106(중계동, 현대1차아파트)",37.648752,127.084948,무더위쉼터(도로명주소 일치)
경로당,현대2차아파트경로당,서울특별시 노원구 중계동,1,"노원구 한글비석로15길 51(중계동, 현대아파트)",37.655914,127.074128,무더위쉼터(도로명주소 일치)
경로당,현대2차아파트경로당,서울특별시 노원구 중계동,1,"노원구 중계로8길 103(중계동, 현대그룹중계동주택조합2차아파트)",37.648043,127.085065,무더위쉼터(도로명주소 일치)
주민센터/도서관(작은도서관),"중계1동 주민센터, 책사랑북카페",서울특별시 노원구 중계동,2,서울특별시 노원구 한글비석로 279,37.6525911,127.077519,무더위쉼터(도로명주소 일치)
주민센터/도서관(작은도서관),"중계2·3동 주민센터, 하늘작은도서관",서울특별시 노원구 중계동,2,서울특별시 노원구 노원로17길 56,37.6420765,127.0687455,무더위쉼터(도로명주소 일치)
주민센터/도서관(작은도서관),"중계4동 주민센터, 중계사랑북카페",서울특별시 노원구 중계동,2,서울특별시 노원구 덕릉로82길 50,37.6588108,127.0779642,무더위쉼터(도로명주소 일치)
주민센터/도서관(작은도서관),"중계본동 주민센터, 책누리작은도서관",서울특별시 노원구 중계동,2,서울특별시 노원구 중계로 143,37.6477704,127.080346,무더위쉼터(도로명주소 일치)
경로당,포레나노원아파트경로당,서울특별시 노원구 포레나노원 101동,1,노원구 노원로38길 76 시니어클럽하우스,37.664769,127.062713,무더위쉼터(도로명주소 일치)
경로당,미성아파트경로당,서울특별시 노원구 하계동,1,"노원구 공릉로59길 28(하계동, 미성아파트)",37.634325,127.069576,무더위쉼터(도로명주소 일치)
경로당,삼사경로당,서울특별시 노원구 하계동,1,"노원구 섬밭로 229(하계동, 극동건영벽산아파트)",37.635307,127.064329,무더위쉼터(도로명주소 일치)
경로당,삼익?선경아파트경로당,서울특별시 노원구 하계동,1,"노원구 노원로 214(하계동, 삼익선경아파트)",37.63855,127.077646,무더위쉼터(도로명주소 일치)
경로당,에너지제로주택경로당,서울특별시 노원구 하계동,1,노원구 한글비석로 97,37.6382587,127.0730606,무더위쉼터(도로명주소 일치)
경로당,중계9단지아파트경로당,서울특별시 노원구 하계동,1,"노원구 노원로16길 15(하계동, 중계주공9단지아파트)",37.6424758,127.0736647,무더위쉼터(도로명주소 일치)
경로당,하계1차청구아파트경로당,서울특별시 노원구 하계동,1,"노원구 한글비석로 91(하계동, 하계1차청구아파트)",37.639445,127.071003,무더위쉼터(도로명주소 일치)
경로당,하계2차현대아파트경로당,서울특별시 노원구 하계동,1,"노원구 노원로18길 19(하계동, 하계2차현대아파트)",37.645167,127.071092,무더위쉼터(시설명 일치)
경로당,하계5단지경로당,서울특별시 노원구 하계동,1,"노원구 섬밭로 201(하계동, 시영아파트)",37.63376,127.0651852,ArcGIS 지오코딩(주소 지점 일치)
경로당,하계6단지경로당,서울특별시 노원구 하계동,1,"노원구 섬밭로 196(하계동, 장미아파트)",37.633175,127.06774,무더위쉼터(도로명주소 일치)
경로당,하계7단지경로당,서울특별시 노원구 하계동,1,"노원구 공릉로59길 25(하계동, 시영7단지청솔아파트)",37.633091,127.070455,무더위쉼터(도로명주소 일치)
경로당,하계경로당,서울특별시 노원구 하계동,1,노원구 공릉로58마길 7(하계동),37.63679,127.0765936,무더위쉼터(도로명주소 일치)
경로당,하계우방아파트경로당,서울특별시 노원구 하계동,1,"노원구 공릉로58길 176(하계동, 우방아파트)",37.637673,127.077172,무더위쉼터(도로명주소 일치)
경로당,"학여울청구 117동경로당(117동), 학여울청구아파트경로당",서울특별시 노원구 하계동,2,"노원구 동일로207길 186(하계동, 학여울청구아파트)",37.635901,127.06084,무더위쉼터(도로명주소 일치)
경로당,학여울청구 B단지아파트경로당(118동),서울특별시 노원구 하계동,1,"노원구 한글비석로 6(하계동, 학여울청구아파트)",37.632354,127.064747,무더위쉼터(도로명주소 일치)
경로당,한동경로당,서울특별시 노원구 하계동,1,"노원구 한글비석로 151(하계동, 한신동성아파트)",37.640415,127.075353,무더위쉼터(도로명주소 일치)
경로당,한청경로당,서울특별시 노원구 하계동,1,"노원구 공릉로 351(하계동, 한신청구아파트)",37.637533,127.069905,무더위쉼터(도로명주소 일치)
경로당,현우경로당,서울특별시 노원구 하계동,1,"노원구 섬밭로 272(하계동, 현대우성아파트)",37.637382,127.066199,무더위쉼터(시설명 일치)
주민센터/도서관(작은도서관),"하계1동 주민센터, 가재울작은도서관",서울특별시 노원구 하계동,2,서울특별시 노원구 노원로 261,37.6405685,127.0725918,무더위쉼터(도로명주소 일치)
주민센터/도서관(작은도서관),"하계2동 주민센터, 열린작은도서관",서울특별시 노원구 하계동,2,서울특별시 노원구 공릉로55길 88,37.6319895,127.0679435,무더위쉼터(도로명주소 일치)
경로당,효성아파트경로당,서울특별시 노원구 효성아파트 104동,1,노원구 dfua,37.621263,127.088305,무더위쉼터(시설명 일치)
경로당,금호2차A경로당,서울특별시 도봉구,1,도봉구 해등로 241-14,37.656629,127.029777,무더위쉼터(도로명주소 일치)
경로당,대우파크힐(이안)A경로당,서울특별시 도봉구,1,도봉구 시루봉로 8,37.6517261,127.028799,ArcGIS 지오코딩(주소 지점 일치)
경로당,동양크레오A경로당,서울특별시 도봉구,1,도봉구 시루봉로 166,37.6640293,127.0305764,ArcGIS 지오코딩(주소 지점 일치)
경로당,방학2동구립경로당,서울특별시 도봉구,1,도봉구 시루봉로17길 64,37.669372,127.0314123,ArcGIS 지오코딩(주소 지점 일치)
경로당,방학극동A경로당,서울특별시 도봉구,1,도봉구 시루봉로11길 25-8,37.6642081,127.0267071,ArcGIS 지오코딩(주소 지점 일치)
경로당,방학성원A경로당,서울특별시 도봉구,1,도봉구 도당로6길 14-6,37.6613068,127.0355503,ArcGIS 지오코딩(주소 지점 일치)
경로당,세심천(특별)경로당,서울특별시 도봉구,1,도봉구 시루봉로 65-59,37.656542,127.02465,무더위쉼터(시설명 일치)
경로당,신동아4차A경로당,서울특별시 도봉구,1,도봉구 방학로 200,37.6627468,127.0299529,ArcGIS 지오코딩(주소 지점 일치)
경로당,신원2차A경로당,서울특별시 도봉구,1,도봉구 해등로 190,37.6582166,127.0357595,ArcGIS 지오코딩(주소 지점 일치)
경로당,쌍문청구A경로당,서울특별시 도봉구,1,도봉구 도당로 13,37.6596147,127.0343461,ArcGIS 지오코딩(주소 지점 일치)
경로당,유만경로당,서울특별시 도봉구,1,도봉구 노해로61길 22,37.6524177,127.0381197,ArcGIS 지오코딩(주소 지점 일치)
경로당,이수A경로당,서울특별시 도봉구,1,도봉구 도봉로146길 36,37.6635897,127.044932,ArcGIS 지오코딩(주소 지점 일치)
경로당,주공4단지A경로당,서울특별시 도봉구,1,도봉구 덕릉로 350,37.6448454,127.0479996,ArcGIS 지오코딩(주소 지점 일치)
경로당,한화A경로당,서울특별시 도봉구,1,도봉구 방학로11길 10,37.6612167,127.0314925,ArcGIS 지오코딩(주소 지점 일치)
도서관(공공도서관),도봉 기적의 도서관,서울특별시 도봉구,1,서울특별시 도봉구 도봉구 마들로 797,37.6807721,127.0502436,전국도서관표준데이터
도서관(공공도서관),"도봉어린이문화정보도서관(디지털자료실), 도봉어린이문화정보도서관(영 유아), 도봉어린이문화정보센터(자료열람실, 잉글리시 아일랜드)",서울특별시 도봉구,3,서울특별시 도봉구 도봉구 노해로69길 151,37.6590072,127.0494699,전국도서관표준데이터
도서관(공공도서관),"학마을도서관 (종합자료실), 학마을도서관 (어린이 자료실)",서울특별시 도봉구,2,서울특별시 도봉구 도봉구 시루봉로 128,37.6621078,127.0278197,전국도서관표준데이터
도서관(어린이도서관),무수골 도서관,서울특별시 도봉구,1,서울특별시 도봉구 도봉구 도봉로175길 10,37.6829589,127.0428608,전국도서관표준데이터
도서관(작은도서관),도봉1동 공립 작은도서관,서울특별시 도봉구,1,서울특별시 도봉구 도봉구 도봉로169 나길 22,37.6786704,127.0433569,전국도서관표준데이터
도서관(작은도서관),도봉2동 공립 작은도서관,서울특별시 도봉구,1,서울특별시 도봉구 도봉구 마들로 668,37.6696229,127.0465415,전국도서관표준데이터
도서관(작은도서관),도봉구청사 행복작은도서관,서울특별시 도봉구,1,서울특별시 도봉구 도봉구 마들로 656,37.6686287,127.0470496,전국도서관표준데이터
도서관(작은도서관),방학1동 공립 작은도서관,서울특별시 도봉구,1,서울특별시 도봉구 도봉구 방학로2길 27,37.6641869,127.0406367,전국도서관표준데이터
도서관(작은도서관),방학2동 공립 작은도서관,서울특별시 도봉구,1,서울특별시 도봉구 도봉구 시루봉로 226,37.668177,127.0350425,전국도서관표준데이터
도서관(작은도서관),방학3동 공립 작은도서관,서울특별시 도봉구,1,서울특별시 도봉구 도봉구 해등로32길 80,37.65989,127.02382,전국도서관표준데이터
도서관(작은도서관),쌍문1동 공립 작은도서관,서울특별시 도봉구,1,서울특별시 도봉구 도봉구 노해로 147,37.6479992,127.0260364,전국도서관표준데이터
도서관(작은도서관),쌍문2동 공립 작은도서관,서울특별시 도봉구,1,서울특별시 도봉구 도봉구 방학로3길 117,37.6580211,127.0387508,전국도서관표준데이터
도서관(작은도서관),쌍문3동 공립 작은도서관,서울특별시 도봉구,1,서울특별시 도봉구 도봉구 노해로44길 9,37.6489437,127.0279086,전국도서관표준데이터
도서관(작은도서관),쌍문4동 공립 작은도서관,서울특별시 도봉구,1,서울특별시 도봉구 도봉구 시루봉로 62-7,37.6564188,127.0283688,전국도서관표준데이터
도서관(작은도서관),창1동 공립 작은도서관,서울특별시 도봉구,1,서울특별시 도봉구 도봉구 해등로 46,37.64833,127.04378,전국도서관표준데이터
도서관(작은도서관),창2동 공립 작은도서관,서울특별시 도봉구,1,서울특별시 도봉구 도봉구 덕릉로 59길 73-3,37.6413898,127.0356396,전국도서관표준데이터
도서관(작은도서관),창3동 공립 작은도서관,서울특별시 도봉구,1,서울특별시 도봉구 도봉구 덕릉로62길 89,37.63811,127.04287,전국도서관표준데이터
도서관(작은도서관),창4동 공립 작은도서관,서울특별시 도봉구,1,서울특별시 도봉구 도봉구 노해로 390,37.6522,127.05154,전국도서관표준데이터
도서관(작은도서관),창5동 공립 작은도서관,서울특별시 도봉구,1,서울특별시 도봉구 도봉구 도봉로 136 나길 20,37.6562098,127.0434809,전국도서관표준데이터
도서관(학교도서관),북서울중학교 도서관,서울특별시 도봉구,1,서울특별시 도봉구 도봉구 도봉로169가길 33,37.6813005,127.0430239,전국도서관표준데이터
도서관(학교도서관),창북중학교 도서관,서울특별시 도봉구,1,서울특별시 도봉구 도봉구 노해로 62길 33,37.6494708,127.0385766,전국도서관표준데이터
경로당,도봉극동A경로당,서울특별시 도봉구 극동아파트,1,도봉구 도봉로180길 77,37.68235,127.049469,무더위쉼터(도로명주소 일치)
경로당,대동A경로당,서울특별시 도봉구 대동아파트 101동,1,도봉구 도봉로 642-30,37.661639,127.044155,무더위쉼터(도로명주소 일치)
경로당,"대상타운현대2차A경로당, 대상타운현대1차A경로당",서울특별시 도봉구 대상타운현대아파트 207동,2,도봉구 마들로 616,37.664876,127.049603,무더위쉼터(도로명주소 일치)
주민센터,도봉2동 주민센터,서울특별시 도봉구 도봉2동주민센터,1,서울특별시 도봉구 마들로 668,37.669738,127.046533,무더위쉼터(도로명주소 일치)
경로당,도봉2동구립경로당,서울특별시 도봉구 도봉동,1,도봉구 도봉로162길 12-9,37.6745563,127.0456463,무더위쉼터(도로명주소 일치)
경로당,도봉2동한신A경로당,서울특별시 도봉구 도봉동,1,도봉구 마들로 859-19,37.685245,127.047456,무더위쉼터(도로명주소 일치)
경로당,도봉산경로당,서울특별시 도봉구 도봉동,1,도봉구 도봉산4길 28-3,37.6889061,127.0427871,무더위쉼터(도로명주소 일치)
경로당,럭키A경로당,서울특별시 도봉구 도봉동,1,도봉구 도봉로169길 31,37.679942,127.044269,무더위쉼터(도로명주소 일치)
경로당,무수경로당,서울특별시 도봉구 도봉동,1,도봉구 도봉로173길 40-5,37.6798,127.0414,무더위쉼터(도로명주소 일치)
경로당,삼환A경로당,서울특별시 도봉구 도봉동,1,도봉구 도봉로180길 6-83,37.68083,127.049173,무더위쉼터(도로명주소 일치)
경로당,서광A경로당,서울특별시 도봉구 도봉동,1,도봉구 마들로 770,37.677354,127.049487,무더위쉼터(도로명주소 일치)
경로당,서울가든A경로당,서울특별시 도봉구 도봉동,1,도봉구 도봉산길 35,37.686986,127.041002,무더위쉼터(도로명주소 일치)
경로당,서원경로당,서울특별시 도봉구 도봉동,1,도봉구 도봉로181길 34-7,37.6846364,127.0441927,무더위쉼터(도로명주소 일치)
경로당,서원제1A(분양)경로당,서울특별시 도봉구 도봉동,1,도봉구 마들로 684-19,37.672317,127.047988,무더위쉼터(도로명주소 일치)
경로당,서원제2A(임대)경로당,서울특별시 도봉구 도봉동,1,도봉구 마들로 684-20,37.670992,127.047797,무더위쉼터(도로명주소 일치)
경로당,성황당경로당,서울특별시 도봉구 도봉동,1,도봉구 도봉로165길 28-8,37.6774923,127.0434308,무더위쉼터(도로명주소 일치)
경로당,안골경로당,서울특별시 도봉구 도봉동,1,도봉구 도봉로191길 100-7,37.6898595,127.0409645,무더위쉼터(시설명 일치)
경로당,약수경로당,서울특별시 도봉구 도봉동,1,도봉구 시루봉로23가길 17,37.6723315,127.0393141,무더위쉼터(도로명주소 일치)
경로당,오봉경로당,서울특별시 도봉구 도봉동,1,도봉구 도봉로 157길 35-4,37.6733716,127.0418677,무더위쉼터(도로명주소 일치)
주민센터,도봉1동 주민센터,서울특별시 도봉구 도봉동,1,서울특별시 도봉구 도봉로169나길 22,37.6787002,127.0434201,무더위쉼터(도로명주소 일치)
경로당,도봉숲 아뜨리움경로당,서울특별시 도봉구 도봉숲 아뜨리움 105동,1,도봉구 도봉로167길 38,37.678088,127.042173,무더위쉼터(도로명주소 일치)
경로당,도봉파크빌2단지A경로당,서울특별시 도봉구 도봉파크빌2단지 202동,1,도봉구 마들로 835,37.684473,127.050926,무더위쉼터(도로명주소 일치)
경로당,도봉파크빌3단지A경로당,서울특별시 도봉구 도봉파크빌3단지아파트 303동,1,도봉구 마들로 891,37.687727,127.048965,무더위쉼터(도로명주소 일치)
경로당,동아그린A경로당,서울특별시 도봉구 동아그린아파트,1,도봉구 노해로63다길 34,37.654812,127.04651,무더위쉼터(도로명주소 일치)
경로당,동아A경로당,서울특별시 도봉구 동아아파트,1,도봉구 노해로70길 12,37.650761,127.049517,무더위쉼터(도로명주소 일치)
경로당,동아에코빌A경로당,서울특별시 도봉구 동아에코빌아파트 102동,1,도봉구 도봉로180길 6-23,37.681854,127.047639,무더위쉼터(도로명주소 일치)
경로당,동아청솔A경로당,서울특별시 도봉구 동아청솔아파트,1,도봉구 노해로69길 103,37.656872,127.048654,무더위쉼터(도로명주소 일치)
경로당,도봉래미안A경로당,서울특별시 도봉구 래미안도봉아파트 101동,1,도봉구 도봉로170길 40,37.679932,127.047112,무더위쉼터(도로명주소 일치)
경로당,거성학마을A경로당,서울특별시 도봉구 방학동,1,도봉구 도당로 116,37.666498,127.038901,무더위쉼터(도로명주소 일치)
경로당,금광A경로당,서울특별시 도봉구 방학동,1,도봉구 도봉로150바길 26,37.664712,127.045244,무더위쉼터(도로명주소 일치)
경로당,방학1동구립경로당,서울특별시 도봉구 방학동,1,도봉구 방학로 130-9,37.663376,127.0375997,무더위쉼터(도로명주소 일치)
경로당,방학3동구립경로당,서울특별시 도봉구 방학동,1,도봉구 시루봉로 128,37.662146,127.027836,무더위쉼터(도로명주소 일치)
경로당,방학삼익A경로당,서울특별시 도봉구 방학동,1,도봉구 도당로 37,37.66138,127.033421,무더위쉼터(도로명주소 일치)
경로당,방학청구A경로당,서울특별시 도봉구 방학동,1,도봉구 시루봉로 71,37.657096,127.02591,무더위쉼터(도로명주소 일치)
경로당,벽산1차A경로당,서울특별시 도봉구 방학동,1,도봉구 방학로11길 36,37.660471,127.032391,무더위쉼터(도로명주소 일치)
경로당,벽산2차A경로당,서울특별시 도봉구 방학동,1,도봉구 시루봉로5길 48,37.658539,127.026143,무더위쉼터(도로명주소 일치)
경로당,성삼경로당,서울특별시 도봉구 방학동,1,도봉구 도당로15길 36,37.66703,127.036087,무더위쉼터(도로명주소 일치)
경로당,송학경로당,서울특별시 도봉구 방학동,1,도봉구 도당로13라길 14-3,37.6668623,127.0351267,무더위쉼터(도로명주소 일치)
경로당,신동아5차A경로당,서울특별시 도봉구 방학동,1,도봉구 방학로12길 53,37.663399,127.029002,무더위쉼터(도로명주소 일치)
경로당,신우경로당,서울특별시 도봉구 방학동,1,도봉구 도당로13다길 39,37.6652827,127.0326912,무더위쉼터(도로명주소 일치)
경로당,우성1차A경로당,서울특별시 도봉구 방학동,1,도봉구 해등로 286-5,37.657727,127.024763,무더위쉼터(도로명주소 일치)
경로당,우성2차A경로당,서울특별시 도봉구 방학동,1,도봉구 해등로 307,37.65699,127.022734,무더위쉼터(도로명주소 일치)
경로당,원당경로당,서울특별시 도봉구 방학동,1,도봉구 해등로32가길 16,37.660252,127.022242,무더위쉼터(도로명주소 일치)
경로당,윗들경로당,서울특별시 도봉구 방학동,1,도봉구 도봉로150마길 37,37.6677711,127.0448953,무더위쉼터(도로명주소 일치)
경로당,청학경로당,서울특별시 도봉구 방학동,1,도봉구 도당로13라길 104-4,37.6691214,127.0389837,무더위쉼터(도로명주소 일치)
도서관(공공도서관),방학동영유아플라자,서울특별시 도봉구 방학동,1,서울특별시 도봉구 도봉구 방학로 12길 28 (방학동),37.66323,127.03033,전국도서관표준데이터
주민센터,방학1동 주민센터,서울특별시 도봉구 방학동,1,서울특별시 도봉구 방학로2길 27,37.667063,127.041125,무더위쉼터(시설명 일치)
주민센터,방학2동 주민센터,서울특별시 도봉구 방학동,1,서울특별시 도봉구 시루봉로 226,37.668219,127.0350462,무더위쉼터(도로명주소 일치)
주민센터,방학3동 주민센터,서울특별시 도봉구 방학동,1,서울특별시 도봉구 시루봉로 94,37.6591803,127.0279437,무더위쉼터(도로명주소 일치)
경로당,동부센트레빌A경로당,서울특별시 도봉구 방학동부센트레빌 102동,1,도봉구 방학로 120,37.663979,127.038933,무더위쉼터(도로명주소 일치)
경로당,방학삼성래미안A1차경로당,서울특별시 도봉구 방학동삼성래미안,1,도봉구 마들로 646,37.66685,127.04808,무더위쉼터(도로명주소 일치)
경로당,북한산월드메르디앙A경로당,서울특별시 도봉구 북한산월드메르디앙 101동,1,도봉구 삼양로 566,37.653647,127.013188,무더위쉼터(도로명주소 일치)
경로당,북한산코오롱하늘채A경로당,서울특별시 도봉구 북한산코오롱하늘채아파트 101동,1,도봉구 우이천로 367,37.648279,127.023398,무더위쉼터(도로명주소 일치)
경로당,북한산한신휴플러스A경로당,서울특별시 도봉구 북한산한신휴플러스아파트 101동,1,도봉구 도봉로136가길 73,37.655653,127.042528,무더위쉼터(도로명주소 일치)
경로당,방학삼성래미안2차A,서울특별시 도봉구 삼성래미안아파트2차 201동,1,도봉구 도봉로150길 42,37.664691,127.046188,무더위쉼터(도로명주소 일치)
경로당,수산트리플A경로당,서울특별시 도봉구 수산트리플아파트 101동,1,도봉구 우이천로20길 6,37.640229,127.034407,무더위쉼터(도로명주소 일치)
경로당,신동아1차제1A경로당,서울특별시 도봉구 신동아1단지아파트,1,도봉구 방학로 193,37.660921,127.027829,무더위쉼터(도로명주소 일치)
경로당,신동아1차제2A경로당,서울특별시 도봉구 신동아1단지아파트 21동,1,도봉구 시루봉로 107,37.659254,127.027597,무더위쉼터(도로명주소 일치)
경로당,신동아3차A경로당,서울특별시 도봉구 신동아3차아파트,1,도봉구 방학로15길 26-7,37.659904,127.022998,무더위쉼터(도로명주소 일치)
경로당,신동아2차A경로당,서울특별시 도봉구 신동아아파트,1,도봉구 방학로15길 40,37.658451,127.02462,무더위쉼터(도로명주소 일치)
경로당,쌍문3동구립경로당,서울특별시 도봉구 쌍문3동경로당,1,도봉구 노해로48길 71,37.650559,127.032209,무더위쉼터(도로명주소 일치)
경로당,쌍문극동A경로당,서울특별시 도봉구 쌍문극동아파트 104동,1,도봉구 노해로45길 26,37.651689,127.027377,무더위쉼터(도로명주소 일치)
경로당,경남A경로당,서울특별시 도봉구 쌍문동,1,도봉구 도봉로129길 45-12,37.655179,127.035131,무더위쉼터(도로명주소 일치)
경로당,계성경로당,서울특별시 도봉구 쌍문동,1,도봉구 우이천로30길 25,37.6488952,127.025755,무더위쉼터(시설명 일치)
경로당,금호1차A경로당,서울특별시 도봉구 쌍문동,1,도봉구 해등로26길 20,37.658793,127.033939,무더위쉼터(도로명주소 일치)
경로당,꽃동네경로당,서울특별시 도봉구 쌍문동,1,도봉구 시루봉로1길 114-14,37.6541661,127.0229571,무더위쉼터(도로명주소 일치)
경로당,동익A경로당,서울특별시 도봉구 쌍문동,1,도봉구 우이천로32길 67,37.651505,127.024069,무더위쉼터(도로명주소 일치)
경로당,미라보A경로당,서울특별시 도봉구 쌍문동,1,도봉구 시루봉로2길 62,37.6554,127.03191,무더위쉼터(도로명주소 일치)
경로당,백운경로당,서울특별시 도봉구 쌍문동,1,도봉구 노해로57길 62,37.6537994,127.034601,무더위쉼터(도로명주소 일치)
경로당,브라운스톤A경로당,서울특별시 도봉구 쌍문동,1,도봉구 노해로40길 71,37.647334,127.029414,무더위쉼터(도로명주소 일치)
경로당,쌍문1동구립경로당,서울특별시 도봉구 쌍문동,1,도봉구 우이천로34길 9-14,37.649967,127.02277,무더위쉼터(도로명주소 일치)
경로당,쌍문2동구립경로당,서울특별시 도봉구 쌍문동,1,도봉구 방학로3가길 7-3,37.658518,127.0382,무더위쉼터(도로명주소 일치)
경로당,쌍문4동구립경로당,서울특별시 도봉구 쌍문동,1,도봉구 노해로 213-24,37.6521813,127.0318964,무더위쉼터(도로명주소 일치)
경로당,쌍문삼익A경로당,서울특별시 도봉구 쌍문동,1,도봉구 해등로195,37.6577,127.03454,무더위쉼터(도로명주소 일치)
경로당,쌍문성원A경로당,서울특별시 도봉구 쌍문동,1,도봉구 해등로 242-11,37.658452,127.02902,무더위쉼터(도로명주소 일치)
경로당,쌍문현대1차A경로당,서울특별시 도봉구 쌍문동,1,도봉구 해등로 242-12,37.658441,127.030902,무더위쉼터(도로명주소 일치)
경로당,쌍신경로당,서울특별시 도봉구 쌍문동,1,도봉구 우이천로34길 70,37.651534,127.023824,무더위쉼터(도로명주소 일치)
경로당,쌍우경로당,서울특별시 도봉구 쌍문동,1,도봉구 우이천로45길 22-4,37.6545044,127.0149511,무더위쉼터(도로명주소 일치)
경로당,우이그린빌라경로당,서울특별시 도봉구 쌍문동,1,도봉구 해등로 337-20,37.656554,127.019109,무더위쉼터(도로명주소 일치)
경로당,한양1차A경로당,서울특별시 도봉구 쌍문동,1,도봉구 우이천로 304,37.645107,127.029856,무더위쉼터(도로명주소 일치)
경로당,"한양2,3,4차A경로당",서울특별시 도봉구 쌍문동,1,도봉구 해등로 231,37.656917,127.03138,무더위쉼터(도로명주소 일치)
경로당,한양6차A경로당,서울특별시 도봉구 쌍문동,1,도봉구 시루봉로 58,37.65583,127.029408,무더위쉼터(도로명주소 일치)
경로당,한양7차A경로당,서울특별시 도봉구 쌍문동,1,도봉구 해등로25길 41,37.655995,127.033805,무더위쉼터(도로명주소 일치)
경로당,현대3차A경로당,서울특별시 도봉구 쌍문동,1,도봉구 우이천로38가길 32,37.651836,127.021719,무더위쉼터(도로명주소 일치)
경로당,효문경로당,서울특별시 도봉구 쌍문동,1,도봉구 노해로42길 60-3,37.6486687,127.0299098,무더위쉼터(도로명주소 일치)
도서관(공공도서관),"서울특별시교육청도봉도서관(디지털자료실), 서울특별시교육청도봉도서관(어린이자료실), 서울특별시교육청도봉도서관(종합자료실)",서울특별시 도봉구 쌍문동,3,서울특별시 도봉구 도봉구 삼양로 556(쌍문동),37.6527461,127.0129663,전국도서관표준데이터
보건소,도봉구보건소,서울특별시 도봉구 쌍문동,1,"서울특별시 도봉구 방학로3길 117 (쌍문동, 도봉보건소) 도봉보건소",37.6581336,127.0386972,ArcGIS 지오코딩(주소 지점 일치)
주민센터,쌍문1동 주민센터,서울특별시 도봉구 쌍문동,1,서울특별시 도봉구 노해로 147,37.6479934,127.026034,무더위쉼터(도로명주소 일치)
주민센터,쌍문2동 주민센터,서울특별시 도봉구 쌍문동,1,서울특별시 도봉구 도봉로137길 21,37.6599555,127.0397685,무더위쉼터(도로명주소 일치)
주민센터,쌍문3동 주민센터,서울특별시 도봉구 쌍문동,1,서울특별시 도봉구 노해로44길 9,37.6489915,127.0279706,무더위쉼터(도로명주소 일치)
주민센터,쌍문4동 주민센터,서울특별시 도봉구 쌍문동,1,서울특별시 도봉구 시루봉로 62-7,37.6565048,127.0284668,무더위쉼터(도로명주소 일치)
경로당,쌍문삼성래미안A경로당,서울특별시 도봉구 쌍문동삼성래미안,1,도봉구 우이천로 328,37.646139,127.027636,무더위쉼터(도로명주소 일치)
경로당,염광A경로당,서울특별시 도봉구 염광아파트 101동,1,도봉구 우이천로30길 28,37.648544,127.02639,무더위쉼터(도로명주소 일치)
경로당,유원A경로당,서울특별시 도봉구 유원도봉아파트 1동,1,도봉구 도봉로180길 50,37.68231,127.048399,무더위쉼터(도로명주소 일치)
경로당,ESA1단지A경로당,서울특별시 도봉구 이에스에이아파트 101동,1,도봉구 마들로 657,37.668847,127.045596,무더위쉼터(도로명주소 일치)
경로당,주공3단지A경로당,서울특별시 도봉구 주공3단지아파트 관리동,1,도봉구 해등로 50,37.649408,127.044249,무더위쉼터(도로명주소 일치)
경로당,도봉주공A경로당,서울특별시 도봉구 주공아파트 101동,1,도봉구 도봉로180길 83-14,37.683319,127.050634,무더위쉼터(도로명주소 일치)
경로당,건영캐스빌A경로당,서울특별시 도봉구 창동,1,도봉구 우이천로20길 7,37.641342,127.034024,무더위쉼터(도로명주소 일치)
경로당,대우그린A경로당,서울특별시 도봉구 창동,1,도봉구 덕릉로 371,37.646162,127.050113,무더위쉼터(도로명주소 일치)
경로당,만수정(성원A)경로당,서울특별시 도봉구 창동,1,도봉구 마들로16길 56,37.660658,127.049829,무더위쉼터(도로명주소 일치)
경로당,북한산아이파크A경로당,서울특별시 도봉구 창동,1,도봉구 도봉로136길 28,37.657197,127.043796,무더위쉼터(도로명주소 일치)
경로당,"삼성제2A경로당, 삼성제1A경로당",서울특별시 도봉구 창동,2,도봉구 노해로66길 21,37.647294,127.049014,무더위쉼터(도로명주소 일치)
경로당,상아1차A경로당,서울특별시 도봉구 창동,1,도봉구 해등로 118,37.654525,127.042664,무더위쉼터(도로명주소 일치)
경로당,상아2차A경로당,서울특별시 도봉구 창동,1,도봉구 노해로63가길 7,37.653678,127.043485,무더위쉼터(도로명주소 일치)
경로당,신창A경로당,서울특별시 도봉구 창동,1,도봉구 덕릉로62길 13,37.641412,127.041948,무더위쉼터(도로명주소 일치)
경로당,쌍용A경로당,서울특별시 도봉구 창동,1,도봉구 마들로 551,37.659767,127.046933,무더위쉼터(도로명주소 일치)
경로당,장수경로당,서울특별시 도봉구 창동,1,도봉구 도봉로104길 101,37.6440198,127.0374763,무더위쉼터(도로명주소 일치)
경로당,주공17단지(녹천)경로당,서울특별시 도봉구 창동,1,도봉구 덕릉로66길 17,37.643776,127.052451,무더위쉼터(도로명주소 일치)
경로당,주공18단지(노송)경로당,서울특별시 도봉구 창동,1,도봉구 노해로70길 126,37.646413,127.052483,무더위쉼터(도로명주소 일치)
경로당,주공19단지A경로당,서울특별시 도봉구 창동,1,도봉구 노해로70길 54,37.649847,127.050654,무더위쉼터(도로명주소 일치)
경로당,주공1단지A경로당,서울특별시 도봉구 창동,1,도봉구 해등로 113,37.654016,127.039217,무더위쉼터(도로명주소 일치)
경로당,주공2단지A경로당,서울특별시 도봉구 창동,1,도봉구 해등로12길 44,37.652797,127.04154,무더위쉼터(도로명주소 일치)
경로당,창2동구립경로당,서울특별시 도봉구 창동,1,도봉구 덕릉로59나길 15-6,37.6412397,127.0391232,무더위쉼터(도로명주소 일치)
경로당,창2동한신A경로당,서울특별시 도봉구 창동,1,도봉구 도봉로110다길 5,37.645474,127.03427,무더위쉼터(도로명주소 일치)
경로당,창3동구립경로당,서울특별시 도봉구 창동,1,도봉구 우이천로4나길 24,37.6348231,127.0402309,무더위쉼터(도로명주소 일치)
경로당,창3동한신A경로당,서울특별시 도봉구 창동,1,도봉구 덕릉로60바길 21,37.639111,127.040955,무더위쉼터(도로명주소 일치)
경로당,창5동구립경로당,서울특별시 도봉구 창동,1,도봉구 노해로63가길 34,37.6541179,127.0453486,무더위쉼터(도로명주소 일치)
경로당,창일경로당,서울특별시 도봉구 창동,1,도봉구 도봉로116길 41,37.6484448,127.037729,무더위쉼터(도로명주소 일치)
경로당,초안경로당,서울특별시 도봉구 창동,1,도봉구 덕릉로59차길 14,37.6412673,127.0357329,무더위쉼터(도로명주소 일치)
경로당,초안산신도브래뉴A경로당,서울특별시 도봉구 창동,1,도봉구 우이천로4라길 11-14,37.633552,127.042188,무더위쉼터(도로명주소 일치)
경로당,초헌약수경로당,서울특별시 도봉구 창동,1,도봉구 덕릉로60바길 31,37.6393112,127.0415238,무더위쉼터(도로명주소 일치)
도서관(공공도서관),"도봉문화정보도서관(어린이열람실), 도봉문화정보도서관(종합자료실)",서울특별시 도봉구 창동,2,서울특별시 도봉구 도봉구 덕릉로 315 (창동),37.6445808,127.0438827,전국도서관표준데이터
도서관(공공도서관),창동영유아플라자,서울특별시 도봉구 창동,1,서울특별시 도봉구 도봉구 우이천로4길 24-5 (창동),37.63351,127.0411,전국도서관표준데이터
보건소,창동보건지소,서울특별시 도봉구 창동,1,서울특별시 도봉구 덕릉로63길 53 (창동) 창동보건지소,37.6437639,127.0402402,ArcGIS 지오코딩(주소 지점 일치)
주민센터,창1동 주민센터,서울특별시 도봉구 창동,1,서울특별시 도봉구 해등로 46,37.6483916,127.0438153,무더위쉼터(도로명주소 일치)
주민센터,창2동 주민센터,서울특별시 도봉구 창동,1,서울특별시 도봉구 덕릉로59길 73-3,37.6414117,127.0356792,무더위쉼터(도로명주소 일치)
주민센터,창3동 주민센터,서울특별시 도봉구 창동,1,서울특별시 도봉구 덕릉로62길 89,37.638092,127.0429158,무더위쉼터(도로명주소 일치)
주민센터,창4동 주민센터,서울특별시 도봉구 창동,1,서울특별시 도봉구 노해로 390,37.652249,127.0515364,무더위쉼터(도로명주소 일치)
주민센터,창5동 주민센터,서울특별시 도봉구 창동,1,서울특별시 도봉구 도봉로136나길 20,37.6563328,127.04364,무더위쉼터(도로명주소 일치)
경로당,창4동현대2차A경로당,서울특별시 도봉구 창동2,1,도봉구 도봉로136길 111,37.660726,127.046283,무더위쉼터(도로명주소 일치)
경로당,금용A경로당,서울특별시 도봉구 창동금용아파트,1,도봉구 우이천로 200,37.638041,127.035415,무더위쉼터(도로명주소 일치)
경로당,금호어울림A경로당,서울특별시 도봉구 창동금호어울림아파트 101동,1,도봉구 도봉로136가길 68,37.656785,127.041198,무더위쉼터(도로명주소 일치)
경로당,대림A경로당,서울특별시 도봉구 창동대림아파트 104동,1,도봉구 노해로63길 75,37.653706,127.045661,무더위쉼터(도로명주소 일치)
경로당,대우A경로당,서울특별시 도봉구 창동대우아파트,1,도봉구 덕릉로63가길 43,37.642397,127.038665,무더위쉼터(도로명주소 일치)
경로당,창5동신도브래뉴A경로당,서울특별시 도봉구 창동신도브래뉴1차아파트 101동,1,도봉구 도봉로136나길 40,37.656134,127.044506,무더위쉼터(도로명주소 일치)
경로당,한승미메이드A경로당,서울특별시 도봉구 창동한승미메이드아파트 관리동,1,도봉구 덕릉로60길 164-13,37.632949,127.043167,무더위쉼터(도로명주소 일치)
경로당,태영데시앙A경로당,서울특별시 도봉구 태영창동데시앙 103동,1,도봉구 도봉로110다길 51,37.643008,127.033264,무더위쉼터(도로명주소 일치)
경로당,한양5차A경로당,서울특별시 도봉구 한양아파트 52동,1,도봉구 해등로25길 36,37.656066,127.03171,무더위쉼터(도로명주소 일치)
경로당,현대4차A경로당,서울특별시 도봉구 현대4차아파트 404동,1,도봉구 노해로69가길 54,37.65959,127.046513,무더위쉼터(도로명주소 일치)
경로당,창동현대1차A경로당,서울특별시 도봉구 현대아파트 상가동,1,도봉구 해등로16길 12,37.656216,127.040592,무더위쉼터(도로명주소 일치)
경로당,현대타운A경로당,서울특별시 도봉구 현대타운아파트 101동,1,도봉구 도봉로114길 22-8,37.647008,127.035151,무더위쉼터(도로명주소 일치)
경로당,답십리3동경로당,서울특별시 동대문구 답십리동,1,서울특별시 동대문구 황물로 30 (답십리동),37.5741917,127.0452064,무더위쉼터(도로명주소 일치)
경로당,답십리대림e편한세상아파트경로당,서울특별시 동대문구 답십리동,1,서울특별시 동대문구 답십리로60길 38 (답십리동),37.5705318,127.0634042,ArcGIS 지오코딩(주소 지점 일치)
경로당,답십리두산위브아파트경로당,서울특별시 동대문구 답십리동,1,서울특별시 동대문구 황물로15길 25 (답십리동),37.5663863,127.0570701,ArcGIS 지오코딩(주소 지점 일치)
경로당,"답십리래미안위브아파트제2경로당, 답십리래미안위브아파트경로당",서울특별시 동대문구 답십리동,2,"서울특별시 동대문구 답십리로 130, 309동 지하1층 (답십리동)",37.571091,127.053318,무더위쉼터(도로명주소 일치)
경로당,답십리사랑경로당,서울특별시 동대문구 답십리동,1,서울특별시 동대문구 답십리로60길 70 (답십리동),37.5700972,127.0633999,무더위쉼터(도로명주소 일치)
경로당,답십리세양청마루아파트경로당,서울특별시 동대문구 답십리동,1,서울특별시 동대문구 답십리로59길 7 (답십리동),37.5739985,127.065493,ArcGIS 지오코딩(주소 지점 일치)
경로당,답십리파크자이경로당,서울특별시 동대문구 답십리동,1,서울특별시 동대문구 답십리로56길 105(답십리동),37.568147,127.0604912,ArcGIS 지오코딩(주소 지점 일치)
경로당,답십리한화아파트경로당,서울특별시 동대문구 답십리동,1,서울특별시 동대문구 고미술로 57 (답십리동),37.5669922,127.0539284,ArcGIS 지오코딩(주소 지점 일치)
경로당,대우아파트경로당,서울특별시 동대문구 답십리동,1,서울특별시 동대문구 답십리로41길 33 (답십리동),37.573865,127.0533,무더위쉼터(도로명주소 일치)
경로당,대우아파트제2경로당,서울특별시 동대문구 답십리동,1,서울특별시 동대문구 답십리로41길 7 (답십리동),37.573184,127.054557,무더위쉼터(도로명주소 일치)
경로당,동답한신아파트경로당,서울특별시 동대문구 답십리동,1,서울특별시 동대문구 답십리로 210-30 (답십리동),37.57081,127.062579,무더위쉼터(도로명주소 일치)
경로당,동서울한양아파트경로당,서울특별시 동대문구 답십리동,1,서울특별시 동대문구 답십리로 184 (답십리동),37.5710769,127.060231,ArcGIS 지오코딩(주소 지점 일치)
경로당,동아아파트경로당,서울특별시 동대문구 답십리동,1,서울특별시 동대문구 한천로11길 10-1 (답십리동),37.569342,127.061708,무더위쉼터(도로명주소 일치)
경로당,동아아파트제2경로당,서울특별시 동대문구 답십리동,1,서울특별시 동대문구 한천로11길 10 (답십리동),37.5682,127.061108,무더위쉼터(도로명주소 일치)
경로당,두산아파트경로당,서울특별시 동대문구 답십리동,1,서울특별시 동대문구 답십리로56길 21 (답십리동),37.5684973,127.0598301,ArcGIS 지오코딩(주소 지점 일치)
경로당,두산아파트제2경로당,서울특별시 동대문구 답십리동,1,서울특별시 동대문구 답십리로56길 21-1 (답십리동),37.5689747,127.0593631,무더위쉼터(도로명주소 일치)
경로당,래미안미드카운티경로당,서울특별시 동대문구 답십리동,1,서울특별시 동대문구 답십리로 141 (답십리동),37.575332,127.0556549,ArcGIS 지오코딩(주소 지점 일치)
경로당,삼성래미안엘파인아파트경로당,서울특별시 동대문구 답십리동,1,서울특별시 동대문구 한천로33길 11 (답십리동),37.575611,127.066851,무더위쉼터(도로명주소 일치)
경로당,신답경남아파트경로당,서울특별시 동대문구 답십리동,1,서울특별시 동대문구 천호대로47길 62 (답십리동),37.5749357,127.0444598,ArcGIS 지오코딩(주소 지점 일치)
경로당,쌈지공원경로당,서울특별시 동대문구 답십리동,1,서울특별시 동대문구 천호대로75길 57 (답십리동),37.5681775,127.0560908,무더위쉼터(도로명주소 일치)
경로당,우성그린아파트경로당,서울특별시 동대문구 답십리동,1,서울특별시 동대문구 답십리로59길 33  (답십리동),37.5746017,127.0660162,ArcGIS 지오코딩(주소 지점 일치)
경로당,장답경로당,서울특별시 동대문구 답십리동,1,서울특별시 동대문구 황물로17길 24 (답십리동),37.56483,127.059555,무더위쉼터(도로명주소 일치)
경로당,중산경로당,서울특별시 동대문구 답십리동,1,서울특별시 동대문구 답십리로48길 54 (답십리동),37.570363,127.0576411,무더위쉼터(도로명주소 일치)
경로당,청계벽산메가트리움경로당,서울특별시 동대문구 답십리동,1,서울특별시 동대문구 천호대로 241 (답십리동),37.5698022,127.0494665,ArcGIS 지오코딩(주소 지점 일치)
경로당,청계한신휴플러스경로당,서울특별시 동대문구 답십리동,1,서울특별시 동대문구 서울시립대로 14 (답십리동),37.572355,127.046019,무더위쉼터(도로명주소 일치)
경로당,청솔우성2차아파트경로당,서울특별시 동대문구 답십리동,1,서울특별시 동대문구 전농로10길 80 (답십리동),37.5754922,127.0619855,ArcGIS 지오코딩(주소 지점 일치)
경로당,청솔우성아파트경로당,서울특별시 동대문구 답십리동,1,서울특별시 동대문구 전농로10길 20 (답십리동),37.5751873,127.0580315,ArcGIS 지오코딩(주소 지점 일치)
경로당,청솔우성아파트제2경로당,서울특별시 동대문구 답십리동,1,서울특별시 동대문구 답십리로57길 53 (답십리동),37.575242,127.061014,무더위쉼터(도로명주소 일치)
경로당,힐스테이트청계경로당,서울특별시 동대문구 답십리동,1,서울특별시 동대문구 천호대로55길 11 (답십리동),37.5710467,127.0485024,ArcGIS 지오코딩(주소 지점 일치)
주민센터,답십리1동 주민센터,서울특별시 동대문구 답십리동,1,서울특별시 동대문구 사가정로 30,37.571867,127.051175,무더위쉼터(도로명주소 일치)
주민센터,답십리2동 주민센터,서울특별시 동대문구 답십리동,1,서울특별시 동대문구 한천로11길 18,37.567312,127.061209,무더위쉼터(도로명주소 일치)
경로당,신설동경로당,서울특별시 동대문구 신설동,1,서울특별시 동대문구 하정로2길 10 (신설동),37.574788,127.027293,무더위쉼터(도로명주소 일치)
주민센터,신설동 주민센터,서울특별시 동대문구 신설동역자이르네,1,서울특별시 동대문구 천호대로26,37.573906,127.026015,무더위쉼터(도로명주소 일치)
경로당,신일경로당,서울특별시 동대문구 용두동,1,서울특별시 동대문구 무학로18길 5 (용두동),37.570741,127.030849,무더위쉼터(도로명주소 일치)
보건소,동대문구보건소,서울특별시 동대문구 용두동,1,"서울특별시 동대문구 천호대로 145 (용두동, 동대문구청) 보건소",37.574515,127.039707,무더위쉼터(도로명주소 일치)
경로당,동부경로당,서울특별시 동대문구 용신동,1,서울특별시 동대문구 천호대로45길 57 (용신동),37.5753077,127.0436427,무더위쉼터(도로명주소 일치)
경로당,래미안엘리니티아파트경로당,서울특별시 동대문구 용신동,1,서울특별시 동대문구 한빛로 49(용신동),37.5796839,127.0297823,ArcGIS 지오코딩(주소 지점 일치)
경로당,래미안용두1차아파트경로당,서울특별시 동대문구 용신동,1,서울특별시 동대문구 고산자로29길 18 (용신동),37.576301,127.036963,무더위쉼터(도로명주소 일치)
경로당,래미안허브리츠아파트경로당,서울특별시 동대문구 용신동,1,서울특별시 동대문구 정릉천동로 36 (용신동),37.5754869,127.0371133,ArcGIS 지오코딩(주소 지점 일치)
경로당,롯데캐슬피렌체경로당,서울특별시 동대문구 용신동,1,서울특별시 동대문구 정릉천동로 58 (용신동),37.5769827,127.0357262,ArcGIS 지오코딩(주소 지점 일치)
경로당,명성경로당,서울특별시 동대문구 용신동,1,서울특별시 동대문구 무학로28길 22-2 (용신동),37.574396,127.031945,무더위쉼터(도로명주소 일치)
경로당,신동아아파트경로당,서울특별시 동대문구 용신동,1,서울특별시 동대문구 무학로26길 30 (용신동),37.5726684,127.0313193,ArcGIS 지오코딩(주소 지점 일치)
경로당,용두두산위브경로당,서울특별시 동대문구 용신동,1,서울특별시 동대문구 정릉천동로 16 (용신동),37.5730986,127.0368377,ArcGIS 지오코딩(주소 지점 일치)
경로당,용두롯데캐슬리치아파트경로당,서울특별시 동대문구 용신동,1,"서울특별시 동대문구 한빛로 73, 103동 1층 (용신동)",37.5790018,127.0305843,ArcGIS 지오코딩(주소 지점 일치)
경로당,청센포경로당,서울특별시 동대문구 용신동,1,서울특별시 동대문구 무학로 91(용신동),37.5720376,127.0293164,ArcGIS 지오코딩(주소 지점 일치)
주민센터,용두동 주민센터,서울특별시 동대문구 용신동주민센터,1,서울특별시 동대문구 천호대로27길 35,37.575814,127.037243,무더위쉼터(도로명주소 일치)
경로당,고황경로당,서울특별시 동대문구 이문동,1,서울특별시 동대문구 이문로9길 52 (이문동),37.594523,127.0565234,무더위쉼터(도로명주소 일치)
경로당,대성유니드아파트경로당,서울특별시 동대문구 이문동,1,서울특별시 동대문구 한천로58길 151 (이문동),37.6030646,127.0705503,ArcGIS 지오코딩(주소 지점 일치)
경로당,삼익아파트경로당,서울특별시 동대문구 이문동,1,서울특별시 동대문구 한천로55길 9 (이문동),37.5953703,127.0673801,ArcGIS 지오코딩(주소 지점 일치)
경로당,신이문경로당,서울특별시 동대문구 이문동,1,서울특별시 동대문구 신이문로8길 32 (이문동),37.601511,127.063361,무더위쉼터(도로명주소 일치)
경로당,신이문금호어울림아파트경로당,서울특별시 동대문구 이문동,1,서울특별시 동대문구 신이문로 9 (이문동),37.603163,127.0633541,ArcGIS 지오코딩(주소 지점 일치)
경로당,쌍용아파트경로당,서울특별시 동대문구 이문동,1,서울특별시 동대문구 한천로58길 47 (이문동),37.599462,127.068079,무더위쉼터(도로명주소 일치)
경로당,쌍용아파트제2경로당,서울특별시 동대문구 이문동,1,서울특별시 동대문구 한천로58길 75-45 (이문동),37.6017202,127.0679569,무더위쉼터(도로명주소 일치)
경로당,이문대림e편한세상아파트경로당,서울특별시 동대문구 이문동,1,서울특별시 동대문구 한천로63길 10 (이문동),37.6052985,127.0654709,ArcGIS 지오코딩(주소 지점 일치)
경로당,이문대림e편한세상아파트제2경로당,서울특별시 동대문구 이문동,1,서울특별시 동대문구 이문로54길 16 (이문동),37.604694,127.062957,무더위쉼터(도로명주소 일치)
경로당,이문대우아파트경로당,서울특별시 동대문구 이문동,1,서울특별시 동대문구 한천로58길 139 (이문동),37.6018971,127.0696498,ArcGIS 지오코딩(주소 지점 일치)
경로당,이문삼성래미안2차아파트경로당,서울특별시 동대문구 이문동,1,서울특별시 동대문구 이문로12길 3-10 (이문동),37.593527,127.060218,무더위쉼터(도로명주소 일치)
경로당,이문삼성래미안아파트경로당,서울특별시 동대문구 이문동,1,서울특별시 동대문구 천장산로11길 17 (이문동),37.5999023,127.0564614,ArcGIS 지오코딩(주소 지점 일치)
경로당,중앙하이츠빌경로당,서울특별시 동대문구 이문동,1,서울특별시 동대문구 외대역동로 101 (이문동),37.596285,127.064517,무더위쉼터(도로명주소 일치)
경로당,진성경로당,서울특별시 동대문구 이문동,1,서울특별시 동대문구 이문로16길 19 (이문동),37.594285,127.059687,무더위쉼터(도로명주소 일치)
경로당,현대아파트경로당,서울특별시 동대문구 이문동,1,서울특별시 동대문구 한천로58길 107 (이문동),37.601351,127.070192,무더위쉼터(도로명주소 일치)
경로당,현대아파트제2경로당,서울특별시 동대문구 이문동,1,서울특별시 동대문구 한천로58길 135 (이문동),37.602289,127.070671,무더위쉼터(도로명주소 일치)
주민센터,이문1동 주민센터,서울특별시 동대문구 이문동,1,서울특별시 동대문구 외대역동로 114-1,37.597768,127.065476,무더위쉼터(도로명주소 일치)
주민센터,이문2동 주민센터,서울특별시 동대문구 이문동,1,서울특별시 동대문구 신이문로 27-5,37.603359,127.065099,무더위쉼터(도로명주소 일치)
주민센터,장안1동 주민센터,서울특별시 동대문구 장안1동주민센터,1,서울특별시 동대문구 한천로18길 52,37.567807,127.066506,무더위쉼터(도로명주소 일치)
경로당,(장안동)현대아파트경로당,서울특별시 동대문구 장안동,1,서울특별시 동대문구 한천로 224 (장안동),37.5808262,127.068513,ArcGIS 지오코딩(주소 지점 일치)
경로당,경남하이빌아파트경로당,서울특별시 동대문구 장안동,1,서울특별시 동대문구 사가정로23길 40 (장안동),37.5804397,127.0702264,ArcGIS 지오코딩(주소 지점 일치)
경로당,근린경로당,서울특별시 동대문구 장안동,1,서울특별시 동대문구 장한로 191 (장안동),37.577164,127.070914,무더위쉼터(도로명주소 일치)
경로당,늘봄경로당,서울특별시 동대문구 장안동,1,서울특별시 동대문구 장한로26나길 6 (장안동),37.571309,127.072576,무더위쉼터(도로명주소 일치)
경로당,동대문더퍼스트데시앙아파트경로당,서울특별시 동대문구 장안동,1,서울특별시 동대문구 장한로27가길 37(장안동),37.5740087,127.0701829,ArcGIS 지오코딩(주소 지점 일치)
경로당,래미안장안아파트경로당,서울특별시 동대문구 장안동,1,서울특별시 동대문구 장한로14길 81 (장안동),37.5668181,127.0721803,ArcGIS 지오코딩(주소 지점 일치)
경로당,미나리경로당,서울특별시 동대문구 장안동,1,서울특별시 동대문구 천호대로87길 43 (장안동),37.563674,127.06794,무더위쉼터(도로명주소 일치)
경로당,삼성래미안장안2차아파트경로당,서울특별시 동대문구 장안동,1,서울특별시 동대문구 장안벚꽃로 167 (장안동),37.5734456,127.0740648,ArcGIS 지오코딩(주소 지점 일치)
경로당,삼성쉐르빌아파트경로당,서울특별시 동대문구 장안동,1,서울특별시 동대문구 장한로 119 (장안동),37.5714497,127.070213,ArcGIS 지오코딩(주소 지점 일치)
경로당,샛별경로당,서울특별시 동대문구 장안동,1,서울특별시 동대문구 장한로17길 20 (장안동),37.568065,127.067435,무더위쉼터(도로명주소 일치)
경로당,신일해피트리2차아파트경로당,서울특별시 동대문구 장안동,1,서울특별시 동대문구 천호대로77가길 27 (장안동),37.5636442,127.0634132,ArcGIS 지오코딩(주소 지점 일치)
경로당,안골경로당,서울특별시 동대문구 장안동,1,서울특별시 동대문구 천호대로77다길 20 (장안동),37.565401,127.064346,무더위쉼터(도로명주소 일치)
경로당,장수(신부파스카아파트)경로당,서울특별시 동대문구 장안동,1,서울특별시 동대문구 장한로12길 35 (장안동),37.565518,127.069963,무더위쉼터(도로명주소 일치)
경로당,장안2차현대홈타운경로당,서울특별시 동대문구 장안동,1,서울특별시 동대문구 장한로26다길 84 (장안동),37.5690373,127.0714774,ArcGIS 지오코딩(주소 지점 일치)
경로당,장안3차현대홈타운경로당,서울특별시 동대문구 장안동,1,서울특별시 동대문구 장한로28가길 44 (장안동),37.5746166,127.0733082,ArcGIS 지오코딩(주소 지점 일치)
경로당,장안현대홈타운아파트경로당,서울특별시 동대문구 장안동,1,서울특별시 동대문구 장안벚꽃로 107 (장안동),37.5682002,127.0729221,ArcGIS 지오코딩(주소 지점 일치)
경로당,장안현대홈타운아파트제2경로당,서울특별시 동대문구 장안동,1,서울특별시 동대문구 장한로18길 82-14 (장안동),37.5671815,127.0723739,ArcGIS 지오코딩(주소 지점 일치)
경로당,장안힐스테이트경로당,서울특별시 동대문구 장안동,1,서울특별시 동대문구 장안벚꽃로1길 7 (장안동),37.5753828,127.0744212,ArcGIS 지오코딩(주소 지점 일치)
경로당,장평경로당,서울특별시 동대문구 장안동,1,서울특별시 동대문구 한천로28길 27 (장안동),37.573291,127.068429,무더위쉼터(도로명주소 일치)
경로당,정은스카이빌아파트경로당,서울특별시 동대문구 장안동,1,"서울특별시 동대문구 답십리로69길 99, 101동 106호 (장안동)",37.576916,127.073868,무더위쉼터(도로명주소 일치)
경로당,한신아파트경로당,서울특별시 동대문구 장안동,1,서울특별시 동대문구 사가정로 245-3 (장안동),37.5790357,127.0714869,ArcGIS 지오코딩(주소 지점 일치)
주민센터,장안2동 주민센터,서울특별시 동대문구 장안동,1,서울특별시 동대문구 사가정로 230-1,37.578487,127.070595,무더위쉼터(도로명주소 일치)
경로당,SK아파트경로당,서울특별시 동대문구 전농동,1,서울특별시 동대문구 사가정로 148 (전농동),37.576642,127.060466,무더위쉼터(도로명주소 일치)
경로당,SK아파트제2경로당,서울특별시 동대문구 전농동,1,서울특별시 동대문구 전농로 10길 111 (전농동),37.5772103,127.0627213,무더위쉼터(도로명주소 일치)
경로당,"래미안아름숲아파트제2경로당, 래미안아름숲아파트경로당",서울특별시 동대문구 전농동,2,서울특별시 동대문구 전농로16길 51 (전농동),37.580781,127.060982,무더위쉼터(도로명주소 일치)
경로당,"래미안크레시티3단지아파트경로당, 래미안크레시티2단지아파트경로당, 래미안크레시티1단지아파트경로당",서울특별시 동대문구 전농동,3,"서울특별시 동대문구 사가정로 65 (전농동, 3단지내)",37.577112,127.053971,무더위쉼터(도로명주소 일치)
경로당,롯데캐슬노블레스경로당,서울특별시 동대문구 전농동,1,서울특별시 동대문구 답십리로23길 30 (전농동),37.5773235,127.0497554,ArcGIS 지오코딩(주소 지점 일치)
경로당,배봉경로당,서울특별시 동대문구 전농동,1,서울특별시 동대문구 사가정로15길 38-2 (전농동),37.5793647,127.059383,ArcGIS 지오코딩(주소 지점 일치)
경로당,삼성래미안아파트경로당,서울특별시 동대문구 전농동,1,서울특별시 동대문구 전농로 192 (전농동),37.5812552,127.0563946,ArcGIS 지오코딩(주소 지점 일치)
경로당,삼성래미안아파트제2경로당,서울특별시 동대문구 전농동,1,서울특별시 동대문구 전농로 190 (전농동),37.581459,127.055541,무더위쉼터(도로명주소 일치)
경로당,성너머경로당,서울특별시 동대문구 전농동,1,서울특별시 동대문구 사가정로 187 (전농동),37.5787493,127.0655966,무더위쉼터(시설명 일치)
경로당,신성미소지움아파트경로당,서울특별시 동대문구 전농동,1,서울특별시 동대문구 서울시립대로 75 (전농동),,,
경로당,우성아파트경로당,서울특별시 동대문구 전농동,1,서울특별시 동대문구 사가정로 190 (전농동),37.5780754,127.066385,ArcGIS 지오코딩(주소 지점 일치)
경로당,전농1동경로당,서울특별시 동대문구 전농동,1,서울특별시 동대문구 전농로27길 81 (전농동),37.5788447,127.0521199,무더위쉼터(도로명주소 일치)
경로당,"전농동아아파트103경로당, 전농동아아파트101,102경로당",서울특별시 동대문구 전농동,2,서울특별시 동대문구 서울시립대로 31 (전농동),37.574882,127.045704,무더위쉼터(도로명주소 일치)
경로당,창방경로당,서울특별시 동대문구 전농동,1,서울특별시 동대문구 답십리로23길 70-6 (전농동),37.5782157,127.0505494,무더위쉼터(도로명주소 일치)
경로당,청송경로당,서울특별시 동대문구 전농동,1,서울특별시 동대문구 전농로17길 19-8 (전농동),37.578726,127.055512,무더위쉼터(도로명주소 일치)
경로당,화목경로당,서울특별시 동대문구 전농동,1,서울특별시 동대문구 전농로31길 33 (전농동),37.5829304,127.0516303,무더위쉼터(도로명주소 일치)
주민센터,전농1동 주민센터,서울특별시 동대문구 전농동,1,서울특별시 동대문구 서울특별시립대로9길 21,37.57795,127.04773,무더위쉼터(도로명주소 일치)
주민센터,전농2동 주민센터,서울특별시 동대문구 전농동,1,서울특별시 동대문구 사가정로 137,37.5780542,127.0600149,무더위쉼터(도로명주소 일치)
경로당,감초마을경로당,서울특별시 동대문구 제기동,1,"서울특별시 동대문구 약령시로9길 45, 3층(제기동)",37.585086,127.035149,무더위쉼터(도로명주소 일치)
경로당,만수경로당,서울특별시 동대문구 제기동,1,서울특별시 동대문구 약령시로5길 22 (제기동),37.58413,127.03421,무더위쉼터(도로명주소 일치)
경로당,방아다리경로당,서울특별시 동대문구 제기동,1,서울특별시 동대문구 약령시로9길 75 (제기동),37.5861867,127.0358589,무더위쉼터(도로명주소 일치)
경로당,섬마을경로당,서울특별시 동대문구 제기동,1,서울특별시 동대문구 고산자로62길 32 (제기동),37.5900869,127.037648,무더위쉼터(도로명주소 일치)
경로당,안암골벽산아파트경로당,서울특별시 동대문구 제기동,1,서울특별시 동대문구 약령시로 25 (제기동),37.583453,127.03191,무더위쉼터(도로명주소 일치)
경로당,이수아파트경로당,서울특별시 동대문구 제기동,1,서울특별시 동대문구 왕산로23길 89 (제기동),37.5822,127.034084,무더위쉼터(도로명주소 일치)
경로당,제기경로당,서울특별시 동대문구 제기동,1,서울특별시 동대문구 경동시장로23길 14 (제기동),37.5857446,127.0395014,무더위쉼터(도로명주소 일치)
경로당,제기한신아파트제1경로당,서울특별시 동대문구 제기동,1,서울특별시 동대문구 고산자로 534 (제기동),37.5875326,127.0380407,ArcGIS 지오코딩(주소 지점 일치)
경로당,제기한신아파트제2경로당,서울특별시 동대문구 제기동,1,서울특별시 동대문구 회기로8길 20 (제기동),37.5904312,127.0398715,무더위쉼터(도로명주소 일치)
경로당,행복마을경로당,서울특별시 동대문구 제기동,1,서울특별시 동대문구 고산자로56길 53 (제기동),37.5900401,127.038635,무더위쉼터(시설명 일치)
경로당,현대아파트경로당,서울특별시 동대문구 제기동,1,서울특별시 동대문구 정릉천동로 90 (제기동),37.580513,127.0360617,ArcGIS 지오코딩(주소 지점 일치)
주민센터,제기동 주민센터,서울특별시 동대문구 제기동,1,서울특별시 동대문구 약령시로 71,37.583068,127.037902,무더위쉼터(도로명주소 일치)
경로당,청량경로당,서울특별시 동대문구 청량리동,1,서울특별시 동대문구 왕산로43다길 5 (청량리동),37.5862632,127.0472583,무더위쉼터(도로명주소 일치)
경로당,청량리미주아파트경로당,서울특별시 동대문구 청량리동,1,서울특별시 동대문구 약령시로 154 (청량리동),37.582363,127.045692,무더위쉼터(도로명주소 일치)
경로당,한신아파트경로당,서울특별시 동대문구 청량리동,1,"서울특별시 동대문구 제기로 131 (청량리동, 제1여성복지관 내)",37.5880462,127.0494445,ArcGIS 지오코딩(주소 지점 일치)
경로당,한신아파트제2경로당,서울특별시 동대문구 청량리동,1,"서울특별시 동대문구 제기로 129 (청량리동, 106동 앞)",37.5877319,127.0477545,무더위쉼터(도로명주소 일치)
경로당,현대아파트경로당,서울특별시 동대문구 청량리동,1,서울특별시 동대문구 약령시로21길 30 (청량리동),37.5841917,127.0456969,ArcGIS 지오코딩(주소 지점 일치)
경로당,홍릉경로당,서울특별시 동대문구 청량리동,1,서울특별시 동대문구 제기로23길 10 (청량리동),37.5872027,127.0427737,무더위쉼터(도로명주소 일치)
경로당,홍릉동부아파트경로당,서울특별시 동대문구 청량리동,1,서울특별시 동대문구 홍릉로10길 48 (청량리동),37.586131,127.046192,무더위쉼터(도로명주소 일치)
경로당,홍릉동부아파트제2경로당,서울특별시 동대문구 청량리동,1,서울특별시 동대문구 제기로26길 26 (청량리동),37.5853472,127.0450777,무더위쉼터(도로명주소 일치)
주민센터,청량리동 주민센터,서울특별시 동대문구 청량리동,1,서울특별시 동대문구 왕산로 239,37.583177,127.0483875,무더위쉼터(도로명주소 일치)
경로당,신현대아파트경로당,서울특별시 동대문구 회기동,1,서울특별시 동대문구 이문로1길 21 (회기동),37.5892508,127.0527048,ArcGIS 지오코딩(주소 지점 일치)
경로당,회기동경로당,서울특별시 동대문구 회기동,1,서울특별시 동대문구 이문로3길 54 (회기동),37.590711,127.052038,무더위쉼터(도로명주소 일치)
경로당,회기힐스테이트아파트경로당,서울특별시 동대문구 회기동,1,서울특별시 동대문구 회기로26길 15 (회기동),37.5895494,127.0546263,ArcGIS 지오코딩(주소 지점 일치)
주민센터,회기동 주민센터,서울특별시 동대문구 회기동,1,서울특별시 동대문구 회기로25길 12-1,37.5907989,127.0553551,무더위쉼터(도로명주소 일치)
경로당,동양아파트경로당,서울특별시 동대문구 휘경동,1,서울특별시 동대문구 망우로 135 (휘경동),37.5922076,127.0676759,ArcGIS 지오코딩(주소 지점 일치)
경로당,동일스위트리버경로당,서울특별시 동대문구 휘경동,1,서울특별시 동대문구 한천로 300 (휘경동),37.5877034,127.069146,ArcGIS 지오코딩(주소 지점 일치)
경로당,롯데1차아파트경로당,서울특별시 동대문구 휘경동,1,서울특별시 동대문구 망우로 95 (휘경동),37.5911848,127.0639632,ArcGIS 지오코딩(주소 지점 일치)
경로당,서울가든아파트경로당,서울특별시 동대문구 휘경동,1,서울특별시 동대문구 겸재로 24 (휘경동),37.584338,127.0718684,ArcGIS 지오코딩(주소 지점 일치)
경로당,수복경로당,서울특별시 동대문구 휘경동,1,서울특별시 동대문구 망우로6길 24 (휘경동),37.586678,127.055585,무더위쉼터(도로명주소 일치)
경로당,아름경로당,서울특별시 동대문구 휘경동,1,서울특별시 동대문구 휘경로 78 (휘경동),37.593623,127.068243,무더위쉼터(도로명주소 일치)
경로당,"주공2단지아파트경로당, 주공1단지아파트경로당",서울특별시 동대문구 휘경동,2,서울특별시 동대문구 한천로 248 (휘경동),37.5834466,127.0708802,ArcGIS 지오코딩(주소 지점 일치)
경로당,휘경1동경로당,서울특별시 동대문구 휘경동,1,서울특별시 동대문구 회기로29길 20-1,37.591056,127.0581937,무더위쉼터(도로명주소 일치)
경로당,휘경2동경로당,서울특별시 동대문구 휘경동,1,서울특별시 동대문구 망우로20가길 34-6 (휘경동),37.5902,127.064863,무더위쉼터(도로명주소 일치)
경로당,휘경SK뷰아파트경로당,서울특별시 동대문구 휘경동,1,서울특별시 동대문구 휘경로 60(휘경동),37.5941777,127.0650058,ArcGIS 지오코딩(주소 지점 일치)
경로당,휘경동일하이빌아파트경로당,서울특별시 동대문구 휘경동,1,서울특별시 동대문구 장안벚꽃로5길 10 (휘경동),37.5822128,127.0736107,ArcGIS 지오코딩(주소 지점 일치)
경로당,휘경미소지움아파트경로당,서울특별시 동대문구 휘경동,1,서울특별시 동대문구 망우로 105 (휘경동),37.5912846,127.0646512,ArcGIS 지오코딩(주소 지점 일치)
경로당,휘경베스트빌현대아파트경로당,서울특별시 동대문구 휘경동,1,서울특별시 동대문구 장안벚꽃로5길 19 (휘경동),37.5813273,127.0742323,ArcGIS 지오코딩(주소 지점 일치)
경로당,휘경브라운스톤경로당,서울특별시 동대문구 휘경동,1,서울특별시 동대문구 망우로20길 86 (휘경동),37.590616,127.0673805,ArcGIS 지오코딩(주소 지점 일치)
경로당,휘경센트레빌아파트경로당,서울특별시 동대문구 휘경동,1,서울특별시 동대문구 외대역동로 14 (휘경동),37.5902789,127.0684394,ArcGIS 지오코딩(주소 지점 일치)
경로당,"휘경해모로아파트경로당, 휘경롯데낙천대아파트경로당",서울특별시 동대문구 휘경동,2,서울특별시 동대문구 외대역동로1길 24(휘경동),37.5922754,127.0654818,ArcGIS 지오코딩(주소 지점 일치)
경로당,휘경현대아파트경로당,서울특별시 동대문구 휘경동,1,서울특별시 동대문구 서울시립대로29길 62 (휘경동),,,
주민센터,휘경1동 주민센터,서울특별시 동대문구 휘경동,1,서울특별시 동대문구 외대역동로6길 3,37.5929051,127.0657307,무더위쉼터(도로명주소 일치)
주민센터,휘경2동 주민센터,서울특별시 동대문구 휘경동,1,서울특별시 동대문구 한천로 329,37.5901209,127.0685792,무더위쉼터(도로명주소 일치)
경로당,갑을명가2차A,서울특별시 동작구,1,국사봉길 175,37.49365,126.934636,ArcGIS 지오코딩(주소 지점 일치)
경로당,대방1차e편한세상A,서울특별시 동작구,1,알마타길 37,37.5116601,126.9284795,ArcGIS 지오코딩(주소 지점 일치)
경로당,대한,서울특별시 동작구,1,노량진로14길 44,37.5117143,126.9426397,ArcGIS 지오코딩(주소 지점 일치)
경로당,사당두산위브트레지움A,서울특별시 동작구,1,사당로13길 31,37.4849196,126.9711078,ArcGIS 지오코딩(주소 지점 일치)
경로당,사당롯데캐슬골든포레A,서울특별시 동작구,1,사당로90,37.4925135,126.9617548,ArcGIS 지오코딩(주소 지점 일치)
경로당,사당솔밭,서울특별시 동작구,1,사당로 189-9,,,
경로당,"사당신동아504동A, 신동아5차A",서울특별시 동작구,2,동작대로29길 118,37.4908555,126.9762687,ArcGIS 지오코딩(주소 지점 일치)
경로당,삼일공원,서울특별시 동작구,1,사당로23길 93,37.485747,126.974415,무더위쉼터(도로명주소 일치)
경로당,상도파크자이A,서울특별시 동작구,1,장승배기로11가길 11,37.505729,126.939085,ArcGIS 지오코딩(주소 지점 일치)
경로당,신동아A우리,서울특별시 동작구,1,만양로3길 78,37.5065653,126.9413323,ArcGIS 지오코딩(주소 지점 일치)
경로당,신일해피트리A,서울특별시 동작구,1,여의대방로62길 7,37.5141078,126.9277355,ArcGIS 지오코딩(주소 지점 일치)
경로당,우성2단지A,서울특별시 동작구,1,동작대로29길 91,37.487568,126.9795458,ArcGIS 지오코딩(주소 지점 일치)
경로당,이수교KCC스위첸A,서울특별시 동작구,1,동작대로45길 22,37.497923,126.9804748,ArcGIS 지오코딩(주소 지점 일치)
경로당,이수역리가A,서울특별시 동작구,1,사당로27길 130,37.4893409,126.9735937,ArcGIS 지오코딩(주소 지점 일치)
경로당,이수푸르지오 더 프레티움 A,서울특별시 동작구,1,동작대로 39길 39,37.4927562,126.9806222,ArcGIS 지오코딩(주소 지점 일치)
경로당,학수,서울특별시 동작구,1,사당로27길 215,,,
경로당,행복,서울특별시 동작구,1,"보라매로9길 54, 1층",37.4949209,126.9259564,ArcGIS 지오코딩(주소 지점 일치)
도서관(공공도서관),김영삼도서관,서울특별시 동작구,1,서울특별시 동작구 매봉로1,37.5054736,126.9499672,전국도서관표준데이터
도서관(공공도서관),까망돌도서관,서울특별시 동작구,1,서울특별시 동작구 서달로129,37.5051193,126.9605064,전국도서관표준데이터
도서관(공공도서관),대방어린이도서관,서울특별시 동작구,1,서울특별시 동작구 대방동길 55,37.5030242,126.9252221,전국도서관표준데이터
도서관(공공도서관),동작영어마루도서관,서울특별시 동작구,1,서울특별시 동작구 장승배기로16길 98,37.5092044,126.943434,전국도서관표준데이터
도서관(공공도서관),사당솔밭도서관,서울특별시 동작구,1,서울특별시 동작구 솔밭로 86,37.484056,126.967369,전국도서관표준데이터
도서관(공공도서관),신대방누리도서관,서울특별시 동작구,1,서울특별시 동작구 신대방1다길 19,37.4860566,126.9058817,전국도서관표준데이터
도서관(공공도서관),신대방역 U-도서관,서울특별시 동작구,1,서울특별시 동작구 대림로 2,37.487576,126.9131756,전국도서관표준데이터
도서관(공공도서관),약수도서관,서울특별시 동작구,1,서울특별시 동작구 양녕로22바길 64,37.497851,126.9474396,전국도서관표준데이터
도서관(작은도서관),국사봉숲속작은도서관,서울특별시 동작구,1,서울특별시 동작구 양녕로23길27,37.4954321,126.9405909,전국도서관표준데이터
도서관(작은도서관),동작샘터도서관,서울특별시 동작구,1,서울특별시 동작구 동작대로29길 63-26,37.4883609,126.977553,전국도서관표준데이터
도서관(작은도서관),신대방햇살도서관,서울특별시 동작구,1,서울특별시 동작구 여의대방로16길53,37.4947198,126.9167677,전국도서관표준데이터
경로당,건영A,서울특별시 동작구 건영아파트 관리동,1,만양로 26,37.507451,126.949517,무더위쉼터(도로명주소 일치)
경로당,경동A,서울특별시 동작구 경동윈츠리버아파트,1,노량진로32길 156,37.510004,126.954554,무더위쉼터(도로명주소 일치)
경로당,극동A,서울특별시 동작구 극동아파트,1,동작대로29길 119,37.490429,126.973992,무더위쉼터(도로명주소 일치)
주민센터,노량진2동 주민센터,서울특별시 동작구 노량진2동,1,서울특별시 동작구 장승배기로19길 48 (노량진2동 302-97),37.5085193,126.9373525,무더위쉼터(도로명주소 일치)
경로당,노량진1동,서울특별시 동작구 노량진동,1,만양로 77,37.5103903,126.9446152,무더위쉼터(도로명주소 일치)
경로당,백송,서울특별시 동작구 노량진동,1,장승배기로19다길 14,37.508822,126.937673,무더위쉼터(도로명주소 일치)
경로당,삼익A,서울특별시 동작구 노량진동,1,만양로 84,37.510929,126.945132,무더위쉼터(도로명주소 일치)
경로당,신동아리버파크A,서울특별시 동작구 노량진동,1,만양로 19,37.506033,126.941645,무더위쉼터(도로명주소 일치)
경로당,우성A,서울특별시 동작구 노량진동,1,만양로8길 50,37.509754,126.947767,무더위쉼터(도로명주소 일치)
경로당,한강형인A,서울특별시 동작구 노량진동,1,만양로36,37.507708,126.948314,무더위쉼터(도로명주소 일치)
보건소,동작구보건소,서울특별시 동작구 노량진동,1,서울특별시 동작구 만양로3길 80 (노량진동) 1~9층,37.5057383,126.9411201,ArcGIS 지오코딩(주소 지점 일치)
주민센터,노량진1동 주민센터,서울특별시 동작구 노량진동,1,"서울특별시 동작구 노량진로 190, 3층·4층(노량진동 333)",37.51323,126.9465454,무더위쉼터(도로명주소 일치)
경로당,대림A,서울특별시 동작구 대림아파트 상가동,1,상도로60길 20,37.49323,126.954029,무더위쉼터(도로명주소 일치)
경로당,대림A,서울특별시 동작구 대방동,1,여의대방로44길 10,37.507319,126.924744,무더위쉼터(도로명주소 일치)
경로당,대방,서울특별시 동작구 대방동,1,여의대방로36길 99,37.508645,126.931501,무더위쉼터(도로명주소 일치)
경로당,대방2차e편한세상A,서울특별시 동작구 대방동,1,알마타길 53,37.512065,126.93093,무더위쉼터(도로명주소 일치)
경로당,대방중앙,서울특별시 동작구 대방동,1,여의대방로24라길 4,37.4981152,126.9226176,무더위쉼터(도로명주소 일치)
경로당,북대방,서울특별시 동작구 대방동,1,여의대방로54길 24,37.5121291,126.9277976,무더위쉼터(도로명주소 일치)
경로당,성원A,서울특별시 동작구 대방동,1,여의대방로 256,37.509582,126.926075,무더위쉼터(도로명주소 일치)
경로당,신대방2동,서울특별시 동작구 대방동,1,여의대방로24가길 2,37.4982089,126.9212576,무더위쉼터(도로명주소 일치)
경로당,우정A,서울특별시 동작구 대방동,1,여의대방로62길 23,37.514217,126.929731,무더위쉼터(도로명주소 일치)
경로당,"주공2단지A, 주공1단지A",서울특별시 동작구 대방동,2,여의대방로44길 47,37.509536,126.929493,무더위쉼터(도로명주소 일치)
경로당,코오롱하늘채A,서울특별시 동작구 대방동,1,여의대방로24다길 40,37.498552,126.923129,무더위쉼터(도로명주소 일치)
경로당,현대2차A,서울특별시 동작구 대방동,1,알마타길 58,37.510792,126.931266,무더위쉼터(도로명주소 일치)
보건소,동작보건지소,서울특별시 동작구 대방동,1,"서울특별시 동작구 상도로 34 (대방동, 산맥빌딩) 동작구보건지소",37.4996166,126.9242845,ArcGIS 지오코딩(주소 지점 일치)
주민센터,대방동 주민센터,서울특별시 동작구 대방동,1,서울특별시 동작구 여의대방로44길 20(대방동 501-2),37.5081683,126.9263395,무더위쉼터(도로명주소 일치)
경로당,경남아너스빌A,서울특별시 동작구 대방동경남아너스빌,1,여의대방로54길 6,37.511451,126.925693,무더위쉼터(도로명주소 일치)
경로당,현대1차A,서울특별시 동작구 대방동현대아파트,1,등용로 127,37.512705,126.930784,무더위쉼터(도로명주소 일치)
경로당,동아A,서울특별시 동작구 동아아파트,1,양녕로23길 43,37.496281,126.940039,무더위쉼터(도로명주소 일치)
경로당,이수스위첸포레힐즈 실버클럽,서울특별시 동작구 동작동,1,동작대로45길 10,37.498322,126.982966,무더위쉼터(도로명주소 일치)
경로당,동작동금강KCC A,서울특별시 동작구 동작동금강,1,동작대로39가길 55,37.494027,126.978561,무더위쉼터(도로명주소 일치)
경로당,동작삼성래미안A,서울특별시 동작구 동작삼성래미안아파트 109동,1,사당로23바길 9,37.489172,126.970515,무더위쉼터(도로명주소 일치)
경로당,동작상떼빌A,서울특별시 동작구 동작상떼빌아파트 101동,1,신대방1가길 38,37.487546,126.906882,무더위쉼터(도로명주소 일치)
경로당,래미안트윈파크A,서울특별시 동작구 래미안 트윈파크 103동,1,노량진로23가길 23,37.51425,126.950717,무더위쉼터(도로명주소 일치)
경로당,래미안상도3차A,서울특별시 동작구 래미안상도3차아파트 301동,1,상도로53길 8,37.498377,126.953828,무더위쉼터(도로명주소 일치)
경로당,보라매자이더포레스트,서울특별시 동작구 보라매자이 더 포레스트 101동,1,여의대방로22길 121,37.498559,126.926088,무더위쉼터(도로명주소 일치)
경로당,SH-VilleA,서울특별시 동작구 본동,1,노량진로22길 60,37.5107755,126.9497923,무더위쉼터(도로명주소 일치)
경로당,극동강변A,서울특별시 동작구 본동,1,매봉로 156,37.511807,126.951914,무더위쉼터(도로명주소 일치)
경로당,유원강변A,서울특별시 동작구 본동,1,노량진로23가길 16,37.51473,126.951535,무더위쉼터(도로명주소 일치)
경로당,충신,서울특별시 동작구 본동,1,노량진로28길 31,37.5117555,126.9558768,무더위쉼터(도로명주소 일치)
경로당,한마음,서울특별시 동작구 본동,1,만양로4길 38,37.508243,126.950237,무더위쉼터(도로명주소 일치)
경로당,"한신휴플러스A101동, 한신휴플러스A",서울특별시 동작구 본동,2,매봉로 99,37.509471,126.949124,무더위쉼터(도로명주소 일치)
경로당,본동삼성래미안A,서울특별시 동작구 본동삼성래미안아파트,1,매봉로 123,37.509812,126.950203,무더위쉼터(도로명주소 일치)
주민센터,사당1동 주민센터,서울특별시 동작구 사당1동,1,서울특별시 동작구 동작대로17길 28(사당1동 1004-52),37.4831526,126.978693,무더위쉼터(도로명주소 일치)
주민센터,사당4동 주민센터,서울특별시 동작구 사당4동,1,서울특별시 동작구 사당로16아길 6(사당4동 300-8),37.481481,126.975389,무더위쉼터(시설명 일치)
주민센터,사당5동 주민센터,서울특별시 동작구 사당5동,1,서울특별시 동작구 사당로2가길 219(사당5동 228-11),37.4856322,126.9670068,무더위쉼터(도로명주소 일치)
경로당,경남아너스빌A(대아A),서울특별시 동작구 사당동,1,사당로9가길 82,37.48829,126.967835,무더위쉼터(도로명주소 일치)
경로당,남성,서울특별시 동작구 사당동,1,동작대로25길 48,37.4853063,126.9798994,무더위쉼터(도로명주소 일치)
경로당,남해오네뜨A,서울특별시 동작구 사당동,1,사당로2가길 173,37.487033,126.965593,무더위쉼터(도로명주소 일치)
경로당,대림A,서울특별시 동작구 사당동,1,사당로23길 137,37.487397,126.97226,무더위쉼터(도로명주소 일치)
경로당,래미안로이파크A,서울특별시 동작구 사당동,1,사당로23길112,37.488496,126.973399,무더위쉼터(도로명주소 일치)
경로당,르메이에르A,서울특별시 동작구 사당동,1,사당로20길 119,37.478459,126.973741,무더위쉼터(도로명주소 일치)
경로당,배나무골,서울특별시 동작구 사당동,1,동작대로29바길 3,37.4896695,126.9804665,무더위쉼터(도로명주소 일치)
경로당,사당3동,서울특별시 동작구 사당동,1,사당로29다길 32-6,37.486533,126.97846,무더위쉼터(도로명주소 일치)
경로당,사당4동,서울특별시 동작구 사당동,1,사당로16라길 9,37.4826508,126.9703237,무더위쉼터(도로명주소 일치)
경로당,사당5동,서울특별시 동작구 사당동,1,사당로6길 3-8,37.4863757,126.9675831,무더위쉼터(도로명주소 일치)
경로당,사당KCC A,서울특별시 동작구 사당동,1,사당로20나길 57,37.481336,126.97373,무더위쉼터(도로명주소 일치)
경로당,사당롯데캐슬2차,서울특별시 동작구 사당동,1,사당로27길 181,37.490201,126.971502,무더위쉼터(도로명주소 일치)
경로당,사당자이A,서울특별시 동작구 사당동,1,사당로2가길 102,37.488729,126.962327,무더위쉼터(도로명주소 일치)
경로당,삼익,서울특별시 동작구 사당동,1,사당로27길 190,37.4901814,126.9723165,무더위쉼터(도로명주소 일치)
경로당,삼익그린뷰A,서울특별시 동작구 사당동,1,남부순환로255길 21,37.477278,126.969334,무더위쉼터(도로명주소 일치)
경로당,삼호그린A,서울특별시 동작구 사당동,1,사당로2가길 188,37.48609,126.965322,무더위쉼터(도로명주소 일치)
경로당,삼화,서울특별시 동작구 사당동,1,사당로13길 42,37.4859376,126.9719025,무더위쉼터(도로명주소 일치)
경로당,송학,서울특별시 동작구 사당동,1,동작대로9가길24-4,37.4797852,126.9789173,무더위쉼터(도로명주소 일치)
경로당,신남성,서울특별시 동작구 사당동,1,사당로16길 56,37.4813537,126.9720229,무더위쉼터(도로명주소 일치)
경로당,신동아4차A,서울특별시 동작구 사당동,1,동작대로29길 110,37.489519,126.978162,무더위쉼터(도로명주소 일치)
경로당,제일A,서울특별시 동작구 사당동,1,사당로16다길 57,37.482898,126.969535,무더위쉼터(도로명주소 일치)
경로당,진흥A,서울특별시 동작구 사당동,1,사당로16아길 43,37.480296,126.969165,무더위쉼터(도로명주소 일치)
경로당,현대A,서울특별시 동작구 사당동,1,사당로17길 111,37.488159,126.970142,무더위쉼터(도로명주소 일치)
경로당/도서관(작은도서관),"사당1동, 다울작은도서관",서울특별시 동작구 사당동,2,사당로20길 132,37.4788873,126.973231,무더위쉼터(도로명주소 일치)
주민센터,사당2동 주민센터,서울특별시 동작구 사당동,1,서울특별시 동작구 동작대로29길 52(사당동),37.4887525,126.9792455,무더위쉼터(도로명주소 일치)
주민센터,사당3동 주민센터,서울특별시 동작구 사당동,1,서울특별시 동작구 사당로17길 86,37.4866648,126.9720599,무더위쉼터(도로명주소 일치)
경로당,삼성A,서울특별시 동작구 사당동삼성아파트,1,동작대로35아길 14,37.493675,126.97936,무더위쉼터(도로명주소 일치)
경로당,우성3단지A,서울특별시 동작구 사당우성아파트 304동,1,동작대로29길 115,37.490286,126.975655,무더위쉼터(도로명주소 일치)
경로당,휴먼시아A,서울특별시 동작구 사당휴먼시아아파트 103동,1,사당로16길 96,37.478956,126.970175,무더위쉼터(도로명주소 일치)
경로당,상도더샵A,서울특별시 동작구 상도 더?騁팎컷? 상가B동,1,장승배기로10길 130,37.502127,126.943048,무더위쉼터(도로명주소 일치)
경로당,터널,서울특별시 동작구 상도1동,1,매봉로 36,37.5065081,126.9513111,무더위쉼터(도로명주소 일치)
주민센터,상도2동 주민센터,서울특별시 동작구 상도2동,1,서울특별시 동작구 상도로 211 (상도2동 25-48),37.5054945,126.9423314,무더위쉼터(도로명주소 일치)
주민센터,상도3동 주민센터,서울특별시 동작구 상도3동,1,서울특별시 동작구 성대로2길 11(상도3동 315-37),37.4992063,126.9313412,무더위쉼터(도로명주소 일치)
경로당,SH-VilleA,서울특별시 동작구 상도동,1,상도로53길 70,37.501055,126.953631,무더위쉼터(도로명주소 일치)
경로당,갑을명가1차A,서울특별시 동작구 상도동,1,국사봉길 178,37.493561,126.934245,무더위쉼터(도로명주소 일치)
경로당,경향렉스빌A,서울특별시 동작구 상도동,1,양녕로23길 9,37.495206,126.941867,무더위쉼터(도로명주소 일치)
경로당,고경,서울특별시 동작구 상도동,1,"상도로53길 27, 101호",37.4997795,126.9534145,무더위쉼터(도로명주소 일치)
경로당,국사봉,서울특별시 동작구 상도동,1,"양녕로20길 56, 1층",37.4948648,126.9441381,무더위쉼터(도로명주소 일치)
경로당,낙원,서울특별시 동작구 상도동,1,상도로30길 73,37.5039572,126.9448461,무더위쉼터(도로명주소 일치)
경로당,도화,서울특별시 동작구 상도동,1,"성대로17길 55, 1층",37.4998692,126.9349208,무더위쉼터(도로명주소 일치)
경로당,래미안상도2차A,서울특별시 동작구 상도동,1,상도로55길 47,37.498142,126.95808,무더위쉼터(도로명주소 일치)
경로당,브라운스톤상도A,서울특별시 동작구 상도동,1,상도로31길 19,37.506011,126.943811,무더위쉼터(도로명주소 일치)
경로당,삼호A,서울특별시 동작구 상도동,1,상도로 407,37.493064,126.958097,무더위쉼터(도로명주소 일치)
경로당,삼환나우빌A,서울특별시 동작구 상도동,1,상도로55길 25,37.498434,126.956908,무더위쉼터(도로명주소 일치)
경로당,상도1동,서울특별시 동작구 상도동,1,상도로38길 86,37.5003623,126.9482213,무더위쉼터(도로명주소 일치)
경로당,상도2동,서울특별시 동작구 상도동,1,양녕로36길 13,37.5022189,126.9461932,무더위쉼터(도로명주소 일치)
경로당,상도3동,서울특별시 동작구 상도동,1,국사봉1길 221-7,37.4934517,126.9363305,무더위쉼터(도로명주소 일치)
경로당,상도4동,서울특별시 동작구 상도동,1,"양녕로22바길 95, 102호",37.4991694,126.9470062,무더위쉼터(도로명주소 일치)
경로당,"상도래미안1차A108동, 상도래미안1차A",서울특별시 동작구 상도동,2,등용로 37,37.504633,126.934045,무더위쉼터(도로명주소 일치)
경로당,상도중앙,서울특별시 동작구 상도동,1,"국사봉1길 109-1, 지1층",37.49695,126.932115,무더위쉼터(도로명주소 일치)
경로당,성대,서울특별시 동작구 상도동,1,상도로13길 16,37.5012735,126.9302762,무더위쉼터(도로명주소 일치)
경로당,성대골,서울특별시 동작구 상도동,1,성대로10나길 1-4,37.4973118,126.9349758,무더위쉼터(도로명주소 일치)
경로당,송학(상4),서울특별시 동작구 상도동,1,성대로29길 53,37.5006327,126.9377329,무더위쉼터(도로명주소 일치)
경로당,쌍용스윗닷홈A,서울특별시 동작구 상도동,1,상도로 107,37.500917,126.932006,무더위쉼터(도로명주소 일치)
경로당,약수,서울특별시 동작구 상도동,1,양녕로 210-10,37.4995625,126.9448521,무더위쉼터(도로명주소 일치)
경로당,이편한세상 상도노빌리티A,서울특별시 동작구 상도동,1,만양로 6,37.505359,126.948382,무더위쉼터(도로명주소 일치)
경로당,장수,서울특별시 동작구 상도동,1,"상도로15길 76, 2층",37.5037088,126.9353919,무더위쉼터(도로명주소 일치)
경로당,중앙하이츠A,서울특별시 동작구 상도동,1,상도로 320,37.500024,126.949748,무더위쉼터(도로명주소 일치)
경로당,청송,서울특별시 동작구 상도동,1,상도로52길 23,37.4972114,126.9510114,무더위쉼터(도로명주소 일치)
경로당,파크엘A,서울특별시 동작구 상도동,1,양녕로 220,37.500712,126.947207,무더위쉼터(도로명주소 일치)
경로당,현대A,서울특별시 동작구 상도동,1,사당로2길 2-32,37.494238,126.959486,무더위쉼터(도로명주소 일치)
주민센터,상도1동 주민센터,서울특별시 동작구 상도동,1,서울특별시 동작구 상도로53길 9(상도동 437),37.4981222,126.953069,무더위쉼터(도로명주소 일치)
주민센터,상도4동 주민센터,서울특별시 동작구 상도동,1,서울특별시 동작구 양녕로27길 44(상도동 202-58),37.4995092,126.9413356,무더위쉼터(도로명주소 일치)
경로당,동원베네스트A,서울특별시 동작구 상도동원베네스트아파트,1,상도로34길 42,37.502944,126.944387,무더위쉼터(도로명주소 일치)
경로당,상도패리스,서울특별시 동작구 상도패리스 상도패리스아파트 101동,1,상도로47바길40,37.503832,126.953783,무더위쉼터(도로명주소 일치)
경로당,숲속마을신동아파밀리에,서울특별시 동작구 숲속마을 신동아,1,여의대방로10길 100,37.49172,126.914552,무더위쉼터(도로명주소 일치)
주민센터,신대방1동 주민센터,서울특별시 동작구 신대방1동,1,서울특별시 동작구 신대방길72(신대방1동 604-8),37.4889453,126.9100392,무더위쉼터(도로명주소 일치)
경로당,경남A,서울특별시 동작구 신대방동,1,신대방길 85,37.489394,126.908428,무더위쉼터(도로명주소 일치)
경로당,경남교수A,서울특별시 동작구 신대방동,1,여의대방로10길 14,37.495982,126.913556,무더위쉼터(도로명주소 일치)
경로당,보라매e편한세상A,서울특별시 동작구 신대방동,1,보라매로 70,37.495494,126.928576,무더위쉼터(도로명주소 일치)
경로당,보라매롯데낙천대A,서울특별시 동작구 신대방동,1,여의대방로10길 38,37.494307,126.913511,무더위쉼터(도로명주소 일치)
경로당,보라매파크빌A,서울특별시 동작구 신대방동,1,여의대방로10길 59,37.494436,126.915544,무더위쉼터(도로명주소 일치)
경로당,신대방1동,서울특별시 동작구 신대방동,1,신대방1길 18,37.4868788,126.9106603,무더위쉼터(도로명주소 일치)
경로당,신대방벽산A,서울특별시 동작구 신대방동,1,여의대방로22길 24,37.497403,126.921723,무더위쉼터(도로명주소 일치)
경로당,우성2차A,서울특별시 동작구 신대방동,1,여의대방로 8,37.492811,126.910359,무더위쉼터(도로명주소 일치)
경로당,한성A,서울특별시 동작구 신대방동,1,여의대방로10길 13,37.495575,126.915233,무더위쉼터(도로명주소 일치)
경로당,현대A,서울특별시 동작구 신대방동,1,여의대방로 28,37.494489,126.91223,무더위쉼터(도로명주소 일치)
경로당,현진에버빌A,서울특별시 동작구 신대방동,1,신대방1나길 45,37.485964,126.906989,무더위쉼터(도로명주소 일치)
주민센터,신대방2동 주민센터,서울특별시 동작구 신대방동,1,서울특별시 동작구 여의대방로24길 76(신대방동 723),37.4984069,126.9245377,무더위쉼터(도로명주소 일치)
경로당,신동아A,서울특별시 동작구 신동아아파트,1,매봉로 134,37.509758,126.952176,무더위쉼터(도로명주소 일치)
경로당,아이파크A,서울특별시 동작구 아이파크상도동 105동,1,장승배기로 26,37.500855,126.942933,무더위쉼터(도로명주소 일치)
경로당,아크로리버하임아파트,서울특별시 동작구 아크로리버하임 104동,1,현충로52,37.509579,126.96133,무더위쉼터(도로명주소 일치)
경로당,우성1차A,서울특별시 동작구 우성아파트 2동,1,여의대방로 22,37.492317,126.911647,무더위쉼터(도로명주소 일치)
경로당,이수힐스테이트 A,서울특별시 동작구 이수힐스테이트 109동,1,동작대로39길 22,37.494502,126.979922,무더위쉼터(도로명주소 일치)
경로당,한강쌍용A,서울특별시 동작구 한강쌍용아파트101동,1,노량진로24길 2,37.512223,126.953068,무더위쉼터(도로명주소 일치)
경로당,달마,서울특별시 동작구 흑석동,1,서달로 54-15,37.4990849,126.9616631,무더위쉼터(도로명주소 일치)
경로당,롯데캐슬에듀포레A,서울특별시 동작구 흑석동,1,서달로 123,37.504389,126.959048,무더위쉼터(도로명주소 일치)
경로당,명수대현대A,서울특별시 동작구 흑석동,1,현충로 119,37.507858,126.966924,무더위쉼터(도로명주소 일치)
경로당,"비개(흑석2동), 흑석",서울특별시 동작구 흑석동,2,"서달로13길 17,5층",37.5084509,126.961876,무더위쉼터(도로명주소 일치)
경로당,송림,서울특별시 동작구 흑석동,1,서달로2길 29,37.5011847,126.9632142,무더위쉼터(도로명주소 일치)
경로당,우리유앤미A,서울특별시 동작구 흑석동,1,서달로 83,37.500705,126.95956,무더위쉼터(도로명주소 일치)
경로당,한강현대A,서울특별시 동작구 흑석동,1,현충로 151,37.506828,126.970308,무더위쉼터(도로명주소 일치)
경로당,해피,서울특별시 동작구 흑석동,1,흑석로13마길 61,37.507416,126.95888,무더위쉼터(도로명주소 일치)
경로당,흑석자이A,서울특별시 동작구 흑석동,1,"서달로90, 308동",37.5027,126.962741,무더위쉼터(도로명주소 일치)
경로당,흑석한강센트레빌2차A,서울특별시 동작구 흑석동,1,서달로91,37.502168,126.958616,무더위쉼터(도로명주소 일치)
주민센터,흑석동 주민센터,서울특별시 동작구 흑석동,1,서울특별시 동작구 흑석한강로 11 (흑석동 335-2),37.5057831,126.9665907,무더위쉼터(도로명주소 일치)
경로당,동양A,서울특별시 동작구 흑석동양아파트 106동,1,서달로1길 17,37.500461,126.958659,무더위쉼터(도로명주소 일치)
경로당,흑석한강센트레빌1차,서울특별시 동작구 흑석한강센트레빌 101동,1,흑석한강로12,37.505863,126.965079,무더위쉼터(도로명주소 일치)
경로당,흑석한강푸르지오아파트,서울특별시 동작구 흑석한강푸르지오 101동,1,흑석한강로27,37.503206,126.965452,무더위쉼터(도로명주소 일치)
경로당,힐스테이트 상도 센트럴파크(엠코),서울특별시 동작구 힐스테이트 상도 센트럴파크 108동,1,상도로 346-1,37.495373,126.951015,무더위쉼터(도로명주소 일치)
경로당,힐스테이트 상도 프레스티지,서울특별시 동작구 힐스테이트 상도 프레스티지 203동,1,상도로 346-2,37.496008,126.94854,무더위쉼터(도로명주소 일치)
경로당,e편한세상 마포리버파크 경로당,서울특별시 마포구,1,토정로31길 24,37.5424044,126.9435301,ArcGIS 지오코딩(주소 지점 일치)
경로당,공덕5차래미안(아)A경로당,서울특별시 마포구,1,"마포대로 173-15 (삼성래미안공덕5차아파트(501~505,509))",37.5511905,126.9521825,ArcGIS 지오코딩(주소 지점 일치)
경로당,공덕아이파크(아)경로당,서울특별시 마포구,1,만리재로 36,37.5445435,126.9565332,ArcGIS 지오코딩(주소 지점 일치)
경로당,공덕자이(아)경로당,서울특별시 마포구,1,마포대로24길 16,37.5527915,126.9589311,ArcGIS 지오코딩(주소 지점 일치)
경로당,마포그랑자이경로당 (구.신촌그랑자이경로당),서울특별시 마포구,1,대흥로 175,37.5545371,126.9453397,ArcGIS 지오코딩(주소 지점 일치)
경로당,"마포래미안푸르지오아파트 4단지 경로당, 마포래미안푸르지오아파트 3단지 경로당, 마포래미안푸르지오아파트 2단지 경로당, 마포래미안푸르지오아파트 1단지 경로당",서울특별시 마포구,4,마포대로 195,37.5528116,126.9526067,ArcGIS 지오코딩(주소 지점 일치)
경로당,마포센트럴아이파크 경로당 (구. 아현아이파크 경로당),서울특별시 마포구,1,마포대로 246,37.5557954,126.9585317,ArcGIS 지오코딩(주소 지점 일치)
경로당,마포자이더센트리지 경로당,서울특별시 마포구,1,숭문길 98,37.5504785,126.9491524,ArcGIS 지오코딩(주소 지점 일치)
경로당,마포프레스티지자이 경로당,서울특별시 마포구,1,대흥로24길 24,37.554133,126.9482049,ArcGIS 지오코딩(주소 지점 일치)
경로당,삼성래미안공덕3차 경로당,서울특별시 마포구,1,마포대로7길 22 (삼성래미안공덕3차아파트),37.5485007,126.9513302,ArcGIS 지오코딩(주소 지점 일치)
경로당,삼성래미안공덕4차 경로당,서울특별시 마포구,1,마포대로11길 50 (삼성래미안공덕4차아파트),37.5494062,126.9514612,ArcGIS 지오코딩(주소 지점 일치)
경로당,신촌로경로당,서울특별시 마포구,1,"신촌로12나길 8(연희빌딩, 1층)",37.5553171,126.9329988,ArcGIS 지오코딩(주소 지점 일치)
도서관(공공도서관),마포중앙도서관,서울특별시 마포구,1,서울특별시 마포구 성산로 128,37.5637954,126.9082019,전국도서관표준데이터
도서관(공공도서관),소금나루도서관,서울특별시 마포구,1,서울특별시 마포구 숭문길 72,37.5495296,126.9462267,전국도서관표준데이터
도서관(공공도서관),푸르메어린이도서관,서울특별시 마포구,1,"서울특별시 마포구 월드컵북로 494, 1층",37.5846441,126.8805151,전국도서관표준데이터
도서관(어린이도서관),꿈나래어린이영어도서관,서울특별시 마포구,1,"서울특별시 마포구 월드컵로13길 80, 2층",37.5552351,126.9056841,전국도서관표준데이터
도서관(작은도서관),늘푸른소나무도서관,서울특별시 마포구,1,"서울특별시 마포구 백범로 227, 3층",37.5422331,126.9554941,전국도서관표준데이터
도서관(작은도서관),초록숲도서관,서울특별시 마포구,1,"서울특별시 마포구 마포대로11길 44-81, B1층",37.5521611,126.9512251,전국도서관표준데이터
도서관(작은도서관)/도서관(어린이도서관),"복사골도서관, 마포어린이영어도서관",서울특별시 마포구,2,"서울특별시 마포구 도화4길 53, 3~4층",37.5395351,126.9519221,전국도서관표준데이터
경로당,공덕1동경로당,서울특별시 마포구 공덕동,1,만리재옛길 78-1,37.549857,126.959406,무더위쉼터(시설명 일치)
경로당,공덕2동제1경로당,서울특별시 마포구 공덕동,1,마포대로10길 13(공덕동) 5층,37.547277,126.954457,무더위쉼터(시설명 일치)
경로당,공덕2삼성래미안(아)경로당,서울특별시 마포구 공덕동,1,"마포대로20길 26 (공덕동, 삼성래미안공덕2차아파트)",37.550586,126.9600624,ArcGIS 지오코딩(주소 지점 일치)
경로당,"공덕삼성(아)제2경로당, 공덕삼성(아)경로당",서울특별시 마포구 공덕동,2,"마포대로 115-8 (공덕동, 삼성아파트)",37.548108,126.951066,무더위쉼터(도로명주소 일치)
경로당,공덕한화꿈에그린(아)경로당,서울특별시 마포구 공덕동,1,"마포대로 10길 22 (공덕동, 마포한화꿈에그린아파트)",37.5474479,126.9559564,ArcGIS 지오코딩(주소 지점 일치)
경로당,공덕현대아파트경로당,서울특별시 마포구 공덕동,1,"마포대로11길 73 (공덕동, 공덕현대아파트)",37.5485806,126.9496855,ArcGIS 지오코딩(주소 지점 일치)
경로당,마포현대(아)경로당,서울특별시 마포구 공덕동,1,"마포대로11길 84 (공덕동, 마포현대아파트)",37.5508332,126.9501345,ArcGIS 지오코딩(주소 지점 일치)
경로당,아현1경로당,서울특별시 마포구 공덕동,1,환일길 52-1(공덕동),37.553586,126.960979,무더위쉼터(도로명주소 일치)
경로당,연봉경로당,서울특별시 마포구 공덕동,1,만리재로16길 10-5(공덕동),37.550349,126.962212,무더위쉼터(도로명주소 일치)
경로당,큰덕경로당,서울특별시 마포구 공덕동,1,만리재로 106(공덕동),37.549523,126.960515,무더위쉼터(도로명주소 일치)
주민센터,공덕동 주민센터,서울특별시 마포구 공덕동,1,서울특별시 마포구 만리재옛길 84,37.550151,126.960021,무더위쉼터(도로명주소 일치)
주민센터/도서관(작은도서관),"아현동 주민센터, 꿈을 이루는 도서관",서울특별시 마포구 공덕동,2,서울특별시 마포구 마포대로7길 18,37.5471888,126.9521874,무더위쉼터(도로명주소 일치)
경로당,노고산경로당,서울특별시 마포구 노고산동,1,고산길 38-4(노고산동),37.55386,126.939245,무더위쉼터(도로명주소 일치)
주민센터/도서관(작은도서관),"대흥동 주민센터, 해오름도서관",서울특별시 마포구 노고산동,2,서울특별시 마포구 신촌로26길 10,37.5558478,126.9423652,무더위쉼터(도로명주소 일치)
경로당,당인경로당,서울특별시 마포구 당인동,1,"어울마당로 14, 202호(당인동)",37.54653,126.919584,무더위쉼터(도로명주소 일치)
경로당,대경경로당,서울특별시 마포구 대흥동,1,백범로18길 26(대흥동),37.5467938,126.9426594,무더위쉼터(도로명주소 일치)
경로당,대흥동1경로당,서울특별시 마포구 대흥동,1,독막로36길 16 (대흥동),37.545751,126.940846,무더위쉼터(도로명주소 일치)
경로당,대흥중앙경로당,서울특별시 마포구 대흥동,1,대흥로18길 11(대흥동),37.549263,126.943962,무더위쉼터(도로명주소 일치)
경로당,마포자이2차(아)경로당,서울특별시 마포구 대흥동,1,서강대길 40(대흥동),37.549218,126.9423888,ArcGIS 지오코딩(주소 지점 일치)
경로당,세양(아)경로당,서울특별시 마포구 대흥동,1,"독막로 288 (대흥동, 대흥동세양아파트)",37.5444253,126.9451039,ArcGIS 지오코딩(주소 지점 일치)
경로당,"태영(아)201동경로당, 대흥동태영(아)경로당",서울특별시 마포구 대흥동,2,"독막로 266 (대흥동, 태영아파트)",37.544731,126.942571,무더위쉼터(도로명주소 일치)
경로당,대동경로당,서울특별시 마포구 도화동,1,새창로6라길 10(도화동),37.540694,126.953517,무더위쉼터(도로명주소 일치)
경로당,도일경로당,서울특별시 마포구 도화동,1,새창로4라길 16(도화동),37.540571,126.951791,무더위쉼터(시설명 일치)
경로당,도화경로당,서울특별시 마포구 도화동,1,새창로6다길 3(도화동),37.540935,126.95288,무더위쉼터(도로명주소 일치)
경로당,도화현대(아)경로당,서울특별시 마포구 도화동,1,"새창로 52 (도화동, 현대아파트)",37.5394423,126.9539789,ArcGIS 지오코딩(주소 지점 일치)
경로당,마포동원베네스트(아)경로당,서울특별시 마포구 도화동,1,"도화4길 41 (도화동, 마포동원베네스트)",37.5401238,126.9518262,ArcGIS 지오코딩(주소 지점 일치)
경로당,마포삼성(아)경로당,서울특별시 마포구 도화동,1,"도화길 28 (도화동, 마포삼성아파트)",37.5411865,126.9504471,ArcGIS 지오코딩(주소 지점 일치)
경로당,삼개경로당,서울특별시 마포구 도화동,1,삼개로5길 20(도화동),37.537851,126.948109,무더위쉼터(도로명주소 일치)
경로당,소양경로당,서울특별시 마포구 도화동,1,새창로6다길 22(도화동),37.5403869,126.9535995,ArcGIS 지오코딩(주소 지점 일치)
경로당,우성(아)경로당,서울특별시 마포구 도화동,1,"삼개로33 (도화동, 도화3지구우성아파트)",37.5376172,126.948069,ArcGIS 지오코딩(주소 지점 일치)
경로당,"현대홈타운2차임대(아)경로당, 도화현대홈타운(아)경로당",서울특별시 마포구 도화동,2,"새창로8길 72 (도화동, 현대홈타운)",37.53777,126.950859,무더위쉼터(도로명주소 일치)
주민센터,도화동 주민센터,서울특별시 마포구 도화동,1,서울특별시 마포구 도화길 37,37.5415255,126.9498754,무더위쉼터(도로명주소 일치)
경로당,동교동경로당,서울특별시 마포구 동교동,1,연희로1길 5(동교동),37.559572,126.926227,무더위쉼터(도로명주소 일치)
경로당,세교경로당,서울특별시 마포구 동교동,1,와우산로37길 16(동교동),37.556276,126.930121,무더위쉼터(도로명주소 일치)
경로당,"마포동경로당, 도화쌍용황금(아)경로당",서울특별시 마포구 마포동,2,"마포대로4라길 30 (마포동, 마포쌍용황금아파트)",37.536312,126.94516,무더위쉼터(시설명 일치)
경로당,대주(아)경로당,서울특별시 마포구 망원동,1,"동교로3길 115 (망원동, 한강2차대주파크빌)",37.5550041,126.8983591,ArcGIS 지오코딩(주소 지점 일치)
경로당,망원2동1경로당,서울특별시 마포구 망원동,1,월드컵로31길 69(망원동),37.560128,126.901248,무더위쉼터(도로명주소 일치)
경로당,망원2차대림(아)경로당,서울특별시 마포구 망원동,1,"망원로1길 27 (망원동, 망원2차대림아파트)",37.5571618,126.8996991,ArcGIS 지오코딩(주소 지점 일치)
경로당,망원휴먼빌(아)경로당,서울특별시 마포구 망원동,1,"방울내로 31(망원동, 휴먼빌아파트)",37.5589437,126.8986402,ArcGIS 지오코딩(주소 지점 일치)
경로당,미원아파트2차경로당,서울특별시 마포구 망원동,1,"월드컵로29길 68 (망원동, 망원동2차미원아파트)",37.5589937,126.9023385,ArcGIS 지오코딩(주소 지점 일치)
경로당,서림경로당,서울특별시 마포구 망원동,1,희우정로15길 25-9(망원동),37.55282,126.901378,무더위쉼터(도로명주소 일치)
경로당,송백경로당,서울특별시 마포구 망원동,1,"망원로2길 103 (망원동, 망원1차대림아파트)",37.5532515,126.9043316,ArcGIS 지오코딩(주소 지점 일치)
경로당,쌈지경로당,서울특별시 마포구 망원동,1,방울내로 24-12(망원동),37.557289,126.898648,무더위쉼터(도로명주소 일치)
경로당,오칠경로당,서울특별시 마포구 망원동,1,월드컵로23길 18-5 (망원동),37.557051,126.90749,무더위쉼터(도로명주소 일치)
주민센터,망원1동 주민센터,서울특별시 마포구 망원동,1,서울특별시 마포구 포은로6길 10,37.555586,126.905599,무더위쉼터(도로명주소 일치)
주민센터/도서관(작은도서관),"망원2동 주민센터, 아름드리도서관",서울특별시 마포구 망원동,2,서울특별시 마포구 방울내로7길 11,37.560291,126.902282,무더위쉼터(도로명주소 일치)
경로당,SH공사공덕2삼성(아)경로당,서울특별시 마포구 삼성래미안공덕2차아파트201동,1,만리재옛길 101,37.55132,126.960779,무더위쉼터(도로명주소 일치)
경로당,공덕5차래미안(아)B경로당,서울특별시 마포구 삼성래미안공덕5차아파트(506~508동,1,마포대로 167 (삼성래미안공덕5차아파트(506~508동),37.5498137,126.9536199,ArcGIS 지오코딩(주소 지점 일치)
경로당,농바우경로당,서울특별시 마포구 상수동,1,와우산로5길 12(상수동),37.546853,126.922485,무더위쉼터(도로명주소 일치)
경로당,래미안밤섬리베뉴1차(아)경로당,서울특별시 마포구 상수동,1,"독막로20나길 22 (상수동, 래미안밤섬리베뉴1차아파트)",37.5474179,126.9258718,ArcGIS 지오코딩(주소 지점 일치)
경로당,리베뉴2차(아)경로당,서울특별시 마포구 상수동,1,"독막로20나길 21 (상수동, 래미안밤섬리베뉴2차아파트)",37.5467505,126.9264879,ArcGIS 지오코딩(주소 지점 일치)
경로당,상수두산위브(아)경로당,서울특별시 마포구 상수동,1,"독막로18길 5 (상수동, 상수두산위브아파트)",37.5473292,126.9240864,ArcGIS 지오코딩(주소 지점 일치)
경로당,DMC상암센트럴파크2단지 (구. 상암휴먼시아2단지),서울특별시 마포구 상암동,1,"월드컵북로42가길 11 (상암동, 휴먼시아)",37.5752316,126.8966129,ArcGIS 지오코딩(주소 지점 일치)
경로당,DMC센트럴파크아파트1단지경로당 (구.상암휴먼시아1단지(아)경로당),서울특별시 마포구 상암동,1,"월드컵북로43길 11 (상암동, 휴먼시아)",37.57419,126.8965578,ArcGIS 지오코딩(주소 지점 일치)
경로당,상암경로문화센터,서울특별시 마포구 상암동,1,월드컵북로50길 7-5(상암동),37.577122,126.893305,무더위쉼터(도로명주소 일치)
경로당,상암월드컵파크10단지(아)경로당,서울특별시 마포구 상암동,1,"월드컵북로 502-36 (상암동, 상암월드컵파크10단지아파트)",37.5860158,126.8814686,ArcGIS 지오코딩(주소 지점 일치)
경로당,상암월드컵파크11단지(아)경로당,서울특별시 마포구 상암동,1,"월드컵북로 502-37 (상암동, 상암월드컵파크11단지아파트)",37.5878159,126.8816663,ArcGIS 지오코딩(주소 지점 일치)
경로당,상암월드컵파크12단지(아)경로당,서울특별시 마포구 상암동,1,"월드컵북로 502-7 (상암동, 상암월드컵파크12단지아파트)",37.5860069,126.8799258,ArcGIS 지오코딩(주소 지점 일치)
경로당,상암월드컵파크1단지(아)경로당,서울특별시 마포구 상암동,1,"월드컵북로47길 8 (상암동, 상암월드컵1단지아파트)",37.575298,126.893308,무더위쉼터(도로명주소 일치)
경로당,상암월드컵파크2단지(아)경로당,서울특별시 마포구 상암동,1,"월드컵북로47길 46 (상암동, 상암월드컵파크2단지아파트)",37.5755568,126.8912157,ArcGIS 지오코딩(주소 지점 일치)
경로당,상암월드컵파크3단지(아)경로당,서울특별시 마포구 상암동,1,"월드컵로 338 (상암동, 상암월드컵파크3단지)",37.5734938,126.8892256,ArcGIS 지오코딩(주소 지점 일치)
경로당,상암월드컵파크4단지(아)경로당,서울특별시 마포구 상암동,1,"상암산로1길 24 (상암동, 상암월드컵파크4단지)",37.5784643,126.889397,ArcGIS 지오코딩(주소 지점 일치)
경로당,상암월드컵파크5단지(아)경로당,서울특별시 마포구 상암동,1,"상암산로1길 52 (상암동, 상암월드컵파크5단지)",37.5799454,126.8868675,ArcGIS 지오코딩(주소 지점 일치)
경로당,상암월드컵파크6단지(아)경로당,서울특별시 마포구 상암동,1,"상암산로1길 57 (상암동, 상암월드컵파크6단지아파트)",37.5780652,126.8871058,ArcGIS 지오코딩(주소 지점 일치)
경로당,상암월드컵파크7단지(아)경로당,서울특별시 마포구 상암동,1,"상암산로1길 92 (상암동, 상암월드컵파크7단지아파트)",37.5814589,126.8819888,ArcGIS 지오코딩(주소 지점 일치)
경로당,상암월드컵파크8단지(아)경로당,서울특별시 마포구 상암동,1,"월드컵로42길 12 (상암동, 상암월드컵파크8단지아파트)",37.577604,126.882901,무더위쉼터(도로명주소 일치)
경로당,상암월드컵파크9단지(아)경로당,서울특별시 마포구 상암동,1,"월드컵북로 501 (상암동, 상암월드컵파크9단지아파트)",37.5841334,126.8793482,ArcGIS 지오코딩(주소 지점 일치)
경로당,상암카이저팰리스클래식경로당,서울특별시 마포구 상암동,1,"월드컵북로47길 37 (상암동, 상암카이저팰리스)",37.5734332,126.8911593,ArcGIS 지오코딩(주소 지점 일치)
주민센터,상암동 주민센터,서울특별시 마포구 상암동,1,서울특별시 마포구 매봉산로2길 16,37.57825,126.89465,무더위쉼터(도로명주소 일치)
경로당,서교푸르지오(아)경로당,서울특별시 마포구 서교동,1,"홍익로 10(서교동, 서교푸르지오)",37.553762,126.9236938,ArcGIS 지오코딩(주소 지점 일치)
경로당,신교경로당,서울특별시 마포구 서교동,1,잔다리로9길4-8(서교동),37.557519,126.912972,무더위쉼터(도로명주소 일치)
경로당,홍익경로당,서울특별시 마포구 서교동,1,와우산로21길 19-3(서교동),37.553388,126.923159,무더위쉼터(시설명 일치)
주민센터,서교동 주민센터,서울특별시 마포구 서교동,1,서울특별시 마포구 동교로15길 7,37.555139,126.914564,무더위쉼터(도로명주소 일치)
경로당,가좌행복경로당,서울특별시 마포구 성산동,1,"성암로 28(성산동, 가좌행복주택)",37.569265,126.913107,무더위쉼터(도로명주소 일치)
경로당,간데마을경로당,서울특별시 마포구 성산동,1,성암로9길 14 (성산동),37.572989,126.903476,무더위쉼터(도로명주소 일치)
경로당,다솜경로당,서울특별시 마포구 성산동,1,월드컵북로20길 16,37.564093,126.91413,무더위쉼터(도로명주소 일치)
경로당,무리울새마을경로당,서울특별시 마포구 성산동,1,월드컵북로 198-17(성산동),37.568889,126.907227,무더위쉼터(도로명주소 일치)
경로당,백합경로당,서울특별시 마포구 성산동,1,월드컵로 215 (성산동),37.564351,126.901199,무더위쉼터(도로명주소 일치)
경로당,샛터경로당,서울특별시 마포구 성산동,1,새터산2길 7(성산동),37.565125,126.907529,무더위쉼터(도로명주소 일치)
경로당,성미경로당,서울특별시 마포구 성산동,1,성미산로1길 100-20,37.561906,126.906281,무더위쉼터(도로명주소 일치)
경로당,성사1차풍림(아)경로당,서울특별시 마포구 성산동,1,"성암로1길 8 (성산동, 성사1차풍림아파트)",37.5683207,126.9120786,ArcGIS 지오코딩(주소 지점 일치)
경로당,성산1동1경로당,서울특별시 마포구 성산동,1,월드컵북로15안길 26(성산동),37.562055,126.909645,무더위쉼터(도로명주소 일치)
경로당,성산1동2경로당,서울특별시 마포구 성산동,1,성미산로5길 55-14(성산동),37.5603334,126.908667,무더위쉼터(도로명주소 일치)
경로당,성산2차e-편한세상(아)경로당,서울특별시 마포구 성산동,1,"월드컵북로 216 (성산동, 성산2차e-편한세상)",37.5698661,126.9050693,ArcGIS 지오코딩(주소 지점 일치)
경로당,성산월드타운대림(아)경로당,서울특별시 마포구 성산동,1,"월드컵북로30길 9-22 (성산동, 성산월드타운대림아파트)",37.5695415,126.9080133,ArcGIS 지오코딩(주소 지점 일치)
경로당,월드컵아이파크(아)106동경로당,서울특별시 마포구 성산동,1,"모래내로9길 3 (성산동, 월드컵아이파크)",37.5669076,126.9133393,ArcGIS 지오코딩(주소 지점 일치)
경로당,월드컵아이파크(아)경로당,서울특별시 마포구 성산동,1,"모래내로9길 6 (성산동, 월드컵아이파크)",37.5673751,126.9136384,ArcGIS 지오코딩(주소 지점 일치)
경로당/도서관(작은도서관),"성산시영(아)경로당, 대우경로당, 성산글마루도서관",서울특별시 마포구 성산동,3,"월드컵북로 235 (성산동, 성산시영아파트)",37.568317,126.9051294,ArcGIS 지오코딩(주소 지점 일치)
보건소,마포구보건소,서울특별시 마포구 성산동,1,"서울특별시 마포구 월드컵로 212 (성산동, 마포구청), 마포구보건소 마포구보건소",37.566242,126.901942,무더위쉼터(도로명주소 일치)
주민센터,성산1동 주민센터,서울특별시 마포구 성산동,1,서울특별시 마포구 성산로4길 15,37.5633768,126.9078612,무더위쉼터(도로명주소 일치)
주민센터/도서관(작은도서관),"성산2동 주민센터, 성메도서관",서울특별시 마포구 성산동,2,서울특별시 마포구  월드컵북로30길 22,37.568578,126.908982,무더위쉼터(도로명주소 일치)
경로당,신공덕삼성(아)제2경로당,서울특별시 마포구 신공덕1차삼성래미안(112~113동,1,백범로37길 6 (신공덕1차삼성래미안(112~113동)),37.542337,126.956138,무더위쉼터(도로명주소 일치)
경로당,덕성경로당,서울특별시 마포구 신공덕동,1,임정로15길 6-5(신공덕동),37.543691,126.9572,무더위쉼터(도로명주소 일치)
경로당,마포펜트라우스(아)경로당,서울특별시 마포구 신공덕동,1,"백범로 205 (신공덕동,마포펜트라우스)",37.5435677,126.9540285,ArcGIS 지오코딩(주소 지점 일치)
경로당,브라운스톤공덕(아)경로당,서울특별시 마포구 신공덕동,1,"백범로 230 (신공덕동, 브라운스톤공덕아파트)",37.541417,126.9558341,ArcGIS 지오코딩(주소 지점 일치)
경로당,신공덕삼성1차(아)경로당,서울특별시 마포구 신공덕동,1,"백범로37길 12 (신공덕동, 신공덕1차삼성래미안)",37.5442541,126.9557532,ArcGIS 지오코딩(주소 지점 일치)
경로당,신공덕삼성3차(아)경로당,서울특별시 마포구 신공덕동,1,"만리재로 60 (신공덕동, 신공덕3차삼성래미안)",37.5461525,126.9571842,ArcGIS 지오코딩(주소 지점 일치)
경로당,"한마음경로당, 신공덕2삼성래미안(아)경로당",서울특별시 마포구 신공덕동,2,"만리재로 74 (신공덕동, 신공덕2차삼성래미안)",37.546442,126.957897,무더위쉼터(도로명주소 일치)
경로당,대원칸타빌(아)경로당,서울특별시 마포구 신수동,1,"창전로2길 10 (신수동, 대원칸타빌아파트)",37.5478896,126.9337682,ArcGIS 지오코딩(주소 지점 일치)
경로당,동막경로당,서울특별시 마포구 신수동,1,독막로32길 16(신수동),37.545775,126.936892,무더위쉼터(시설명 일치)
경로당,마포경남아너스빌(아)경로당,서울특별시 마포구 신수동,1,"신수로 81 (신수동, 경남아너스빌)",37.5493263,126.9347729,ArcGIS 지오코딩(주소 지점 일치)
경로당,밤섬경남아너스빌(아)경로당,서울특별시 마포구 신수동,1,"독막로28길 10 (신수동, 밤섬경남아너스빌)",37.5466036,126.9369239,ArcGIS 지오코딩(주소 지점 일치)
경로당,밤섬현대(아)경로당,서울특별시 마포구 신수동,1,"신수로3길 23 (신수동, 현석동밤섬현대아파트)",37.5424582,126.9328007,ArcGIS 지오코딩(주소 지점 일치)
경로당,세양청마루(아)경로당,서울특별시 마포구 신수동,1,"독막로 209 (신수동, 세양청마루아파트)",37.547507,126.9366858,ArcGIS 지오코딩(주소 지점 일치)
경로당,수복경로당,서울특별시 마포구 신수동,1,창전로2길 39-3(신수동),37.549251,126.933384,무더위쉼터(도로명주소 일치)
경로당,신수현대(아)경로당,서울특별시 마포구 신수동,1,"토정로 242 (신수동, 신수현대아파트)",37.5427093,126.9367261,ArcGIS 지오코딩(주소 지점 일치)
경로당,"신촌삼익(아)경로당, 성원(아)경로당",서울특별시 마포구 신수동,2,"독막로28길 7 (신수동, 성원아파트(신수동))",37.5465536,126.9380631,ArcGIS 지오코딩(주소 지점 일치)
경로당,신촌숲아이파크 경로당,서울특별시 마포구 신수동,1,"광성로 17 (신수동, 신촌숲아이파크)",37.5507325,126.9353446,ArcGIS 지오코딩(주소 지점 일치)
경로당,익수경로당,서울특별시 마포구 신수동,1,독막로29길 17(신수동),37.545775,126.936892,무더위쉼터(시설명 일치)
주민센터,신수동 주민센터,서울특별시 마포구 신수동,1,서울특별시 마포구 독막로 192,37.547122,126.935158,무더위쉼터(도로명주소 일치)
경로당,서강GS(아)경로당,서울특별시 마포구 신정동,1,"창전로 26 (신정동, 서강GS아파트)",37.5445687,126.931921,ArcGIS 지오코딩(주소 지점 일치)
경로당,공덕자이(아)제2경로당,서울특별시 마포구 아현동,1,마포대로26길 22,37.554477,126.958767,무더위쉼터(도로명주소 일치)
경로당,마포더클래시경로당,서울특별시 마포구 아현동,1,"신촌로28길 50(아현동, 마포더클래시)",37.5556654,126.9519861,ArcGIS 지오코딩(주소 지점 일치)
보건소,아현보건지소,서울특별시 마포구 아현동,1,"서울특별시 마포구 마포대로11길 44-81 (아현동, 아현문화건강센터) 2층 아현보건지소",37.5521268,126.9512971,ArcGIS 지오코딩(주소 지점 일치)
경로당,느티나무경로당,서울특별시 마포구 연남동,1,성미산로18길 18,37.56068,126.918361,무더위쉼터(도로명주소 일치)
경로당,연남동경로당,서울특별시 마포구 연남동,1,동교로41길 36(연남동),37.563857,126.923428,무더위쉼터(도로명주소 일치)
경로당,연동경로당,서울특별시 마포구 연남동,1,성미산로29안길 30(연남동),37.565574,126.923751,무더위쉼터(도로명주소 일치)
경로당,연서경로당,서울특별시 마포구 연남동,1,연남로11길 3(연남동),37.565688,126.918747,무더위쉼터(도로명주소 일치)
경로당,코오롱하늘채(아)경로당,서울특별시 마포구 연남동,1,"연남로 52 (연남동, 코오롱하늘채아파트)",37.5643563,126.9205347,ArcGIS 지오코딩(주소 지점 일치)
주민센터,연남동 주민센터,서울특별시 마포구 연남동,1,서울특별시 마포구 성미산로29길 17-9,37.564471,126.922006,무더위쉼터(도로명주소 일치)
경로당,LG마포자이(아)경로당,서울특별시 마포구 염리동,1,"독막로42길 2 (염리동, 마포자이)",37.5432719,126.9454902,ArcGIS 지오코딩(주소 지점 일치)
경로당,상록(아)경로당,서울특별시 마포구 염리동,1,"숭문길 106( 염리동, 상록아파트)",37.5519945,126.9500517,ArcGIS 지오코딩(주소 지점 일치)
경로당,송암경로당,서울특별시 마포구 염리동,1,숭문길 59-2(염리동),37.5492869,126.9454686,무더위쉼터(도로명주소 일치)
경로당,염리경로당,서울특별시 마포구 염리동,1,숭문길 35,37.548144,126.945168,무더위쉼터(도로명주소 일치)
경로당,염리삼성(아)제2경로당,서울특별시 마포구 염리동,1,"백범로25길 83 (염리동, 염리삼성래미안아파트)",37.549782,126.947789,무더위쉼터(도로명주소 일치)
경로당,염리삼성래미안(아)경로당,서울특별시 마포구 염리동,1,"백범로25길 63 (염리동, 삼성래미안아파트)",37.5485642,126.9461369,ArcGIS 지오코딩(주소 지점 일치)
주민센터,염리동 주민센터,서울특별시 마포구 염리동,1,서울특별시 마포구 숭문길 14,37.547036,126.945634,무더위쉼터(도로명주소 일치)
경로당,용강대림2차(아)경로당,서울특별시 마포구 용강동,1,"토정로32길 6 (용강동, e-편한세상)",37.5407973,126.9412866,ArcGIS 지오코딩(주소 지점 일치)
경로당,용강삼성래미안(아)경로당,서울특별시 마포구 용강동,1,"큰우물로 28 (용강동, 래미안아파트)",37.5438789,126.9415929,ArcGIS 지오코딩(주소 지점 일치)
주민센터/도서관(작은도서관),"용강동 주민센터, 용강동도서관",서울특별시 마포구 용강동,2,서울특별시 마포구 토정로31길 31,37.542352,126.942853,무더위쉼터(도로명주소 일치)
경로당,건영월드컵(아)경로당,서울특별시 마포구 중동,1,"성암로 41 (중동, 건영월드컵아파트)",37.5683106,126.9117459,ArcGIS 지오코딩(주소 지점 일치)
경로당,낙루경로당,서울특별시 마포구 중동,1,월드컵북로38나길 25(중동),37.570672,126.906582,무더위쉼터(도로명주소 일치)
경로당,동원월드타운(아)경로당,서울특별시 마포구 중동,1,"성암로5길 12 (중동, 동원월드타운아파트)",37.5702223,126.9095336,ArcGIS 지오코딩(주소 지점 일치)
경로당,마포중동현대(아)경로당,서울특별시 마포구 중동,1,"성암로 91 (중동, 현대아파트)",37.5709961,126.9073697,ArcGIS 지오코딩(주소 지점 일치)
경로당,성산2차현대(아)경로당,서울특별시 마포구 중동,1,"성암로7길 3 (중동, 성산2차현대아파트)",37.5702994,126.9086691,ArcGIS 지오코딩(주소 지점 일치)
경로당,월드컵참누리(아)경로당,서울특별시 마포구 중동,1,"월드컵북로38길 53 (중동, 월드컵참누리아파트)",37.5730069,126.904184,ArcGIS 지오코딩(주소 지점 일치)
경로당,중동계룡(아)경로당,서울특별시 마포구 중동,1,"월드컵북로38가길 20 (중동, 중동계룡아파트)",37.5707073,126.9052441,ArcGIS 지오코딩(주소 지점 일치)
경로당,중동청구(아)경로당,서울특별시 마포구 중동,1,"성암로11길 60 (중동, 중동청구아파트)",37.5743881,126.9013101,ArcGIS 지오코딩(주소 지점 일치)
경로당,서강쌍용예가(아)경로당,서울특별시 마포구 창전동,1,"독막로 145 (창전동, 서강쌍용예가아파트)",37.5487515,126.9306506,ArcGIS 지오코딩(주소 지점 일치)
경로당,서강해모로아파트 경로당,서울특별시 마포구 창전동,1,"토정로 167 (창전동, 서강해모로아파트)",37.546702,126.9295342,ArcGIS 지오코딩(주소 지점 일치)
경로당,신촌금호(아)경로당,서울특별시 마포구 창전동,1,"서강로9길 19 (창전동, 신촌금호아파트)",37.5525628,126.9324193,ArcGIS 지오코딩(주소 지점 일치)
경로당,신촌태영데시앙(아)경로당,서울특별시 마포구 창전동,1,"서강로9길 45 (창전동, 태영데시앙아파트)",37.5527604,126.931587,ArcGIS 지오코딩(주소 지점 일치)
경로당,창전동경로당,서울특별시 마포구 창전동,1,서강로1길 30(창전동),37.549191,126.930213,무더위쉼터(도로명주소 일치)
경로당,"창전삼성(아)제2경로당, 창전삼성(아)경로당",서울특별시 마포구 창전동,2,"서강로 95(창전동, 삼성아파트)",37.551231,126.930994,무더위쉼터(도로명주소 일치)
보건소,서강보건지소,서울특별시 마포구 창전동,1,"서울특별시 마포구 독막로 165 (창전동, 서강동주민센터) 3층 서강보건지소",37.5474861,126.9319392,ArcGIS 지오코딩(주소 지점 일치)
주민센터/도서관(공공도서관),"서강동 주민센터, 서강도서관",서울특별시 마포구 창전동,2,서울특별시 마포구 독막로 165,37.547689,126.932027,무더위쉼터(도로명주소 일치)
경로당,토정한강삼성(아)경로당,서울특별시 마포구 토정동,1,"토정로32길 11 (토정동, 한강삼성아파트)",37.5394732,126.9413132,ArcGIS 지오코딩(주소 지점 일치)
경로당,한강밤섬자이(아)경로당,서울특별시 마포구 하중동,1,"토정로 158 (하중동, 한강밤섬자이아파트)",37.5445117,126.9290115,ArcGIS 지오코딩(주소 지점 일치)
경로당,양화진경로당,서울특별시 마포구 합정동,1,양화진길 43(합정동),37.546713,126.912383,무더위쉼터(도로명주소 일치)
경로당,합정경로당,서울특별시 마포구 합정동,1,동교로8길 58(합정동) 3층,37.549418,126.905738,무더위쉼터(시설명 일치)
경로당,희우경로당,서울특별시 마포구 합정동,1,동교로 62-6(합정동),37.553158,126.909072,무더위쉼터(도로명주소 일치)
주민센터,합정동 주민센터,서울특별시 마포구 합정동,1,서울특별시 마포구 월드컵로5길 11,37.5516099,126.9117692,무더위쉼터(시설명 일치)
경로당,강변힐스테이트경로당 (구. 강변현대홈타운(아)경로당),서울특별시 마포구 현석동,1,"신수로 15 (현석동, 강변힐스테이트)",37.5429594,126.9339588,ArcGIS 지오코딩(주소 지점 일치)
경로당,마포 래미안 웰스트림 경로당,서울특별시 마포구 현석동,1,"토정로18길 11 (현석동, 마포 래미안 웰스트림)",37.5424875,126.9356791,ArcGIS 지오코딩(주소 지점 일치)
경로당,e편한세상 홍제가든플라츠 경로당,서울특별시 서대문구,1,서대문구 통일로 505,37.5957294,126.9391176,ArcGIS 지오코딩(주소 지점 일치)
경로당,금송힐스빌경로당,서울특별시 서대문구,1,서대문구 연희로41길 173,37.5960802,126.933229,ArcGIS 지오코딩(주소 지점 일치)
경로당,남가좌쌍용스윗닷홈A경로당,서울특별시 서대문구,1,서대문구 거북골로 91-6,37.5754684,126.9195484,ArcGIS 지오코딩(주소 지점 일치)
경로당,남양A경로당,서울특별시 서대문구,1,서대문구 홍제내길 168,37.5890562,126.9383032,ArcGIS 지오코딩(주소 지점 일치)
경로당,대신경로당,서울특별시 서대문구,1,서대문구 이화여대1안길 20,37.5577108,126.9440361,ArcGIS 지오코딩(주소 지점 일치)
경로당,독립문극동A제2경로당,서울특별시 서대문구,1,서대문구 독립문공원길 95,37.572954,126.954485,ArcGIS 지오코딩(주소 지점 일치)
경로당,동일A경로당,서울특별시 서대문구,1,서대문구 홍은중앙로 81,37.5984516,126.9466456,ArcGIS 지오코딩(주소 지점 일치)
경로당,무악경로당,서울특별시 서대문구,1,서대문구 통일로17길 25,37.5771429,126.9545376,ArcGIS 지오코딩(주소 지점 일치)
경로당,복주경로당,서울특별시 서대문구,1,서대문구 북아현로24길 26,37.5662242,126.9524306,ArcGIS 지오코딩(주소 지점 일치)
경로당,북한산두산위브1차아파트경로당,서울특별시 서대문구,1,서대문구 홍은중앙로3길 9,37.5970669,126.945902,ArcGIS 지오코딩(주소 지점 일치)
경로당,신촌e편한세상1단지경로당,서울특별시 서대문구,1,서대문구 북아현로1가길 20,37.557898,126.9495599,ArcGIS 지오코딩(주소 지점 일치)
경로당,신촌e편한세상2단지경로당,서울특별시 서대문구,1,"서대문구 북아현로1길 17,  203동",37.5581453,126.95295,ArcGIS 지오코딩(주소 지점 일치)
경로당,신촌e편한세상3단지경로당,서울특별시 서대문구,1,"서대문구 북아현로 29, 303동",37.5593372,126.9562658,ArcGIS 지오코딩(주소 지점 일치)
경로당,신촌e편한세상4단지경로당,서울특별시 서대문구,1,"서대문구 신촌로35길 10, 401동",37.5579122,126.9560064,ArcGIS 지오코딩(주소 지점 일치)
경로당,연희파크시니어클럽,서울특별시 서대문구,1,서대문구 홍제천로 136,37.5762643,126.9295978,ArcGIS 지오코딩(주소 지점 일치)
경로당,태영으뜸A경로당,서울특별시 서대문구,1,서대문구 세검정로3길 63,37.5937451,126.9468288,ArcGIS 지오코딩(주소 지점 일치)
경로당,홍은동원베네스트A경로당,서울특별시 서대문구,1,서대문구 홍은중앙로1길 65,37.5995312,126.9437119,ArcGIS 지오코딩(주소 지점 일치)
경로당,홍제현대A경로당,서울특별시 서대문구,1,서대문구 통일로39가길 57,37.5900512,126.9413027,ArcGIS 지오코딩(주소 지점 일치)
경로당,휴먼빌A경로당,서울특별시 서대문구,1,서대문구 거북골로18가길 23,37.5774675,126.9113001,ArcGIS 지오코딩(주소 지점 일치)
경로당,힐스테이트홍은포레스트경로당,서울특별시 서대문구,1,서대문구 가좌로4길 21,37.5865069,126.9241796,ArcGIS 지오코딩(주소 지점 일치)
도서관(공공도서관),남가좌새롬어린이도서관,서울특별시 서대문구,1,서울특별시 서대문구 증가로10길 16-15,37.5783398,126.9240465,전국도서관표준데이터
도서관(공공도서관),이진아기념도서관,서울특별시 서대문구,1,서울특별시 서대문구 독립문공원길 80,37.5729535,126.9555487,전국도서관표준데이터
도서관(공공도서관),홍은도담도서관,서울특별시 서대문구,1,서울특별시 서대문구 홍은중앙로 129,37.601701,126.9489544,전국도서관표준데이터
도서관(작은도서관),논골작은도서관,서울특별시 서대문구,1,"서울특별시 서대문구 연희로41가길 33, 청년미래공동체주택",37.5912562,126.9336552,전국도서관표준데이터
도서관(작은도서관),새싹작은도서관,서울특별시 서대문구,1,"서울특별시 서대문구 통일로27길 19, 홍제1동 자치회관",37.5831643,126.9484101,전국도서관표준데이터
도서관(작은도서관),아이누리작은도서관,서울특별시 서대문구,1,"서울특별시 서대문구 증가로 13-10, 연희동자치회관",37.5693016,126.9307755,전국도서관표준데이터
도서관(작은도서관),알음알음작은도서관,서울특별시 서대문구,1,"서울특별시 서대문구 경기대로 40, 충현동자치회관",37.562901,126.9623774,전국도서관표준데이터
도서관(작은도서관),하늘샘작은도서관,서울특별시 서대문구,1,"서울특별시 서대문구 독립문로 27, 천연보건분소 5층",37.5696039,126.9613146,전국도서관표준데이터
도서관(작은도서관),햇살작은도서관,서울특별시 서대문구,1,"서울특별시 서대문구 세검정로1길 45, 홍은1동 자치회관 2층",37.5932354,126.9439056,전국도서관표준데이터
주민센터,북가좌제2동 주민센터,서울특별시 서대문구,1,서울특별시 서대문구 응암로1길 10,37.5814909,126.9111756,ArcGIS 지오코딩(주소 지점 일치)
경로당,"DMC아파트제4경로당, DMC아파트제3경로당, DMC아파트제2경로당, DMC아파트제1경로당",서울특별시 서대문구 DMC 래미안 e편한세상 406동,4,서대문구 수색로 100,37.577363,126.909634,무더위쉼터(도로명주소 일치)
경로당,DMC금호리첸시아A경로당,서울특별시 서대문구 DMC금호리첸시아 101동,1,서대문구 수색로2길 39,37.570829,126.915911,무더위쉼터(도로명주소 일치)
경로당,두산위브A경로당,서울특별시 서대문구 DMC두산위브 102동,1,서대문구 증가로 200-8,37.580429,126.917096,무더위쉼터(도로명주소 일치)
경로당,"가좌울경로당, 남가좌삼성A경로당",서울특별시 서대문구 DMC래미안클라시스 104동,2,"서대문구 증가로 191, 202동 옆",37.578035,126.91675,무더위쉼터(도로명주소 일치)
경로당,가재울센트레빌A경로당,서울특별시 서대문구 DMC센트레빌 207동,1,서대문구 거북골로 120,37.576194,126.915567,무더위쉼터(도로명주소 일치)
경로당,DMC(가재울)아이파크경로당,서울특별시 서대문구 DMC아이파크아파트 104동,1,서대문구 거북골로14길 32,37.57596,126.914441,무더위쉼터(도로명주소 일치)
경로당,DMC에코자이시니어스클럽,서울특별시 서대문구 DMC에코자이 105동,1,서대문구 거북골로 84,37.577533,126.91911,무더위쉼터(도로명주소 일치)
경로당,"DMC파크뷰자이2단지경로당, DMC파크뷰자이1단지경로당",서울특별시 서대문구 DMC파크뷰자이 214동,2,서대문구 가재울미래로 2,37.573554,126.915291,무더위쉼터(도로명주소 일치)
경로당,북가좌연희한양A경로당 (DMC한양),서울특별시 서대문구 DMC한양 5동,1,서대문구 응암로 28,37.575705,126.909378,무더위쉼터(도로명주소 일치)
경로당,DMC센트럴아이파크경로당,서울특별시 서대문구 남가좌동,1,서대문구 증가로 150,37.579276,126.92073,무더위쉼터(도로명주소 일치)
경로당,남가좌2동분회경로당,서울특별시 서대문구 남가좌동,1,서대문구 가재울로8길 27-14,37.5763238,126.9225249,무더위쉼터(도로명주소 일치)
경로당,래미안남가좌2차A경로당,서울특별시 서대문구 남가좌동,1,서대문구 수색로6길 43,37.571785,126.912821,무더위쉼터(도로명주소 일치)
경로당,삼오경로당,서울특별시 서대문구 남가좌동,1,서대문구 명지대3길 36-4,37.5821248,126.9217631,무더위쉼터(도로명주소 일치)
주민센터,남가좌제2동 주민센터,서울특별시 서대문구 남가좌동,1,서울특별시 서대문구 증가로10길 28,37.5784334,126.9238653,무더위쉼터(도로명주소 일치)
주민센터/도서관(작은도서관),"남가좌제1동 주민센터, 파랑새작은도서관",서울특별시 서대문구 남가좌동,2,서울특별시 서대문구 모래내로15길 37,37.5732669,126.9196951,무더위쉼터(도로명주소 일치)
경로당,"현대A경로당, 가좌상록경로당",서울특별시 서대문구 남가좌동현대아파트,2,서대문구 가재울로 45,37.575442,126.92019,무더위쉼터(도로명주소 일치)
경로당,"돈의문센트레빌A경로당, 서대문센트레빌제2경로당",서울특별시 서대문구 냉천동,2,서대문구 독립문로14길 33,37.566555,126.96409,무더위쉼터(도로명주소 일치)
경로당,천연동분회경로당,서울특별시 서대문구 냉천동,1,서대문구 독립문로 50,37.5678988,126.962499,무더위쉼터(도로명주소 일치)
경로당,대림A경로당,서울특별시 서대문구 대림아파트 1동,1,서대문구 연희로32길 20,37.575567,126.935857,무더위쉼터(도로명주소 일치)
경로당,독립문극동A경로당,서울특별시 서대문구 독립문극동아파트 111동,1,서대문구 독립문공원길 17,37.572295,126.956415,무더위쉼터(도로명주소 일치)
경로당,독립문파크빌A경로당,서울특별시 서대문구 독립문파크빌아파트 104동,1,서대문구 통일로 279-75,37.574995,126.951947,무더위쉼터(도로명주소 일치)
경로당,동부A경로당,서울특별시 서대문구 동부센트레빌아파트 102동,1,서대문구 독립문로14길 74,37.566781,126.960253,무더위쉼터(도로명주소 일치)
경로당,두산A경로당,서울특별시 서대문구 두산아파트 104동,1,서대문구 모래내로 309,37.559216,126.950278,무더위쉼터(시설명 일치)
경로당,두산A경로당,서울특별시 서대문구 두산아파트 104동,1,서대문구 이화여대8길 62,37.559216,126.950278,무더위쉼터(도로명주소 일치)
경로당,래미안루센티아시니어스클럽,서울특별시 서대문구 래미안 루센티아 106동,1,서대문구 거북골로 100,37.576292,126.917801,무더위쉼터(도로명주소 일치)
경로당,무악재한화A경로당,서울특별시 서대문구 무악재한화아파트 101동,1,서대문구 통일로 357,37.582286,126.949553,무더위쉼터(도로명주소 일치)
경로당,무악청구A경로당,서울특별시 서대문구 무악청구아파트 109동,1,서대문구 통일로 348,37.581783,126.952036,무더위쉼터(도로명주소 일치)
경로당,문화촌현대A경로당,서울특별시 서대문구 문화촌현대아파트 103동,1,서대문구 문화촌길 6-24,37.592727,126.949344,무더위쉼터(도로명주소 일치)
경로당,미근경로당,서울특별시 서대문구 미근동,1,서대문구 충정로6길 27,37.5626561,126.9662797,무더위쉼터(도로명주소 일치)
경로당,북가좌휴먼센터경로당,서울특별시 서대문구 북가좌동,1,"서대문구 증가로30길 45-9, 2층",37.5847065,126.9137128,무더위쉼터(도로명주소 일치)
경로당,신가경로당,서울특별시 서대문구 북가좌동,1,서대문구 거북골로22길 29-51,37.5802505,126.9083613,무더위쉼터(도로명주소 일치)
경로당,요진아파트 실버문화원,서울특별시 서대문구 북가좌동,1,"서대문구 수색로 102, 5층",37.57288,126.908359,무더위쉼터(도로명주소 일치)
경로당,은가경로당,서울특별시 서대문구 북가좌동,1,서대문구 증가로20길 43,37.5812257,126.9179249,무더위쉼터(도로명주소 일치)
경로당,현대A경로당,서울특별시 서대문구 북가좌동,1,서대문구 응암로 33,37.576942,126.908154,무더위쉼터(도로명주소 일치)
보건소,가좌보건지소,서울특별시 서대문구 북가좌동,1,"서울특별시 서대문구 수색로 100-55 (북가좌동, 북가좌1동주민센터) 3층",37.5743027,126.9101907,ArcGIS 지오코딩(주소 지점 일치)
주민센터/도서관(작은도서관),"북가좌제1동 주민센터, 늘푸른열린작은도서관",서울특별시 서대문구 북가좌동,2,서울특별시 서대문구 수색로 100-55,37.5743045,126.9102019,무더위쉼터(도로명주소 일치)
경로당,"거북경로당, 삼호A경로당",서울특별시 서대문구 북가좌삼호아파트 103동,2,"서대문구 거북골로 154, 105동",37.576505,126.913804,무더위쉼터(도로명주소 일치)
경로당,DMC신일해피트리A경로당,서울특별시 서대문구 북가좌신일해피트리아파트 102동,1,서대문구 수색로 147-1,37.5748,126.904681,무더위쉼터(도로명주소 일치)
경로당,능안경로당,서울특별시 서대문구 북아현동,1,서대문구 북아현로18길 47,37.563781,126.9565558,무더위쉼터(도로명주소 일치)
경로당,동심경로당,서울특별시 서대문구 북아현동,1,서대문구 신촌로27길 47,37.5573979,126.9487971,무더위쉼터(도로명주소 일치)
경로당/주민센터/도서관(작은도서관),"북아현동경로당, 북아현동 주민센터, 북아현마을 북카페",서울특별시 서대문구 북아현동,3,서대문구 북아현로 24,37.5594531,126.9569755,무더위쉼터(도로명주소 일치)
주민센터,충현동 주민센터,서울특별시 서대문구 북아현동,1,서울특별시 서대문구 북아현로22길 38,37.5648082,126.9547205,무더위쉼터(도로명주소 일치)
경로당,신촌경로당,서울특별시 서대문구 신촌동,1,서대문구 성산로24길 1-20,37.5676837,126.9480693,무더위쉼터(도로명주소 일치)
경로당,럭키A경로당,서울특별시 서대문구 신촌럭키아파트 105동,1,서대문구 이화여대길 50-12,37.559471,126.947405,무더위쉼터(도로명주소 일치)
경로당,"푸르지오아파트2단지경로당, 푸르지오아파트1단지경로당",서울특별시 서대문구 신촌푸르지오 104동,2,서대문구 북아현로1길 50,37.560509,126.951879,무더위쉼터(도로명주소 일치)
경로당,연희대우A경로당,서울특별시 서대문구 연희 대우 아파트 104동,1,서대문구 연희로 38-20,37.561191,126.92928,무더위쉼터(도로명주소 일치)
경로당,연산경로당,서울특별시 서대문구 연희동,1,서대문구 연희로18안길 34-3,37.5673967,126.9356084,무더위쉼터(도로명주소 일치)
경로당,연서경로당,서울특별시 서대문구 연희동,1,서대문구 홍제천로2길 111,37.5722218,126.9235537,무더위쉼터(도로명주소 일치)
경로당,연희궁경로당,서울특별시 서대문구 연희동,1,서대문구 성산로17길 30,37.5635184,126.9327721,무더위쉼터(시설명 일치)
경로당,홍연경로당,서울특별시 서대문구 연희동,1,서대문구 홍연길 70,37.5763002,126.9305252,무더위쉼터(도로명주소 일치)
보건소,서대문구보건소,서울특별시 서대문구 연희동,1,"서울특별시 서대문구 연희로 242 (연희동, 서대문구보건소), 서대문구청별관 서대문구보건소",37.5786098,126.9362749,ArcGIS 지오코딩(주소 지점 일치)
주민센터,연희동 주민센터,서울특별시 서대문구 연희동,1,서울특별시 서대문구 연희로 189,37.5738986,126.9352307,무더위쉼터(도로명주소 일치)
경로당,연희성원A경로당,서울특별시 서대문구 연희동성원아파트 104동,1,서대문구 연희로32길 48,37.576649,126.939234,무더위쉼터(도로명주소 일치)
경로당,임광A경로당,서울특별시 서대문구 연희동임광아파트 101동,1,서대문구 동교로 291,37.56495,126.927016,무더위쉼터(도로명주소 일치)
경로당,삼호A경로당,서울특별시 서대문구 영천동,1,서대문구 독립문로 10,37.569757,126.957915,무더위쉼터(도로명주소 일치)
주민센터,천연동 주민센터,서울특별시 서대문구 영천동,1,서울특별시 서대문구 성산로 694,37.5711382,126.9590166,무더위쉼터(도로명주소 일치)
경로당,월드컵현대A경로당,서울특별시 서대문구 월드컵현대아파트 102동,1,서대문구 수색로 154,37.575926,126.904704,무더위쉼터(도로명주소 일치)
경로당,"유원하나A제2경로당, 유원하나A경로당",서울특별시 서대문구 유원하나아파트 101동노인정,2,서대문구 세검정로 134,37.595056,126.952477,무더위쉼터(도로명주소 일치)
경로당,인왕산벽산A경로당,서울특별시 서대문구 인왕산벽산아파트 102동,1,서대문구 세무서길 106-12,37.592399,126.94844,무더위쉼터(도로명주소 일치)
경로당,인왕산어울림A경로당,서울특별시 서대문구 인왕산어울림 101동,1,서대문구 통일로26길 17,37.583779,126.950971,무더위쉼터(도로명주소 일치)
경로당,"인왕산현대A제2경로당, 인왕산현대A경로당",서울특별시 서대문구 인왕산현대아파트 107동,2,서대문구 통일로34길 46,37.585158,126.950968,무더위쉼터(도로명주소 일치)
경로당,창천경로당,서울특별시 서대문구 창천동,1,서대문구 신촌로11길 35-4,37.5584394,126.9332446,무더위쉼터(도로명주소 일치)
주민센터,신촌동 주민센터,서울특별시 서대문구 창천동,1,서울특별시 서대문구 연세로2나길 47,37.5577105,126.9393316,무더위쉼터(도로명주소 일치)
경로당,천연뜨란채경로당,서울특별시 서대문구 천연뜨란채 107동,1,서대문구 독립문로8길 54,37.567453,126.958165,무더위쉼터(도로명주소 일치)
경로당,현대그린A경로당,서울특별시 서대문구 현대그린아파트 102동,1,서대문구 세무서2길 64,37.589254,126.949594,무더위쉼터(도로명주소 일치)
경로당/주민센터/도서관(작은도서관),"홍은2동경로당, 홍은제2동 주민센터, 행복작은도서관",서울특별시 서대문구 홍은2동주민센터,3,"서대문구 모래내로 334, 2층",37.580093,126.934077,무더위쉼터(도로명주소 일치)
경로당,논골문화원,서울특별시 서대문구 홍은동,1,서대문구 연희로41나길 1,37.5918377,126.9335302,무더위쉼터(도로명주소 일치)
경로당,미성A경로당,서울특별시 서대문구 홍은동,1,서대문구 연희로41길 114,37.593755,126.935625,무더위쉼터(도로명주소 일치)
경로당,백련경로당,서울특별시 서대문구 홍은동,1,서대문구 명지대길 50,37.5823773,126.9241493,무더위쉼터(도로명주소 일치)
경로당,북한산더샵아파트경로당,서울특별시 서대문구 홍은동,1,서대문구 통일로 510,37.593602,126.941587,무더위쉼터(도로명주소 일치)
경로당,상지경로당,서울특별시 서대문구 홍은동,1,서대문구 통일로 555-1,37.5969,126.9374,무더위쉼터(도로명주소 일치)
경로당,아름다운홍일경로당,서울특별시 서대문구 홍은동,1,서대문구 통일로48가길 37,37.5946,126.9424,무더위쉼터(도로명주소 일치)
경로당,우정경로당,서울특별시 서대문구 홍은동,1,서대문구 홍은중앙로 164,37.6047802,126.949878,무더위쉼터(도로명주소 일치)
경로당,유원A경로당,서울특별시 서대문구 홍은동,1,"서대문구 홍은중앙로1길 32, 3층",37.597513,126.944685,무더위쉼터(시설명 일치)
경로당,정원단지경로당,서울특별시 서대문구 홍은동,1,서대문구 연희로39나길 8,37.5866963,126.9319217,무더위쉼터(도로명주소 일치)
경로당,포방터경로당,서울특별시 서대문구 홍은동,1,서대문구 홍은중앙로9길 43,37.6011975,126.9483921,무더위쉼터(도로명주소 일치)
경로당,풍림2차A경로당,서울특별시 서대문구 홍은동,1,서대문구 세검정로1길 35,37.593356,126.942875,무더위쉼터(도로명주소 일치)
경로당,현대A경로당,서울특별시 서대문구 홍은동,1,서대문구 연희로 377,37.590049,126.93765,무더위쉼터(도로명주소 일치)
경로당,홍남경로당,서울특별시 서대문구 홍은동,1,서대문구 증가로4길 38-9,37.5773268,126.9274815,무더위쉼터(도로명주소 일치)
경로당,홍은1동분회경로당,서울특별시 서대문구 홍은동,1,서대문구 세검정로1길 116,37.5954015,126.9464398,무더위쉼터(도로명주소 일치)
주민센터,홍은제1동 주민센터,서울특별시 서대문구 홍은동,1,서울특별시 서대문구 홍은중앙로 85,37.5988518,126.9471445,무더위쉼터(도로명주소 일치)
경로당,홍은풍림아이원A경로당,서울특별시 서대문구 홍은동풍림아이원아파트 105동,1,서대문구 홍은중앙로 149,37.604056,126.948289,무더위쉼터(도로명주소 일치)
경로당,벽산A경로당,서울특별시 서대문구 홍은벽산아파트 109동,1,서대문구 세검정로1길 95,37.59544,126.943885,무더위쉼터(도로명주소 일치)
경로당,홍제센트럴아이파크경로당,서울특별시 서대문구 홍제 센트럴 IPARK 107동,1,"서대문구 통일로 395, 107동",37.584578,126.94637,무더위쉼터(도로명주소 일치)
경로당,홍제금호어울림경로당,서울특별시 서대문구 홍제금호어울림 102동,1,서대문구 모래내로 411,37.584599,126.940761,무더위쉼터(도로명주소 일치)
경로당,개미마을경로당,서울특별시 서대문구 홍제동,1,서대문구 세검정로4길 129-16,37.590631,126.9539201,무더위쉼터(도로명주소 일치)
경로당,느티나무경로당,서울특별시 서대문구 홍제동,1,서대문구 통일로36다길 2,37.5878299,126.9473128,무더위쉼터(도로명주소 일치)
경로당,은빛홍삼경로당,서울특별시 서대문구 홍제동,1,서대문구 세무서7길 21-4,37.5916129,126.9456267,무더위쉼터(도로명주소 일치)
경로당,인왕경로당,서울특별시 서대문구 홍제동,1,서대문구 통일로26길 12-5,37.582761,126.9506843,무더위쉼터(도로명주소 일치)
경로당,초원경로당,서울특별시 서대문구 홍제동,1,서대문구 홍제내2길 56,37.5868269,126.9371964,무더위쉼터(도로명주소 일치)
경로당,푸르지오센트럴파크경로당,서울특별시 서대문구 홍제동,1,"서대문구 통일로 339, 103동",37.581262,126.949886,무더위쉼터(도로명주소 일치)
경로당,해링턴플레이스경로당,서울특별시 서대문구 홍제동,1,"서대문구 세무서8길 30, 109동",37.589398,126.947848,무더위쉼터(도로명주소 일치)
경로당,홍제1동분회경로당,서울특별시 서대문구 홍제동,1,서대문구 모래내로 459-6,37.5858358,126.9454423,무더위쉼터(도로명주소 일치)
경로당,홍제고은경로당,서울특별시 서대문구 홍제동,1,서대문구 통일로39길 60,37.587141,126.941641,무더위쉼터(도로명주소 일치)
경로당/주민센터/도서관(작은도서관),"홍제3동분회경로당, 홍제제3동 주민센터, 문화촌어린이도서관",서울특별시 서대문구 홍제동,3,서대문구 세검정로4길 32,37.5937611,126.9497306,무더위쉼터(도로명주소 일치)
주민센터,홍제제1동 주민센터,서울특별시 서대문구 홍제동,1,서울특별시 서대문구 통일로 435-1,37.5877171,126.9449294,무더위쉼터(도로명주소 일치)
주민센터/도서관(작은도서관),"홍제제2동 주민센터, 꿈이있는작은도서관",서울특별시 서대문구 홍제동,2,서울특별시 서대문구 통일로34길 27,37.5861056,126.9493681,무더위쉼터(도로명주소 일치)
경로당,홍제성원아파트경로당,서울특별시 서대문구 홍제동성원아파트,1,서대문구 모래내로 430,37.583638,126.942768,무더위쉼터(도로명주소 일치)
경로당,삼성래미안A경로당,서울특별시 서대문구 홍제삼성래미안아파트 101동,1,서대문구 통일로 319,37.578569,126.950653,무더위쉼터(도로명주소 일치)
경로당,"홍제원현대A제2경로당, 홍제원현대A경로당",서울특별시 서대문구 홍제원현대아파트 112동,2,서대문구 통일로34길 43,37.588012,126.950303,무더위쉼터(도로명주소 일치)
경로당,홍제한양A경로당,서울특별시 서대문구 홍제한양아파트 103동,1,서대문구 통일로25길 30,37.583417,126.947378,무더위쉼터(도로명주소 일치)
경로당,힐스테이트신촌경로당,서울특별시 서대문구 힐스테이트 신촌 109동,1,서대문구 이화여대8길 123,37.562448,126.950911,무더위쉼터(도로명주소 일치)
경로당,강변아파트 경로당,서울특별시 서초구,1,서초구 잠원로166-17,37.5178728,127.0126221,ArcGIS 지오코딩(주소 지점 일치)
경로당,궁전아파트 경로당,서울특별시 서초구,1,서초구 사평대로142,37.5003729,127.0010603,ArcGIS 지오코딩(주소 지점 일치)
경로당,대림아파트 경로당,서울특별시 서초구,1,서초구 바우뫼로7길51,37.4732067,127.0228876,ArcGIS 지오코딩(주소 지점 일치)
경로당,동양고속아파트 경로당,서울특별시 서초구,1,서초구 바우뫼로7길29,37.4710868,127.0232995,ArcGIS 지오코딩(주소 지점 일치)
경로당,디에이치 반포라클라스경로당,서울특별시 서초구,1,서초구 서초중앙로206,37.4997628,127.0127003,ArcGIS 지오코딩(주소 지점 일치)
경로당,래미안 서초에스티지(아)경로당,서울특별시 서초구,1,서초구 서운로 107,37.4926235,127.025603,ArcGIS 지오코딩(주소 지점 일치)
경로당,래미안 신반포리오센트경로당,서울특별시 서초구,1,서초구 잠원로14길 32,37.5183121,127.0144053,ArcGIS 지오코딩(주소 지점 일치)
경로당,래미안 신반포팰리스 경로당,서울특별시 서초구,1,서초구 잠원로8길 35,37.5152087,127.0127897,ArcGIS 지오코딩(주소 지점 일치)
경로당,래미안방배아트힐 경로당,서울특별시 서초구,1,서초구 남부순환로2311-12,37.47826,127.0051501,ArcGIS 지오코딩(주소 지점 일치)
경로당,래미안서초스위트(아) 경로당,서울특별시 서초구,1,서초구 서운로221,37.5020972,127.0198691,ArcGIS 지오코딩(주소 지점 일치)
경로당,래미안퍼스티지시니어클럽 경로당,서울특별시 서초구,1,서초구 반포대로275,37.5022691,126.9950741,ArcGIS 지오코딩(주소 지점 일치)
경로당,롯데캐슬갤럭시1차 경로당,서울특별시 서초구,1,서초구 잠원로14길 3,37.5197199,127.0170167,ArcGIS 지오코딩(주소 지점 일치)
경로당,롯데캐슬갤럭시2차 경로당,서울특별시 서초구,1,서초구 잠원로14길 23,37.5192882,127.0161125,ArcGIS 지오코딩(주소 지점 일치)
경로당,롯데캐슬클래식아파트경희회관 경로당,서울특별시 서초구,1,서초구 서운로197,37.5003322,127.021368,ArcGIS 지오코딩(주소 지점 일치)
경로당,미도1차(아) 경로당,서울특별시 서초구,1,서초구 서초중앙로29길28,37.5010409,127.0091228,ArcGIS 지오코딩(주소 지점 일치)
경로당,미도2차(아) 경로당,서울특별시 서초구,1,서초구 사평대로240,37.5022668,127.0078123,ArcGIS 지오코딩(주소 지점 일치)
경로당,반포래미안아이파크경로당,서울특별시 서초구,1,서초구 서초중앙로220,37.5019372,127.0144134,ArcGIS 지오코딩(주소 지점 일치)
경로당,반포르엘아파트경로당,서울특별시 서초구,1,서초구 신반포로23길 23,37.506526,127.0029333,ArcGIS 지오코딩(주소 지점 일치)
경로당,반포리체 경로당,서울특별시 서초구,1,서초구 고무래로35,37.5029434,127.0130157,ArcGIS 지오코딩(주소 지점 일치)
경로당,반포센트럴자이아파트시니어클럽경로당,서울특별시 서초구,1,서초구 반포대로310-6,37.5078847,127.0008592,ArcGIS 지오코딩(주소 지점 일치)
경로당,반포자이아파트 경로당,서울특별시 서초구,1,서초구 신반포로270,37.5062915,127.0104294,ArcGIS 지오코딩(주소 지점 일치)
경로당,반포힐스테이트 경로당,서울특별시 서초구,1,서초구 신반포로 16길 15-20,37.5005823,126.9968619,ArcGIS 지오코딩(주소 지점 일치)
경로당,방배1차이편한세상 시니어클럽,서울특별시 서초구,1,서초구 서초대로 34길 34,37.4877035,126.9988536,ArcGIS 지오코딩(주소 지점 일치)
경로당,방배그랑자이 아파트 시니어클럽,서울특별시 서초구,1,서초구 방배로21,37.4758018,127.0008958,ArcGIS 지오코딩(주소 지점 일치)
경로당,방배래미안타워 경로당,서울특별시 서초구,1,서초구 남부순환로2183,37.4748673,126.9915968,ArcGIS 지오코딩(주소 지점 일치)
경로당,방배롯데캐슬로제 경로당,서울특별시 서초구,1,서초구 방배로26길41,37.4899385,126.994414,ArcGIS 지오코딩(주소 지점 일치)
경로당,방배롯데캐슬아르떼 경로당,서울특별시 서초구,1,서초구 방배천로 18길 11,37.4828385,126.9836151,ArcGIS 지오코딩(주소 지점 일치)
경로당,방배삼호아파트 경로당,서울특별시 서초구,1,서초구 방배로270,37.4976252,126.9886229,ArcGIS 지오코딩(주소 지점 일치)
경로당,방배서리풀이편한세상실버클럽 경로당,서울특별시 서초구,1,서초구 효령로33길 50,37.4843114,126.9979335,ArcGIS 지오코딩(주소 지점 일치)
경로당,방배현대멤피스2차(아) 경로당,서울특별시 서초구,1,서초구 방배로63,37.4799391,126.998279,ArcGIS 지오코딩(주소 지점 일치)
경로당,보훈 경로당,서울특별시 서초구,1,서초구 방배로27길13,37.4896112,126.9913573,ArcGIS 지오코딩(주소 지점 일치)
경로당,삼풍아파트 경로당,서울특별시 서초구,1,서초구 서초중앙로200,37.4991976,127.0170173,ArcGIS 지오코딩(주소 지점 일치)
경로당,서초5차e편한세상 경로당,서울특별시 서초구,1,서초구 명달로4길30,37.4798073,127.0076474,ArcGIS 지오코딩(주소 지점 일치)
경로당,서초교대e편한세상아파트경로당,서울특별시 서초구,1,서초구 서초중앙로24길33,37.4960071,127.0168542,ArcGIS 지오코딩(주소 지점 일치)
경로당,서초구립 반포1동 경로당,서울특별시 서초구,1,서초구 사평대로55길90 1층,37.5078834,127.0212571,ArcGIS 지오코딩(주소 지점 일치)
경로당,서초구립 방배3동제2 경로당,서울특별시 서초구,1,서초구 남부순환로287길17-4,37.4765239,126.9874431,ArcGIS 지오코딩(주소 지점 일치)
경로당,서초그랑자이 시니어클럽,서울특별시 서초구,1,서초구 효령로 391,37.4893394,127.0265224,ArcGIS 지오코딩(주소 지점 일치)
경로당,서초네이처힐2단지아파트 경로당,서울특별시 서초구,1,서초구 형촌길 15,37.4630127,127.0220061,ArcGIS 지오코딩(주소 지점 일치)
경로당,서초네이처힐3단지아파트 경로당,서울특별시 서초구,1,서초구 태봉로2길60,37.4626695,127.0272276,ArcGIS 지오코딩(주소 지점 일치)
경로당,서초네이처힐4단지아파트 경로당,서울특별시 서초구,1,서초구 태봉로2길65,37.4629469,127.0267711,ArcGIS 지오코딩(주소 지점 일치)
경로당,서초네이처힐5단지아파트 경로당,서울특별시 서초구,1,서초구 태봉로2길5,37.4622957,127.0261063,ArcGIS 지오코딩(주소 지점 일치)
경로당,서초동 현대아파트 경로당,서울특별시 서초구,1,서초구 효령로72길 14,37.4872168,127.025795,ArcGIS 지오코딩(주소 지점 일치)
경로당,서초래미안아파트 경로당,서울특별시 서초구,1,서초구 서초대로65길13-10,37.4996599,127.0177874,ArcGIS 지오코딩(주소 지점 일치)
경로당,서초롯데캐슬프레지던트(아) 경로당,서울특별시 서초구,1,서초구 서초중앙로24길57,37.496676,127.0202611,ArcGIS 지오코딩(주소 지점 일치)
경로당,서초삼성래미안 경로당,서울특별시 서초구,1,서초구 사임당로17길116,37.4933075,127.0190889,ArcGIS 지오코딩(주소 지점 일치)
경로당,서초자이아파트 경로당,서울특별시 서초구,1,서초구 효령로68길81,37.485192,127.0196393,ArcGIS 지오코딩(주소 지점 일치)
경로당,서초캐슬리버티아파트 경로당,서울특별시 서초구,1,서초구 사임당로10길39,37.4871952,127.0166655,ArcGIS 지오코딩(주소 지점 일치)
경로당,서초트라팰리스아파트 경로당,서울특별시 서초구,1,서초구 효령로72길57,37.4865661,127.0288029,ArcGIS 지오코딩(주소 지점 일치)
경로당,서초포레스타2단지(아) 경로당,서울특별시 서초구,1,서초구 헌릉로8길 45,37.4545872,127.0621708,ArcGIS 지오코딩(주소 지점 일치)
경로당,서초포레스타5단지(아) 경로당,서울특별시 서초구,1,서초구 청계산로7길43,37.4509941,127.0573068,ArcGIS 지오코딩(주소 지점 일치)
경로당,서초푸르지오써밋시니어클럽경로당,서울특별시 서초구,1,서초구 서운로201,37.5014199,127.0207461,ArcGIS 지오코딩(주소 지점 일치)
경로당,서초현대아파트 경로당,서울특별시 서초구,1,서초구 사임당로19길10,37.4911935,127.0205419,ArcGIS 지오코딩(주소 지점 일치)
경로당,성촌경로당,서울특별시 서초구,1,서초구 성촌6길1,37.4671998,127.0206665,ArcGIS 지오코딩(주소 지점 일치)
경로당,신동아아파트 경로당,서울특별시 서초구,1,서초구 효령로164,37.4814475,127.0021321,ArcGIS 지오코딩(주소 지점 일치)
경로당,신반포16차아파트 경로당,서울특별시 서초구,1,서초구 잠원로 157,37.5172786,127.0102233,ArcGIS 지오코딩(주소 지점 일치)
경로당,신반포자이아파트경로당,서울특별시 서초구,1,서초구 잠원로60,37.5102496,127.0086247,ArcGIS 지오코딩(주소 지점 일치)
경로당,신반포청구아파트 경로당,서울특별시 서초구,1,서초구 신반포로33길66,37.514402,127.0084914,ArcGIS 지오코딩(주소 지점 일치)
경로당,아크로리버뷰신반포아파트경로당,서울특별시 서초구,1,서초구 잠원로117,37.5145189,127.0069957,ArcGIS 지오코딩(주소 지점 일치)
경로당,아크로리버파크 시니어클럽,서울특별시 서초구,1,서초구 신반포로15길19,37.5060373,126.994564,ArcGIS 지오코딩(주소 지점 일치)
경로당,엠브이아파트 경로당,서울특별시 서초구,1,서초구 고무래로10길39,37.4991656,127.0102514,ArcGIS 지오코딩(주소 지점 일치)
경로당,우면형촌 경로당,서울특별시 서초구,1,서초구 형촌10길3,37.4661517,127.0196778,ArcGIS 지오코딩(주소 지점 일치)
경로당,우성5차아파트 경로당,서울특별시 서초구,1,서초구 서초대로74길30,37.4950903,127.0268041,ArcGIS 지오코딩(주소 지점 일치)
경로당,우성아파트 경로당,서울특별시 서초구,1,서초구 바우뫼로99,37.4747886,127.0320819,ArcGIS 지오코딩(주소 지점 일치)
경로당,원베일리 시니어클럽,서울특별시 서초구,1,서초구 반포대로 333,37.5060591,126.997582,ArcGIS 지오코딩(주소 지점 일치)
경로당,월드메르디앙아파트 경로당,서울특별시 서초구,1,서초구 신반포로45길71,37.5124051,127.0162685,ArcGIS 지오코딩(주소 지점 일치)
경로당,유원서초아파트 경로당,서울특별시 서초구,1,서초구 서초중앙로24길43,37.4963833,127.017254,ArcGIS 지오코딩(주소 지점 일치)
경로당,임광1.2차아파트 경로당,서울특별시 서초구,1,서초구 방배로14,37.4769347,127.0013727,ArcGIS 지오코딩(주소 지점 일치)
경로당,임광3차아파트 경로당,서울특별시 서초구,1,서초구 방배로2길24-5,37.4762433,127.0033653,ArcGIS 지오코딩(주소 지점 일치)
경로당,잠원동아아파트 경로당,서울특별시 서초구,1,서초구 신반포로33길 15,37.5090365,127.0089092,ArcGIS 지오코딩(주소 지점 일치)
경로당,잠원한신아파트 경로당,서울특별시 서초구,1,서초구 잠원로150,37.5156185,127.0103933,ArcGIS 지오코딩(주소 지점 일치)
경로당,잠원훼미리아파트 경로당,서울특별시 서초구,1,서초구 잠원로202-11,37.5192317,127.0143828,ArcGIS 지오코딩(주소 지점 일치)
경로당,코오롱아파트 경로당,서울특별시 서초구,1,서초구 바우뫼로53,37.4731148,127.0281902,ArcGIS 지오코딩(주소 지점 일치)
경로당,킴스빌리지아파트 경로당,서울특별시 서초구,1,서초구 잠원로3길 6,37.5107832,127.0065014,ArcGIS 지오코딩(주소 지점 일치)
경로당,한강아파트 경로당,서울특별시 서초구,1,서초구 잠원로213-10,37.5213687,127.0152926,ArcGIS 지오코딩(주소 지점 일치)
경로당,한라아파트 경로당,서울특별시 서초구,1,서초구 바우뫼로33,37.4708511,127.0256245,ArcGIS 지오코딩(주소 지점 일치)
경로당,한신서래아파트 경로당,서울특별시 서초구,1,서초구 사평대로28길31,37.4999388,127.0000769,ArcGIS 지오코딩(주소 지점 일치)
도서관(공공도서관),내곡도서관,서울특별시 서초구,1,서울특별시 서초구 청계산로7길 9-20,37.4520032,127.0544446,전국도서관표준데이터
도서관(공공도서관),반포도서관,서울특별시 서초구,1,서울특별시 서초구 고무래로 34,37.502477,127.0125134,전국도서관표준데이터
도서관(공공도서관),방배숲환경도서관,서울특별시 서초구,1,서울특별시 서초구 서초대로 160-7,37.4889626,127.0000503,전국도서관표준데이터
도서관(공공도서관),서초그림책도서관,서울특별시 서초구,1,서울특별시 서초구 명달로 150,37.490693,127.005102,전국도서관표준데이터
도서관(공공도서관),서초청소년도서관,서울특별시 서초구,1,서울특별시 서초구 효령로77길 37,37.4909066,127.0280952,전국도서관표준데이터
도서관(공공도서관),양재도서관,서울특별시 서초구,1,서울특별시 서초구 양재천로 33,37.473627,127.0335724,전국도서관표준데이터
도서관(공공도서관),우면도서관,서울특별시 서초구,1,서울특별시 서초구 양재대로2길 110,37.4615309,127.0320697,전국도서관표준데이터
경로당,반포써밋시니어클럽 경로당,"서울특별시 서초구 고무래로89,105동",1,"서초구 고무래로89,105동 1층",37.5013097,127.0176994,ArcGIS 지오코딩(주소 지점 일치)
경로당,금호베스트빌아파트 경로당,서울특별시 서초구 금호베스트빌아파트 101동,1,서초구 나루터로46,37.514682,127.013893,무더위쉼터(도로명주소 일치)
경로당,내곡신흥 경로당,서울특별시 서초구 내곡동,1,서초구 내곡동 1-1125,37.454933,127.080897,무더위쉼터(시설명 일치)
경로당,서초구립 능안마을 경로당,서울특별시 서초구 내곡동,1,서초구 능안말2길13,37.4545803,127.066278,무더위쉼터(도로명주소 일치)
경로당,서초구립 샘마을 경로당,서울특별시 서초구 내곡동,1,서초구 샘마을길 8,37.458219,127.0714841,무더위쉼터(도로명주소 일치)
경로당,서초구립 홍씨마을 경로당,서울특별시 서초구 내곡동,1,서초구 홍씨마을길25,37.4531888,127.0655196,무더위쉼터(도로명주소 일치)
경로당,서초더샵포레시니어하우스 경로당,서울특별시 서초구 내곡동,1,서초구 헌릉로8길58,37.452197,127.063869,무더위쉼터(도로명주소 일치)
경로당,안골마을 경로당,서울특별시 서초구 내곡동,1,서초구 내곡동 192-3,37.455998,127.063331,무더위쉼터(시설명 일치)
경로당,흐능날 경로당,서울특별시 서초구 내곡동,1,서초구 내곡동 1-3026,37.464374,127.085411,무더위쉼터(시설명 일치)
경로당,서초구립 염곡 경로당,서울특별시 서초구 내곡동종합시설,1,서초구 염곡말길9,37.461946,127.051251,무더위쉼터(도로명주소 일치)
주민센터,반포1동 주민센터,서울특별시 서초구 반포1동,1,서울특별시 서초구 사평대로 273,37.505121,127.013379,무더위쉼터(도로명주소 일치)
주민센터,반포2동 주민센터,서울특별시 서초구 반포2동주민센터,1,서울특별시 서초구 신반포로 127,37.504432,126.998252,무더위쉼터(도로명주소 일치)
경로당,서초구립 반포2동 경로당,서울특별시 서초구 반포동,1,서초구 신반포로15길28,37.505098,126.9948882,무더위쉼터(도로명주소 일치)
경로당,서초구립 반포4동 경로당,서울특별시 서초구 반포동,1,서초구 사평대로26길9-14,37.4996293,126.9994709,무더위쉼터(도로명주소 일치)
경로당,서초구립 반포복지관 경로당,서울특별시 서초구 반포동,1,"서초구 사평대로55길90, 3층",37.5078854,127.0212731,무더위쉼터(도로명주소 일치)
주민센터,반포4동 주민센터,서울특별시 서초구 반포동,1,서울특별시 서초구 사평대로28길 70,37.4974546,127.0003062,무더위쉼터(도로명주소 일치)
주민센터,반포본동 주민센터,서울특별시 서초구 반포동,1,서울특별시 서초구 신반포로3길 8,37.502103,126.986947,무더위쉼터(도로명주소 일치)
경로당,방배브라운 경로당,서울특별시 서초구 방배 브라운가 아파트 102동,1,서초구 방배로19길67,37.483534,126.992007,무더위쉼터(도로명주소 일치)
경로당,남태령 경로당,서울특별시 서초구 방배동,1,서초구 전원말안길2,37.466351,126.989143,무더위쉼터(도로명주소 일치)
경로당,대우효령아파트 경로당,서울특별시 서초구 방배동,1,서초구 효령로84,37.479549,126.993799,무더위쉼터(도로명주소 일치)
경로당,롯데캐슬헤론 경로당,서울특별시 서초구 방배동,1,서초구 동광로1길 112,37.49695,126.984519,무더위쉼터(도로명주소 일치)
경로당,방배1차현대아파트 경로당,서울특별시 서초구 방배동,1,서초구 서초대로1길30,37.488353,126.983886,무더위쉼터(도로명주소 일치)
경로당,방배2차현대홈타운 경로당,서울특별시 서초구 방배동,1,서초구 서초대로1길34,37.490242,126.983982,무더위쉼터(도로명주소 일치)
경로당,방배래미안아파트 경로당,서울특별시 서초구 방배동,1,서초구 방배선행길2,37.472644,126.983982,무더위쉼터(도로명주소 일치)
경로당,서초구립 기녕당,서울특별시 서초구 방배동,1,서초구 방배중앙로159-6,37.493331,126.9859304,무더위쉼터(도로명주소 일치)
경로당,서초구립 방배1동제1 경로당,서울특별시 서초구 방배동,1,서초구 서초대로114-8,37.4875575,126.9947133,무더위쉼터(도로명주소 일치)
경로당,서초구립 방배2동제2 경로당,서울특별시 서초구 방배동,1,서초구 방배천로16길5,37.4822446,126.9830826,무더위쉼터(도로명주소 일치)
경로당,서초구립 방배4동 경로당,서울특별시 서초구 방배동,1,서초구 방배중앙로19길4,37.4899572,126.9869113,무더위쉼터(도로명주소 일치)
경로당,소정회 경로당,서울특별시 서초구 방배동,1,서초구 방배로15길 56,37.483285,126.992846,무더위쉼터(도로명주소 일치)
주민센터,방배1동 주민센터,서울특별시 서초구 방배동,1,서울특별시 서초구 효령로29길 43,37.4833701,126.9945046,무더위쉼터(도로명주소 일치)
주민센터,방배2동 주민센터,서울특별시 서초구 방배동,1,서울특별시 서초구 청두곶길 36,37.4797645,126.9855514,무더위쉼터(도로명주소 일치)
주민센터,방배본동 주민센터,서울특별시 서초구 방배동,1,서울특별시 서초구 동광로19길 38,37.4941178,126.9888264,무더위쉼터(도로명주소 일치)
주민센터/도서관(공공도서관),"방배3동 주민센터, 방배도서관",서울특별시 서초구 방배동,2,서울특별시 서초구 방배로 40,37.4784478,126.9999906,무더위쉼터(도로명주소 일치)
주민센터/보건소,"방배4동 주민센터, 서초방배지소",서울특별시 서초구 방배동,2,서울특별시 서초구 방배로 173,37.4889889,126.9922382,무더위쉼터(도로명주소 일치)
경로당,방배팔일경로당(81세대),서울특별시 서초구 방배에스에이치빌아파트 101동,1,서초구 과천대로 908,37.472065,126.983521,무더위쉼터(도로명주소 일치)
경로당,(방배)우성아파트 경로당,서울특별시 서초구 방배우성아파트 관리동,1,서초구 방배선행길1,37.474262,126.983231,무더위쉼터(도로명주소 일치)
경로당,서초네이처힐6단지아파트 경로당,서울특별시 서초구 서초네이처힐6단지 603동,1,서초구 태봉로2길30,37.461378,127.026544,무더위쉼터(도로명주소 일치)
경로당,서초네이처힐7단지아파트  경로당,서울특별시 서초구 서초네이처힐7단지 701동,1,서초구 태봉로2길10,37.461847,127.023153,무더위쉼터(도로명주소 일치)
경로당,래미안리더스원 시니어스클럽,서울특별시 서초구 서초동,1,서초구 서운로 62,37.4914768,127.0285177,무더위쉼터(도로명주소 일치)
경로당,서초2차e편한세상 경로당,서울특별시 서초구 서초동,1,서초구 효령로49길57,37.486241,127.009077,무더위쉼터(도로명주소 일치)
경로당,서초구립 명달 경로당,서울특별시 서초구 서초동,1,서초구 서운로23길17,37.4985307,127.0209822,무더위쉼터(도로명주소 일치)
경로당,서초구립 서초1동 경로당,서울특별시 서초구 서초동,1,서초구 효령로68길49-3,37.485434,127.02249,무더위쉼터(도로명주소 일치)
경로당,서초구립 서초2동 경로당,서울특별시 서초구 서초동,1,서초구 강남대로45길17-2,37.4879585,127.0308916,무더위쉼터(도로명주소 일치)
경로당,서초구립 서초3동 경로당,서울특별시 서초구 서초동,1,서초구 반포대로1길53-3,37.4828153,127.0108796,무더위쉼터(도로명주소 일치)
경로당,서초구립 예술의마을 경로당,서울특별시 서초구 서초동,1,서초구 남부순환로323길44-15,37.4832552,127.0144764,무더위쉼터(도로명주소 일치)
경로당,서초구립 장안 경로당,서울특별시 서초구 서초동,1,서초구 서초대로55길13,37.4959159,127.0153395,무더위쉼터(도로명주소 일치)
경로당,서초구립하명달 경로당,서울특별시 서초구 서초동,1,서초구 반포대로 23길 51-6,37.4885833,127.0057763,무더위쉼터(도로명주소 일치)
보건소,서초구보건소,서울특별시 서초구 서초동,1,"서울특별시 서초구 남부순환로 2584 (서초동, 서초구청, 서초구의회), 보건소 서초구 보건소",37.483634,127.0326671,무더위쉼터(도로명주소 일치)
보건소,서초보건지소,서울특별시 서초구 서초동,1,"서울특별시 서초구 서초대로38길 12 (서초동, 마제스타시티, 힐스테이트 서리풀), 타워 원 서초보건지소",37.4899667,127.0051224,ArcGIS 지오코딩(주소 지점 일치)
주민센터,서초1동 주민센터,서울특별시 서초구 서초동,1,서울특별시 서초구 사임당로 89,37.49014,127.019443,무더위쉼터(도로명주소 일치)
주민센터,서초3동 주민센터,서울특별시 서초구 서초동,1,서울특별시 서초구 반포대로 34,37.4836596,127.0120409,무더위쉼터(도로명주소 일치)
주민센터,서초4동 주민센터,서울특별시 서초구 서초동,1,서울특별시 서초구 서운로26길 3,37.5026915,127.0221797,무더위쉼터(도로명주소 일치)
주민센터/도서관(공공도서관),"서초2동 주민센터, 서이도서관",서울특별시 서초구 서초동,2,서울특별시 서초구 서초대로70길 51,37.4920493,127.0249316,무더위쉼터(도로명주소 일치)
경로당,서초한신플러스타운 경로당,서울특별시 서초구 서초동한신아파트,1,서초구 남부순환로323길38-15,37.482878,127.014216,무더위쉼터(도로명주소 일치)
경로당,서초포레스타3단지(아) 경로당,서울특별시 서초구 서초포레스타3단지 301동,1,서초구 헌릉로8길22,37.454769,127.059159,무더위쉼터(도로명주소 일치)
경로당,서초포레스타6단지(아) 경로당,서울특별시 서초구 서초포레스타6단지 601동,1,서초구 청계산로9길 1-12,37.449898,127.055715,무더위쉼터(도로명주소 일치)
경로당,서초포레스타7단지(아) 경로당,서울특별시 서초구 서초포레스타7단지 701동,1,서초구 청계산로 11길7-12,37.44845,127.056842,무더위쉼터(도로명주소 일치)
경로당,서초한빛삼성아파트 경로당,서울특별시 서초구 서초한빛삼성아파트 노인정/관리사무소동,1,서초구 서초대로40길72,37.488157,127.007993,무더위쉼터(도로명주소 일치)
경로당,서초호반써밋 경로당,서울특별시 서초구 서초호반써밋 102동,1,서초구 양재대로2길 109,37.456532,127.013154,무더위쉼터(도로명주소 일치)
경로당,새쟁이마을 경로당,서울특별시 서초구 신원동,1,서초구 신원동 22-2,37.435046,127.069863,무더위쉼터(시설명 일치)
경로당,서초구립 본마을 경로당,서울특별시 서초구 신원동,1,서초구 본마을2길2,37.4544459,127.0534524,무더위쉼터(도로명주소 일치)
경로당,서초구립 청룡마을 경로당,서울특별시 서초구 신원동,1,서초구 청룡마을4길 15,37.4474232,127.0580006,무더위쉼터(도로명주소 일치)
주민센터,내곡동 주민센터,서울특별시 서초구 신원동,1,서울특별시 서초구  청계산로 15길 77,37.4493013,127.0583117,무더위쉼터(도로명주소 일치)
경로당,서초구립 동산마을 경로당,서울특별시 서초구 양재동,1,서초구 동산로12길8,37.4713541,127.0450651,무더위쉼터(도로명주소 일치)
경로당,서초구립 말죽거리 경로당,서울특별시 서초구 양재동,1,서초구 바우뫼로41길72-9,37.4838555,127.040532,무더위쉼터(도로명주소 일치)
경로당,서초구립 잔디마을 경로당,서울특별시 서초구 양재동,1,서초구 매헌로6길58,37.4662508,127.0355057,무더위쉼터(도로명주소 일치)
주민센터,양재2동 주민센터,서울특별시 서초구 양재동,1,서울특별시 서초구 강남대로12길 44,37.470657,127.0412121,무더위쉼터(도로명주소 일치)
경로당,양재리본타워1단지아파트 경로당,서울특별시 서초구 양재리본타워1단지 102동,1,서초구 바우뫼로18길 20,37.473206,127.032552,무더위쉼터(도로명주소 일치)
경로당,양재리본타워2단지아파트 경로당,서울특별시 서초구 양재리본타워2단지 202동,1,서초구 매헌로16길 40,37.464853,127.036157,무더위쉼터(도로명주소 일치)
경로당,LH서초3단지아파트경로당,서울특별시 서초구 엘에이치서초3단지 301동,1,서초구 양재대로2길 34,37.458585,127.02208,무더위쉼터(도로명주소 일치)
경로당,탑성마을 경로당,서울특별시 서초구 염곡동,1,서초구 탑성말길6,37.458168,127.056402,무더위쉼터(도로명주소 일치)
경로당,서초구립 송동마을 경로당,서울특별시 서초구 우면동,1,서초구 송동길27,37.4601697,127.0171256,무더위쉼터(도로명주소 일치)
경로당,서초구립 암산 경로당,서울특별시 서초구 우면동,1,서초구 바우뫼로7길84,37.4735552,127.0244818,무더위쉼터(도로명주소 일치)
경로당,서초구립 우면동 경로당,서울특별시 서초구 우면동,1,서초구 바우뫼로4길6,37.4694165,127.025483,무더위쉼터(도로명주소 일치)
경로당,서초구립 우면주공아파트 경로당,서울특별시 서초구 우면동,1,서초구 바우뫼로7길11,37.4702685,127.0242356,무더위쉼터(도로명주소 일치)
경로당,서초네이처힐1단지아파트 경로당,서울특별시 서초구 우면동,1,서초구 형촌길35,37.463695,127.02001,무더위쉼터(도로명주소 일치)
경로당,서초힐스경로당,서울특별시 서초구 우면동,1,서초구 양재대로2길 90,37.456361,127.016797,무더위쉼터(도로명주소 일치)
경로당,식유촌 경로당,서울특별시 서초구 우면동,1,서초구 우면동 610-5,37.457648,127.012666,무더위쉼터(시설명 일치)
경로당,호반써밋서초파크아파트 경로당,서울특별시 서초구 우면동,1,서초구 양재대로 2길 33,37.458156,127.02304,무더위쉼터(도로명주소 일치)
경로당,호반써밋파크뷰아파트 경로당,서울특별시 서초구 우면동,1,서초구 양재대로2길 11,37.458926,127.025138,무더위쉼터(도로명주소 일치)
주민센터,양재1동 주민센터,서울특별시 서초구 우면동,1,서울특별시 서초구 바우뫼로 41,37.4716377,127.0266883,무더위쉼터(도로명주소 일치)
경로당,서초구립 새원마을 경로당,서울특별시 서초구 원지동,1,서초구 새원3길 8,37.4538968,127.0499728,무더위쉼터(도로명주소 일치)
경로당,원지 경로당,서울특별시 서초구 원지동,1,서초구 원지동 589,37.442979,127.057642,무더위쉼터(시설명 일치)
경로당,서초구립 반포3동 경로당,서울특별시 서초구 잠원동,1,서초구 신반포로23길48,37.5093407,127.0035705,무더위쉼터(도로명주소 일치)
경로당,서초구립 잠원동 경로당,서울특별시 서초구 잠원동,1,서초구 강남대로107길24,37.5178786,127.0173141,무더위쉼터(도로명주소 일치)
경로당,서초구립 주흥경로당,서울특별시 서초구 잠원동,1,"서초구 신반포로41길 30, 201호",37.5111596,127.0166064,무더위쉼터(도로명주소 일치)
주민센터,반포3동 주민센터,서울특별시 서초구 잠원동,1,서울특별시 서초구 신반포로23길 78,37.5120789,127.0055541,무더위쉼터(도로명주소 일치)
주민센터/도서관(공공도서관),"잠원동 주민센터, 잠원도서관",서울특별시 서초구 잠원동,2,서울특별시 서초구 나루터로 38,37.5149576,127.0139641,무더위쉼터(도로명주소 일치)
경로당,현대동궁아파트 경로당,서울특별시 서초구 현대동궁아파트,1,서초구 사평대로154,37.500415,127.002125,무더위쉼터(도로명주소 일치)
경로당,금호한신실버문화센터,서울특별시 성동구,1,서울시 성동구 금호산길 27,37.5505495,127.0170883,ArcGIS 지오코딩(주소 지점 일치)
도서관(공공도서관),"금호2,3가동어린이작은도서관",서울특별시 성동구,1,서울특별시 성동구 금호동2가 무수막18길 1,37.553233,127.0208504,전국도서관표준데이터
도서관(공공도서관),금호4가동어린이작은도서관,서울특별시 성동구,1,서울특별시 성동구 금호동4가 독서당로46길 26 금호4가동주민센터,37.5471552,127.0224398,전국도서관표준데이터
도서관(공공도서관),마장동작은도서관,서울특별시 성동구,1,서울특별시 성동구 마장동 마장로42길 11 마장동주민센터,37.5663183,127.0454072,전국도서관표준데이터
도서관(공공도서관),사근동어린이놀이터도서관,서울특별시 성동구,1,서울특별시 성동구 사근동 사근동길 37 사근동공공복합청사,37.5614998,127.0453273,전국도서관표준데이터
도서관(공공도서관),성동구립금호도서관,서울특별시 성동구,1,서울특별시 성동구 금호동1가 난계로 20 금호작은도서관,37.5541285,127.0248932,전국도서관표준데이터
도서관(공공도서관),성동구립도서관,서울특별시 성동구,1,서울특별시 성동구 행당동 고산자로10길 9 성동문화정보센터,37.5591787,127.0349587,전국도서관표준데이터
도서관(공공도서관),성동구립무지개도서관,서울특별시 성동구,1,서울특별시 성동구 행당동 고산자로 270 성동구청 3.층,37.5631893,127.0370738,전국도서관표준데이터
도서관(공공도서관),성동구립성수도서관,서울특별시 성동구,1,서울특별시 성동구 뚝섬로 1길 43 성수문화복지회관 7층,37.5454289,127.0469471,전국도서관표준데이터
도서관(공공도서관),성동구립숲속도서관,서울특별시 성동구,1,서울특별시 성동구 매봉길 49-29 성동구립숲속도서관,37.545907,127.0108117,전국도서관표준데이터
도서관(공공도서관),성동구립용답도서관,서울특별시 성동구,1,서울특별시 성동구 용답동 용답중앙3길 10 성동구립용답도서관,37.5667015,127.051314,전국도서관표준데이터
도서관(공공도서관),"성동구립청계도서관, 왕십리도선동희망문고",서울특별시 성동구,2,서울특별시 성동구 상왕십리동 마장로 141 왕십리도선동복합청사 5~6층,37.5678739,127.0255271,전국도서관표준데이터
도서관(공공도서관),성동자활센터푸른하늘공부방청소년작은도서관,서울특별시 성동구,1,서울특별시 성동구 금호동4가 독서당로 272 금호동 대우 아파트 203동,37.5467002,127.0227395,전국도서관표준데이터
도서관(공공도서관),성수1가제2동어린이작은도서관,서울특별시 성동구,1,서울특별시 성동구 성수동1가 왕십리로5길 3,37.546403,127.0443495,전국도서관표준데이터
도서관(공공도서관),성수2가제1동어린이작은도서관,서울특별시 성동구,1,서울특별시 성동구 성수동2가 뚝섬로 385-19 성수2가제1동주민센터,37.539501,127.054051,전국도서관표준데이터
도서관(공공도서관),성수2가제3동작은도서관,서울특별시 성동구,1,서울특별시 성동구 성수동2가 광나루로2길 35 성수2가제3동주민센터,37.548222,127.0552459,전국도서관표준데이터
도서관(공공도서관),송정동늘푸른작은도서관,서울특별시 성동구,1,서울특별시 성동구 송정동 송정14길 19 송정동주민자치센터,37.5510118,127.068522,전국도서관표준데이터
도서관(공공도서관),옥수동북카페,서울특별시 성동구,1,서울특별시 성동구 독서당로 203,37.543671,127.013486,전국도서관표준데이터
도서관(공공도서관),용답동어린이작은도서관,서울특별시 성동구,1,서울특별시 성동구 용답동 용답중앙23길 20 용답동주민센터,37.564066,127.055517,전국도서관표준데이터
도서관(공공도서관),응봉동어린이작은도서관,서울특별시 성동구,1,서울특별시 성동구 응봉동 독서당로 424,37.553118,127.033401,전국도서관표준데이터
도서관(공공도서관),행당제2동어린이작은도서관,서울특별시 성동구,1,서울특별시 성동구 행당동 행당로9길 9 행당제2동주민센터,37.5581098,127.0294148,전국도서관표준데이터
경로당,서울숲더샵 실버문화센터,서울특별시 성동구 102동,1,왕십리로 241(102동 4F),37.556553,127.039998,무더위쉼터(도로명주소 일치)
경로당,e편한세상 금호파크힐스경로당,서울특별시 성동구 금호1가동,1,"금호로 140(금호1가동, e편한세상금호파크힐스아파트) 104동 옆",37.554938,127.022933,무더위쉼터(시설명 일치)
경로당,금난경로당,서울특별시 성동구 금호1가동,1,독서당로51길 10(금호1가동),37.5488518,127.026439,무더위쉼터(도로명주소 일치)
경로당,금일경로당,서울특별시 성동구 금호1가동,1,금호로 172-1 대현경로복지관 금일경로당(금호1가동),37.5570323,127.02232,무더위쉼터(도로명주소 일치)
경로당,금호벽산(아)제1 경로당,서울특별시 성동구 금호1가동,1,"금호로 102(금호1가동, 금호벽산아파트) 관리사무소 4층",37.552182,127.027118,무더위쉼터(도로명주소 일치)
경로당,금호벽산(아)제2 경로당,서울특별시 성동구 금호1가동,1,"금호로 100(금호1가동, 금호벽산아파트) 505동 옆",37.553985,127.026302,무더위쉼터(시설명 일치)
경로당,금호삼성래미안(아) 경로당,서울특별시 성동구 금호1가동,1,"독서당로 343(금호1가동, 금호삼성래미안아파트)",37.549213,127.02789,무더위쉼터(도로명주소 일치)
경로당,금호파크힐스(아) 제2경로당,서울특별시 성동구 금호1가동,1,"금호로 110(금호1가동, 117동) 117동 1층",37.553015,127.024543,무더위쉼터(시설명 일치)
경로당,효사랑(두산위브) 경로당,서울특별시 성동구 금호1가동,1,"행당로 27(금호1가동, 신금호두산위브아파트) 103동 1층",37.555984,127.022343,무더위쉼터(시설명 일치)
경로당,금남경로당,서울특별시 성동구 금호2,1,"금호산길 5-15(금호2,3가동)",37.5492663,127.018968,무더위쉼터(도로명주소 일치)
경로당,금북경로당,서울특별시 성동구 금호2,1,"무수막길 87-4(금호2,3가동)",37.553645,127.020101,무더위쉼터(도로명주소 일치)
경로당,금호1차푸르지오 경로당,서울특별시 성동구 금호2,1,"금호산8길 5(금호2,3가동, 금호1차푸르지오아파트) 아파트 입구 관리사무소 1층",37.550634,127.020863,무더위쉼터(시설명 일치)
경로당,금호3가경로당,서울특별시 성동구 금호2,1,"장터3길 1, 2층, 3층(금호2,3가동)",37.548495,127.019857,무더위쉼터(도로명주소 일치)
경로당,금호자이1차경로당,서울특별시 성동구 금호2,1,"금호로 117(금호2,3가동, 금호자이1차아파트) 구립 어린이집 옆",37.552998,127.022193,무더위쉼터(시설명 일치)
경로당,금호자이2차경로당,서울특별시 성동구 금호2,1,"금호산8길 14(금호2,3가동, 금호자이2차아파트) 관리사무소 1층",37.550328,127.022054,무더위쉼터(도로명주소 일치)
경로당,금호하이리버(아) 경로당,서울특별시 성동구 금호2,1,"금호로 107(금호2,3가동, 래미안하이리버아파트) 커뮤니티센터 지하 1층",37.551408,127.024543,무더위쉼터(도로명주소 일치)
경로당,두산(아)경로당,서울특별시 성동구 금호2,1,"동호로 100(금호2,3가동, 두산아파트) 108동 옆 관리사무소 1층",37.549813,127.015469,무더위쉼터(시설명 일치)
경로당,신금호경로당,서울특별시 성동구 금호2,1,"무수막10길 4(금호2,3가동)",37.5516097,127.0219004,무더위쉼터(도로명주소 일치)
경로당,신금호파크자이(아) 경로당,서울특별시 성동구 금호2,1,"금호로 173(금호2,3,가동, 신금호파크자이) 관리사무소 1층",37.555839,127.018535,무더위쉼터(도로명주소 일치)
경로당,하이리버 2차(아) 경로당,서울특별시 성동구 금호2,1,"금호로 111(금호2,3가동, 하이리버아파트) 201동 1층",37.552105,127.023245,무더위쉼터(시설명 일치)
경로당,금강경로당,서울특별시 성동구 금호4가동,1,독서당로47가길 16-19(금호4가동),37.5476445,127.019092,무더위쉼터(도로명주소 일치)
경로당,"금호대우제2(아) 경로당, 금호대우(아)경로당",서울특별시 성동구 금호4가동,2,"독서당로 272(금호4가동, 금호대우아파트) 임대관리사무소 지하1층",37.546296,127.019736,무더위쉼터(도로명주소 일치)
경로당,금호롯데캐슬(아) 경로당,서울특별시 성동구 금호4가동,1,"동호로 84(금호4가동, 금호롯데캐슬아파트) 관리사무소 1층",37.546687,127.01685,무더위쉼터(도로명주소 일치)
경로당,금호브라운스톤 경로당,서울특별시 성동구 금호4가동,1,"매봉길 24(금호4가동, 금호브라운스톤아파트) 101동 103동 사이",37.546585,127.016003,무더위쉼터(시설명 일치)
경로당,무쇠막경로당,서울특별시 성동구 금호4가동,1,"금호로3길 11(금호4가동, 서울숲2차푸르지오아파트) 212동 앞",37.547453,127.023942,무더위쉼터(시설명 일치)
경로당,서울숲푸르지오(아) 경로당,서울특별시 성동구 금호4가동,1,"금호로 15(금호4가동, 서울숲푸르지오아파트) 서울숲미래연어린이집 1층",37.544798,127.022783,무더위쉼터(도로명주소 일치)
경로당,서울숲푸르지오2차 경로당,서울특별시 성동구 금호4가동,1,"금호로 17(금호4가동, 서울숲푸르지오2차아파트)",37.546321,127.024521,무더위쉼터(도로명주소 일치)
경로당,정우회경로당,서울특별시 성동구 금호4가동,1,금호로3길 18-60(금호4가동),37.5478147,127.024886,무더위쉼터(도로명주소 일치)
경로당,힐스테이트 서울숲리버경로당,서울특별시 성동구 금호4가동,1,"독서당로 344(금호4가동, 힐스테이트서울숲리버) 114동 옆 어린이집 건물 2층",37.547282,127.026667,무더위쉼터(시설명 일치)
주민센터/도서관(공공도서관),"금호1가동 주민센터, 금호1가동우리동네북카페책단지꿀단지",서울특별시 성동구 금호동1가,2,서울특별시 성동구 행당로 15,37.5547709,127.021754,무더위쉼터(도로명주소 일치)
주민센터,금호2-3가동 주민센터,서울특별시 성동구 금호동2가,1,서울특별시 성동구 무수막18길 1,37.5531853,127.020916,무더위쉼터(도로명주소 일치)
주민센터,금호4가동 주민센터,서울특별시 성동구 금호동4가,1,서울특별시 성동구 독서당로46길 26,37.5471484,127.022351,무더위쉼터(도로명주소 일치)
경로당,센트라스(아)제1경로당,서울특별시 성동구 도선동,1,"왕십리로 410(도선동, 센트라스아파트) 123동 1층",37.567219,127.025549,무더위쉼터(시설명 일치)
경로당,금호어울림(아)경로당,서울특별시 성동구 마장동,1,"마조로 57(마장동, 금호어울림아파트) 관리사무소 1층",37.5634193,127.0409667,ArcGIS 지오코딩(주소 지점 일치)
경로당,마장대성유니드 (아)경로당,서울특별시 성동구 마장동,1,"마장로37길 7(마장동, 마장대성유니드아파트) 103동 앞",37.5667941,127.0392173,ArcGIS 지오코딩(주소 지점 일치)
경로당,마장제2경로당,서울특별시 성동구 마장동,1,마장로42길 13(마장동),37.56619,127.045636,무더위쉼터(도로명주소 일치)
경로당,마장제3경로당,서울특별시 성동구 마장동,1,무학로14가길 8-1(마장동),37.5676253,127.034016,무더위쉼터(도로명주소 일치)
경로당,마장제4경로당,서울특별시 성동구 마장동,1,고산자로 328(마장동),37.568669,127.037432,무더위쉼터(도로명주소 일치)
경로당,마장제6경로당,서울특별시 성동구 마장동,1,살곶이2가길 114(마장동),37.5638018,127.044416,무더위쉼터(도로명주소 일치)
경로당,마장중앙하이츠(아) 경로당,서울특별시 성동구 마장동,1,"마장로 262(마장동, 마장중앙하이츠아파트) 관리사무소 1층",37.565466,127.039236,무더위쉼터(도로명주소 일치)
경로당,삼성(아)경로당,서울특별시 성동구 마장동,1,"마장로 271(마장동, 삼성아파트) 관리사무소 1층",37.566011,127.040625,무더위쉼터(도로명주소 일치)
경로당,서마경로당,서울특별시 성동구 마장동,1,청계천로10나길 62-7(마장동),37.570144,127.0362478,무더위쉼터(시설명 일치)
경로당,세림(아)경로당,서울특별시 성동구 마장동,1,"마장로42길 16(마장동, 세림아파트) 관리사무소 1층",37.564767,127.045817,무더위쉼터(도로명주소 일치)
경로당,신성(아)경로당,서울특별시 성동구 마장동,1,"마장로39길 43(마장동, 신성아파트) 103동 1층",37.5695616,127.044077,ArcGIS 지오코딩(주소 지점 일치)
경로당,왕좌경로당,서울특별시 성동구 마장동,1,청계천로10나길 40-5(마장동),37.5700126,127.035228,무더위쉼터(도로명주소 일치)
경로당,일송경로당,서울특별시 성동구 마장동,1,"마조로15가길 23(마장동, 마장SH빌) 관리사무소 1층",37.564485,127.040124,무더위쉼터(도로명주소 일치)
경로당,정화경로당,서울특별시 성동구 마장동,1,마장로33길 29-5(마장동),37.568471,127.038457,무더위쉼터(도로명주소 일치)
경로당,현대(아)경로당,서울특별시 성동구 마장동,1,"살곶이길 50(마장동, 현대아파트) 관리사무소 1층",37.550855,127.030342,무더위쉼터(시설명 일치)
주민센터,마장동 주민센터,서울특별시 성동구 마장동,1,서울특별시 성동구 마장로42길 11,37.5663242,127.045289,무더위쉼터(도로명주소 일치)
경로당,사근벽산(아)경로당,서울특별시 성동구 사근동,1,"살곶이길 176(사근동, 사근벽산아파트) 관리사무소 1층",37.560415,127.049603,무더위쉼터(도로명주소 일치)
경로당,사근제1경로당,서울특별시 성동구 사근동,1,사근동12길 1(사근동),37.5609982,127.048409,무더위쉼터(도로명주소 일치)
경로당,사근제2경로당,서울특별시 성동구 사근동,1,사근동11길 48(사근동),37.5643864,127.047065,무더위쉼터(도로명주소 일치)
경로당,사근제3경로당,서울특별시 성동구 사근동,1,마조로 9길 2(사근동),37.561275,127.041115,무더위쉼터(도로명주소 일치)
경로당,사근제4경로당,서울특별시 성동구 사근동,1,사근동길 72(사근동),37.5610789,127.0489342,무더위쉼터(도로명주소 일치)
경로당,사근제5경로당,서울특별시 성동구 사근동,1,"사근동길 20-18, 지하 101호",37.560364,127.043275,무더위쉼터(도로명주소 일치)
경로당,하이츠(아)경로당,서울특별시 성동구 사근동,1,"사근동길 67(사근동, 하이츠아파트) 관리사무소 1층",37.561835,127.048511,무더위쉼터(시설명 일치)
주민센터,사근동 주민센터,서울특별시 성동구 사근동,1,서울특별시 성동구 사근동길 37,37.561498,127.045311,무더위쉼터(도로명주소 일치)
경로당,미소경로당,서울특별시 성동구 상왕십리동,1,"마장로 137(상왕십리동, 텐즈힐) 202동 1층",37.570093,127.024038,무더위쉼터(시설명 일치)
경로당,희망경로당,서울특별시 성동구 상왕십리동,1,"마장로 137(상왕십리동, 텐즈힐) 214동 1층",37.568966,127.025543,무더위쉼터(시설명 일치)
주민센터,왕십리도선동 주민센터,서울특별시 성동구 상왕십리동,1,서울특별시 성동구 마장로 141,37.5678769,127.0255475,무더위쉼터(도로명주소 일치)
경로당,강변건영(아)경로당,서울특별시 성동구 성수1가1동,1,"왕십리로 36(성수1가1동, 강변건영아파트) 관리사무소 1층",37.540273,127.044917,무더위쉼터(도로명주소 일치)
경로당,강변동양(아)경로당,서울특별시 성동구 성수1가1동,1,"둘레길 21(성수1가1동, 강변동양아파트) 101동 지하1층",37.5376627,127.0466506,ArcGIS 지오코딩(주소 지점 일치)
경로당,구립새촌경로당,서울특별시 성동구 성수1가1동,1,성수일로3길 3-10(성수1가1동),37.5418702,127.048205,무더위쉼터(도로명주소 일치)
경로당,대림로즈빌(아)경로당,서울특별시 성동구 성수1가1동,1,"뚝섬로 311(성수1가1동, 대림로즈빌아파트) 105동 1층",37.541728,127.046226,무더위쉼터(시설명 일치)
경로당,동아(아)경로당,서울특별시 성동구 성수1가1동,1,"왕십리로 80(성수1가1동, 동아아파트) 110동 옆",37.544662,127.045217,무더위쉼터(시설명 일치)
경로당,새촌할머니경로당,서울특별시 성동구 성수1가1동,1,성수일로3길 5-16(성수1가1동),37.5418343,127.047933,무더위쉼터(도로명주소 일치)
경로당,서울숲실버문화센터,서울특별시 성동구 성수1가1동,1,"성동구 뚝섬로1길 2, 2층(성수1가1동)",37.5414476,127.045998,무더위쉼터(도로명주소 일치)
경로당,성수1가1동경로당,서울특별시 성동구 성수1가1동,1,성덕정9길 8-1(성수1가1동),37.538743,127.049957,무더위쉼터(도로명주소 일치)
경로당,성수금호3차(아)경로당,서울특별시 성동구 성수1가1동,1,"뚝섬로5길 17(성수1가1동, 성수금호3차아파트) 관리사무소 1층",37.54194,127.050346,무더위쉼터(도로명주소 일치)
경로당,성수현대그린(아)경로당,서울특별시 성동구 성수1가1동,1,"뚝섬로3길 8(성수1가1동, 성수현대그린아파트) 102동 1층",37.541013,127.04968,무더위쉼터(시설명 일치)
경로당,트리마제  시니어라운지,서울특별시 성동구 성수1가1동,1,"왕십리로 16(성수1가1동, 트리마제)",37.5383636,127.0450578,ArcGIS 지오코딩(주소 지점 일치)
경로당,한진타운(아)경로당,서울특별시 성동구 성수1가1동,1,"뚝섬로 310(성수1가1동, 한진타운아파트) 관리사무소 1층",37.540953,127.045582,무더위쉼터(도로명주소 일치)
경로당,동아그린(아)경로당,서울특별시 성동구 성수1가2동,1,"상원길 76(성수1가2동, 동아그린아파트) 101동",37.551068,127.047921,무더위쉼터(시설명 일치)
경로당,뚝섬중앙하이츠빌,서울특별시 성동구 성수1가2동,1,"상원길 47(성수1가2동, 뚝섬중앙하이츠빌아파트) 101동 옆",37.5480395,127.0479102,ArcGIS 지오코딩(주소 지점 일치)
경로당,상원경로당,서울특별시 성동구 성수1가2동,1,왕십리로16길 6(성수1가2동),37.5500614,127.045019,무더위쉼터(도로명주소 일치)
경로당,서울숲경로당,서울특별시 성동구 성수1가2동,1,"왕십리로 101(성수1가2동, 5F~6F)",37.5466678,127.0443133,무더위쉼터(도로명주소 일치)
경로당,성수대우2차(아)경로당,서울특별시 성동구 성수1가2동,1,"상원6길 16(성수1가2동, 성수대우2차아파트) 103동 옆",37.54838,127.050163,무더위쉼터(시설명 일치)
경로당,성수쌍용(아)경로당,서울특별시 성동구 성수1가2동,1,"상원길 63(성수1가2동, 성수쌍용아파트) 105동 뒤",37.550166,127.047127,무더위쉼터(시설명 일치)
경로당,성원경로당,서울특별시 성동구 성수1가2동,1,상원10길 21(성수1가2동),37.5501856,127.050043,무더위쉼터(시설명 일치)
경로당,한양현대(아)경로당,서울특별시 성동구 성수1가2동,1,"상원1길 17(성수1가2동, 한양현대아파트) 관리사무소 1층",37.545428,127.047942,무더위쉼터(도로명주소 일치)
경로당,강변임광(아)경로당,서울특별시 성동구 성수2가1동,1,"둘레19길 5(성수2가1동, 강변임광아파트) 관리사무소 1층",37.535143,127.056976,무더위쉼터(도로명주소 일치)
경로당,강변현대(아)경로당,서울특별시 성동구 성수2가1동,1,둘레11길 1(성수2가1동) 관리사무소 1층,37.536317,127.051118,무더위쉼터(도로명주소 일치)
경로당,두산위브(아)경로당,서울특별시 성동구 성수2가1동,1,"뚝섬로 434(성수2가1동, 두산위브아파트) 관리사무소 1층",37.537499,127.058102,무더위쉼터(도로명주소 일치)
경로당,뚝섬실버문화센터,서울특별시 성동구 성수2가1동,1,성수이로 2(성수2가1동),37.5353717,127.053643,무더위쉼터(도로명주소 일치)
경로당,신성노바빌(아)경로당,서울특별시 성동구 성수2가1동,1,"뚝섬로13길 11(성수2가1동, 신성노바빌아파트) 관리사무소 1층",37.53926,127.057469,무더위쉼터(도로명주소 일치)
경로당,정안경로당,서울특별시 성동구 성수2가1동,1,뚝섬로17길 12(성수2가1동),37.538469,127.060152,무더위쉼터(도로명주소 일치)
경로당,청구강변경로당,서울특별시 성동구 성수2가1동,1,"둘레15길 7(성수2가1동, 청구강변아파트) 관리사무소 2층",37.535279,127.054841,무더위쉼터(도로명주소 일치)
경로당,한강한신(아)경로당,서울특별시 성동구 성수2가1동,1,"성수이로 3(성수2가1동, 한강한신아파트) 관리사무소 1층",37.535866,127.052717,무더위쉼터(도로명주소 일치)
경로당,경동경로당,서울특별시 성동구 성수2가3동,1,연무장길 9-8(성수2가3동),37.544722,127.050399,무더위쉼터(도로명주소 일치)
경로당,경동할머니경로당,서울특별시 성동구 성수2가3동,1,연무장1길 14-1(성수2가3동),37.544458,127.050937,무더위쉼터(도로명주소 일치)
경로당,금강아미움경로당,서울특별시 성동구 성수2가3동,1,"아차산로9길 34(성수2가3동, 금강에스쁘아아파트) 관리사무소 1층",37.546627,127.059808,무더위쉼터(도로명주소 일치)
경로당,금호2차(아)경로당,서울특별시 성동구 성수2가3동,1,"연무장길 31-1(성수2가3동, 금호2차아파트) 관리사무소 1층",37.54365,127.053049,무더위쉼터(시설명 일치)
경로당,성수1차대우(아)경로당,서울특별시 성동구 성수2가3동,1,"동일로 143(성수2가3동, 성수1차대우아파트) 관리사무소 1층",37.545462,127.065162,무더위쉼터(도로명주소 일치)
경로당,성수2차 우방(아) 경로당,서울특별시 성동구 성수2가3동,1,"성수일로10길 3(성수2가3동, 성수2차우방아파트) 관리사무소 1층",37.548329,127.052116,무더위쉼터(도로명주소 일치)
경로당,성수롯데캐슬파크아파트 경로당,서울특별시 성동구 성수2가3동,1,"성수일로8길 47(성수2가3동, 성수롯데캐슬파크아파트) 관리사무소 1층",37.546015,127.056043,무더위쉼터(도로명주소 일치)
경로당,성수아이파크(아) 경로당,서울특별시 성동구 성수2가3동,1,"성수이로 137(성수2가3동, 성수아이파크아파트) 관리사무소 1층",37.547818,127.056397,무더위쉼터(도로명주소 일치)
경로당/주민센터,"성삼경로당, 성수2가제3동 주민센터",서울특별시 성동구 성수2가3동,2,광나루로2길 35(성수2가3동) 동주민센터 3층,37.5482283,127.055112,무더위쉼터(도로명주소 일치)
경로당,중앙경로당,서울특별시 성동구 성수동1가,1,둘레9가길 23 상록연립 나동 201호,37.5373399,127.0498815,무더위쉼터(도로명주소 일치)
보건소,성수보건지소,서울특별시 성동구 성수동1가,1,"서울특별시 성동구 왕십리로5길 3 (성수동1가, 성수1가제2동 공공복합청사) 4층",37.5464025,127.0443496,ArcGIS 지오코딩(주소 지점 일치)
주민센터,성수1가제2동 주민센터,서울특별시 성동구 성수동1가,1,서울특별시 성동구 왕십리로5길 3,37.5462344,127.0443268,무더위쉼터(도로명주소 일치)
주민센터/도서관(공공도서관),"성수1가제1동 주민센터, 성수1가제1동작은도서관",서울특별시 성동구 성수동1가,2,서울특별시 성동구 뚝섬로3길 18,37.5419777,127.049631,무더위쉼터(도로명주소 일치)
경로당,성실경로당,서울특별시 성동구 성수동2가,1,광나루로 240-17 반지층 2호,37.5488517,127.0562468,무더위쉼터(도로명주소 일치)
주민센터,성수2가제1동 주민센터,서울특별시 성동구 성수동2가,1,서울특별시 성동구 뚝섬로 385-19,37.5395071,127.054065,무더위쉼터(도로명주소 일치)
경로당,새말경로당,서울특별시 성동구 송정동,1,동일로55가길 9(송정동),37.5569142,127.071574,무더위쉼터(도로명주소 일치)
경로당,송일경로당,서울특별시 성동구 송정동,1,동일로43길 15-22(송정동),37.5551404,127.069535,무더위쉼터(도로명주소 일치)
경로당,송정동건영(아)경로당,서울특별시 성동구 송정동,1,"동일로 263(송정동, 건영아파트) 101동 옆",37.556086,127.070945,무더위쉼터(시설명 일치)
경로당,송정동경로당,서울특별시 성동구 송정동,1,송정길 93-2(송정동),37.5532052,127.0676304,ArcGIS 지오코딩(주소 지점 일치)
경로당,송정동아이파크경로당,서울특별시 성동구 송정동,1,"동일로 237(송정동, 송정동아이파크아파트) 104동 앞",37.552505,127.069175,무더위쉼터(시설명 일치)
경로당,송현경로당,서울특별시 성동구 송정동,1,송정12나길 15(송정동),37.550364,127.066437,무더위쉼터(도로명주소 일치)
보건소,송정보건지소,서울특별시 성동구 송정동,1,"서울특별시 성동구 송정18가길 9 (송정동, 송정동 공공복합청사) 3층",37.5532205,127.0683585,ArcGIS 지오코딩(주소 지점 일치)
주민센터,송정동 주민센터,서울특별시 성동구 송정동,1,서울특별시 성동구 송정18가길 9,37.5532834,127.0684612,무더위쉼터(도로명주소 일치)
경로당,극동(아)경로당,서울특별시 성동구 옥수동,1,"독서당로 191(옥수동, 극동아파트) 2동 옆",37.544195,127.011614,무더위쉼터(시설명 일치)
경로당,극동그린(아) 경로당,서울특별시 성동구 옥수동,1,"독서당로 175(옥수동, 극동그린아파트) 관리사무소 3층",37.541702,127.009866,무더위쉼터(도로명주소 일치)
경로당,옥수리버젠 제1경로당,서울특별시 성동구 옥수동,1,"매봉길 15(옥수동, 옥수리버젠아파트)",37.54496,127.015488,무더위쉼터(도로명주소 일치)
경로당,옥수리버젠 제2경로당,서울특별시 성동구 옥수동,1,"매봉길 17(옥수동, 옥수리버젠아파트) 203동 앞",37.546066,127.015112,무더위쉼터(시설명 일치)
경로당,옥수삼성(아)경로당,서울특별시 성동구 옥수동,1,"독서당로 218(옥수동, 삼성아파트) 102동 앞",37.542161,127.013578,무더위쉼터(시설명 일치)
경로당,옥수실버문화센터,서울특별시 성동구 옥수동,1,한림말길 49(옥수동),37.54152,127.016575,무더위쉼터(도로명주소 일치)
경로당,옥수파크경로당,서울특별시 성동구 옥수동,1,"매봉길 50(옥수동, 옥수파크힐스아파트) 107동 옆",37.548065,127.01435,무더위쉼터(시설명 일치)
경로당,옥수풍림(아)경로당,서울특별시 성동구 옥수동,1,"뚝섬로 51(옥수동, 풍림아파트) 101동 지하1층",37.541923,127.018942,무더위쉼터(시설명 일치)
경로당,옥수하이츠(아) 경로당,서울특별시 성동구 옥수동,1,"한림말길 50(옥수동, 옥수하이츠아파트) 관리사무소 2층",37.540868,127.016142,무더위쉼터(도로명주소 일치)
경로당,옥수힐스경로당,서울특별시 성동구 옥수동,1,"매봉길 50(옥수동, 옥수파크힐스아파트) 118동",37.547087,127.012505,무더위쉼터(시설명 일치)
경로당,옥향경로당,서울특별시 성동구 옥수동,1,"독서당로 218(옥수동, 삼성아파트) 111동 옆",37.542076,127.014608,무더위쉼터(시설명 일치)
경로당,유정경로당,서울특별시 성동구 옥수동,1,"한림말길 50(옥수동, 옥수하이츠아파트) 110동 지하1층",37.540868,127.016142,무더위쉼터(시설명 일치)
경로당,한남하이츠(아) 경로당,서울특별시 성동구 옥수동,1,"독서당로 156(옥수동, 한남하이츠아파트) 6동 옆",37.540213,127.01508,무더위쉼터(시설명 일치)
경로당,한림정경로당,서울특별시 성동구 옥수동,1,"독서당로 218(옥수동, 삼성아파트) 109동 앞 놀이터",37.542349,127.01449,무더위쉼터(시설명 일치)
경로당,현대(아)경로당,서울특별시 성동구 옥수동,1,"독서당로40길 25(옥수동, 현대아파트) 101동 앞",37.550855,127.030342,무더위쉼터(시설명 일치)
주민센터,옥수동 주민센터,서울특별시 성동구 옥수동,1,서울특별시 성동구 독서당로205-1,37.5436331,127.0135188,무더위쉼터(시설명 일치)
경로당,극동미라주(아)제2,서울특별시 성동구 왕십리2동,1,"난계로 73(왕십리2동, 극동미라주아파트) 104동 1층",37.5579779,127.0232301,ArcGIS 지오코딩(주소 지점 일치)
경로당,"금호베스트빌(아) 모아경로당, 금호베스트빌(아)  제1경로당",서울특별시 성동구 왕십리2동,2,"난계로 114-31(왕십리2동, 금호베스트빌아파트) 무학어린이집 2층",37.561444,127.025929,무더위쉼터(도로명주소 일치)
경로당,무학경로당,서울특별시 성동구 왕십리2동,1,왕십리로31길 29(왕십리2동),37.561712,127.027357,무더위쉼터(도로명주소 일치)
경로당,무학현대(아)경로당,서울특별시 성동구 왕십리2동,1,"무학봉길 49(왕십리2동, 무학현대아파트) 관리사무소 1층",37.561061,127.027979,무더위쉼터(도로명주소 일치)
경로당,안정경로당,서울특별시 성동구 왕십리2동,1,무학봉12길 3-11(왕십리2동),37.5604005,127.029587,무더위쉼터(도로명주소 일치)
경로당,왕십리제2경로당,서울특별시 성동구 왕십리2동,1,무학봉길 40(왕십리2동),37.5602749,127.027244,무더위쉼터(도로명주소 일치)
경로당,일심경로당,서울특별시 성동구 왕십리2동,1,무학봉15라길 4(왕십리2동),37.5626708,127.030426,무더위쉼터(도로명주소 일치)
경로당,일심할머니경로당,서울특별시 성동구 왕십리2동,1,무학봉23길 5(왕십리2동),37.56221,127.031248,무더위쉼터(도로명주소 일치)
경로당,풍림경로당,서울특별시 성동구 왕십리2동,1,"난계로 84(왕십리2동, 풍림아파트) 풍림어린이집 같은 건물",37.558731,127.025283,무더위쉼터(도로명주소 일치)
경로당,하왕극동미라주(아),서울특별시 성동구 왕십리2동,1,"난계로 73(왕십리2동, 하왕극동미라주아파트) 관리사무소 1층",37.559446,127.023287,무더위쉼터(도로명주소 일치)
경로당,한신무학(아)경로당,서울특별시 성동구 왕십리2동,1,"왕십리로31나길 18(왕십리2동, 한신무학아파트) 관리사무소 1층",37.562448,127.028309,무더위쉼터(도로명주소 일치)
경로당,도선동경로당,서울특별시 성동구 왕십리도선동,1,무학로6길 9(왕십리도선동) 노인지회 5층,37.5655178,127.031106,무더위쉼터(도로명주소 일치)
경로당,도선장수경로당,서울특별시 성동구 왕십리도선동,1,무학로6길 50(왕십리도선동) 삼성쉐르빌 3층,37.564448,127.034907,무더위쉼터(도로명주소 일치)
경로당,청계대주(아)경로당,서울특별시 성동구 왕십리도선동,1,"무학로12길 11(왕십리도선동, 청계대주아파트) 관리사무소 1층",37.567312,127.031559,무더위쉼터(도로명주소 일치)
경로당,"청계벽산(아)홍익동 경로당, 청계벽산(아)경로당",서울특별시 성동구 왕십리도선동,2,"무학로 50(왕십리도선동, 청계벽산아파트) 임대관리사무소 1층",37.569291,127.032558,무더위쉼터(도로명주소 일치)
경로당,왕십리자이(아)경로당,서울특별시 성동구 왕십리자이 101동,1,난계로 100(왕십리자이아파트) 관리사무소 1층,37.560092,127.024733,무더위쉼터(도로명주소 일치)
경로당,용답 1 경로당,서울특별시 성동구 용답동,1,용답중앙길 89-1(용답동),37.5623198,127.054986,무더위쉼터(도로명주소 일치)
경로당,용답 2 경로당,서울특별시 성동구 용답동,1,용답중앙길 49(용답동),37.564763,127.051728,무더위쉼터(도로명주소 일치)
경로당,용화경로당,서울특별시 성동구 용답동,1,"천호대로78길 42(용답동), 용답동노인복지센터 1층",37.5606107,127.0547363,무더위쉼터(도로명주소 일치)
경로당,중앙하이츠(아)경로당,서울특별시 성동구 용답동,1,"용답중앙27길 10(용답동, 중앙하이츠아파트) 관리사무소 1층",37.563188,127.055227,무더위쉼터(도로명주소 일치)
주민센터,용답동 주민센터,서울특별시 성동구 용답동,1,서울특별시 성동구 용답중앙23길 20,37.5641757,127.055384,무더위쉼터(도로명주소 일치)
경로당,광희경로당,서울특별시 성동구 응봉동,1,독서당로62길 22-15,37.5499752,127.033046,무더위쉼터(도로명주소 일치)
경로당,대림1차(아)경로당,서울특별시 성동구 응봉동,1,"독서당로62길 43(응봉동, 대림1차아파트) 8동 앞",37.55293,127.034177,무더위쉼터(시설명 일치)
경로당,대림2차(아)경로당,서울특별시 성동구 응봉동,1,"독서당로 431(응봉동, 대림2차아파트) 101동 뒤",37.552284,127.032053,무더위쉼터(시설명 일치)
경로당,대림강변타운(아) 경로당,서울특별시 성동구 응봉동,1,"고산자로 160(응봉동, 대림강변타운아파트) 관리사무소 1층",37.553279,127.035787,무더위쉼터(도로명주소 일치)
경로당,리버그린동아(아) 경로당,서울특별시 성동구 응봉동,1,"고산자로4길 34(응봉동, 리버그린동아아파트) 관리사무소 1층",37.55299,127.037396,무더위쉼터(도로명주소 일치)
경로당,상봉경로당,서울특별시 성동구 응봉동,1,독서당로59다길 32(응봉동),37.552778,127.030297,무더위쉼터(도로명주소 일치)
경로당,신동아(아)경로당,서울특별시 성동구 응봉동,1,"독서당로 375(응봉동, 신동아아파트) 104동 앞",37.551127,127.02965,무더위쉼터(시설명 일치)
경로당,응봉경로당,서울특별시 성동구 응봉동,1,독서당로59길 39(응봉동),37.5525073,127.031576,무더위쉼터(도로명주소 일치)
경로당,현대(아)경로당,서울특별시 성동구 응봉동,1,"독서당로 377(응봉동, 현대아파트) 101동 앞",37.550855,127.030342,무더위쉼터(시설명 일치)
주민센터,응봉동 주민센터,서울특별시 성동구 응봉동,1,서울특별시 성동구 독서당로 424,37.5531556,127.033421,무더위쉼터(도로명주소 일치)
경로당,왕십리제일경로당,서울특별시 성동구 하왕십리동,1,왕십리로31가길 12 (1층),37.5639416,127.028604,무더위쉼터(도로명주소 일치)
경로당,텐즈힐 열린경로당,서울특별시 성동구 하왕십리동,1,"무학로 33(하왕십리동, 텐즈힐) 115동 1층",37.567601,127.028931,무더위쉼터(시설명 일치)
경로당,텐즈힐 행복경로당,서울특별시 성동구 하왕십리동,1,"무학로 33(하왕십리동, 텐즈힐) 121동 1층",37.569633,127.026508,무더위쉼터(시설명 일치)
도서관(공공도서관),왕십리제2동작은도서관,서울특별시 성동구 하왕십리동,1,서울특별시 성동구 무학봉길 69 (하왕십리동),37.5610423,127.030513,전국도서관표준데이터
주민센터,왕십리제2동 주민센터,서울특별시 성동구 하왕십리동,1,서울특별시 성동구 무학봉15길 6,37.5617588,127.0309773,무더위쉼터(도로명주소 일치)
경로당,리버뷰자이(아)경로당,서울특별시 성동구 행당1동,1,"고산자로2길 65(행당1동, 서울숲리버뷰자이) 리버뷰자이 어린이집 옆",37.555354,127.037696,무더위쉼터(도로명주소 일치)
경로당,무학봉경로당,서울특별시 성동구 행당1동,1,무학봉18길 4-2(행당1동),37.5611838,127.031761,무더위쉼터(도로명주소 일치)
경로당,행당두산(아)경로당,서울특별시 성동구 행당1동,1,"고산자로14길 40(행당1동, 행당두산아파트) 관리사무소 1층",37.564752,127.03746,무더위쉼터(도로명주소 일치)
경로당,행당삼부(아)경로당,서울특별시 성동구 행당1동,1,"왕십리로 280(행당1동, 행당삼부아파트) 관리사무소 2층",37.559981,127.037932,무더위쉼터(시설명 일치)
경로당,행당한신(아)제1경로당,서울특별시 성동구 행당1동,1,"고산자로 164(행당1동, 행당한신아파트) 행당한신어린이집 1층",37.555686,127.035765,무더위쉼터(도로명주소 일치)
경로당,행당한신(아)제2경로당,서울특별시 성동구 행당1동,1,"고산자로 164(행당1동, 행당한신아파트) 201동 1층",37.556469,127.035202,무더위쉼터(시설명 일치)
경로당,서울숲행당푸르지오(아) 경로당,서울특별시 성동구 행당2동,1,"고산자로 177(행당2동, 서울숲행당푸르지오아파트) 104동 1층",37.555091,127.032557,무더위쉼터(시설명 일치)
경로당,"행당대림(아)제2경로당, 행당대림(아)제1경로당",서울특별시 성동구 행당2동,2,"행당로 79(행당2동, 행당대림아파트) 임대관리사무소 1층",37.557804,127.02538,무더위쉼터(도로명주소 일치)
경로당,행당두산위브(아) 제2경로당,서울특별시 성동구 행당2동,1,"행당로8길 8(행당2동, 행당두산위브아파트) 201동 1층",37.556443,127.03275,무더위쉼터(시설명 일치)
경로당,행당두산위브(아)경로당,서울특별시 성동구 행당2동,1,"행당로8길 8(행당2동, 행당두산위브아파트) 관리사무소 1층",37.556724,127.031495,무더위쉼터(도로명주소 일치)
경로당,행당신동아(아)경로당,서울특별시 성동구 행당2동,1,"독서당로 441(행당2동, 행당신동아아파트) 104동 옆",37.554453,127.032686,무더위쉼터(시설명 일치)
경로당,행당제2경로당,서울특별시 성동구 행당2동,1,"행당로11길 14-9, 302호(행당2동, 스위스빌라)",37.5592109,127.030945,무더위쉼터(도로명주소 일치)
경로당,행당한진(아)제1경로당,서울특별시 성동구 행당2동,1,"행당로 82(행당2동, 행당한진아파트) 106동 뒤편",37.55682,127.030362,무더위쉼터(시설명 일치)
경로당,행당한진(아)제2경로당,서울특별시 성동구 행당2동,1,"행당로 82(행당2동, 행당한진아파트) 행당어린이집 1층",37.555644,127.026377,무더위쉼터(도로명주소 일치)
경로당,행현경로당,서울특별시 성동구 행당2동,1,행당로11길 20(행당2동),37.5594051,127.0303738,무더위쉼터(도로명주소 일치)
주민센터,행당제1동 주민센터,서울특별시 성동구 행당동,1,서울특별시 성동구 고산자로10길 18,37.5585157,127.036117,무더위쉼터(도로명주소 일치)
주민센터,행당제2동 주민센터,서울특별시 성동구 행당동,1,서울특별시 성동구 행당로9길 9,37.5582382,127.02936,무더위쉼터(도로명주소 일치)
보건소,성동구보건소,서울특별시 성동구 홍익동,1,"서울특별시 성동구 마장로23길 10 (홍익동, 성동구보건소) 성동구보건소",37.56708,127.0332142,ArcGIS 지오코딩(주소 지점 일치)
경로당,공청경로당,서울특별시 성북구,1,정릉로26가길 24-2,37.6029295,127.0116856,ArcGIS 지오코딩(주소 지점 일치)
경로당,꿈의숲코오롱하늘채아파트경로당,서울특별시 성북구,1,돌곶이로 220,37.6197166,127.0458449,ArcGIS 지오코딩(주소 지점 일치)
경로당,남종경로당,서울특별시 성북구,1,월곡로 64-20,37.5976988,127.0403617,ArcGIS 지오코딩(주소 지점 일치)
경로당,롯데캐슬클라시아아파트 경로당,서울특별시 성북구,1,"숭인로 8길 80, 110동 앞",37.6065169,127.0249504,ArcGIS 지오코딩(주소 지점 일치)
경로당,보문동동망봉할머니경로당,서울특별시 성북구,1,보문사길 30,37.5838599,127.017071,ArcGIS 지오코딩(주소 지점 일치)
경로당,보문파크뷰자이경로당,서울특별시 성북구,1,"보문사길 111, 자이안 센터 지하 5층",37.579153,127.0186369,ArcGIS 지오코딩(주소 지점 일치)
경로당,보문하우스토리경로당,서울특별시 성북구,1,"고려대로2길 37, 102동 1층",37.5843732,127.0208558,ArcGIS 지오코딩(주소 지점 일치)
경로당,브라운스톤동선(아)경로당,서울특별시 성북구,1,"아리랑로5길 25, 102동 1층",37.5965219,127.0134751,ArcGIS 지오코딩(주소 지점 일치)
경로당,성북힐스테이트경로당,서울특별시 성북구,1,"동소문로44길 43, 101동 1 층",37.6065464,127.0303771,ArcGIS 지오코딩(주소 지점 일치)
경로당,성암(전:성북2동)경로당,서울특별시 성북구,1,성북로16가길 4,37.5939601,127.0005612,ArcGIS 지오코딩(주소 지점 일치)
경로당,쌍용스카이(아)경로당,서울특별시 성북구,1,북악산로 828 쌍용스카이(아) 관리동 내,37.5992881,127.0174902,ArcGIS 지오코딩(주소 지점 일치)
경로당,월곡1동밤골경로당,서울특별시 성북구,1,화랑로13가길 17-8,37.607575,127.039957,무더위쉼터(도로명주소 일치)
경로당,이편한세상보문경로당,서울특별시 성북구,1,낙산길 255 이편한세상 보문아파트 101동 1층,37.5821409,127.0153509,ArcGIS 지오코딩(주소 지점 일치)
경로당,장곡향나무경로당,서울특별시 성북구,1,장월로23길 47-20,37.6168328,127.046223,ArcGIS 지오코딩(주소 지점 일치)
경로당,장위1동경로당,서울특별시 성북구,1,장위로22길 51,37.611671,127.0434906,무더위쉼터(도로명주소 일치)
경로당,정릉2동 동행경로당,서울특별시 성북구,1,정릉로24가길 7-1,37.6037822,127.0086071,ArcGIS 지오코딩(주소 지점 일치)
경로당,정릉2차대주피오레(아)경로당,서울특별시 성북구,1,아리랑로19길 86  대주피오레(아)202동 1층,37.6013171,127.0089356,ArcGIS 지오코딩(주소 지점 일치)
경로당,정릉3동경로당,서울특별시 성북구,1,보국문로17길 18-6,37.6111946,127.0076295,ArcGIS 지오코딩(주소 지점 일치)
경로당,정릉4동중앙하이츠(아)경로당,서울특별시 성북구,1,보국문로32길 53 단지내,37.6193748,127.0023057,ArcGIS 지오코딩(주소 지점 일치)
경로당,정릉중앙하이츠빌2단지(아)경로당,서울특별시 성북구,1,정릉로26길 8 정릉중앙하이츠빌2단지,37.6039568,127.0109747,ArcGIS 지오코딩(주소 지점 일치)
경로당,정릉힐스테이트1차(아)경로당,서울특별시 성북구,1,북악산로 825-24  정릉힐스테이트(아)단지 내,37.6002933,127.0171069,ArcGIS 지오코딩(주소 지점 일치)
도서관(공공도서관),글빛도서관,서울특별시 성북구,1,서울특별시 성북구 길음로7길 20,37.603751,127.022465,전국도서관표준데이터
도서관(공공도서관),보문숲길도서관,서울특별시 성북구,1,서울특별시 성북구 보문사길 20,37.584922,127.01611,전국도서관표준데이터
도서관(공공도서관),석관동미리내도서관,서울특별시 성북구,1,서울특별시 성북구 한천로66길 203,37.613472,127.065492,전국도서관표준데이터
도서관(공공도서관),성북길빛도서관,서울특별시 성북구,1,서울특별시 성북구 숭인로8길 52,37.60976,127.02654,전국도서관표준데이터
도서관(공공도서관),성북어린이청소년도서관,서울특별시 성북구,1,서울특별시 성북구 삼선교로16길 59,37.586073,127.011042,전국도서관표준데이터
도서관(공공도서관),성북정보도서관,서울특별시 성북구,1,서울특별시 성북구 화랑로18자길 13,37.604951,127.050586,전국도서관표준데이터
도서관(공공도서관),아리랑도서관,서울특별시 성북구,1,서울특별시 성북구 아리랑로 82,37.600059,127.013929,전국도서관표준데이터
도서관(공공도서관),아리랑어린이도서관,서울특별시 성북구,1,서울특별시 성북구 아리랑로 75,37.59883,127.013625,전국도서관표준데이터
도서관(공공도서관),장위행복누림도서관,서울특별시 성북구,1,서울특별시 성북구 장위로21다길 53,37.615891,127.045836,전국도서관표준데이터
도서관(공공도서관),청수도서관,서울특별시 성북구,1,서울특별시 성북구 보국문로16가길 20,37.611747,127.010773,전국도서관표준데이터
도서관(작은도서관),서경로꿈마루도서관,서울특별시 성북구,1,서울특별시 성북구 서경로 94-1,37.611412,127.013805,전국도서관표준데이터
도서관(작은도서관),오동숲속도서관,서울특별시 성북구,1,서울특별시 성북구 화랑로13가길 110-10,37.609854,127.040864,전국도서관표준데이터
도서관(작은도서관),월곡꿈그림도서관,서울특별시 성북구,1,서울특별시 성북구 화랑로13길 17,37.60478,127.041073,전국도서관표준데이터
경로당,돈암힐스테이트(아)경로당,서울특별시 성북구 105동,1,아리랑로 68 (105동 1층),37.598833,127.015191,무더위쉼터(도로명주소 일치)
경로당,정릉풍림아이원(아)제3경로당,서울특별시 성북구 129동1층,1,솔샘로25길 11-14(129동1층),37.61632,127.007377,무더위쉼터(도로명주소 일치)
경로당,송매골(아)경로당,서울특별시 성북구 308동,1,길음로13길 39  길음뉴타운3단지 관리동1층(308동 뒤),37.609944,127.016371,무더위쉼터(도로명주소 일치)
경로당,"학수경로당, 길음뉴타운대림(아)경로당",서울특별시 성북구 e편한세상 길음뉴타운4단지 426동,2,길음로118 길음뉴타운 4단지 대림(아)426동 1층,37.612152,127.020855,무더위쉼터(도로명주소 일치)
경로당,청수경로당,서울특별시 성북구 구립정릉4동청수경로당,1,보국문로32길 26,37.618317,127.002462,무더위쉼터(도로명주소 일치)
경로당,종암극동(아)경로당,서울특별시 성북구 극동아파트,1,북악산로29길 67  극동@ 단지내,37.595077,127.033706,무더위쉼터(도로명주소 일치)
경로당,"길음뉴타운7단지제2경로당, 길음뉴타운7단지두산위브(아)경로당",서울특별시 성북구 길음7구역 두산위브아파트 707동,2,"길음로13길 22, 두산아파트 707동 제2관리사무소 뒤",37.608885,127.018793,무더위쉼터(도로명주소 일치)
경로당,래미안길음3차(아)경로당,서울특별시 성북구 길음뉴타운 604동,1,길음로 16 래미안길음6단지(아)관리동 2층,37.606193,127.022894,무더위쉼터(도로명주소 일치)
경로당,"길음뉴타운8단지 제2경로당, 길음뉴타운8단지래미안(아)경로당",서울특별시 성북구 길음뉴타운 825동,2,"길음로 33, 825동",37.606618,127.019258,무더위쉼터(도로명주소 일치)
경로당,래미안길음뉴타운9단지(아)경로당,서울특별시 성북구 길음뉴타운 909동,1,길음로9길 50 909동 지하,37.603955,127.019341,무더위쉼터(시설명 일치)
경로당,길음9단지경성경로당,서울특별시 성북구 길음뉴타운 951동,1,"길음로9길 50, 951동 지하",37.604371,127.017768,무더위쉼터(도로명주소 일치)
경로당,길음뉴타운라온유경로당,서울특별시 성북구 길음뉴타운10단지 1001동,1,정릉로 307 길음뉴타운10단지,37.603219,127.018328,무더위쉼터(도로명주소 일치)
경로당,길음11롯데캐슬경로당,서울특별시 성북구 길음동,1,"서경로 60,길음뉴타운11단지롯데캐슬골든힐스",37.608853,127.016365,무더위쉼터(시설명 일치)
경로당,길음2동(전:길음3동)경로당,서울특별시 성북구 길음동,1,삼양로12길 6,37.6099904,127.0231426,무더위쉼터(도로명주소 일치)
경로당,길음뉴타운2단지푸르지오(아)경로당,서울특별시 성북구 길음동,1,길음로 119  길음뉴타운2단지(아),37.611916,127.01617,무더위쉼터(도로명주소 일치)
경로당,길음동돌산경로당,서울특별시 성북구 길음동,1,길음로 135-11 초원빌라 C동 101,37.6132432,127.0154149,무더위쉼터(도로명주소 일치)
경로당,길음동삼부(아)경로당,서울특별시 성북구 길음동,1,동소문로 248   삼부(아)101동 옆,37.602425,127.023085,무더위쉼터(도로명주소 일치)
경로당,래미안길음1차(아)경로당,서울특별시 성북구 길음동,1,길음로9길 40 래미안(아)관리동,37.605718,127.021181,무더위쉼터(도로명주소 일치)
경로당,래미안길음2차(아)경로당,서울특별시 성북구 길음동,1,길음로 74  길음뉴타운5단지 관리동1층,37.6100351,127.0198891,무더위쉼터(도로명주소 일치)
경로당,인영경로당,서울특별시 성북구 길음동,1,삼양로9가길 6,37.6086768,127.0219051,무더위쉼터(도로명주소 일치)
주민센터,길음1동 주민센터,서울특별시 성북구 길음동,1,서울특별시 성북구 길음로 92,37.6104983,127.0193799,무더위쉼터(도로명주소 일치)
주민센터,길음2동 주민센터,서울특별시 성북구 길음동,1,서울특별시 성북구 삼양로2길 70,37.6067637,127.0272712,무더위쉼터(도로명주소 일치)
경로당,"길음동부임대(아)송산경로당, 길음동부센트레빌(아)경로당",서울특별시 성북구 길음동동부센트레빌아파트 119동,2,숭인로2길 61 길음동부(아) 119동 1층,37.610254,127.024861,무더위쉼터(도로명주소 일치)
경로당,꿈의숲푸르지오(아)경로당,서울특별시 성북구 꿈의숲 푸르지오 101동,1,오패산로16가길 40 꿈의숲 푸르지오아파트 116동 2층,37.610764,127.039261,무더위쉼터(도로명주소 일치)
경로당,꿈의숲루첸(아)경로당,서울특별시 성북구 꿈의숲대명루첸아파트 101동,1,월계로36길 27 101동 1층,37.621397,127.046235,무더위쉼터(시설명 일치)
경로당,고운경로당,서울특별시 성북구 돈암동,1,"동소문로35가길29, 지층1호",37.599759,127.02121,무더위쉼터(도로명주소 일치)
경로당,금호어울림경로당,서울특별시 성북구 돈암동,1,동소문로 34길 73,37.600805,127.022755,무더위쉼터(도로명주소 일치)
경로당,돈암1동풍림(아)제2경로당,서울특별시 성북구 돈암동,1,북악산로 898,37.597066,127.021975,무더위쉼터(도로명주소 일치)
경로당,돈암코오롱하늘채(아)경로당,서울특별시 성북구 돈암동,1,아리랑로 75 102동 1층,37.599154,127.013219,무더위쉼터(시설명 일치)
경로당,브라운스톤돈암(아)경로당,서울특별시 성북구 돈암동,1,북악산로 844,37.597751,127.018028,무더위쉼터(도로명주소 일치)
경로당/도서관(작은도서관),"한진(아)북악경로당, 한신팔각정(아)경로당, 돈암2동한진(아)경로당, 해오름도서관",서울특별시 성북구 돈암동,4,성북로4길 52 한진(아) 301동옆,37.594178,127.010321,무더위쉼터(도로명주소 일치)
주민센터,돈암1동 주민센터,서울특별시 성북구 돈암동,1,서울특별시 성북구 정릉로 392,37.603457,127.026322,무더위쉼터(도로명주소 일치)
주민센터,돈암2동 주민센터,서울특별시 성북구 돈암동,1,서울특별시 성북구 흥천사길 7,37.5980523,127.0105121,무더위쉼터(도로명주소 일치)
경로당,"돈암1동삼성(아)제2경로당, 돈암1동삼성(아)제1경로당",서울특별시 성북구 돈암동 삼성아파트 105동,2,"동소문로34길 24, 제2관리동 내",37.59846,127.022638,무더위쉼터(도로명주소 일치)
경로당,돈암1동풍림(아)경로당,서울특별시 성북구 돈암동 삼성아파트 105동,1,북악산로 913,37.59846,127.022638,무더위쉼터(시설명 일치)
경로당,돈암신일해피트리(아)경로당,서울특별시 성북구 돈암동 해피트리 아파트 104동,1,"아리랑로5길 92, 104동 1층",37.598288,127.011903,무더위쉼터(도로명주소 일치)
경로당,돈암더샵(아)경로당,서울특별시 성북구 돈암동더?騁팎컷? 102동,1,아리랑로5길 85 관리동 2층,37.597695,127.010422,무더위쉼터(도로명주소 일치)
경로당,돈암동일하이빌(아)경로당,서울특별시 성북구 돈암동일하이빌 102동,1,보문로38길 11 102동 4층,37.591619,127.014739,무더위쉼터(시설명 일치)
경로당,돈암1동현대(아)경로당,서울특별시 성북구 돈암현대아파트 105동,1,정릉로 404,37.604094,127.029528,무더위쉼터(도로명주소 일치)
경로당,돈암동부센트레빌(아)경로당,서울특별시 성북구 동부센트레빌아파트 101동,1,정릉로 388,37.60235,127.0263,무더위쉼터(도로명주소 일치)
경로당,성신경로당,서울특별시 성북구 동선동2가,1,보문로32길 80-5,37.5902848,127.020741,무더위쉼터(도로명주소 일치)
경로당,동선동제1경로당,서울특별시 성북구 동선동3가,1,동소문로28길40,37.595696,127.020716,무더위쉼터(도로명주소 일치)
주민센터,동선동 주민센터,서울특별시 성북구 동선동3가,1,서울특별시 성북구 동소문로26길 27,37.593941,127.020394,무더위쉼터(도로명주소 일치)
경로당,성북시각장애인경로당,서울특별시 성북구 동선동4가,1,동소문로25길 6-10(동선동4가),37.5949886,127.0191057,무더위쉼터(도로명주소 일치)
경로당,동선동희망경로당,서울특별시 성북구 동선동5가,1,아리랑로4길 49-1 쉐르빌 203호,37.5958747,127.0182832,무더위쉼터(도로명주소 일치)
경로당,삼선동제1경로당,서울특별시 성북구 동소문동2가,1,동소문로8길 10,37.5893808,127.009585,무더위쉼터(도로명주소 일치)
경로당,동소문동경로당,서울특별시 성북구 동소문동4가,1,동소문로13길 39-20,37.59239,127.010468,무더위쉼터(시설명 일치)
경로당,동선동제2경로당,서울특별시 성북구 동소문동6가,1,아리랑로27-3,37.595275,127.015586,무더위쉼터(도로명주소 일치)
보건소,동선도시보건지소,서울특별시 성북구 동소문동6가,1,"서울특별시 성북구 아리랑로3길 8 (동소문동6가, 성북구보건지소 ,동선보건지소) 동선보건지소",37.5936081,127.015754,ArcGIS 지오코딩(주소 지점 일치)
경로당,동신(아)경로당,서울특별시 성북구 동신아파트,1,오패산로3길 17,37.604465,127.035339,무더위쉼터(도로명주소 일치)
경로당,"동아에코빌(아)경로당, 동아(아)제2경로당",서울특별시 성북구 동아에코빌아파트 상가동,2,장월로1길 28  동아에코빌(아) 관리동 1층,37.607695,127.045305,무더위쉼터(도로명주소 일치)
경로당/도서관(공공도서관),"동일하이빌뉴시티경로당, 달빛마루도서관",서울특별시 성북구 동일하이빌뉴시티,2,종암로 167 동일하이빌뉴시티 104동 7층,37.605051,127.030996,무더위쉼터(도로명주소 일치)
경로당,안암래미안(아)경로당,서울특별시 성북구 래미안 안암 102동,1,고려대로17가길 64,37.589343,127.024134,무더위쉼터(도로명주소 일치)
경로당,래미안길음센터피스아파트경로당,서울특별시 성북구 래미안길음센터피스 109동,1,"숭인로 50, 109동 110동 사이",37.610698,127.02777,무더위쉼터(도로명주소 일치)
경로당,래미안세레니티경로당,서울특별시 성북구 래미안세레니티 210동,1,종암로23길 35  210동 1층,37.599686,127.030392,무더위쉼터(시설명 일치)
경로당,석관래미안아트리치경로당,서울특별시 성북구 래미안아트리치 102동,1,돌곶이로8길 22,37.606023,127.063437,무더위쉼터(도로명주소 일치)
경로당,포레카운티(아) 경로당,서울특별시 성북구 래미안장위포레카운티 106동,1,장월로 160 래미안장위포레카운티 106동 앞,37.617582,127.052887,무더위쉼터(도로명주소 일치)
경로당,돈암1동범양(아)경로당,서울특별시 성북구 범양아파트 105동,1,정릉로 402-16,37.603189,127.02814,무더위쉼터(도로명주소 일치)
경로당,보문동제1경로당,서울특별시 성북구 보문동2가,1,보문로25길 22 1층,37.5860897,127.0175686,무더위쉼터(시설명 일치)
경로당,보문제2경로당,서울특별시 성북구 보문동5가,1,보문로21길19-5,37.5827927,127.0194864,무더위쉼터(도로명주소 일치)
주민센터,보문동 주민센터,서울특별시 성북구 보문동7가,1,서울특별시 성북구 안암로3길 35,37.5804183,127.0228304,무더위쉼터(도로명주소 일치)
경로당,보문아이파크(아)경로당,서울특별시 성북구 보문아이파크아파트 상가동,1,지봉로21길19 보문아이파크관리동,37.58582,127.016719,무더위쉼터(도로명주소 일치)
경로당,삼선SK뷰(아)경로당,서울특별시 성북구 삼선 SK VIEW 아파트 102동,1,"삼선교로16길 35, 102동 1층",37.587727,127.011735,무더위쉼터(도로명주소 일치)
경로당,한성경로당,서울특별시 성북구 삼선동1가,1,삼선교로4길 50,37.5855597,127.0071056,무더위쉼터(도로명주소 일치)
경로당,삼선1SH빌(아)경로당,서울특별시 성북구 삼선동3가,1,보문로 29다길 25-9 관리사무소 1층,37.584711,127.014071,무더위쉼터(도로명주소 일치)
경로당,삼선동제2경로당,서울특별시 성북구 삼선동3가,1,"보문로29길 86, 3층",37.5864345,127.0136244,무더위쉼터(도로명주소 일치)
경로당,삼선푸르지오(아)경로당,서울특별시 성북구 삼선동3가,1,보문로29다길 31 단지내,37.584506,127.013606,무더위쉼터(도로명주소 일치)
경로당,삼선코오롱(아)경로당,서울특별시 성북구 삼선동4가,1,삼선교로23길 23,37.59036,127.012724,무더위쉼터(도로명주소 일치)
주민센터,삼선동 주민센터,서울특별시 성북구 삼선동4가,1,서울특별시 성북구 보문로 190,37.590897,127.0145,무더위쉼터(도로명주소 일치)
경로당,삼선현대힐스테이트(아)경로당,서울특별시 성북구 삼선현대힐스테이트 108동,1,낙산길 243-15 108동 1층,37.582276,127.014214,무더위쉼터(시설명 일치)
경로당,상월곡동경로당,서울특별시 성북구 상월곡동,1,화랑로18길 6,37.605842,127.048224,무더위쉼터(도로명주소 일치)
경로당,상월곡동우남(아)경로당,서울특별시 성북구 상월곡동,1,화랑로15길 4,37.605844,127.046545,무더위쉼터(도로명주소 일치)
주민센터,장위2동 주민센터,서울특별시 성북구 상월곡동,1,서울특별시 성북구 화랑로 25길 29,37.609762,127.051524,무더위쉼터(도로명주소 일치)
경로당,돌곶이 경로당,서울특별시 성북구 석관동,1,돌곶이로7길 20,37.605949,127.0605513,무더위쉼터(도로명주소 일치)
경로당,래미안석관(아)경로당,서울특별시 성북구 석관동,1,화랑로 214  래미안석관(아)복리시설1층,37.608645,127.054822,무더위쉼터(도로명주소 일치)
경로당,석관1동코오롱(아)경로당,서울특별시 성북구 석관동,1,한천로 509,37.606184,127.065809,무더위쉼터(도로명주소 일치)
경로당,석관동두산(아)경로당,서울특별시 성북구 석관동,1,화랑로48길 16,37.612587,127.068813,무더위쉼터(도로명주소 일치)
경로당,석관동제1경로당,서울특별시 성북구 석관동,1,한천로74길 1,37.6108224,127.0632094,무더위쉼터(도로명주소 일치)
경로당,중앙하이츠(아)경로당,서울특별시 성북구 석관동,1,한천로76길 73,37.611486,127.066649,무더위쉼터(도로명주소 일치)
보건소,장위석관보건지소,서울특별시 성북구 석관동,1,"서울특별시 성북구 한천로 568 (석관동, 장위석관보건지소) 장위석관보건지소",37.6104732,127.0634208,ArcGIS 지오코딩(주소 지점 일치)
주민센터,석관동 주민센터,서울특별시 성북구 석관동,1,서울특별시 성북구 화랑로 296,37.6129713,127.061374,무더위쉼터(도로명주소 일치)
경로당,석관1동삼성(아)경로당,서울특별시 성북구 석관동삼성아파트 상가동,1,한천로 68길 51  삼성(아) 관리동,37.610339,127.065583,무더위쉼터(도로명주소 일치)
경로당,석관동제2경로당,서울특별시 성북구 석관동제2경로당,1,성북구 화랑로32라길 7-2 1층(임시이전주소) (구주소)돌곶이로21길 6,37.609803,127.057616,무더위쉼터(시설명 일치)
경로당,북정경로당,서울특별시 성북구 성북동,1,성북로23길 129-5,37.59274,126.991398,무더위쉼터(도로명주소 일치)
경로당,성북동경로당,서울특별시 성북구 성북동,1,성북로 41-12,37.591474,127.002557,무더위쉼터(도로명주소 일치)
경로당,성북동할머니경로당,서울특별시 성북구 성북동,1,성북로23길 158,37.592266,126.991819,무더위쉼터(도로명주소 일치)
경로당,성북동해아래경로당,서울특별시 성북구 성북동,1,"성북로23길 25, 102호",37.5927177,126.995153,무더위쉼터(도로명주소 일치)
주민센터,성북동 주민센터,서울특별시 성북구 성북동1가,1,서울특별시 성북구 성북로 37,37.591027,127.003228,무더위쉼터(도로명주소 일치)
경로당,보문아남(아)경로당,서울특별시 성북구 아남아파트 103동,1,보문사길 112,37.581039,127.017258,무더위쉼터(도로명주소 일치)
경로당,아남(아)경로당,서울특별시 성북구 아남아파트 상가동,1,종암로 36길 52  아남아파트내,37.60557,127.034886,무더위쉼터(도로명주소 일치)
주민센터/도서관(작은도서관),"정릉2동 주민센터, 정릉도서관",서울특별시 성북구 아동청소년센터,2,"서울특별시 성북구정릉로 242, 1층(아동청소년센터),  보국문로 21, 3층(태영빌딩)",37.610165,127.008679,무더위쉼터(도로명주소 일치)
경로당,종암1동현대아이파크경로당,서울특별시 성북구 아이파크 종암동 102동,1,종암로21길 127   102동 지하1층,37.602824,127.029409,무더위쉼터(시설명 일치)
경로당,호암경로당,서울특별시 성북구 안암동1가,1,보문로26길 73,37.5877996,127.0227248,무더위쉼터(도로명주소 일치)
경로당,안암2가경로당,서울특별시 성북구 안암동2가,1,고려대로 34-9,37.5859678,127.0232713,무더위쉼터(도로명주소 일치)
주민센터,안암동 주민센터,서울특별시 성북구 안암동2가,1,서울특별시 성북구 고려대로 16,37.5858009,127.0213469,무더위쉼터(도로명주소 일치)
경로당,안암3가경로당,서울특별시 성북구 안암동3가,1,"고려대로10길 37, 1층",37.584394,127.022175,무더위쉼터(도로명주소 일치)
경로당,개운경로당,서울특별시 성북구 안암동5가,1,"개운사길 15, 왕림빌딩 301호",37.587106,127.029068,무더위쉼터(도로명주소 일치)
경로당,안암동경로당,서울특별시 성북구 안암동5가,1,안암로 79 1층,37.583337,127.029798,무더위쉼터(시설명 일치)
주민센터,월곡2동 주민센터,서울특별시 성북구 월곡2동,1,서울특별시 성북구 화랑로 152,37.605757,127.047855,무더위쉼터(도로명주소 일치)
경로당,"월곡3에스에이치(아)경로당, 래미안월곡(아)",서울특별시 성북구 월곡3에스에이치빌 관리동,2,오패산로90  에스에이치(아) 단지 내,37.611982,127.038081,무더위쉼터(도로명주소 일치)
경로당,"월곡두산위브(아)경로당, 월곡두산(아)제2경로당",서울특별시 성북구 월곡두산위브아파트 301동,2,오패산로 46  월곡두산위브(아)관리동,37.605164,127.039333,무더위쉼터(도로명주소 일치)
경로당,일신건영휴먼빌(아)경로당,서울특별시 성북구 일신건영휴먼빌아파트 상가동,1,아리랑로 89 관리동 1층,37.601141,127.013023,무더위쉼터(도로명주소 일치)
경로당,꿈의숲아이파크경로당,서울특별시 성북구 장위1동,1,돌곶이로40길 46 꿈의숲아이파크(장위1동) 714동 1층,37.6184347,127.0472309,ArcGIS 지오코딩(주소 지점 일치)
주민센터,장위1동 주민센터,서울특별시 성북구 장위1동,1,서울특별시 성북구 장위로 61,37.614075,127.043681,무더위쉼터(도로명주소 일치)
경로당,퍼스트하이 경로당,서울특별시 성북구 장위3동,1,"한천로 713, 래미안장위 퍼스트하이 506동(장위3동)",37.620009,127.051075,무더위쉼터(도로명주소 일치)
경로당,동방경로당,서울특별시 성북구 장위동,1,장위로13길 75,37.616947,127.043601,무더위쉼터(도로명주소 일치)
경로당,신동방경로당,서울특별시 성북구 장위동,1,장위로10길 10-4 1층,37.613239,127.039376,무더위쉼터(시설명 일치)
경로당,장월sh-ville1단지(아)경로당,서울특별시 성북구 장위동,1,한천로101길 54,37.622313,127.04813,무더위쉼터(도로명주소 일치)
경로당,장월경로당,서울특별시 성북구 장위동,1,장월로18길 27-4,37.6154474,127.0498319,무더위쉼터(도로명주소 일치)
경로당,장위1동장수경로당,서울특별시 성북구 장위동,1,월계로32길 15,37.6189239,127.0447529,무더위쉼터(도로명주소 일치)
경로당,장위2동경로당,서울특별시 성북구 장위동,1,장위로40다길 13,37.611625,127.053262,무더위쉼터(도로명주소 일치)
경로당,장위3동제1경로당,서울특별시 성북구 장위동,1,장월로32길 9-3,37.6176797,127.0513272,무더위쉼터(도로명주소 일치)
경로당,장위우방(아)경로당,서울특별시 성북구 장위동,1,화랑로 235 우방(아)101-209,37.610198,127.054925,무더위쉼터(도로명주소 일치)
주민센터,장위3동 주민센터,서울특별시 성북구 장위동,1,서울특별시 성북구 장위로 170,37.615248,127.055477,무더위쉼터(시설명 일치)
경로당,정릉우정에쉐르(아)경로당,서울특별시 성북구 정릉 우정에쉐르 상가동,1,북악산로 742-12  정릉우정에쉐르(아)관리동,37.599922,127.010317,무더위쉼터(도로명주소 일치)
경로당,정릉e-편한세상(아)경로당,서울특별시 성북구 정릉 이-편한세상 108동,1,솔샘로 24길  15  정릉e-편한세상(아) 관리동2층,37.615215,127.010203,무더위쉼터(도로명주소 일치)
경로당,정릉꿈에그린(아)경로당,서울특별시 성북구 정릉꿈에그린 201동,1,아리랑로19가길 21,37.601585,127.011056,무더위쉼터(도로명주소 일치)
경로당,경남(아)경로당,서울특별시 성북구 정릉동,1,정릉로 305 경남아파트 관리동 내,37.604484,127.017076,무더위쉼터(도로명주소 일치)
경로당,북악경로당,서울특별시 성북구 정릉동,1,정릉로8가길 17-3,37.6081005,126.997856,무더위쉼터(도로명주소 일치)
경로당,산1경로당,서울특별시 성북구 정릉동,1,보국문로29가길 15,37.615616,127.0031518,무더위쉼터(도로명주소 일치)
경로당,정릉1동경로당,서울특별시 성북구 정릉동,1,"정릉로38가길 6, 정릉1동커뮤니티센터 1층",37.6020627,127.0184577,무더위쉼터(도로명주소 일치)
경로당,정릉2동508번지경로당,서울특별시 성북구 정릉동,1,"북악산로1가길 36, 유명빌라 B01",37.5995631,127.0046897,무더위쉼터(도로명주소 일치)
경로당,정릉2동경로당,서울특별시 성북구 정릉동,1,보국문로8나길 39,37.6093735,127.0124186,무더위쉼터(도로명주소 일치)
경로당,정릉2동우방(아)경로당,서울특별시 성북구 정릉동,1,북악산로 746,37.600281,127.010127,무더위쉼터(도로명주소 일치)
경로당,정릉2동장수경로당,서울특별시 성북구 정릉동,1,북악산로3길 48,37.5990977,127.0109858,무더위쉼터(도로명주소 일치)
경로당,정릉2차e-편한세상경로당,서울특별시 성북구 정릉동,1,북악산로 851,37.600168,127.019997,무더위쉼터(도로명주소 일치)
경로당,정릉3동성원(아)경로당,서울특별시 성북구 정릉동,1,정릉로21길 21  성원(아)관리동내,37.606515,127.008517,무더위쉼터(도로명주소 일치)
경로당,정릉4동경로당,서울특별시 성북구 정릉동,1,보국문로18가길 5,37.610996,127.010705,무더위쉼터(도로명주소 일치)
경로당,정릉4동대우(아)경로당,서울특별시 성북구 정릉동,1,보국문로30길 15 아파트,37.617476,127.003102,무더위쉼터(도로명주소 일치)
경로당,정릉4동할머니경로당,서울특별시 성북구 정릉동,1,솔샘로24길 34  소산빌라102호,37.614668,127.009097,무더위쉼터(도로명주소 일치)
경로당,정릉쌍용(아)경로당,서울특별시 성북구 정릉동,1,북악산로 847 정릉쌍용(아)관리동 내,37.599299,127.018388,무더위쉼터(도로명주소 일치)
경로당,정릉태영2단지경로당,서울특별시 성북구 정릉동,1,서경로2길 48 태영아파트2단지,37.606265,127.016764,무더위쉼터(도로명주소 일치)
경로당,정릉푸른마을동아(아)경로당,서울특별시 성북구 정릉동,1,서경로 31 동아(아)관리동 1층,37.607383,127.015014,무더위쉼터(도로명주소 일치)
경로당,정릉현대홈타운(힐스테이트아파트)경로당,서울특별시 성북구 정릉동,1,정릉로 292 현대힐스테이트 1차 노인정,37.602916,127.015491,무더위쉼터(도로명주소 일치)
경로당,태영(아)경로당,서울특별시 성북구 정릉동,1,서경로 28 태영아파트,37.606605,127.01649,무더위쉼터(도로명주소 일치)
경로당,한울경로당,서울특별시 성북구 정릉동,1,정릉로27길 42-23,37.606073,127.0144951,무더위쉼터(도로명주소 일치)
보건소,정릉보건지소,서울특별시 성북구 정릉동,1,"서울특별시 성북구 보국문로4길 8 (정릉동, 대진빌딩) 정릉보건지소",37.6052296,127.0119867,ArcGIS 지오코딩(주소 지점 일치)
주민센터,정릉1동 주민센터,서울특별시 성북구 정릉동,1,서울특별시 성북구 정릉로38마길 33,37.6014404,127.0166532,무더위쉼터(도로명주소 일치)
주민센터,정릉3동 주민센터,서울특별시 성북구 정릉동,1,서울특별시 성북구 솔샘로1길 6-3,37.608095,127.003873,무더위쉼터(시설명 일치)
주민센터,정릉4동 주민센터,서울특별시 성북구 정릉동,1,서울특별시 성북구 보국문로 106-1,37.613347,127.0069976,무더위쉼터(시설명 일치)
경로당,신우노인회경로당,서울특별시 성북구 정릉동천주교회,1,정릉로 175 천주교정릉교회 교육관4호실,37.607931,127.004786,무더위쉼터(도로명주소 일치)
경로당,우성(아)경로당,서울특별시 성북구 정릉우성아파트 관리동,1,북악산로813우성아파트,37.600942,127.014883,무더위쉼터(도로명주소 일치)
경로당,정릉중앙하이츠빌1단지(아)경로당,서울특별시 성북구 정릉중앙하이츠빌1단지아파트 104동,1,아리랑로19길 60  정릉중앙하이츠빌1단지(아) 104동 내,37.602644,127.009745,무더위쉼터(도로명주소 일치)
경로당,정릉푸르지오(아)경로당,서울특별시 성북구 정릉푸르지오아파트 상가동,1,보국문로 19 정릉푸르지오(아) 관리동 1층,37.606152,127.010691,무더위쉼터(도로명주소 일치)
경로당,정릉풍림아이원(아)경로당,서울특별시 성북구 정릉풍림아이원 111동,1,솔샘로 25길 28 풍림아이원(아)119동관리동,37.617653,127.007306,무더위쉼터(도로명주소 일치)
경로당,정릉풍림아이원(아)제2경로당,서울특별시 성북구 정릉풍림아이원125동,1,솔샘로 120  풍림아이원(아)125동,37.617198,127.009211,무더위쉼터(도로명주소 일치)
경로당,정릉힐스테이트3차(아)경로당,서울특별시 성북구 정릉힐스테이트3차 306동,1,보국문로 116  힐스테이트3차아파트 관리동,37.614407,127.007588,무더위쉼터(도로명주소 일치)
경로당,종암2차SK뷰(아)경로당,서울특별시 성북구 종암2차 SK VIEW 201동,1,종암로24길 35   종암2차SK뷰(아) 내,37.601877,127.034696,무더위쉼터(도로명주소 일치)
경로당,종암2차아이파크경로당,서울특별시 성북구 종암2차 아이파크 211동,1,종암로9길 71,37.596711,127.03193,무더위쉼터(도로명주소 일치)
경로당,종암1동SH-VILLE(아)경로당,서울특별시 성북구 종암2차 아이파크 215동,1,종암로9길71   216동 1층,37.597401,127.030178,무더위쉼터(시설명 일치)
경로당,래미안 크리시엘(아)경로당,서울특별시 성북구 종암동,1,종암로25길 30  관리동2층,37.601027,127.03038,무더위쉼터(도로명주소 일치)
경로당,래미안종암2차(아)경로당,서울특별시 성북구 종암동,1,종암로23길 35 래미안종암2차아파트 관리동 1층,37.599205,127.030857,무더위쉼터(도로명주소 일치)
경로당,"래미안종암3차(아)경로당, 종암동래미안라센트(아)경로당",서울특별시 성북구 종암동,2,"종암로24가길 80, 래미안종암3차 아파트(임대) 관리동 1층 경로당",37.599286,127.039265,무더위쉼터(도로명주소 일치)
경로당,북바위경로당,서울특별시 성북구 종암동,1,"종암로19다길 23, B103호",37.5990745,127.0282334,무더위쉼터(도로명주소 일치)
경로당,종암2동S.K(아)제2경로당,서울특별시 성북구 종암동,1,종암로24가길 53   107동내,37.601358,127.036877,무더위쉼터(시설명 일치)
경로당,종암동S.K(아)경로당,서울특별시 성북구 종암동,1,종암로24가길 53,37.601358,127.036877,무더위쉼터(도로명주소 일치)
경로당,종암동제1경로당,서울특별시 성북구 종암동,1,종암로21길81-26,37.602214,127.030961,무더위쉼터(시설명 일치)
경로당,종암동제2경로당,서울특별시 성북구 종암동,1,월곡로5나길 37,37.5988046,127.036964,무더위쉼터(도로명주소 일치)
경로당,종암선경(아)경로당,서울특별시 성북구 종암동,1,종암로5길 26 아파트내,37.594501,127.034004,무더위쉼터(도로명주소 일치)
경로당,종일사랑방경로당,서울특별시 성북구 종암동,1,종암로 13가길 31 1층 101호,37.5975593,127.0333859,무더위쉼터(시설명 일치)
경로당,중앙경로당,서울특별시 성북구 종암동,1,종암로22길 29,37.6001243,127.0357248,무더위쉼터(도로명주소 일치)
주민센터/도서관(공공도서관),"종암동 주민센터, 종암동새날도서관",서울특별시 성북구 종암동주민센터,2,서울특별시 성북구 종암로 98-8,37.598999,127.035102,무더위쉼터(도로명주소 일치)
경로당,참누리(아)경로당,서울특별시 성북구 참누리아파트 207동,1,"한천로101길 18, 207동 1층",37.623323,127.049656,무더위쉼터(도로명주소 일치)
경로당,정릉피오레1차(아)경로당,서울특별시 성북구 피오레아파트 101동,1,보국문로 183 피오레아파트 관리동,37.617245,127.000835,무더위쉼터(도로명주소 일치)
경로당,동덕경로당,서울특별시 성북구 하월곡동,1,장월로1마길 27-6(하월곡동),37.6055639,127.0427298,무더위쉼터(도로명주소 일치)
경로당,목화경로당,서울특별시 성북구 하월곡동,1,월곡로14길1-19,37.60106,127.0415767,무더위쉼터(도로명주소 일치)
경로당,샹그레빌(아)경로당,서울특별시 성북구 하월곡동,1,회기로5길 100,37.596558,127.041371,무더위쉼터(도로명주소 일치)
경로당,월곡1동경로당,서울특별시 성북구 하월곡동,1,오패산로3길 99,37.6074821,127.0338354,무더위쉼터(도로명주소 일치)
경로당,월곡1동모랫말경로당,서울특별시 성북구 하월곡동,1,종암로38길 26-4,37.6063522,127.0328975,무더위쉼터(도로명주소 일치)
경로당,월곡2동경로당,서울특별시 성북구 하월곡동,1,화랑로5길 8,37.6029931,127.0390777,무더위쉼터(도로명주소 일치)
경로당,월곡2에스에이치빌(아)경로당,서울특별시 성북구 하월곡동,1,회기로5길 142  월곡2에스에이치빌아파트 관리동1층,37.597504,127.041586,무더위쉼터(도로명주소 일치)
경로당,월곡래미안루나밸리경로당,서울특별시 성북구 하월곡동,1,월곡로 14길 26 월곡래미안루나밸리 단지내,37.599186,127.042027,무더위쉼터(도로명주소 일치)
보건소,성북구보건소,서울특별시 성북구 하월곡동,1,"서울특별시 성북구 화랑로 63 (하월곡동, 성북구보건소) 성북구보건소",37.6026857,127.0395539,무더위쉼터(도로명주소 일치)
주민센터,월곡1동 주민센터,서울특별시 성북구 하월곡동,1,서울특별시 성북구 오패산로 96,37.6106159,127.0357877,무더위쉼터(도로명주소 일치)
경로당,동소문동2차한신휴(아)경로당,서울특별시 성북구 한신휴아파트 119동,1,동소문로15길99 한신휴(아)관리동1층,37.595298,127.014345,무더위쉼터(도로명주소 일치)
도서관(공공도서관),서울특별시교육청송파도서관,서울특별시 송파구,1,서울특별시 송파구 동남로 263,37.499931,127.1348112,전국도서관표준데이터
주민센터,가락2동 주민센터,서울특별시 송파구 가락2동주민센터,1,서울특별시 송파구 중대로20길 6,37.498717,127.126605,무더위쉼터(도로명주소 일치)
경로당,가락1센트레빌,서울특별시 송파구 가락동,1,송파구 송파대로37길 29 (가락동),37.5000887,127.1085117,ArcGIS 지오코딩(주소 지점 일치)
경로당,가락2쌍용,서울특별시 송파구 가락동,1,송파구 동남로 189 (가락동),37.4946614,127.1298537,ArcGIS 지오코딩(주소 지점 일치)
경로당,가락골,서울특별시 송파구 가락동,1,송파구 송이로23길 16-28 (가락동),37.494642,127.12574,무더위쉼터(도로명주소 일치)
경로당,가락극동,서울특별시 송파구 가락동,1,송파구 동남로 208 (가락동),37.4958025,127.1314297,ArcGIS 지오코딩(주소 지점 일치)
경로당,가락금호(아),서울특별시 송파구 가락동,1,송파구 송파대로32길 15 (가락동),37.4953876,127.1169816,ArcGIS 지오코딩(주소 지점 일치)
경로당,가락대림(아),서울특별시 송파구 가락동,1,송파구 송이로 88 (가락동),37.498983,127.119312,무더위쉼터(도로명주소 일치)
경로당,가락본,서울특별시 송파구 가락동,1,송파구 양재대로62길 32-13 (가락동),37.496554,127.119256,무더위쉼터(도로명주소 일치)
경로당,가락본동 가락골,서울특별시 송파구 가락동,1,"송파구 송이로17길 24, 나동 지하1층 1호 (가락동)",37.4992599,127.1233367,ArcGIS 지오코딩(주소 지점 일치)
경로당,가락본센트레빌,서울특별시 송파구 가락동,1,송파구 송파대로32길 33 (가락동),37.4975245,127.1158661,ArcGIS 지오코딩(주소 지점 일치)
경로당,가락시장,서울특별시 송파구 가락동,1,"송파구 양재대로 932, 청과동 2층 38호 (가락동)",37.49432,127.115024,무더위쉼터(도로명주소 일치)
경로당,가락쌍용(아),서울특별시 송파구 가락동,1,송파구 송이로15길 31 (가락동),37.50213,127.122201,무더위쉼터(도로명주소 일치)
경로당,가락쌍용3차,서울특별시 송파구 가락동,1,송파구 송이로21길 23 (가락동),37.497484,127.123673,무더위쉼터(도로명주소 일치)
경로당,가락우성,서울특별시 송파구 가락동,1,송파구 송파대로32길 8(가락동),37.497191,127.118032,무더위쉼터(도로명주소 일치)
경로당,가락풍림(아),서울특별시 송파구 가락동,1,송파구 중대로16길 15 (가락동),37.4956397,127.1260459,ArcGIS 지오코딩(주소 지점 일치)
경로당,개롱,서울특별시 송파구 가락동,1,송파구 동남로14길 17-46 (가락동),37.493146,127.133017,무더위쉼터(도로명주소 일치)
경로당,건너말,서울특별시 송파구 가락동,1,송파구 중대로10길 29 (가락동),37.491801,127.123948,무더위쉼터(도로명주소 일치)
경로당,래미안파크,서울특별시 송파구 가락동,1,송파구 동남로 225 (가락동),37.498882,127.132487,무더위쉼터(도로명주소 일치)
경로당,미륭,서울특별시 송파구 가락동,1,송파구 동남로11길 4(가락동),37.493445,127.129188,무더위쉼터(도로명주소 일치)
경로당,삼환,서울특별시 송파구 가락동,1,송파구 오금로 432 (가락동),37.4940747,127.1366611,ArcGIS 지오코딩(주소 지점 일치)
경로당,샛팽이,서울특별시 송파구 가락동,1,송파구 오금로42길 15 (가락동),37.4967963,127.1339413,무더위쉼터(도로명주소 일치)
경로당,프라자(아),서울특별시 송파구 가락동,1,송파구 문정로 125 (가락동),37.4920806,127.1343253,ArcGIS 지오코딩(주소 지점 일치)
경로당,"헬리오시티 제5단지, 헬리오시티 제4단지, 헬리오시티 제3단지, 헬리오시티 제2단지, 헬리오시티 제1단지",서울특별시 송파구 가락동,5,송파구 송파대로345 (가락동),37.499261,127.109083,무더위쉼터(도로명주소 일치)
경로당,훙이,서울특별시 송파구 가락동,1,송파구 송이로17길 48 (가락동),37.501162,127.124971,무더위쉼터(도로명주소 일치)
주민센터,가락1동 주민센터,서울특별시 송파구 가락동,1,서울특별시 송파구 양재대로 925,37.4965083,127.1098699,무더위쉼터(도로명주소 일치)
주민센터,가락본동 주민센터,서울특별시 송파구 가락동,1,서울특별시 송파구 송파대로28길 39,37.4955755,127.1217594,무더위쉼터(도로명주소 일치)
경로당,가락우성2차아파트,서울특별시 송파구 가락우성2차아파트 101동,1,송파구 중대로12길35,37.491598,127.125666,무더위쉼터(도로명주소 일치)
경로당,e편한세상송파파크센트럴,서울특별시 송파구 거여동,1,송파구 오금로 551 (거여동),37.493839,127.15051,무더위쉼터(도로명주소 일치)
경로당,거여,서울특별시 송파구 거여동,1,송파구 오금로 476-12(거여동),37.4937,127.1418,무더위쉼터(도로명주소 일치)
경로당,거여1단지,서울특별시 송파구 거여동,1,송파구 양산로8길 8(거여동),37.490958,127.144555,무더위쉼터(도로명주소 일치)
경로당,거여3단지,서울특별시 송파구 거여동,1,송파구 양산로2길 44 (거여동),37.490517,127.1477687,무더위쉼터(도로명주소 일치)
경로당,"거여4단지, 동아효성",서울특별시 송파구 거여동,2,송파구 양산로8길 18 (거여동),37.4911388,127.145805,ArcGIS 지오코딩(주소 지점 일치)
경로당,거여5단지,서울특별시 송파구 거여동,1,송파구 양산로4길 16 (거여동),37.488906,127.145349,무더위쉼터(도로명주소 일치)
경로당,거여6단지,서울특별시 송파구 거여동,1,송파구 양산로2길 38 (거여동),37.4881397,127.1465805,무더위쉼터(도로명주소 일치)
경로당,거여새마을,서울특별시 송파구 거여동,1,송파구 오금로62길 13-3 (거여동),37.4921663,127.1467602,무더위쉼터(도로명주소 일치)
경로당,거여현대3차,서울특별시 송파구 거여동,1,송파구 거마로 43 (거여동),37.4968632,127.1456728,ArcGIS 지오코딩(주소 지점 일치)
경로당,삼호,서울특별시 송파구 거여동,1,송파구 거마로9길 19 (거여동),37.496635,127.143436,무더위쉼터(도로명주소 일치)
경로당,송파레이크파크호반써밋Ⅱ,서울특별시 송파구 거여동,1,"송파구 위례송파로80(거여동, 송파레이크파크호반써밋Ⅱ)",37.4849417,127.1419181,ArcGIS 지오코딩(주소 지점 일치)
경로당,송파레이크힐,서울특별시 송파구 거여동,1,송파구 위례송파로 89(거여동),37.486016,127.144573,무더위쉼터(도로명주소 일치)
경로당,송파시그니처롯데캐슬,서울특별시 송파구 거여동,1,송파구 거마로 56(거여동),37.495954,127.14698,무더위쉼터(도로명주소 일치)
경로당,송파위례호반12단지,서울특별시 송파구 거여동,1,"송파구 위례송파로40(거여동, 송파레이크파크 호반써밋 1)",37.4832429,127.1382319,ArcGIS 지오코딩(주소 지점 일치)
경로당,어울림(아),서울특별시 송파구 거여동,1,송파구 오금로56길 28 (거여동),37.492026,127.143308,무더위쉼터(도로명주소 일치)
경로당,영풍,서울특별시 송파구 거여동,1,송파구 오금로51길 20(거여동),37.4970482,127.1410177,무더위쉼터(도로명주소 일치)
경로당,위례포레샤인13단지,서울특별시 송파구 거여동,1,송파구 위례서이로 25(거여동),37.4823825,127.1377144,무더위쉼터(도로명주소 일치)
경로당,위례포레샤인18단지,서울특별시 송파구 거여동,1,송파구 위례북로4길 12 (거여동),37.487657,127.151991,무더위쉼터(도로명주소 일치)
경로당,포레나송파,서울특별시 송파구 거여동,1,송파구 위례송파로 123(거여동),37.485616,127.148653,무더위쉼터(도로명주소 일치)
경로당,현대1차(아),서울특별시 송파구 거여동,1,송파구 오금로54길 10 (거여동),37.4928,127.141313,무더위쉼터(도로명주소 일치)
경로당,현대2차,서울특별시 송파구 거여동,1,송파구 오금로61길 20 (거여동),37.493954,127.146916,무더위쉼터(도로명주소 일치)
보건소,송파구보건지소,서울특별시 송파구 거여동,1,"서울특별시 송파구 양산로 5 (거여동, 송파구 보건지소) 보건지소",37.4897703,127.142671,ArcGIS 지오코딩(주소 지점 일치)
주민센터,거여1동 주민센터,서울특별시 송파구 거여동,1,서울특별시 송파구 오금로53길 32,37.4969694,127.1433538,무더위쉼터(도로명주소 일치)
주민센터/도서관(공공도서관),"거여2동 주민센터, 거마도서관",서울특별시 송파구 거여동,2,서울특별시 송파구 거마로2길 19(거여동),37.493585,127.14682,무더위쉼터(도로명주소 일치)
주민센터,마천1동 주민센터,서울특별시 송파구 마천1동주민센터,1,서울특별시 송파구 마천로 303,37.495962,127.149889,무더위쉼터(도로명주소 일치)
주민센터,마천2동 주민센터,서울특별시 송파구 마천2동주민센터,1,서울특별시 송파구 마천로 287,37.49692,127.148583,무더위쉼터(도로명주소 일치)
경로당,금호,서울특별시 송파구 마천동,1,송파구 마천로57길 16 (마천동),37.4946881,127.1533694,ArcGIS 지오코딩(주소 지점 일치)
경로당,금호어울림1차,서울특별시 송파구 마천동,1,송파구 성내천로 245 (마천동),37.49824,127.154783,무더위쉼터(도로명주소 일치)
경로당,금호어울림2차,서울특별시 송파구 마천동,1,송파구 성내천로 314 (마천동),37.493307,127.155381,무더위쉼터(도로명주소 일치)
경로당,남천,서울특별시 송파구 마천동,1,송파구 성내천로33가길 16(마천동),37.500077,127.154527,무더위쉼터(도로명주소 일치)
경로당,마천,서울특별시 송파구 마천동,1,송파구 성내천로38길 4(마천동),37.497803,127.153645,무더위쉼터(도로명주소 일치)
경로당,마천우방,서울특별시 송파구 마천동,1,송파구 성내천로 211 (마천동),37.500168,127.152036,무더위쉼터(도로명주소 일치)
경로당,마천제2,서울특별시 송파구 마천동,1,송파구 성내천로30길 13 (마천동),37.498817,127.15075,무더위쉼터(도로명주소 일치)
경로당,산성,서울특별시 송파구 마천동,1,송파구 성내천로55길 16 (마천동),37.4923515,127.1582508,무더위쉼터(도로명주소 일치)
경로당,송파보훈,서울특별시 송파구 마천동,1,송파구 성내천로 306(마천동),37.4936544,127.1555396,ArcGIS 지오코딩(주소 지점 일치)
경로당,송파파크데일1단지,서울특별시 송파구 마천동,1,송파구 성내천로37길 37(마천동),37.4983291,127.158989,ArcGIS 지오코딩(주소 지점 일치)
경로당,송파파크데일2단지,서울특별시 송파구 마천동,1,송파구 성내천로47길 38 (마천동),37.4960267,127.159034,무더위쉼터(도로명주소 일치)
경로당,신동아아파트,서울특별시 송파구 마천동,1,송파구 성내천로21길 11(마천동),37.500421,127.144779,무더위쉼터(도로명주소 일치)
경로당,신마천,서울특별시 송파구 마천동,1,송파구 성내천로43마길 11-1 (마천동),37.496547,127.156269,무더위쉼터(도로명주소 일치)
경로당,아남,서울특별시 송파구 마천동,1,송파구 마천로35길 18 (마천동),37.500525,127.145992,무더위쉼터(도로명주소 일치)
경로당,용마,서울특별시 송파구 마천동,1,송파구 거마로22길 11-8(마천동),37.4990011,127.1487591,무더위쉼터(도로명주소 일치)
경로당,하마천,서울특별시 송파구 마천동,1,송파구 성내천로23길 12 (마천동),37.5017339,127.1453923,무더위쉼터(도로명주소 일치)
도서관(공공도서관),소나무언덕3호도서관,서울특별시 송파구 마천동,1,서울특별시 송파구 성내천로 319 (마천동),37.492325,127.156619,전국도서관표준데이터
주민센터,문정1동 주민센터,서울특별시 송파구 문정1동주민센터,1,서울특별시 송파구 동남로 116,37.490095,127.124149,무더위쉼터(도로명주소 일치)
주민센터,문정2동 주민센터,서울특별시 송파구 문정2동주민센터,1,서울특별시 송파구 중대로 16,37.489876,127.110798,무더위쉼터(도로명주소 일치)
경로당,문정,서울특별시 송파구 문정동,1,송파구 동남로6나길 3-6(문정동),37.488627,127.125502,무더위쉼터(도로명주소 일치)
경로당,문정건영,서울특별시 송파구 문정동,1,송파구 새말로8길 12 (문정동),37.4812617,127.1257396,ArcGIS 지오코딩(주소 지점 일치)
경로당,문정골,서울특별시 송파구 문정동,1,송파구 동남로4길 17 (문정동),37.488727,127.124729,무더위쉼터(도로명주소 일치)
경로당,문정대우1차,서울특별시 송파구 문정동,1,송파구 문정로 55(문정동),37.4867642,127.1275978,ArcGIS 지오코딩(주소 지점 일치)
경로당,문정대우3차,서울특별시 송파구 문정동,1,송파구 송이로 257(문정동),37.4874595,127.1329632,ArcGIS 지오코딩(주소 지점 일치)
경로당,문정래미안,서울특별시 송파구 문정동,1,송파구 문정로 83 (문정동),37.490838,127.130254,무더위쉼터(도로명주소 일치)
경로당,문정시영(아),서울특별시 송파구 문정동,1,송파구 송이로31길 52 (문정동),37.4913057,127.1355073,ArcGIS 지오코딩(주소 지점 일치)
경로당,문정현대,서울특별시 송파구 문정동,1,송파구 동남로 160 (문정동),37.491262,127.127896,무더위쉼터(도로명주소 일치)
경로당,송파파크하비오푸르지오,서울특별시 송파구 문정동,1,서울 송파구 송파대로 111(문정동),37.480509,127.123552,무더위쉼터(도로명주소 일치)
경로당,연화,서울특별시 송파구 문정동,1,송파구 송파대로14길 7(문정동),37.483703,127.124999,무더위쉼터(도로명주소 일치)
경로당,잔버들,서울특별시 송파구 문정동,1,송파구 새말로15길 17-5(문정동),37.485183,127.128881,무더위쉼터(도로명주소 일치)
경로당,장지,서울특별시 송파구 문정동,1,송파구 새말로10길 3-16 (문정동),37.482414,127.128429,무더위쉼터(도로명주소 일치)
경로당,화훼마을,서울특별시 송파구 문정동,1,송파구 성남대로 1565(문정동),37.469873,127.125497,무더위쉼터(도로명주소 일치)
경로당,"훼밀리제2, 훼밀리제1",서울특별시 송파구 문정동,2,송파구 중대로 24 (문정동),37.48974,127.116776,무더위쉼터(도로명주소 일치)
경로당,힐스편한,서울특별시 송파구 문정동,1,송파구 송이로31길 20(문정동),37.4888698,127.1352477,ArcGIS 지오코딩(주소 지점 일치)
경로당,대림,서울특별시 송파구 방이동,1,송파구 양재대로 1109 (방이동),37.508398,127.125276,무더위쉼터(도로명주소 일치)
경로당,몽촌,서울특별시 송파구 방이동,1,송파구 백제고분로 489 (방이동),,,
경로당,방이,서울특별시 송파구 방이동,1,송파구 가락로39길 11 (방이동),37.5119093,127.1177083,ArcGIS 지오코딩(주소 지점 일치)
경로당,신구블레스밸리,서울특별시 송파구 방이동,1,송파구 위례성대로12길 25 (방이동),37.5112698,127.1226704,ArcGIS 지오코딩(주소 지점 일치)
경로당,"오륜3단지(아), 오륜2단지, 오륜1단지(아)",서울특별시 송파구 방이동,3,송파구 양재대로 1218 (방이동),37.516696,127.13772,무더위쉼터(도로명주소 일치)
경로당,올림픽베어스타운,서울특별시 송파구 방이동,1,송파구 위례성대로 58 (방이동),37.515006,127.1186288,ArcGIS 지오코딩(주소 지점 일치)
경로당,왕천,서울특별시 송파구 방이동,1,송파구 양재대로71길 20-10 (방이동),37.511227,127.125083,무더위쉼터(도로명주소 일치)
경로당,코오롱,서울특별시 송파구 방이동,1,송파구 오금로31길 27 (방이동),37.5086092,127.1225742,ArcGIS 지오코딩(주소 지점 일치)
경로당,한양3차(아),서울특별시 송파구 방이동,1,송파구 오금로 251(방이동),37.505721,127.123025,무더위쉼터(도로명주소 일치)
주민센터,방이1동 주민센터,서울특별시 송파구 방이동,1,서울특별시 송파구 위례성대로16길 22,37.5110088,127.1238944,무더위쉼터(도로명주소 일치)
주민센터,방이2동 주민센터,서울특별시 송파구 방이동,1,"서울특별시 송파구 오금로11길 65, 리버리치 오피스텔 2층",37.5163969,127.1114183,무더위쉼터(시설명 일치)
주민센터,오륜동 주민센터,서울특별시 송파구 방이동,1,서울특별시 송파구 양재대로 1232,37.5154512,127.1342558,무더위쉼터(도로명주소 일치)
경로당,삼전제1,서울특별시 송파구 삼전동,1,송파구 백제고분로32길 6-30 (삼전동),37.501819,127.0933199,무더위쉼터(도로명주소 일치)
경로당,삼전제2,서울특별시 송파구 삼전동,1,송파구 백제고분로27길 40-24 (삼전동),37.506162,127.095494,무더위쉼터(도로명주소 일치)
주민센터,삼전동 주민센터,서울특별시 송파구 삼전동주민센터,1,서울특별시 송파구 백제고분로 236,37.502774,127.092549,무더위쉼터(도로명주소 일치)
경로당,돌마리,서울특별시 송파구 석촌동,1,송파구 가락로7길 4(석촌동),37.500519,127.103445,무더위쉼터(도로명주소 일치)
경로당,석촌,서울특별시 송파구 석촌동,1,송파구 백제고분로40길 13-16 (석촌동),37.503576,127.107443,무더위쉼터(도로명주소 일치)
경로당,오봉산,서울특별시 송파구 석촌동,1,송파구 석촌호수로20길 13 (석촌동),37.506196,127.102485,무더위쉼터(도로명주소 일치)
주민센터/도서관(공공도서관),"석촌동 주민센터, 돌마리도서관",서울특별시 송파구 석촌동주민센터,2,서울특별시 송파구 백제고분로37길 16,37.503595,127.103666,무더위쉼터(도로명주소 일치)
주민센터,송파2동 주민센터,서울특별시 송파구 송파2동주민센터,1,서울특별시 송파구 송이로 32,37.502334,127.116722,무더위쉼터(도로명주소 일치)
경로당,래미안송파파인탑,서울특별시 송파구 송파동,1,송파구 오금로32길 31(송파동),37.5034387,127.1195867,ArcGIS 지오코딩(주소 지점 일치)
경로당,삼성래미안,서울특별시 송파구 송파동,1,송파구 오금로32길 14 (송파동),37.505324,127.118969,무더위쉼터(도로명주소 일치)
경로당,삼익(아),서울특별시 송파구 송파동,1,송파구 오금로 252 (송파동),37.5055786,127.1211915,ArcGIS 지오코딩(주소 지점 일치)
경로당,성지,서울특별시 송파구 송파동,1,송파구 송이로12길 17 (송파동),37.5000118,127.1164574,ArcGIS 지오코딩(주소 지점 일치)
경로당,송파미성,서울특별시 송파구 송파동,1,송파구 오금로32길 10 (송파동),37.505717,127.119074,무더위쉼터(도로명주소 일치)
경로당,송파제1,서울특별시 송파구 송파동,1,송파구 송파대로42길 29 (송파동),37.5063428,127.1104941,무더위쉼터(도로명주소 일치)
경로당,송파제2,서울특별시 송파구 송파동,1,송파구 송파대로38길 1(송파동),37.5007,127.1119,무더위쉼터(도로명주소 일치)
경로당,한양1차,서울특별시 송파구 송파동,1,송파구 가락로 187 (송파동),37.505775,127.113832,무더위쉼터(도로명주소 일치)
경로당,한양2차,서울특별시 송파구 송파동,1,송파구 가락로 192 (송파동),37.504594,127.115094,무더위쉼터(도로명주소 일치)
경로당,호수,서울특별시 송파구 송파동,1,송파구 송파대로48길 28 (송파동),37.509914,127.1071401,무더위쉼터(도로명주소 일치)
도서관(공공도서관),소나무언덕4호작은도서관,서울특별시 송파구 송파동,1,서울특별시 송파구 송이로 34 (송파동),37.502207,127.116836,전국도서관표준데이터
주민센터,송파1동 주민센터,서울특별시 송파구 송파동,1,서울특별시 송파구 백제고분로 392,37.5063102,127.1093462,무더위쉼터(도로명주소 일치)
경로당,잠실I-SPACE,서울특별시 송파구 신천동,1,송파구 오금로 58 (신천동),37.5167605,127.1054653,ArcGIS 지오코딩(주소 지점 일치)
경로당,잠실더샵스타파크,서울특별시 송파구 신천동,1,송파구 올림픽로35가길 10(신천동),37.5166725,127.1022295,ArcGIS 지오코딩(주소 지점 일치)
경로당,장미,서울특별시 송파구 신천동,1,송파구 올림픽로35길104(신천동),37.5191307,127.1015434,ArcGIS 지오코딩(주소 지점 일치)
경로당,"파크리오4, 파크리오3, 파크리오2, 파크리오1",서울특별시 송파구 신천동,4,송파구 올림픽로 435(신천동),37.521567,127.112676,무더위쉼터(도로명주소 일치)
경로당,한신코아,서울특별시 송파구 신천동,1,송파구 올림픽로35가길 11 (신천동),37.5163298,127.1040605,ArcGIS 지오코딩(주소 지점 일치)
도서관(공공도서관),송파어린이영어도서관,서울특별시 송파구 신천동,1,서울특별시 송파구 오금로 1 (신천동),37.5223926,127.102983,전국도서관표준데이터
보건소,송파구보건소,서울특별시 송파구 신천동,1,"서울특별시 송파구 올림픽로 326 (신천동, 송파구청), 보건소 보건소",37.514614,127.106089,무더위쉼터(도로명주소 일치)
경로당,누에머리,서울특별시 송파구 오금동,1,송파구 문정로 271 (오금동),37.5021447,127.1427647,ArcGIS 지오코딩(주소 지점 일치)
경로당,목련,서울특별시 송파구 오금동,1,송파구 동남로24길 25 (오금동),37.498975,127.139168,무더위쉼터(도로명주소 일치)
경로당,백토,서울특별시 송파구 오금동,1,송파구 양재대로72길 47-8(오금동),37.508208,127.132581,무더위쉼터(도로명주소 일치)
경로당,벌말,서울특별시 송파구 오금동,1,송파구 동남로28길 23 (오금동),37.501825,127.140027,무더위쉼터(도로명주소 일치)
경로당,삼성,서울특별시 송파구 오금동,1,송파구 문정로 197 (오금동),37.496405,127.139449,무더위쉼터(도로명주소 일치)
경로당,송파더플래티넘,서울특별시 송파구 오금동,1,송파구 성내천로 50(오금동),37.502687,127.135842,무더위쉼터(도로명주소 일치)
경로당,송파두산위브(아),서울특별시 송파구 오금동,1,송파구 성내천로 103(오금동),37.500474,127.141433,무더위쉼터(도로명주소 일치)
경로당,송파레미니스1단지,서울특별시 송파구 오금동,1,송파구 성내천로 6 (오금동),37.5076911,127.135683,무더위쉼터(도로명주소 일치)
경로당,송파레미니스2단지,서울특별시 송파구 오금동,1,송파구 동남로 341 (오금동),37.5063981,127.1381181,무더위쉼터(도로명주소 일치)
경로당,오금,서울특별시 송파구 오금동,1,송파구 성내천로10길 4(오금동),37.502087,127.136234,무더위쉼터(도로명주소 일치)
경로당,오금대림,서울특별시 송파구 오금동,1,송파구 위례성대로 176 (오금동),37.5100978,127.1301176,ArcGIS 지오코딩(주소 지점 일치)
경로당,오금우방(아),서울특별시 송파구 오금동,1,송파구 성내천로 87 (오금동),37.501427,127.139824,무더위쉼터(도로명주소 일치)
경로당,오금현대(아),서울특별시 송파구 오금동,1,송파구 오금로35길 17 (오금동),37.505977,127.126416,무더위쉼터(도로명주소 일치)
경로당,현대백조(아),서울특별시 송파구 오금동,1,송파구 양재대로72길 15 (오금동),37.509436,127.129278,무더위쉼터(도로명주소 일치)
경로당,현대백조(아)102동,서울특별시 송파구 오금동,1,송파구 양재대로 72길  20(오금동),37.508996,127.128678,무더위쉼터(도로명주소 일치)
주민센터,오금동 주민센터,서울특별시 송파구 오금동주민센터,1,서울특별시 송파구 오금로25길 5,37.50294,127.128098,무더위쉼터(시설명 일치)
경로당,위례2차아이파크,서울특별시 송파구 위례동,1,송파구 위례광장로 230(위례동),37.479786,127.143704,무더위쉼터(도로명주소 일치)
경로당,위례송파푸르지오,서울특별시 송파구 위례동,1,송파구 위례광장로185(위례동),37.480741,127.141227,무더위쉼터(도로명주소 일치)
경로당,위례아이파크1차,서울특별시 송파구 위례동,1,송파구 위례광장로 136(위례동),37.476508,127.142532,무더위쉼터(도로명주소 일치)
경로당,위례포레샤인,서울특별시 송파구 위례동,1,송파구 위례순환로 477(위례동),37.4761923,127.1352796,무더위쉼터(도로명주소 일치)
경로당,힐스테이트송파위례,서울특별시 송파구 위례동,1,송파구 위례광장로 170(위례동),37.479879,127.142373,무더위쉼터(도로명주소 일치)
주민센터/도서관(공공도서관),"위례동 주민센터, 송파위례도서관",서울특별시 송파구 위례동주민센터,2,서울특별시 송파구 위례광장로 210,37.481142,127.143948,무더위쉼터(도로명주소 일치)
주민센터,잠실2동 주민센터,서울특별시 송파구 잠실2동주민센터,1,서울특별시 송파구 올림픽로 159,37.511945,127.088517,무더위쉼터(도로명주소 일치)
주민센터,잠실3동 주민센터,서울특별시 송파구 잠실3동주민센터,1,서울특별시 송파구 잠실로 51-31,37.513281,127.094238,무더위쉼터(도로명주소 일치)
주민센터,잠실4동 주민센터,서울특별시 송파구 잠실4동주민센터,1,서울특별시 송파구 올림픽로35길 16,37.520113,127.112233,무더위쉼터(도로명주소 일치)
주민센터,잠실6동 주민센터,서울특별시 송파구 잠실6동주민센터,1,서울특별시 송파구 올림픽로 35길120,37.518137,127.100657,무더위쉼터(도로명주소 일치)
경로당,레이크팰리스,서울특별시 송파구 잠실동,1,송파구 잠실로 88(잠실동),37.507845,127.094913,무더위쉼터(도로명주소 일치)
경로당,리센츠,서울특별시 송파구 잠실동,1,송파구 올림픽로 135 (잠실동),37.513201,127.090555,무더위쉼터(도로명주소 일치)
경로당,신잠실,서울특별시 송파구 잠실동,1,송파구 백제고분로18길 20-36 (잠실동),37.503913,127.082262,무더위쉼터(도로명주소 일치)
경로당,신천,서울특별시 송파구 잠실동,1,송파구 석촌호수로12길 1-17 (잠실동),37.508229,127.08663,무더위쉼터(도로명주소 일치)
경로당,아시아선수촌(아),서울특별시 송파구 잠실동,1,송파구 올림픽로4길 15 (잠실동),37.507526,127.076346,무더위쉼터(도로명주소 일치)
경로당,"엘스어르신쉼터, 잠실엘스",서울특별시 송파구 잠실동,2,송파구 올림픽로 99 (잠실동),37.51467,127.083991,무더위쉼터(도로명주소 일치)
경로당,우성4차,서울특별시 송파구 잠실동,1,송파구 백제고분로18길 30 (잠실동),37.503151,127.082808,무더위쉼터(도로명주소 일치)
경로당,잠실5,서울특별시 송파구 잠실동,1,송파구 송파대로 567 (잠실동),37.515954,127.094464,무더위쉼터(도로명주소 일치)
경로당,잠실7우성(아),서울특별시 송파구 잠실동,1,송파구 올림픽로4길 42 (잠실동),37.50659,127.072298,무더위쉼터(도로명주소 일치)
경로당,잠전,서울특별시 송파구 잠실동,1,송파구 백제고분로15길 7 (잠실동),37.5062192,127.0841783,ArcGIS 지오코딩(주소 지점 일치)
경로당,트리지움,서울특별시 송파구 잠실동,1,송파구 잠실로 62(잠실동),37.50936,127.090032,무더위쉼터(도로명주소 일치)
경로당,현대(아),서울특별시 송파구 잠실동,1,송파구 백제고분로18길 7(잠실동),37.5041147,127.0852077,ArcGIS 지오코딩(주소 지점 일치)
도서관(공공도서관),소나무언덕2호도서관,서울특별시 송파구 잠실동,1,서울특별시 송파구 석촌호수로 155 (잠실동),37.5072667,127.0942173,전국도서관표준데이터
도서관(공공도서관),소나무언덕잠실본동도서관,서울특별시 송파구 잠실동,1,서울특별시 송파구 탄천동로 205 (잠실동),37.5030508,127.0768362,전국도서관표준데이터
도서관(공공도서관),송파어린이도서관,서울특별시 송파구 잠실동,1,서울특별시 송파구 올림픽로 105 (잠실동),37.5121013,127.0824285,전국도서관표준데이터
주민센터,잠실7동 주민센터,서울특별시 송파구 잠실동,1,서울특별시 송파구 올림픽로4길 17,37.5087448,127.0772764,무더위쉼터(도로명주소 일치)
주민센터,잠실본동 주민센터,서울특별시 송파구 잠실동,1,서울특별시 송파구 백제고분로 145(잠실동),37.506066,127.083187,무더위쉼터(도로명주소 일치)
경로당,송파꿈에그린,서울특별시 송파구 장지동,1,송파구 위례광장로121(장지동),37.476276,127.139569,무더위쉼터(도로명주소 일치)
경로당,송파더센트레,서울특별시 송파구 장지동,1,송파구 위례광장로163(장지동),37.478611,127.141333,무더위쉼터(도로명주소 일치)
경로당,송파와이즈더샵,서울특별시 송파구 장지동,1,송파구 위례광장로 270(장지동),37.475812,127.143232,무더위쉼터(도로명주소 일치)
경로당,파인타운10단지,서울특별시 송파구 장지동,1,송파구 송파대로8길 20 (장지동),37.4778183,127.1317365,ArcGIS 지오코딩(주소 지점 일치)
경로당,파인타운11단지,서울특별시 송파구 장지동,1,송파구 송파대로8길 58 (장지동),37.4804575,127.1332508,ArcGIS 지오코딩(주소 지점 일치)
경로당,파인타운13단지,서울특별시 송파구 장지동,1,송파구 송파대로8길 10 (장지동),37.477053,127.128177,무더위쉼터(도로명주소 일치)
경로당,파인타운1단지,서울특별시 송파구 장지동,1,송파구 충민로 188 (장지동),37.4864508,127.1340311,ArcGIS 지오코딩(주소 지점 일치)
경로당,파인타운2단지,서울특별시 송파구 장지동,1,송파구 충민로 151 (장지동),37.4844526,127.1311434,ArcGIS 지오코딩(주소 지점 일치)
경로당,파인타운3단지,서울특별시 송파구 장지동,1,송파구 충민로 152 (장지동),37.483619,127.133654,무더위쉼터(도로명주소 일치)
경로당,파인타운4단지,서울특별시 송파구 장지동,1,송파구 새말로12길 16(장지동),37.4820278,127.1301293,ArcGIS 지오코딩(주소 지점 일치)
경로당,파인타운5단지,서울특별시 송파구 장지동,1,송파구 충민로4길 5(장지동),37.4802384,127.1301479,ArcGIS 지오코딩(주소 지점 일치)
경로당,파인타운6단지,서울특별시 송파구 장지동,1,송파구 충민로6길 14(장지동),37.4801481,127.1323261,ArcGIS 지오코딩(주소 지점 일치)
경로당,파인타운7단지,서울특별시 송파구 장지동,1,송파구 충민로4길 19 (장지동),37.4792099,127.1299526,ArcGIS 지오코딩(주소 지점 일치)
경로당,파인타운8단지,서울특별시 송파구 장지동,1,송파구 충민로4길 6(장지동),37.479116,127.1292681,ArcGIS 지오코딩(주소 지점 일치)
경로당,파인타운9단지,서울특별시 송파구 장지동,1,송파구 송파대로8길 17 (장지동),37.4785889,127.1296454,ArcGIS 지오코딩(주소 지점 일치)
도서관(공공도서관),송파글마루도서관,서울특별시 송파구 장지동,1,서울특별시 송파구 충민로 120 (장지동),37.4808327,127.1304766,전국도서관표준데이터
주민센터,장지동 주민센터,서울특별시 송파구 장지동복합청사,1,서울특별시 송파구 새말로19길 6,37.488503,127.132677,무더위쉼터(시설명 일치)
주민센터,풍납1동 주민센터,서울특별시 송파구 풍납1동주민센터,1,서울특별시 송파구 천호대로152길 7,37.53808,127.12208,무더위쉼터(도로명주소 일치)
경로당,극동,서울특별시 송파구 풍납동,1,송파구 올림픽로45길 11 (풍납동),37.526626,127.116736,무더위쉼터(도로명주소 일치)
경로당,대아(아),서울특별시 송파구 풍납동,1,송파구 풍성로 52 (풍납동),37.533518,127.118216,무더위쉼터(도로명주소 일치)
경로당,동아한가람,서울특별시 송파구 풍납동,1,송파구 한가람로 448 (풍납동),37.537448,127.11533,무더위쉼터(도로명주소 일치)
경로당,송파현대힐스테이트,서울특별시 송파구 풍납동,1,송파구 풍성로26길 31(풍납동),37.53125,127.118802,무더위쉼터(도로명주소 일치)
경로당,신성노바빌,서울특별시 송파구 풍납동,1,송파구 한가람로 468 (풍납동),37.5383136,127.1168793,ArcGIS 지오코딩(주소 지점 일치)
경로당,씨티극동아파트,서울특별시 송파구 풍납동,1,송파구 한가람로 478 (풍납동),37.539154,127.117786,무더위쉼터(도로명주소 일치)
경로당,잠실올림픽공원아이파크,서울특별시 송파구 풍납동,1,송파구 올림픽로43길 34 (풍납동),37.525452,127.114202,무더위쉼터(도로명주소 일치)
경로당,토성,서울특별시 송파구 풍납동,1,송파구 토성로 19길 37 (풍납동),37.5315744,127.1195816,무더위쉼터(도로명주소 일치)
경로당,풍납2미성(아),서울특별시 송파구 풍납동,1,송파구 풍성로 14 (풍납동),37.534147,127.113732,무더위쉼터(도로명주소 일치)
경로당,풍납제1,서울특별시 송파구 풍납동,1,송파구 풍성로 67 (풍납동),37.533612,127.12,무더위쉼터(도로명주소 일치)
경로당,풍납제2,서울특별시 송파구 풍납동,1,송파구 바람드리9길 18-1(풍납동),37.5389958,127.1199027,ArcGIS 지오코딩(주소 지점 일치)
경로당,풍납현대,서울특별시 송파구 풍납동,1,송파구 올림픽로 525 (풍납동),37.5294,127.118935,무더위쉼터(도로명주소 일치)
경로당,풍산,서울특별시 송파구 풍납동,1,송파구 토성로 37 (풍납동),37.5301951,127.114522,ArcGIS 지오코딩(주소 지점 일치)
경로당,풍성,서울특별시 송파구 풍납동,1,송파구 풍성로25길 21-9(풍납동),37.5356712,127.1205294,무더위쉼터(도로명주소 일치)
경로당,한강극동,서울특별시 송파구 풍납동,1,송파구 토성로 38-6(풍납동),37.529591,127.112349,무더위쉼터(도로명주소 일치)
경로당,해모로,서울특별시 송파구 풍납동,1,송파구 풍성로26길 47(풍납동),37.529936,127.117153,무더위쉼터(도로명주소 일치)
경로당/도서관(공공도서관),"쌍용(아), 소나무언덕1호작은도서관",서울특별시 송파구 풍납동,2,송파구 올림픽로47길 9(풍납동),37.526805,127.117712,무더위쉼터(도로명주소 일치)
주민센터,풍납2동 주민센터,서울특별시 송파구 풍납동,1,서울특별시 송파구 토성로52,37.5292964,127.1156452,무더위쉼터(도로명주소 일치)
경로당,한두,서울특별시 양천구,1,"목동중앙북로8라길 28, B01호",37.5465624,126.8636496,ArcGIS 지오코딩(주소 지점 일치)
도서관(공공도서관),갈산도서관,서울특별시 양천구,1,서울특별시 양천구 목동남로 4길 48-6,37.508816,126.867312,전국도서관표준데이터
도서관(공공도서관),개울건강도서관,서울특별시 양천구,1,서울특별시 양천구 중앙로52길 56,37.525988,126.856603,전국도서관표준데이터
도서관(공공도서관),미감도서관,서울특별시 양천구,1,서울특별시 양천구 목동중앙남로 57-10,37.538939,126.865463,전국도서관표준데이터
도서관(공공도서관),영어특성화도서관,서울특별시 양천구,1,서울특별시 양천구 목동동로 81,37.515936,126.863865,전국도서관표준데이터
도서관(공공도서관),해맞이역사도서관,서울특별시 양천구,1,서울특별시 양천구 지양로 37,37.519076,126.835607,전국도서관표준데이터
도서관(작은도서관),모새미작은도서관,서울특별시 양천구,1,서울특별시 양천구 목동중앙서로7길 16-18,37.5336179,126.867173,전국도서관표준데이터
도서관(작은도서관),"새아름작은도서관, 넓은들작은도서관",서울특별시 양천구,2,서울특별시 양천구 남부순환로 88길 5-7,37.511433,126.841513,전국도서관표준데이터
도서관(작은도서관),호롱불작은도서관,서울특별시 양천구,1,서울특별시 양천구 목동동로 152,37.519195,126.870565,전국도서관표준데이터
경로당,건영(아),서울특별시 양천구 목동,1,목동중앙본로22길 63(목동),37.542352,126.872795,무더위쉼터(도로명주소 일치)
경로당,극동늘푸른(아),서울특별시 양천구 목동,1,목동중앙본로 10(목동),37.53809,126.872562,무더위쉼터(도로명주소 일치)
경로당,금강에스쁘아(아),서울특별시 양천구 목동,1,목동중앙본로 15(목동),37.5379365,126.8714755,ArcGIS 지오코딩(주소 지점 일치)
경로당,금호베스트빌(아),서울특별시 양천구 목동,1,목동중앙북로8길 111(목동),37.54441,126.867116,무더위쉼터(도로명주소 일치)
경로당,금호타운아파트,서울특별시 양천구 목동,1,목동중앙남로3길 11(목동),37.5361087,126.8671537,ArcGIS 지오코딩(주소 지점 일치)
경로당,나말,서울특별시 양천구 목동,1,목동중앙남로 97(목동),,,
경로당,달거리,서울특별시 양천구 목동,1,"목동중앙북로20길 17, 103호(목동)",37.545434,126.875939,무더위쉼터(도로명주소 일치)
경로당,대원칸타빌(아),서울특별시 양천구 목동,1,목동중앙로 11(목동),37.5321843,126.867884,ArcGIS 지오코딩(주소 지점 일치)
경로당,대원칸타빌1차(아),서울특별시 양천구 목동,1,목동로 224(목동),37.528637,126.865223,무더위쉼터(도로명주소 일치)
경로당,롯데캐슬위너,서울특별시 양천구 목동,1,목동중앙북로 38(목동),37.5472205,126.8676944,ArcGIS 지오코딩(주소 지점 일치)
경로당,마장,서울특별시 양천구 목동,1,목동중앙서로8길 23(목동),37.5316,126.8663,무더위쉼터(도로명주소 일치)
경로당,만수(현대A 107-108),서울특별시 양천구 목동,1,목동동로12길 59(목동),37.523919,126.877558,무더위쉼터(도로명주소 일치)
경로당,목동1단지(아),서울특별시 양천구 목동,1,목동서로 38(목동),37.540277,126.8779,무더위쉼터(도로명주소 일치)
경로당,목동2단지(아),서울특별시 양천구 목동,1,목동서로 70(목동),37.538077,126.87621,무더위쉼터(도로명주소 일치)
경로당,목동2차성원(아),서울특별시 양천구 목동,1,목동중앙남로 100(목동),37.542755,126.863471,무더위쉼터(도로명주소 일치)
경로당,목동3단지(아),서울특별시 양천구 목동,1,목동서로 100(목동),37.534533,126.871977,무더위쉼터(도로명주소 일치)
경로당,목동3차 월드메르디앙(아),서울특별시 양천구 목동,1,목동동로 270(목동),37.525366,126.875807,무더위쉼터(도로명주소 일치)
경로당,목동4단지(아),서울특별시 양천구 목동,1,목동서로 130(목동),37.532209,126.870939,무더위쉼터(도로명주소 일치)
경로당,목동5단지(아),서울특별시 양천구 목동,1,목동동로 350(목동),37.533659,126.881767,무더위쉼터(도로명주소 일치)
경로당,목동6단지(아),서울특별시 양천구 목동,1,목동동로 430(목동),37.533421,126.884219,무더위쉼터(도로명주소 일치)
경로당,목동7단지(아),서울특별시 양천구 목동,1,목동로 212(목동),37.528429,126.86782,무더위쉼터(도로명주소 일치)
경로당,목동e편한세상(아),서울특별시 양천구 목동,1,목동중앙로7길 32(목동),37.539541,126.870797,무더위쉼터(도로명주소 일치)
경로당,목동금호어울림(아),서울특별시 양천구 목동,1,목동중앙서로 37(목동),37.5340726,126.8679894,ArcGIS 지오코딩(주소 지점 일치)
경로당,목동금호제1차,서울특별시 양천구 목동,1,목동동로 258(목동),37.5249605,126.8750057,ArcGIS 지오코딩(주소 지점 일치)
경로당,목동대림(아),서울특별시 양천구 목동,1,목동동로12길 23(목동),37.523849,126.874171,무더위쉼터(도로명주소 일치)
경로당,목동롯데캐슬마에스트로,서울특별시 양천구 목동,1,목동중앙북로8길 71(목동),37.5448389,126.8660145,ArcGIS 지오코딩(주소 지점 일치)
경로당,목동성원아파트,서울특별시 양천구 목동,1,목동서로234(목동),37.526333,126.869648,무더위쉼터(도로명주소 일치)
경로당,목동우성(아),서울특별시 양천구 목동,1,목동중앙로 143(목동),37.541554,126.875752,무더위쉼터(도로명주소 일치)
경로당,목동트윈빌,서울특별시 양천구 목동,1,목동동로 339(목동),37.532332,126.87695,무더위쉼터(도로명주소 일치)
경로당,"목동한신청구(아), 한신(아)",서울특별시 양천구 목동,2,목동서로2길 22(목동),37.542194,126.880313,무더위쉼터(도로명주소 일치)
경로당,목동현대1차(아),서울특별시 양천구 목동,1,목동동로 240(목동),37.5256216,126.8732068,ArcGIS 지오코딩(주소 지점 일치)
경로당,목동현대2차(아),서울특별시 양천구 목동,1,목동동로 202(목동),37.523311,126.872085,무더위쉼터(도로명주소 일치)
경로당,목동현대아이파크(아),서울특별시 양천구 목동,1,목동로 230(목동),37.52925,126.865574,무더위쉼터(도로명주소 일치)
경로당,목동현대하이페리온,서울특별시 양천구 목동,1,목동동로 257(목동),37.5271635,126.8755909,ArcGIS 지오코딩(주소 지점 일치)
경로당,백석,서울특별시 양천구 목동,1,목동중앙북로8길 76(목동),37.5453238,126.8649271,무더위쉼터(도로명주소 일치)
경로당,부영그린타운2차(아),서울특별시 양천구 목동,1,목동동로 401(목동),37.5363752,126.8811264,ArcGIS 지오코딩(주소 지점 일치)
경로당,부영그린타운3차(아),서울특별시 양천구 목동,1,목동동로 411(목동),37.5367262,126.8822137,ArcGIS 지오코딩(주소 지점 일치)
경로당,삼익아파트,서울특별시 양천구 목동,1,목동동로12길 45(목동),37.523213,126.876255,무더위쉼터(도로명주소 일치)
경로당,새말,서울특별시 양천구 목동,1,목동중앙본로2길 13-11(목동),37.5398021,126.8701069,ArcGIS 지오코딩(주소 지점 일치)
경로당,세종그랑시아(아),서울특별시 양천구 목동,1,목동중앙남로3가길 59(목동),37.538237,126.86396,무더위쉼터(도로명주소 일치)
경로당,양화,서울특별시 양천구 목동,1,목동중앙북로16길 34-4(목동),37.5447308,126.8736112,ArcGIS 지오코딩(주소 지점 일치)
경로당,오목,서울특별시 양천구 목동,1,오목로 313(목동),37.525229,126.872261,무더위쉼터(도로명주소 일치)
경로당,용왕,서울특별시 양천구 목동,1,목동중앙북로24길 1-31(목동),37.5462019,126.8797668,ArcGIS 지오코딩(주소 지점 일치)
경로당,월드메르디앙(아),서울특별시 양천구 목동,1,목동중앙본로 34(목동),37.539319,126.870285,무더위쉼터(도로명주소 일치)
경로당,월촌,서울특별시 양천구 목동,1,목동중앙본로28길 37(목동),37.5433047,126.8724665,ArcGIS 지오코딩(주소 지점 일치)
경로당,정목,서울특별시 양천구 목동,1,목동중앙남로4길 20(목동),37.5369,126.8683,무더위쉼터(도로명주소 일치)
경로당,청목(목1동 구립),서울특별시 양천구 목동,1,오목로 320-1(목동),37.5243277,126.8727969,ArcGIS 지오코딩(주소 지점 일치)
경로당,청산,서울특별시 양천구 목동,1,목동중앙남로3가길 68(목동),37.5387,126.8645,무더위쉼터(도로명주소 일치)
경로당,트라팰리스,서울특별시 양천구 목동,1,오목로 299(목동),37.526277,126.87133,무더위쉼터(도로명주소 일치)
보건소,목동보건지소,서울특별시 양천구 목동,1,"서울특별시 양천구 목동중앙본로7가길 11 (목동, 목동보건지소) 목동보건지소",37.540085,126.866986,무더위쉼터(도로명주소 일치)
주민센터,목4동 주민센터,서울특별시 양천구 목동,1,서울특별시 양천구 목동중앙로 25,37.5324,126.8684,무더위쉼터(시설명 일치)
주민센터/도서관(공공도서관),"목5동 주민센터, 목마교육도서관",서울특별시 양천구 목동,2,서울특별시 양천구 목동서로 41,37.5372017,126.8817045,무더위쉼터(도로명주소 일치)
주민센터/도서관(작은도서관),"목1동 주민센터, 목1동도서방 (목1동주민센터 2층)",서울특별시 양천구 목동,2,서울특별시 양천구 목동서로 192,37.530337,126.871362,무더위쉼터(시설명 일치)
주민센터/도서관(작은도서관),"목2동 주민센터, 달마을작은도서관",서울특별시 양천구 목동,2,서울특별시 양천구 목동중앙본로 120,37.5461,126.8717,무더위쉼터(시설명 일치)
주민센터/도서관(작은도서관),"목3동 주민센터, 꿈자람작은도서관",서울특별시 양천구 목동,2,서울특별시 양천구 목동중앙남로16나길 55,37.5447,126.8645,무더위쉼터(도로명주소 일치)
주민센터,신월6동 주민센터,서울특별시 양천구 신월6동행정복합타운,1,서울특별시 양천구 남부순환로83길 53,37.518004,126.845134,무더위쉼터(도로명주소 일치)
주민센터,신월7동 주민센터,서울특별시 양천구 신월7동주민센터,1,서울특별시 양천구 지양로14길 17,37.524237,126.832909,무더위쉼터(도로명주소 일치)
경로당,강월,서울특별시 양천구 신월동,1,남부순환로82길 29(신월동),37.515571,126.836308,무더위쉼터(도로명주소 일치)
경로당,경복,서울특별시 양천구 신월동,1,남부순환로54길 55-20(신월동),37.5309063,126.8256082,ArcGIS 지오코딩(주소 지점 일치)
경로당,곰달래,서울특별시 양천구 신월동,1,남부순환로63길 16-4(신월동),37.5286,126.8348,무더위쉼터(도로명주소 일치)
경로당,금실,서울특별시 양천구 신월동,1,"지양로7길 27-14(신월동, 건우주택)",37.5193389,126.8316229,ArcGIS 지오코딩(주소 지점 일치)
경로당,금용(아),서울특별시 양천구 신월동,1,신월로17길 22(신월동),37.520564,126.842435,무더위쉼터(도로명주소 일치)
경로당,금하뜨라네(아),서울특별시 양천구 신월동,1,"가로공원로56길 10 (신월동),  106동 1층(신월동)",37.533581,126.823917,무더위쉼터(도로명주소 일치)
경로당,길훈(아),서울특별시 양천구 신월동,1,지양로 101(신월동),37.5239272,126.8314703,ArcGIS 지오코딩(주소 지점 일치)
경로당,늘푸른,서울특별시 양천구 신월동,1,지양로10길 5(신월동),37.523106,126.833336,무더위쉼터(도로명주소 일치)
경로당,당곡,서울특별시 양천구 신월동,1,오목로 64-27(신월동) 1층,37.5220772,126.8450163,ArcGIS 지오코딩(주소 지점 일치)
경로당,대림(아),서울특별시 양천구 신월동,1,오목로13길 7(신월동),37.523451,126.845315,무더위쉼터(도로명주소 일치)
경로당,대방샤인힐(아),서울특별시 양천구 신월동,1,신월로9길 37(신월동),37.520337,126.838825,무더위쉼터(도로명주소 일치)
경로당,대주파크빌,서울특별시 양천구 신월동,1,남부순환로85길 16(신월동),37.514746,126.842302,무더위쉼터(도로명주소 일치)
경로당,동방(아),서울특별시 양천구 신월동,1,신월로 220(신월동),37.521453,126.846476,무더위쉼터(도로명주소 일치)
경로당,동원데자뷰아파트,서울특별시 양천구 신월동,1,화곡로3길 43(신월동),37.543171,126.827894,무더위쉼터(도로명주소 일치)
경로당,동원데자뷰아파트(신월2동),서울특별시 양천구 신월동,1,오목로 76-2(신월동),37.522045,126.845502,무더위쉼터(도로명주소 일치)
경로당,목동센트럴아이파크1단지,서울특별시 양천구 신월동,1,남부순환로83길 17(신월동),37.51642,126.842038,무더위쉼터(도로명주소 일치)
경로당,목동센트럴아이파크2단지,서울특별시 양천구 신월동,1,남부순환로83길 18(신월동),37.516131,126.843054,무더위쉼터(도로명주소 일치)
경로당,목동센트럴아이파크3단지,서울특별시 양천구 신월동,1,남부순환로83길 48(신월동),37.517033,126.845029,무더위쉼터(도로명주소 일치)
경로당,목동센트럴아이파크4단지,서울특별시 양천구 신월동,1,남부순환로83길 47(신월동),37.518906,126.844603,무더위쉼터(도로명주소 일치)
경로당,밝은빛,서울특별시 양천구 신월동,1,오목로 28-9(신월동),37.521453,126.84139,무더위쉼터(도로명주소 일치)
경로당,벽산블루밍1단지,서울특별시 양천구 신월동,1,신정로13길 50(신월동),37.51362,126.842419,무더위쉼터(도로명주소 일치)
경로당,벽산블루밍2단지,서울특별시 양천구 신월동,1,신정로13길 51(신월동),37.513283,126.841903,무더위쉼터(도로명주소 일치)
경로당,성원(아),서울특별시 양천구 신월동,1,곰달래로2길 16(신월동),37.5279474,126.8343169,ArcGIS 지오코딩(주소 지점 일치)
경로당,소망,서울특별시 양천구 신월동,1,오목로1길 10(신월동),37.5221,126.8381,무더위쉼터(도로명주소 일치)
경로당,수명,서울특별시 양천구 신월동,1,화곡로5길 23(신월동),37.541573,126.828761,무더위쉼터(도로명주소 일치)
경로당,수명산SK뷰 실버하우스(아),서울특별시 양천구 신월동,1,월정로 306(신월동),37.543994,126.829913,무더위쉼터(도로명주소 일치)
경로당,수명산롯데캐슬(아),서울특별시 양천구 신월동,1,월정로 303(신월동),37.545099,126.828467,무더위쉼터(도로명주소 일치)
경로당,신곡,서울특별시 양천구 신월동,1,중앙로 55길 51(신월동),37.5256195,126.8435589,ArcGIS 지오코딩(주소 지점 일치)
경로당,신남,서울특별시 양천구 신월동,1,남부순환로56가길 13(신월동),37.5313,126.8302,무더위쉼터(도로명주소 일치)
경로당,신대,서울특별시 양천구 신월동,1,곰달래로1길 37(신월동),37.5327,126.8313,무더위쉼터(도로명주소 일치)
경로당,신도브래뉴신월2차(아),서울특별시 양천구 신월동,1,화곡로3길 34(신월동),37.541671,126.827815,무더위쉼터(도로명주소 일치)
경로당,신도신월1차(아),서울특별시 양천구 신월동,1,신월로20길 33(신월동),37.518099,126.846526,무더위쉼터(도로명주소 일치)
경로당,신안약수(아),서울특별시 양천구 신월동,1,중앙로29길 55(신월동),37.517387,126.847068,무더위쉼터(도로명주소 일치)
경로당,신안파크(아),서울특별시 양천구 신월동,1,지양로15길 20(신월동),37.5226943,126.8299649,ArcGIS 지오코딩(주소 지점 일치)
경로당,신양,서울특별시 양천구 신월동,1,남부순환로33길 38 (신월동),37.538337,126.83149,무더위쉼터(도로명주소 일치)
경로당,신원,서울특별시 양천구 신월동,1,남부순환로46길 12(신월동),37.534,126.8279,무더위쉼터(도로명주소 일치)
경로당,신월2차보람쉬움(아),서울특별시 양천구 신월동,1,오목로1길 46(신월동),37.524706,126.837159,무더위쉼터(도로명주소 일치)
경로당,신월4동 롯데캐슬(아),서울특별시 양천구 신월동,1,오목로5길 19(신월동),37.523349,126.840314,무더위쉼터(도로명주소 일치)
경로당,신월대성유니드(아),서울특별시 양천구 신월동,1,신월로15길 21(신월동),37.520568,126.840661,무더위쉼터(도로명주소 일치)
경로당,신월시영(아),서울특별시 양천구 신월동,1,신월로 99(신월동),37.518241,126.835459,무더위쉼터(도로명주소 일치)
경로당,신월약수,서울특별시 양천구 신월동,1,지양로11길 16-16(신월동),37.522195,126.83098,무더위쉼터(도로명주소 일치)
경로당,신정뉴타운 두산위브,서울특별시 양천구 신월동,1,신월로20길 7(신월동),37.518592,126.845477,무더위쉼터(도로명주소 일치)
경로당,신정뉴타운 롯데캐슬,서울특별시 양천구 신월동,1,중앙로29길 61(신월동),37.519343,126.847456,무더위쉼터(도로명주소 일치)
경로당,양천벽산블루밍(아),서울특별시 양천구 신월동,1,월정로9길 20(신월동),37.525276,126.83816,무더위쉼터(도로명주소 일치)
경로당,우당(아),서울특별시 양천구 신월동,1,오목로 90(신월동),37.522858,126.847596,무더위쉼터(도로명주소 일치)
경로당,월성,서울특별시 양천구 신월동,1,곰달래로11길 24(신월동),37.532029,126.83579,무더위쉼터(도로명주소 일치)
경로당,자양,서울특별시 양천구 신월동,1,신월로11길 13(신월동),37.5186,126.8401,무더위쉼터(도로명주소 일치)
경로당,중앙,서울특별시 양천구 신월동,1,오목로 64-27(신월동),37.5221,126.845,무더위쉼터(도로명주소 일치)
경로당,지양,서울특별시 양천구 신월동,1,지양로17길 15(신월동),37.522652,126.828194,무더위쉼터(도로명주소 일치)
경로당,태양,서울특별시 양천구 신월동,1,오목로3길 34(신월동),37.5243,126.8385,무더위쉼터(도로명주소 일치)
경로당,한울,서울특별시 양천구 신월동,1,지양로7길 27-5(신월동),37.519914,126.83257,무더위쉼터(도로명주소 일치)
경로당,해태(아),서울특별시 양천구 신월동,1,월정로 21(신월동),37.521388,126.843039,무더위쉼터(도로명주소 일치)
보건소,양천구보건지소,서울특별시 양천구 신월동,1,서울특별시 양천구 남부순환로 407 (신월동) 신월보건지소,37.5312568,126.831724,무더위쉼터(도로명주소 일치)
주민센터/도서관(공공도서관),"신월4동 주민센터, 신월음악도서관",서울특별시 양천구 신월동,2,서울특별시 양천구 오목로5길 34,37.5247285,126.8401035,무더위쉼터(도로명주소 일치)
주민센터/도서관(공공도서관),"신월5동 주민센터, 방아다리문학도서관",서울특별시 양천구 신월동,2,서울특별시 양천구 화곡로4길 10,37.5385651,126.8271627,무더위쉼터(도로명주소 일치)
주민센터/도서관(작은도서관),"신월1동 주민센터, 고운달작은도서관",서울특별시 양천구 신월동,2,서울특별시 양천구 곰달래로1길 38,37.5328,126.8315,무더위쉼터(도로명주소 일치)
주민센터/도서관(작은도서관),"신월2동 주민센터, 고운맘작은도서관",서울특별시 양천구 신월동,2,서울특별시 양천구 중앙로53길 47,37.525,126.8446,무더위쉼터(시설명 일치)
주민센터/도서관(작은도서관),"신월3동 주민센터, 달빛마을작은도서관",서울특별시 양천구 신월동,2,서울특별시 양천구 남부순환로54길 5,37.5336,126.8291,무더위쉼터(시설명 일치)
주민센터/도서관(작은도서관),"신정1동 주민센터, 그린나래미술도서관",서울특별시 양천구 신정1동주민센터,2,서울특별시 양천구 중앙로32길 1,37.518582,126.854329,무더위쉼터(도로명주소 일치)
경로당,갈산,서울특별시 양천구 신정동,1,목동남로 58-4(신정동) 대체시설,37.5091988,126.8658185,ArcGIS 지오코딩(주소 지점 일치)
경로당,경남아너스빌(아),서울특별시 양천구 신정동,1,목동동로10길 16-6(신정동),37.518241,126.870987,무더위쉼터(도로명주소 일치)
경로당,구립 목동2차우성1단지,서울특별시 양천구 신정동,1,"목동남로4길 6-46(신정동), 1층",37.505831,126.865738,무더위쉼터(도로명주소 일치)
경로당,꽃사슴,서울특별시 양천구 신정동,1,중앙로29길 108-15(신정동),37.521636,126.8485321,ArcGIS 지오코딩(주소 지점 일치)
경로당,남부법마을,서울특별시 양천구 신정동,1,은행정로6길 23(신정동),37.521712,126.861977,무더위쉼터(도로명주소 일치)
경로당,다락골,서울특별시 양천구 신정동,1,중앙로25길 33(신정동),37.513402,126.8504,무더위쉼터(도로명주소 일치)
경로당,단산,서울특별시 양천구 신정동,1,신목로 58-12(신정동),37.520161,126.8739846,ArcGIS 지오코딩(주소 지점 일치)
경로당,대림아크로빌(아),서울특별시 양천구 신정동,1,목동서로 401(신정동),37.5154102,126.8596086,ArcGIS 지오코딩(주소 지점 일치)
경로당,대성유니드1차(아),서울특별시 양천구 신정동,1,중앙로29길 102(신정동),37.52067,126.848859,무더위쉼터(도로명주소 일치)
경로당,래미안 아델리체,서울특별시 양천구 신정동,1,중앙로43길 14(신정동),37.517835,126.852086,무더위쉼터(도로명주소 일치)
경로당,목동10단지(아),서울특별시 양천구 신정동,1,목동서로 400(신정동),37.517508,126.857827,무더위쉼터(도로명주소 일치)
경로당,목동11단지(아),서울특별시 양천구 신정동,1,목동동로 10(신정동),37.510791,126.858974,무더위쉼터(도로명주소 일치)
경로당,목동12단지(아),서울특별시 양천구 신정동,1,목동동로 50(신정동),37.513118,126.861731,무더위쉼터(도로명주소 일치)
경로당,목동13단지(아),서울특별시 양천구 신정동,1,목동동로 100(신정동),37.514206,126.866245,무더위쉼터(도로명주소 일치)
경로당,목동14단지(아),서울특별시 양천구 신정동,1,목동동로 130(신정동),37.514976,126.871274,무더위쉼터(도로명주소 일치)
경로당,"목동2차 삼성래미안 2단지, 목동2차 삼성래미안 1단지",서울특별시 양천구 신정동,2,목동남로4길 81(신정동),37.510444,126.867552,무더위쉼터(도로명주소 일치)
경로당,"목동2차우성 우정 할아버지방, 목동2차우성팔각정-할머니방",서울특별시 양천구 신정동,2,목동남로4길 6-23(신정동),37.506989,126.865065,무더위쉼터(도로명주소 일치)
경로당,목동3차우성(아),서울특별시 양천구 신정동,1,목동남로4길 20(신정동),37.508679,126.865636,무더위쉼터(도로명주소 일치)
경로당,목동3차현대아파트,서울특별시 양천구 신정동,1,목동동로12길 60 (신정동),37.519718,126.877304,무더위쉼터(도로명주소 일치)
경로당,목동8단지(아),서울특별시 양천구 신정동,1,목동서로 280(신정동),37.522279,126.868233,무더위쉼터(도로명주소 일치)
경로당,목동9단지(아),서울특별시 양천구 신정동,1,목동서로 340(신정동),37.51923,126.863577,무더위쉼터(도로명주소 일치)
경로당,목동힐스테이트(아),서울특별시 양천구 신정동,1,중앙로36길 15(신정동),37.520092,126.85468,무더위쉼터(도로명주소 일치)
경로당,삼성쉐르빌(아),서울특별시 양천구 신정동,1,목동동로 189(신정동),37.5228235,126.8707424,ArcGIS 지오코딩(주소 지점 일치)
경로당,삼성제1(아)-일반,서울특별시 양천구 신정동,1,신목로 7(신정동),37.5157277,126.876251,ArcGIS 지오코딩(주소 지점 일치)
경로당,"삼성제2(아)(임대105,106동)",서울특별시 양천구 신정동,1,신목로 5(신정동),37.517218,126.876866,무더위쉼터(도로명주소 일치)
경로당,서부,서울특별시 양천구 신정동,1,신정중앙로17길 15(신정동),37.5283,126.8599,무더위쉼터(도로명주소 일치)
경로당,수정(아),서울특별시 양천구 신정동,1,신정로13길 35(신정동),37.513156,126.841779,무더위쉼터(도로명주소 일치)
경로당,신정2동 롯데캐슬(아),서울특별시 양천구 신정동,1,신목로12길 22(신정동),37.519754,126.875295,무더위쉼터(도로명주소 일치)
경로당,신정5차현대(아),서울특별시 양천구 신정동,1,신정로 300(신정동),37.512884,126.854291,무더위쉼터(도로명주소 일치)
경로당,신정6차현대(아),서울특별시 양천구 신정동,1,신정로 170(신정동),37.507748,126.840737,무더위쉼터(도로명주소 일치)
경로당,신정e편한세상,서울특별시 양천구 신정동,1,신정로13길 38(신정동),37.5123064,126.8435119,ArcGIS 지오코딩(주소 지점 일치)
경로당,신정대성유니드2차(아),서울특별시 양천구 신정동,1,중앙로29길 108(신정동),37.5210425,126.8482934,ArcGIS 지오코딩(주소 지점 일치)
경로당,신정동일하이빌(아),서울특별시 양천구 신정동,1,신정로11길 20(신정동),37.510814,126.840314,무더위쉼터(도로명주소 일치)
경로당,신정명지해드는터(아),서울특별시 양천구 신정동,1,신목로 43(신정동),37.518503,126.872437,무더위쉼터(도로명주소 일치)
경로당,신정숲속마을(아),서울특별시 양천구 신정동,1,신정로 110 (신정동),37.505967,126.835059,무더위쉼터(도로명주소 일치)
경로당,신정이펜하우스 1단지,서울특별시 양천구 신정동,1,신정이펜1로 99(신정동),37.514827,126.826895,무더위쉼터(도로명주소 일치)
경로당,신정이펜하우스 2단지,서울특별시 양천구 신정동,1,신정이펜2로 55(신정동),37.515388,126.830371,무더위쉼터(도로명주소 일치)
경로당,신정이펜하우스 3단지,서울특별시 양천구 신정동,1,신정이펜1로 50(신정동),37.512167,126.830972,무더위쉼터(도로명주소 일치)
경로당,신정이펜하우스 4단지,서울특별시 양천구 신정동,1,신정이펜1로 51(신정동),37.510652,126.829891,무더위쉼터(도로명주소 일치)
경로당,신정이펜하우스 5단지,서울특별시 양천구 신정동,1,신정이펜1로 27(신정동),37.5109336,126.8330717,ArcGIS 지오코딩(주소 지점 일치)
경로당,신정현대아파트(일반),서울특별시 양천구 신정동,1,신목로 23(신정동),37.517339,126.874729,무더위쉼터(도로명주소 일치)
경로당,신트리1단지(아),서울특별시 양천구 신정동,1,신정로 293(신정동),37.514269,126.854959,무더위쉼터(도로명주소 일치)
경로당,신트리2단지(아),서울특별시 양천구 신정동,1,신정로 275(신정동),37.513328,126.852844,무더위쉼터(도로명주소 일치)
경로당,신트리3단지(아),서울특별시 양천구 신정동,1,신정로 290(신정동),37.512027,126.853357,무더위쉼터(도로명주소 일치)
경로당,신트리4단지(아),서울특별시 양천구 신정동,1,신정로 260(신정동),37.510991,126.850124,무더위쉼터(도로명주소 일치)
경로당,쌍용(아),서울특별시 양천구 신정동,1,신목로 9 (신정동),37.516684,126.875864,무더위쉼터(도로명주소 일치)
경로당,양동,서울특별시 양천구 신정동,1,신정중앙로2길 10-13(신정동),37.5269,126.8508,무더위쉼터(도로명주소 일치)
경로당,양명,서울특별시 양천구 신정동,1,중앙로36길 6(신정동),37.519265,126.854517,무더위쉼터(도로명주소 일치)
경로당,양목(신정4동 제1구립),서울특별시 양천구 신정동,1,"오목로46길 23, B02호(신정동, 중앙빌라1차)",37.5236202,126.8620241,ArcGIS 지오코딩(주소 지점 일치)
경로당,양정(신정4동 제2구립),서울특별시 양천구 신정동,1,은행정로7길 42(신정동),37.522,126.8548,무더위쉼터(도로명주소 일치)
경로당,양천(아),서울특별시 양천구 신정동,1,목동로3길 57(신정동),37.509692,126.862687,무더위쉼터(도로명주소 일치)
경로당,오금,서울특별시 양천구 신정동,1,목동남로2길 50-5(신정동),37.506339,126.863771,무더위쉼터(도로명주소 일치)
경로당,유원목동(아),서울특별시 양천구 신정동,1,신목로 77(신정동),37.521811,126.873015,무더위쉼터(도로명주소 일치)
경로당,은행정(로마아파트),서울특별시 양천구 신정동,1,오목로38길 16(신정동),37.523823,126.856546,무더위쉼터(도로명주소 일치)
경로당,청구(아),서울특별시 양천구 신정동,1,신목로2길 11(신정동),37.519424,126.875687,무더위쉼터(도로명주소 일치)
경로당,청솔,서울특별시 양천구 신정동,1,중앙로52길 73(신정동),,,
경로당,푸른마을1단지,서울특별시 양천구 신정동,1,신정로7길 70(신정동),37.512731,126.83628,무더위쉼터(도로명주소 일치)
경로당,푸른마을2단지,서울특별시 양천구 신정동,1,신정로7길 76(신정동),37.5131321,126.8356701,ArcGIS 지오코딩(주소 지점 일치)
경로당,푸른마을3단지,서울특별시 양천구 신정동,1,신정로11길 63(신정동),37.511924,126.837219,무더위쉼터(도로명주소 일치)
경로당,푸른마을4단지,서울특별시 양천구 신정동,1,신정로7길 60-7(신정동),37.513644,126.839142,무더위쉼터(도로명주소 일치)
경로당,학마을1단지(아),서울특별시 양천구 신정동,1,신정로14길 6(신정동),37.508303,126.844825,무더위쉼터(도로명주소 일치)
경로당,학마을2단지(아),서울특별시 양천구 신정동,1,신정로14길 1(신정동),37.509629,126.84523,무더위쉼터(도로명주소 일치)
경로당,학마을3단지(아),서울특별시 양천구 신정동,1,신정로 225-12(신정동),37.511411,126.846777,무더위쉼터(도로명주소 일치)
경로당,"현대구십(임대109,110동)",서울특별시 양천구 신정동,1,신목로 10(신정동),37.518125,126.876667,무더위쉼터(도로명주소 일치)
경로당,현대아이파크,서울특별시 양천구 신정동,1,목동동로 180(신정동),37.5226397,126.8728305,ArcGIS 지오코딩(주소 지점 일치)
도서관(공공도서관),양천중앙도서관,서울특별시 양천구 신정동,1,서울특별시 양천구 신정로7길 81(신정동),37.5137254,126.8338175,전국도서관표준데이터
보건소,양천구보건소,서울특별시 양천구 신정동,1,"서울특별시 양천구 목동서로 339 (신정동, 양천보건소) 양천구보건소",37.517588,126.8659166,ArcGIS 지오코딩(주소 지점 일치)
주민센터,신정2동 주민센터,서울특별시 양천구 신정동,1,서울특별시 양천구 신목로14길 5,37.5220993,126.8752134,무더위쉼터(도로명주소 일치)
주민센터,신정4동 주민센터,서울특별시 양천구 신정동,1,서울특별시 양천구 오목로34길 5,37.5245,126.8558,무더위쉼터(도로명주소 일치)
주민센터/도서관(작은도서관),"신정3동 주민센터, 고맙습니다신정3동작은도서관",서울특별시 양천구 신정동,2,서울특별시 양천구 중앙로 209,37.5151,126.8548,무더위쉼터(시설명 일치)
주민센터/도서관(작은도서관),"신정6동 주민센터, 신정6동도서방 (신정6동주민센터 2층)",서울특별시 양천구 신정동,2,서울특별시 양천구 목동서로 353,37.517,126.8644,무더위쉼터(시설명 일치)
주민센터/도서관(작은도서관),"신정7동 주민센터, 신정7동도서방 (신정7동주민센터 2층)",서울특별시 양천구 신정동,2,서울특별시 양천구 목동동로 37,37.5144,126.8597,무더위쉼터(시설명 일치)
경로당,영등포동1가,서울특별시 영등포구,1,경인로 900 여의도더리브스타일 203호,37.5177621,126.9129722,ArcGIS 지오코딩(주소 지점 일치)
도서관(공공도서관),대림도서관,서울특별시 영등포구,1,서울특별시 영등포구 도신로27,37.5043176,126.8960782,전국도서관표준데이터
도서관(공공도서관),문래도서관,서울특별시 영등포구,1,서울특별시 영등포구 문래로20길 49,37.5167547,126.8914728,전국도서관표준데이터
도서관(공공도서관),선유도서관,서울특별시 영등포구,1,서울특별시 영등포구 선유로 43가길 10-8,37.5333307,126.892938,전국도서관표준데이터
도서관(공공도서관),신길책마루문화센터,서울특별시 영등포구,1,서울특별시 영등포구 신길로 131,37.5040965,126.9099182,전국도서관표준데이터
도서관(공공도서관),여의샛강도서관,서울특별시 영등포구,1,서울특별시 영등포구 여의대로 24,37.5221797,126.9199179,전국도서관표준데이터
도서관(공공도서관),영등포생각공장도서관,서울특별시 영등포구,1,서울특별시 영등포구 문래북로 105,37.5201201,126.8972026,전국도서관표준데이터
도서관(공공도서관),원지공원도서관,서울특별시 영등포구,1,서울특별시 영등포구 도림로47길 23,37.497349,126.8994319,전국도서관표준데이터
도서관(작은도서관),목화마을공립작은도서관,서울특별시 영등포구,1,서울특별시 영등포구 선유로 13길 25,37.5189806,126.8862787,전국도서관표준데이터
도서관(작은도서관),밤동산작은도서관,서울특별시 영등포구,1,서울특별시 영등포구 여의대방로61길 18-2,37.5148993,126.9245235,전국도서관표준데이터
도서관(작은도서관),영등포동공립작은도서관,서울특별시 영등포구,1,서울특별시 영등포구 국회대로44길4,37.525388,126.9036383,전국도서관표준데이터
도서관(작은도서관),조롱박작은도서관,서울특별시 영등포구,1,서울특별시 영등포구 대림로8길 13-1,37.4909729,126.9053053,전국도서관표준데이터
도서관(작은도서관),청소년문화의집공립작은도서관,서울특별시 영등포구,1,서울특별시 영등포구 영등포로64길15,37.5136579,126.9170766,전국도서관표준데이터
경로당,당산2차효성타운,서울특별시 영등포구 당산동,1,당산로42길 7(당산동 5가 13),37.531255,126.900799,무더위쉼터(도로명주소 일치)
경로당,구립당산1가,서울특별시 영등포구 당산동1가,1,영등포로29길 13(당산동1가 150-1),37.5220913,126.9002064,ArcGIS 지오코딩(주소 지점 일치)
경로당,구립당산1동,서울특별시 영등포구 당산동1가,1,영등포로25길 24(당산동1가 223-18),37.5231,126.8985,무더위쉼터(도로명주소 일치)
경로당,당산코오롱(아),서울특별시 영등포구 당산동1가,1,영등포로28길 5(당산동1가 9-1),37.519963,126.899477,무더위쉼터(도로명주소 일치)
경로당,신동아파밀리에(아),서울특별시 영등포구 당산동1가,1,영신로33길 3(당산동1가 457),37.519912,126.900464,무더위쉼터(도로명주소 일치)
경로당,진로(아),서울특별시 영등포구 당산동1가,1,당산로 68(당산동1가 16-1),37.520665,126.896314,무더위쉼터(도로명주소 일치)
경로당,당산2가,서울특별시 영등포구 당산동2가,1,영등포로19길 7(당산동2가 48-9),37.5226448,126.8928405,ArcGIS 지오코딩(주소 지점 일치)
경로당,대우(아),서울특별시 영등포구 당산동2가,1,영등포로 106(당산동2가 16-1),37.521095,126.892975,무더위쉼터(도로명주소 일치)
경로당,현대(아),서울특별시 영등포구 당산동2가,1,당산로 95(당산동2가 164),37.524065,126.895271,무더위쉼터(도로명주소 일치)
경로당,래미안당산1차(아),서울특별시 영등포구 당산동374,1,당산로54길 11(당산동374),37.5346886,126.9050197,ArcGIS 지오코딩(주소 지점 일치)
경로당,당산강변레미안,서울특별시 영등포구 당산동376,1,버드나루로 130(당산동376),37.529961,126.908164,무더위쉼터(도로명주소 일치)
경로당,SH(아),서울특별시 영등포구 당산동3가,1,영신로 183(당산동3가 562),37.5244939,126.9014215,무더위쉼터(도로명주소 일치)
경로당,구립당산3가,서울특별시 영등포구 당산동3가,1,당산로29길 9(당산동3가 407),37.526,126.8939,무더위쉼터(도로명주소 일치)
경로당,쌍용예가클래식(아),서울특별시 영등포구 당산동3가,1,당산로31길 32(당산동3가 559),37.527626,126.893755,무더위쉼터(도로명주소 일치)
경로당,한양(아),서울특별시 영등포구 당산동3가,1,국회대로38길 15(당산동3가 2-6),37.5255526,126.899052,ArcGIS 지오코딩(주소 지점 일치)
보건소,영등포구보건소,서울특별시 영등포구 당산동3가,1,"서울특별시 영등포구 당산로 123 (당산동3가, 영등포구청) 영등포구보건소",37.5263283,126.8959308,무더위쉼터(도로명주소 일치)
주민센터/도서관(작은도서관),"당산1동 주민센터, 당산1동공립작은도서관",서울특별시 영등포구 당산동3가,2,서울특별시 영등포구 양산로23길 11,37.525016,126.8974255,무더위쉼터(도로명주소 일치)
경로당,동부센트레빌,서울특별시 영등포구 당산동3가561,1,영신로 191(당산동3가561),37.524763,126.900828,무더위쉼터(도로명주소 일치)
경로당,구립남부,서울특별시 영등포구 당산동4가,1,당산로35길 4-9(당산동4가 57),37.529292,126.8973976,무더위쉼터(도로명주소 일치)
경로당,당산동반도유보라팰리스,서울특별시 영등포구 당산동4가,1,국회대로 597(당산동4가 96),37.5269453,126.9026235,ArcGIS 지오코딩(주소 지점 일치)
경로당,당산한강(아),서울특별시 영등포구 당산동4가,1,영신로57길 5(당산동4가 29),37.5281932,126.9028233,ArcGIS 지오코딩(주소 지점 일치)
경로당,당산현대5차(아),서울특별시 영등포구 당산동4가,1,당산로42길 16(당산동4가 30-1),37.5291869,126.9023571,ArcGIS 지오코딩(주소 지점 일치)
경로당,롯데캐슬프레스티지,서울특별시 영등포구 당산동4가,1,영신로 237(당산동4가 99),37.528928,126.902516,무더위쉼터(도로명주소 일치)
경로당,삼성2차(아),서울특별시 영등포구 당산동4가,1,당산로36길 12(당산동4가 94-1),37.527843,126.898307,무더위쉼터(도로명주소 일치)
경로당,현대3차(아),서울특별시 영등포구 당산동4가,1,당산로41길 23(당산동4가 88),37.530906,126.896097,무더위쉼터(도로명주소 일치)
주민센터/도서관(작은도서관),"당산2동 주민센터, 당산2동공립작은도서관",서울특별시 영등포구 당산동4가,2,서울특별시 영등포구 당산로41가길 7,37.531098,126.8973788,무더위쉼터(도로명주소 일치)
경로당,당산금호어울림,서울특별시 영등포구 당산동4가95,1,국회대로37길 22(당산동4가95),37.5280099,126.9018777,ArcGIS 지오코딩(주소 지점 일치)
경로당,당산센트럴아이파크,서울특별시 영등포구 당산동5가,1,영신로 247(당산동5가 43),37.5295046,126.9037131,ArcGIS 지오코딩(주소 지점 일치)
경로당,당산효성1차(아),서울특별시 영등포구 당산동5가,1,당산로42길 13(당산동5가 12),37.530765,126.90184,무더위쉼터(도로명주소 일치)
경로당,성원(아),서울특별시 영등포구 당산동5가,1,양평로 57(당산동5가 40),37.534529,126.899648,무더위쉼터(도로명주소 일치)
경로당,유원제2(아),서울특별시 영등포구 당산동5가,1,선유동2로 56(당산동5가 7-2),37.533492,126.898511,무더위쉼터(도로명주소 일치)
경로당,당산삼성래미안(4차),서울특별시 영등포구 당산동5가42(413동,1,당산로 214(당산동5가42(413동)),37.5328115,126.9035847,ArcGIS 지오코딩(주소 지점 일치)
경로당,구립당산2동,서울특별시 영등포구 당산동6가,1,당산로48길 16(당산동6가 184),37.5349296,126.9039603,무더위쉼터(도로명주소 일치)
경로당,구립다사랑,서울특별시 영등포구 대림동,1,대림로23가길 5(대림동 703-6),37.492811,126.899211,무더위쉼터(도로명주소 일치)
경로당,구립대동,서울특별시 영등포구 대림동,1,대림로21길 5(대림동 832-2) 대동맨션101호,37.4927194,126.9008013,무더위쉼터(도로명주소 일치)
경로당,구립대림3동,서울특별시 영등포구 대림동,1,대림로41길 12(대림동 786-28),37.5010539,126.8958321,무더위쉼터(도로명주소 일치)
경로당,구립동심,서울특별시 영등포구 대림동,1,대림로35길 7(대림동 742),37.4987505,126.897339,무더위쉼터(도로명주소 일치)
경로당,구립신우,서울특별시 영등포구 대림동,1,가마산로47길 13(대림동 657),37.5036,126.8991,무더위쉼터(도로명주소 일치)
경로당,구립영인,서울특별시 영등포구 대림동,1,도림로58길 11(대림동 759-12),37.4960638,126.9027253,무더위쉼터(도로명주소 일치)
경로당,구립원지,서울특별시 영등포구 대림동,1,도림로47길 28(대림동 690),37.4977,126.8996,무더위쉼터(도로명주소 일치)
경로당,구립큰숲,서울특별시 영등포구 대림동,1,대림로7길 11-13(대림동 990-93 ),37.488763,126.9043883,무더위쉼터(도로명주소 일치)
경로당,대림1동한신(아)(2차),서울특별시 영등포구 대림동,1,디지털로69길 13(대림동 887-1),37.494558,126.90365,무더위쉼터(도로명주소 일치)
경로당,대림성원,서울특별시 영등포구 대림동,1,도신로 32(대림동 650),37.5043813,126.8967969,ArcGIS 지오코딩(주소 지점 일치)
경로당,대림코오롱(아),서울특별시 영등포구 대림동,1,도영로 2-5(대림동 607-1),37.506994,126.894831,무더위쉼터(도로명주소 일치)
경로당,문영칸타빌레(아),서울특별시 영등포구 대림동,1,도림천로 391(대림동 1061),37.489791,126.897191,무더위쉼터(도로명주소 일치)
경로당,신대림,서울특별시 영등포구 대림동,1,디지털로 406(대림동 867-5),37.4927215,126.9038082,ArcGIS 지오코딩(주소 지점 일치)
경로당,신대림신동아파밀리에(아),서울특별시 영등포구 대림동,1,도림로54길 14(대림동 1124),37.495063,126.902571,무더위쉼터(도로명주소 일치)
경로당,신동아(아),서울특별시 영등포구 대림동,1,대림로31길 40(대림동 777-1),37.495324,126.894895,무더위쉼터(도로명주소 일치)
경로당,우성(아),서울특별시 영등포구 대림동,1,도림로 187(대림동 762-1),37.495537,126.90056,무더위쉼터(도로명주소 일치)
경로당,이편한세상영등포아델포레(아),서울특별시 영등포구 대림동,1,"신길로 29(대림동 1127), 115동 1층",37.494439,126.906646,무더위쉼터(도로명주소 일치)
경로당,현대(아),서울특별시 영등포구 대림동,1,시흥대로187길 12(대림동 946-1),37.493171,126.908317,무더위쉼터(도로명주소 일치)
경로당,현대1차(아),서울특별시 영등포구 대림동,1,도신로4길 10(대림동 785-1),37.502228,126.89496,무더위쉼터(도로명주소 일치)
경로당,현대2차(아,서울특별시 영등포구 대림동,1,도신로4길 2(대림동 785),37.5032552,126.8953541,ArcGIS 지오코딩(주소 지점 일치)
경로당,현대3차(아),서울특별시 영등포구 대림동,1,도신로 31(대림동 608-1),37.505547,126.895764,무더위쉼터(도로명주소 일치)
경로당/주민센터/도서관(작은도서관),"구립대림1동, 대림1동 주민센터, 대림1동공립작은도서관",서울특별시 영등포구 대림동,3,디지털로 441(대림동 899-2),37.4954555,126.9059076,무더위쉼터(도로명주소 일치)
주민센터,대림3동 주민센터,서울특별시 영등포구 대림동,1,서울특별시 영등포구 대림로 197 (현재 신청사 건립 공사 중 / 임시청사: 영등포구 가마산로 364),37.500908,126.899005,무더위쉼터(시설명 일치)
주민센터/도서관(작은도서관),"대림2동 주민센터, 대림2동공립작은도서관",서울특별시 영등포구 대림동,2,서울특별시 영등포구 대림로23길 25,37.4926,126.8981,무더위쉼터(도로명주소 일치)
경로당,구립행복,서울특별시 영등포구 대림동1033,1,디지털로53길 6-10(대림동1033-12),37.4912322,126.9015005,무더위쉼터(도로명주소 일치)
경로당,신대림한솔솔파크,서울특별시 영등포구 대림동1123,1,도림천로 431(대림동1123),37.487288,126.899573,무더위쉼터(도로명주소 일치)
경로당,신대림2차 신동아파밀리에(아),서울특별시 영등포구 대림동1125,1,디지털로 420(대림동1125),37.493077,126.905335,무더위쉼터(도로명주소 일치)
경로당,구립두암,서울특별시 영등포구 대림동808,1,도림로31길 14-1(대림동808-4),37.4936612,126.8955405,무더위쉼터(도로명주소 일치)
경로당,구립 모랫말,서울특별시 영등포구 도림동,1,도영로 41(도림동 205-23외3),37.50968,126.897459,무더위쉼터(도로명주소 일치)
경로당,구립 미루나무길,서울특별시 영등포구 도림동,1,도신로29가길 12(도림동 81-2),37.509358,126.906434,무더위쉼터(도로명주소 일치)
경로당,도림청구,서울특별시 영등포구 도림동,1,도영로7길 7(도림동 221-1),37.509661,126.8954042,ArcGIS 지오코딩(주소 지점 일치)
경로당,도림한라,서울특별시 영등포구 도림동,1,도신로15라길 5-7(도림동 231-1),37.50759,126.897248,무더위쉼터(도로명주소 일치)
경로당,쌍용플래티넘시티,서울특별시 영등포구 도림동,1,도영로7길 15(도림동 820),37.509479,126.894388,무더위쉼터(도로명주소 일치)
경로당,영등포아트자이(아),서울특별시 영등포구 도림동,1,도영로 66(도림동 821),37.510236,126.900217,무더위쉼터(도로명주소 일치)
주민센터/도서관(작은도서관),"도림동 주민센터, 늘샘드리공립작은도서관",서울특별시 영등포구 도림동,2,서울특별시 영등포구 도영로7길 10,37.5094,126.8959,무더위쉼터(도로명주소 일치)
경로당,동아에코빌(아),서울특별시 영등포구 도림동165,1,도림로 365(도림동165-1),37.509305,126.898771,무더위쉼터(도로명주소 일치)
경로당,문래제2,서울특별시 영등포구 문래동,1,영신로25길 11(문래동 3가 14),37.517334,126.900882,무더위쉼터(도로명주소 일치)
경로당,남성(아),서울특별시 영등포구 문래동2가,1,경인로77길 19(문래동2가 35),37.512594,126.891451,무더위쉼터(도로명주소 일치)
경로당,공원한신(아),서울특별시 영등포구 문래동3가,1,문래로20길 14(문래동3가 77-2),37.517776,126.892945,무더위쉼터(도로명주소 일치)
경로당,구립문래제1,서울특별시 영등포구 문래동3가,1,문래로20길 7(문래동3가 73-1),37.518434,126.894186,무더위쉼터(도로명주소 일치)
경로당,문래건영(아),서울특별시 영등포구 문래동3가,1,문래로 94-7(문래동3가 93-1),37.518449,126.892428,무더위쉼터(도로명주소 일치)
경로당,문래금호어울림(아),서울특별시 영등포구 문래동3가,1,문래로 137(문래동3가 97),37.5191982,126.8975454,ArcGIS 지오코딩(주소 지점 일치)
경로당,문래우정(아),서울특별시 영등포구 문래동3가,1,"도림로456,101동 1층(문래동3가 78)",37.5155366,126.8929433,ArcGIS 지오코딩(주소 지점 일치)
경로당,문래자이(아),서울특별시 영등포구 문래동3가,1,당산로 26(문래동3가 54),37.516398,126.896537,무더위쉼터(도로명주소 일치)
경로당,일심,서울특별시 영등포구 문래동3가,1,문래북로 128(문래동3가 31),37.5193265,126.8993181,ArcGIS 지오코딩(지번 일치)
경로당,해태(아),서울특별시 영등포구 문래동3가,1,영신로25길 8(문래동3가 13),37.517215,126.901268,무더위쉼터(도로명주소 일치)
주민센터,문래동 주민센터,서울특별시 영등포구 문래동3가,1,서울특별시 영등포구 문래로28길 15,37.517087,126.899488,무더위쉼터(도로명주소 일치)
경로당,현대힐스테이트,서울특별시 영등포구 문래동3가94,1,문래로 84(문래동3가94),37.5194379,126.8912503,ArcGIS 지오코딩(주소 지점 일치)
경로당,구립목화,서울특별시 영등포구 문래동4가,1,도림로143길 20-7(문래동4가 35-7),37.514225,126.890176,무더위쉼터(도로명주소 일치)
경로당,리버뷰신안인스빌,서울특별시 영등포구 문래동4가,1,경인로77길 49(문래동4가 67),37.5144049,126.8889339,ArcGIS 지오코딩(주소 지점 일치)
경로당,문래동삼환(아),서울특별시 영등포구 문래동4가,1,도림로143길 32(문래동4가 43),37.5140259,126.8890871,ArcGIS 지오코딩(주소 지점 일치)
경로당,문래대림(아),서울특별시 영등포구 문래동5가,1,선유로 33(문래동5가 1),37.5168975,126.887914,ArcGIS 지오코딩(주소 지점 일치)
경로당,문래두산위브,서울특별시 영등포구 문래동5가,1,선유로9나길 8(문래동5가 14),37.51696,126.885712,무더위쉼터(도로명주소 일치)
경로당,문래진주(아),서울특별시 영등포구 문래동5가,1,선유로9길 31(문래동5가 22),37.5171739,126.8847857,ArcGIS 지오코딩(지번 일치)
경로당,문래현대5차(아),서울특별시 영등포구 문래동5가,1,선유서로9길 5(문래동5가 23-1),37.517598,126.882836,무더위쉼터(도로명주소 일치)
경로당,현대3차(아),서울특별시 영등포구 문래동5가,1,선유서로 6(문래동5가 21),37.516279,126.884349,무더위쉼터(도로명주소 일치)
경로당,대원(아),서울특별시 영등포구 문래동6가,1,문래로4길 26(문래동6가 47-1),37.5189646,126.8824634,ArcGIS 지오코딩(주소 지점 일치)
경로당,문래미원(아),서울특별시 영등포구 문래동6가,1,문래로 38(문래동6가 54),37.5202481,126.8861606,ArcGIS 지오코딩(주소 지점 일치)
경로당,문래유원(아),서울특별시 영등포구 문래동6가,1,문래북로 22(문래동6가 11-1),37.5209369,126.887974,ArcGIS 지오코딩(주소 지점 일치)
경로당,베어스타운(아),서울특별시 영등포구 문래동6가,1,선유서로 40(문래동6가 38-1),37.519112,126.885304,무더위쉼터(도로명주소 일치)
경로당,한신(아),서울특별시 영등포구 문래동6가,1,선유서로 43(문래동6가 43),37.519355,126.883767,무더위쉼터(도로명주소 일치)
경로당,현대1차(아),서울특별시 영등포구 문래동6가,1,문래로4길 14(문래동6가 46),37.519504,126.882654,무더위쉼터(도로명주소 일치)
경로당,현대6차(아),서울특별시 영등포구 문래동6가,1,선유서로 31(문래동6가 55-1),37.5186329,126.8839746,ArcGIS 지오코딩(주소 지점 일치)
경로당,신길1동자이아파트,서울특별시 영등포구 신길1동4938,1,가마산로79길 19(신길1동4938),37.506402,126.916517,무더위쉼터(도로명주소 일치)
경로당,신길5동시범길,서울특별시 영등포구 신길5동,1,도림로63길 37-5(신길5동 405-43),,,
경로당,보라매경남아너스빌(아),서울특별시 영등포구 신길6동,1,여의대방로 25(신길6동 4780),37.495112,126.910216,무더위쉼터(도로명주소 일치)
경로당,보라매두산위브(아),서울특별시 영등포구 신길6동,1,여의대방로9길 5(신길6동 4497),37.497257,126.914529,무더위쉼터(도로명주소 일치)
경로당,6.25참전자,서울특별시 영등포구 신길동,1,도림로80길 4(신길동 341-6),37.5017901,126.905281,무더위쉼터(도로명주소 일치)
경로당,건영(아),서울특별시 영등포구 신길동,1,도림로 313(신길동 368),37.505726,126.901301,무더위쉼터(도로명주소 일치)
경로당,경남(아),서울특별시 영등포구 신길동,1,영등포로 351(신길동 67-1),37.515658,126.918595,무더위쉼터(도로명주소 일치)
경로당,구립 신풍,서울특별시 영등포구 신길동,1,도림로80길 6(신길동 341-3),37.5017578,126.9054258,무더위쉼터(도로명주소 일치)
경로당,구립늘푸른,서울특별시 영등포구 신길동,1,신풍로25길 15-22(신길동 580),37.5013738,126.9188985,무더위쉼터(도로명주소 일치)
경로당,구립대신,서울특별시 영등포구 신길동,1,도신로54길 9-17(신길동 157-33),37.510894,126.91572,무더위쉼터(도로명주소 일치)
경로당,구립방학,서울특별시 영등포구 신길동,1,영등포로62라길 2-12(신길동 36-4),37.516604,126.915366,무더위쉼터(도로명주소 일치)
경로당,구립수정,서울특별시 영등포구 신길동,1,가마산로63길 3(신길동 324-22),37.5058581,126.9059112,무더위쉼터(도로명주소 일치)
경로당,구립신3,서울특별시 영등포구 신길동,1,도신로 134-1(신길동 290-8),37.5085,126.9065,무더위쉼터(도로명주소 일치)
경로당,구립신광,서울특별시 영등포구 신길동,1,신길로60길 31-2(신길동 186-128),37.5134917,126.9137836,무더위쉼터(도로명주소 일치)
경로당,구립신길4,서울특별시 영등포구 신길동,1,신길로42길 13-1(신길동 209-119),37.507797,126.912352,무더위쉼터(도로명주소 일치)
경로당,구립신길5제1,서울특별시 영등포구 신길동,1,신길로13길 24(신길동 440-45),37.497691,126.905654,무더위쉼터(도로명주소 일치)
경로당,구립신길6,서울특별시 영등포구 신길동,1,대방천로 193(신길동 3741-37),37.499168,126.912418,무더위쉼터(도로명주소 일치)
경로당,구립율산,서울특별시 영등포구 신길동,1,여의대방로61길 36-5(신길동 9-102),37.5157282,126.9226429,ArcGIS 지오코딩(주소 지점 일치)
경로당,구립의정,서울특별시 영등포구 신길동,1,"신길로 214, 201호(신길동, 선원가와인)",37.5110551,126.910669,ArcGIS 지오코딩(주소 지점 일치)
경로당,구립창신,서울특별시 영등포구 신길동,1,여의대방로53나길 43(신길동 89-197),37.5099626,126.9206729,무더위쉼터(도로명주소 일치)
경로당,대성유니드아파트,서울특별시 영등포구 신길동,1,가마산로50길 27,37.501581,126.902985,무더위쉼터(도로명주소 일치)
경로당,더샵파크프레스티지,서울특별시 영등포구 신길동,1,가마산로79길 37,37.507453,126.917319,무더위쉼터(도로명주소 일치)
경로당,래미안 에스티움,서울특별시 영등포구 신길동,1,신풍로 77(신길동 2039) 103동,37.5022841,126.9142563,ArcGIS 지오코딩(주소 지점 일치)
경로당,래미안 에스티움2,서울특별시 영등포구 신길동,1,신풍로 77(신길동 2039) 118동,37.5022841,126.9142563,ArcGIS 지오코딩(주소 지점 일치)
경로당,래미안프레비뉴,서울특별시 영등포구 신길동,1,가마산로 442(신길동 329-94),37.504781,126.90836,무더위쉼터(도로명주소 일치)
경로당,보라매SK뷰,서울특별시 영등포구 신길동,1,여의대방로35가길 19(신길동 4958) 109동 맞은편,37.5020544,126.9167816,ArcGIS 지오코딩(주소 지점 일치)
경로당,삼성(아),서울특별시 영등포구 신길동,1,여의대방로 45(신길동 4759),37.496474,126.911332,무더위쉼터(도로명주소 일치)
경로당,삼성(아)112동,서울특별시 영등포구 신길동,1,신길로42길 25(신길동 4934-2),37.5073,126.9137,무더위쉼터(도로명주소 일치)
경로당,삼성래미안(아),서울특별시 영등포구 신길동,1,신길로42길 35(신길동 4934-1),37.50739,126.914671,무더위쉼터(도로명주소 일치)
경로당,삼환(아),서울특별시 영등포구 신길동,1,여의대방로43라길 9(신길동 897-1),37.508288,126.919478,무더위쉼터(도로명주소 일치)
경로당,신기목련,서울특별시 영등포구 신길동,1,신길로42가길 34(신길동 4935),37.5083365,126.9150147,무더위쉼터(도로명주소 일치)
경로당,신길6동 분회,서울특별시 영등포구 신길동,1,신풍로 96(신길동 4086),37.499708,126.916654,무더위쉼터(도로명주소 일치)
경로당,신길뉴타운한화꿈에그린(아),서울특별시 영등포구 신길동,1,신길로 119(신길동 4937),37.502926,126.909701,무더위쉼터(도로명주소 일치)
경로당,신길센트럴아이파크,서울특별시 영등포구 신길동,1,가마산로 426(신길동 4955),37.504075,126.904551,무더위쉼터(도로명주소 일치)
경로당,신길센트럴자이,서울특별시 영등포구 신길동,1,신길로29길 17(신길동 4964),37.503164,126.907706,무더위쉼터(도로명주소 일치)
경로당,신길파크자이(아),서울특별시 영등포구 신길동,1,신길로28길 25(신길동 4967),37.503164,126.913649,무더위쉼터(도로명주소 일치)
경로당,우성1차(아),서울특별시 영등포구 신길동,1,도신로 68(신길동 365),37.505198,126.900732,무더위쉼터(도로명주소 일치)
경로당,우성3차(아),서울특별시 영등포구 신길동,1,대방천로14길 32(신길동 4656),37.498704,126.909937,무더위쉼터(도로명주소 일치)
경로당,우성4차(아),서울특별시 영등포구 신길동,1,영등포로64길 8(신길동 170-7),37.513824,126.91774,무더위쉼터(도로명주소 일치)
경로당,한성(아),서울특별시 영등포구 신길동,1,가마산로 575(신길동 769-1),37.504764,126.919379,무더위쉼터(도로명주소 일치)
경로당/주민센터/도서관(작은도서관),"구립신길7, 신길7동 주민센터, 신길7동공립작은도서관",서울특별시 영등포구 신길동,3,여의대방로43길 10(신길동 897-3),37.5064445,126.9214256,무더위쉼터(도로명주소 일치)
주민센터,신길3동 주민센터,서울특별시 영등포구 신길동,1,서울특별시 영등포구 가마산로 483,37.506612,126.910095,무더위쉼터(도로명주소 일치)
주민센터/도서관(작은도서관),"신길1동 주민센터, 신길1동공립작은도서관",서울특별시 영등포구 신길동,2,서울특별시 영등포구 영등포로84길 24-5,37.511147,126.921456,무더위쉼터(도로명주소 일치)
주민센터/도서관(작은도서관),"신길4동 주민센터, 신길4동공립작은도서관",서울특별시 영등포구 신길동,2,서울특별시 영등포구 신길로42길 1,37.5084038,126.911339,무더위쉼터(도로명주소 일치)
주민센터/도서관(작은도서관),"신길5동 주민센터, 신길5동공립작은도서관",서울특별시 영등포구 신길동,2,서울특별시 영등포구 도림로 264,37.5016464,126.9051222,무더위쉼터(도로명주소 일치)
주민센터/도서관(작은도서관),"신길6동 주민센터, 신길6동공립작은도서관",서울특별시 영등포구 신길동,2,서울특별시 영등포구 대방천로 167,37.4993371,126.9098763,무더위쉼터(도로명주소 일치)
경로당,힐스테이트클래시안,서울특별시 영등포구 신길동 4969,1,"신길로28길 9(신길동 4969,102동)",37.5032986,126.9110333,ArcGIS 지오코딩(주소 지점 일치)
경로당,우성2차(아),서울특별시 영등포구 신길동4518,1,대방천로 180(신길동4518),37.498227,126.912652,무더위쉼터(도로명주소 일치)
경로당,우성5차(아),서울특별시 영등포구 신길동4933,1,도신로 98(신길동4933 우성(아)),37.506824,126.903446,무더위쉼터(도로명주소 일치)
경로당,구립영길,서울특별시 영등포구 신길동54,1,영등포로 343-4(신길동54-8),37.5155974,126.9177981,무더위쉼터(도로명주소 일치)
경로당,구립양평1,서울특별시 영등포구 양평동1가,1,선유로23길 18(양평동1가 205),37.523217,126.888255,무더위쉼터(도로명주소 일치)
경로당,신동아(아),서울특별시 영등포구 양평동1가,1,영등포로12길 8(양평동1가 20),37.522135,126.886544,무더위쉼터(도로명주소 일치)
경로당,한신(아),서울특별시 영등포구 양평동1가,1,영등포로12길 7(양평동1가 14-1),37.5213995,126.8884834,ArcGIS 지오코딩(주소 지점 일치)
주민센터,양평1동 주민센터,서울특별시 영등포구 양평동1가,1,서울특별시 영등포구 영등포로11길 12,37.523614,126.888261,무더위쉼터(도로명주소 일치)
경로당,벽산(아),서울특별시 영등포구 양평동2가,1,선유서로21길 15(양평동2가 23),37.522346,126.882911,무더위쉼터(도로명주소 일치)
경로당,삼성(아),서울특별시 영등포구 양평동2가,1,영등포로3길 7(양평동2가 38-1),37.524337,126.882622,무더위쉼터(도로명주소 일치)
경로당,상록수(아),서울특별시 영등포구 양평동2가,1,영등포로 17(양평동2가 45),37.523776,126.883652,무더위쉼터(도로명주소 일치)
경로당,신벽산(아),서울특별시 영등포구 양평동2가39,1,선유서로21길 30(양평동2가39-1),37.5231249,126.8821698,ArcGIS 지오코딩(주소 지점 일치)
경로당,6차현대(아),서울특별시 영등포구 양평동3가,1,선유로 207(양평동3가 101),37.531816,126.89379,무더위쉼터(도로명주소 일치)
경로당,거성파스텔(아),서울특별시 영등포구 양평동3가,1,선유로43가길 24(양평동3가 90-1),37.531508,126.891861,무더위쉼터(도로명주소 일치)
경로당,경남아파트,서울특별시 영등포구 양평동3가,1,선유로33길 22(양평동3가 55-1),37.5273513,126.8882668,ArcGIS 지오코딩(주소 지점 일치)
경로당,삼천리(아),서울특별시 영등포구 양평동3가,1,선유서로 115(양평동3가 24),37.5262122,126.885342,ArcGIS 지오코딩(주소 지점 일치)
경로당,삼호(아),서울특별시 영등포구 양평동3가,1,선유로 172(양평동3가 66),37.528438,126.892621,무더위쉼터(도로명주소 일치)
경로당,양평3가,서울특별시 영등포구 양평동3가,1,선유동2로 7-11(양평동3가 77-65),37.5299309,126.8941857,ArcGIS 지오코딩(지번 일치)
경로당,양평역 월드메르디앙,서울특별시 영등포구 양평동3가,1,선유서로 116(양평동3가 19),37.525903,126.886602,무더위쉼터(도로명주소 일치)
경로당,우림루미아트,서울특별시 영등포구 양평동3가,1,선유로33길 23(양평동3가 102),37.5262232,126.8884156,ArcGIS 지오코딩(주소 지점 일치)
경로당,현대2차(아),서울특별시 영등포구 양평동3가,1,선유동2로 29(양평동3가 79-4),37.532131,126.895249,무더위쉼터(도로명주소 일치)
경로당/도서관(작은도서관),"구립양평3가, 양평1동공립작은도서관",서울특별시 영등포구 양평동3가,2,선유서로34길 10(양평동3가 36 1층),37.5268931,126.8875215,무더위쉼터(도로명주소 일치)
경로당,구립양평동4가,서울특별시 영등포구 양평동4가,1,양평로20길 14-1(양평동4가 238-1),37.5382,126.8963,무더위쉼터(도로명주소 일치)
경로당,삼호한숲(아),서울특별시 영등포구 양평동4가,1,선유로47길 34(양평동4가 94),37.536895,126.893705,무더위쉼터(도로명주소 일치)
경로당,성원(아),서울특별시 영등포구 양평동4가,1,양평로17길 36(양평동4가 12),37.534207,126.893857,무더위쉼터(도로명주소 일치)
주민센터/도서관(작은도서관),"양평2동 주민센터, 양평2동공립작은도서관",서울특별시 영등포구 양평동4가,2,서울특별시 영등포구 선유로47길 30,37.5364968,126.8939038,무더위쉼터(도로명주소 일치)
경로당,경남2차(아),서울특별시 영등포구 양평동4가51,1,양평로17길 9(양평동4가51-1),37.535734,126.896245,무더위쉼터(도로명주소 일치)
경로당,동보(아),서울특별시 영등포구 양평동5가,1,양평로23길 18(양평동5가 9-1),37.5383073,126.8910083,ArcGIS 지오코딩(주소 지점 일치)
경로당,한신(아),서울특별시 영등포구 양평동5가,1,양평로24길 9(양평동5가 76),37.540503,126.892031,무더위쉼터(도로명주소 일치)
경로당,구립양화,서울특별시 영등포구 양평동6가,1,양평로28마길 18-1(양평동6가 68),37.5428786,126.8899416,무더위쉼터(도로명주소 일치)
경로당,동양(아),서울특별시 영등포구 양평동6가,1,양평로30가길 19(양평동6가 100),37.5423577,126.8904016,ArcGIS 지오코딩(주소 지점 일치)
경로당,한솔(아),서울특별시 영등포구 양평동6가,1,양평로30길 51(양평동6가 99),37.544331,126.887833,무더위쉼터(도로명주소 일치)
경로당,구립광장(아),서울특별시 영등포구 여의도동,1,여의나루로 7(여의도동 28),37.5203314,126.9206801,무더위쉼터(도로명주소 일치)
경로당,구립시범(아),서울특별시 영등포구 여의도동,1,63로 45(여의도동 50-2),37.521072,126.9386154,무더위쉼터(도로명주소 일치)
경로당,롯데캐슬아이비(아),서울특별시 영등포구 여의도동,1,국제금융로 86(여의도동 43-4),37.5202061,126.9317999,ArcGIS 지오코딩(주소 지점 일치)
경로당,롯데케슬엠파이어,서울특별시 영등포구 여의도동,1,의사당대로 127(여의도동 36),37.5202405,126.9264068,ArcGIS 지오코딩(주소 지점 일치)
경로당,미성(아),서울특별시 영등포구 여의도동,1,의사당대로 110(여의도동 37-2),37.520653,126.923831,무더위쉼터(도로명주소 일치)
경로당,삼부(아),서울특별시 영등포구 여의도동,1,국제금융로7길 15(여의도동 30-3),37.523161,126.9319811,ArcGIS 지오코딩(주소 지점 일치)
경로당,서울(아),서울특별시 영등포구 여의도동,1,여의나루로 121(여의도동 21-1),37.5268101,126.9309318,ArcGIS 지오코딩(주소 지점 일치)
주민센터/도서관(작은도서관),"여의동 주민센터, 여의동공립작은도서관",서울특별시 영등포구 여의도동,2,서울특별시 영등포구 국제금융로 124,37.5176581,126.9345624,무더위쉼터(도로명주소 일치)
경로당,구립영등포본동,서울특별시 영등포구 영등포동,1,영신로9나길 7(영등포동 620-50),37.5129173,126.9066274,무더위쉼터(도로명주소 일치)
경로당,두산위브,서울특별시 영등포구 영등포동,1,신길로60나길 9(영등포동 649),37.5147101,126.9124407,ArcGIS 지오코딩(주소 지점 일치)
경로당,영등포푸르지오 2단지,서울특별시 영등포구 영등포동,1,도신로29길 28(영등포동 647),37.511428,126.902395,무더위쉼터(도로명주소 일치)
주민센터/도서관(작은도서관),"영등포본동 주민센터, 영등포본동공립작은도서관",서울특별시 영등포구 영등포동,2,서울특별시 영등포구 신길로61길 17,37.5146921,126.9093134,무더위쉼터(도로명주소 일치)
경로당,영2제2,서울특별시 영등포구 영등포동2가,1,국회대로54길 41-11(영등포동2가 29-84),37.522167,126.909948,무더위쉼터(도로명주소 일치)
주민센터,영등포동 주민센터,서울특별시 영등포구 영등포동2가,1,서울특별시 영등포구 양산로 232,37.522257,126.909001,무더위쉼터(도로명주소 일치)
경로당,현대프라자,서울특별시 영등포구 영등포동5가,1,양산로 214(영등포동5가 49-1(11층)),37.522274,126.906952,무더위쉼터(도로명주소 일치)
경로당,순영,서울특별시 영등포구 영등포동648,1,영등포로62길 42(영등포동648),37.516551,126.913234,무더위쉼터(도로명주소 일치)
경로당,경남(아),서울특별시 영등포구 영등포동7가,1,양산로 177(영등포동7가 46-1),37.52401,126.902934,무더위쉼터(도로명주소 일치)
경로당,구립영중,서울특별시 영등포구 영등포동7가,1,영중로27길 3(영등포동7가 49-1),37.5241207,126.9047222,무더위쉼터(도로명주소 일치)
경로당,아크로타워스퀘어,서울특별시 영등포구 영등포동7가 203외2필지[106동,1,국회대로54길 10(영등포동7가 203외2필지[106동 2층]),37.5240561,126.9074625,ArcGIS 지오코딩(주소 지점 일치)
경로당,당산푸르지오,서울특별시 영등포구 영등포동8가,1,영중로 154(영등포동8가 91),37.5302301,126.9060694,ArcGIS 지오코딩(주소 지점 일치)
경로당,삼환(아),서울특별시 영등포구 영등포동8가,1,영중로 145(영등포동8가 76-1),37.529668,126.905064,무더위쉼터(도로명주소 일치)
경로당,현대2차(아),서울특별시 영등포구 현대아파트 201동,1,문래로4길 6,37.520525,126.882804,무더위쉼터(도로명주소 일치)
경로당,KCC웰츠타워경로당,서울특별시 용산구,1,서울특별시 용산구 백범로90길 90,37.5377465,126.9688331,ArcGIS 지오코딩(주소 지점 일치)
경로당,cj나인파크경로당,서울특별시 용산구,1,서울특별시 용산구 백범로90다길 12,37.5358463,126.9689316,ArcGIS 지오코딩(주소 지점 일치)
경로당,강병삼성스위트경로당,서울특별시 용산구,1,서울특별시 용산구 원효로 40,37.5343658,126.9481978,ArcGIS 지오코딩(주소 지점 일치)
경로당,강촌아파트경로당,서울특별시 용산구,1,서울특별시 용산구 이촌로87길 14,37.5185011,126.9792142,ArcGIS 지오코딩(주소 지점 일치)
경로당,데시앙포레경로당,서울특별시 용산구,1,서울특별시 용산구 효창원로 227,37.5476435,126.9630385,ArcGIS 지오코딩(주소 지점 일치)
경로당,도원삼성래미안제1경로당,서울특별시 용산구,1,서울특별시 용산구 새창로 70,37.5394929,126.9572227,ArcGIS 지오코딩(주소 지점 일치)
경로당,도원삼성래미안제2(임대)경로당,서울특별시 용산구,1,서울특별시 용산구 새창로8길 7,37.5391041,126.9554805,ArcGIS 지오코딩(주소 지점 일치)
경로당,동아그린아파트경로당,서울특별시 용산구,1,서울특별시 용산구 이촌로 100-8,37.5244879,126.9579682,ArcGIS 지오코딩(주소 지점 일치)
경로당,래미안첼리투스경로당,서울특별시 용산구,1,서울특별시 용산구 이촌로 310,37.5168579,126.9792639,ArcGIS 지오코딩(주소 지점 일치)
경로당,보광동제3경로당,서울특별시 용산구,1,서울특별시 용산구 보광로32길 1,37.5293167,126.9980716,ArcGIS 지오코딩(주소 지점 일치)
경로당,보광삼성리버빌아파트경로당,서울특별시 용산구,1,서울특별시 용산구 보광로5길 40,37.5244203,127.0006492,ArcGIS 지오코딩(주소 지점 일치)
경로당,북한강아파트(성원)경로당,서울특별시 용산구,1,서울특별시 용산구 이촌로2가길 66,37.5273165,126.9539779,ArcGIS 지오코딩(주소 지점 일치)
경로당,브라운스톤경로당,서울특별시 용산구,1,서울특별시 용산구 효창원로 88,37.5362991,126.9594876,ArcGIS 지오코딩(주소 지점 일치)
경로당,삼성리버스위트아파트경로당,서울특별시 용산구,1,서울특별시 용산구 이촌로88길 30,37.5168795,126.975899,ArcGIS 지오코딩(주소 지점 일치)
경로당,새로나경로당,서울특별시 용산구,1,서울특별시 용산구 보광로12가길 23-6,37.5278117,127.0007427,ArcGIS 지오코딩(주소 지점 일치)
경로당,신계경로당,서울특별시 용산구,1,서울특별시 용산구 원효로 216,37.5345228,126.9671584,ArcGIS 지오코딩(주소 지점 일치)
경로당,양짓말경로당,서울특별시 용산구,1,서울특별시 용산구 후암로13가길 25,37.5483184,126.9763669,ArcGIS 지오코딩(주소 지점 일치)
경로당,용산롯데캐슬경로당,서울특별시 용산구,1,서울특별시 용산구 백범로 313,37.5393023,126.9629484,ArcGIS 지오코딩(주소 지점 일치)
경로당,용산파크이편한세상경로당,서울특별시 용산구,1,서울특별시 용산구 한강대로53길 16,37.5337821,126.9708536,ArcGIS 지오코딩(주소 지점 일치)
경로당,용산푸르지오파크타운경로당,서울특별시 용산구,1,서울특별시 용산구 녹사평대로 66,37.5250582,126.9955821,ArcGIS 지오코딩(주소 지점 일치)
경로당,우사단경로당,서울특별시 용산구,1,서울특별시 용산구 우사단로4길 30,37.5313734,126.9983932,ArcGIS 지오코딩(주소 지점 일치)
경로당,우성아파트경로당,서울특별시 용산구,1,서울특별시 용산구 이촌로 193,37.5217195,126.9696153,ArcGIS 지오코딩(주소 지점 일치)
경로당,이촌동코오롱아파트경로당,서울특별시 용산구,1,서울특별시 용산구 이촌로87길 21,37.519442,126.9784922,ArcGIS 지오코딩(주소 지점 일치)
경로당,이태원대림경로당,서울특별시 용산구,1,서울특별시 용산구 녹사평대로 254,37.5420386,126.9886315,ArcGIS 지오코딩(주소 지점 일치)
경로당,이화경로당,서울특별시 용산구,1,서울특별시 용산구 이태원로16길 15-10,37.5336926,126.9917236,ArcGIS 지오코딩(주소 지점 일치)
경로당,청화경로당,서울특별시 용산구,1,서울특별시 용산구 장문로 27,37.5310895,126.9946272,ArcGIS 지오코딩(주소 지점 일치)
경로당,파크자이경로당,서울특별시 용산구,1,서울특별시 용산구 한강대로 205,37.5366336,126.9733787,ArcGIS 지오코딩(주소 지점 일치)
경로당,파크타워경로당,서울특별시 용산구,1,서울특별시 용산구 서빙고로 67,37.5241178,126.9703773,ArcGIS 지오코딩(주소 지점 일치)
경로당,한가람아파트경로당,서울특별시 용산구,1,서울특별시 용산구 이촌로 201,37.5218561,126.9702405,ArcGIS 지오코딩(주소 지점 일치)
경로당,한강대우아파트경로당,서울특별시 용산구,1,서울특별시 용산구 이촌로65가길 3,37.5225317,126.9715769,ArcGIS 지오코딩(주소 지점 일치)
경로당,한강맨션경로당,서울특별시 용산구,1,서울특별시 용산구 이촌로 248,37.5181843,126.9749539,ArcGIS 지오코딩(주소 지점 일치)
경로당,한남시범아파트경로당,서울특별시 용산구,1,서울특별시 용산구 독서당로34길 22,37.5388167,127.0133518,ArcGIS 지오코딩(주소 지점 일치)
경로당,현대한강아파트경로당,서울특별시 용산구,1,서울특별시 용산구 이촌로34길 29,37.5231611,126.9585416,ArcGIS 지오코딩(주소 지점 일치)
경로당,효창스위첸경로당,서울특별시 용산구,1,서울특별시 용산구 백범로 275,37.5400304,126.9603829,ArcGIS 지오코딩(주소 지점 일치)
도서관(공공도서관),구립 청파도서관,서울특별시 용산구,1,서울특별시 용산구 청파로93길 27,37.5539248,126.9676059,전국도서관표준데이터
도서관(작은도서관),별밭 작은도서관,서울특별시 용산구,1,서울특별시 용산구 대사관로34길 49,37.5312383,127.0062243,전국도서관표준데이터
도서관(작은도서관),용마루어린이도서관,서울특별시 용산구,1,서울특별시 용산구 효창원로37길 1,37.536928,126.95823,전국도서관표준데이터
경로당,갈월경로당,서울특별시 용산구 갈월동,1,서울특별시 용산구 두텁바위로1길 13,37.5456527,126.973104,무더위쉼터(도로명주소 일치)
주민센터,남영동 주민센터,서울특별시 용산구 갈월동,1,서울특별시 용산구 두텁바위로 25,37.5457462,126.9748099,무더위쉼터(도로명주소 일치)
경로당,남영경로당,서울특별시 용산구 남영동,1,서울특별시 용산구 한강대로72길 21-15,37.5413116,126.9743518,무더위쉼터(도로명주소 일치)
주민센터,용문동 주민센터,서울특별시 용산구 도원동,1,서울특별시 용산구 새창로12길 13,37.5389418,126.9575324,무더위쉼터(도로명주소 일치)
경로당,동빙고경로당,서울특별시 용산구 동빙고동,1,서울특별시 용산구 서빙고로75가길 23,37.522893,126.9963558,무더위쉼터(도로명주소 일치)
경로당,동자동경로당,서울특별시 용산구 동자노인정,1,서울특별시 용산구 한강대로104길 30-4,37.550116,126.973845,무더위쉼터(도로명주소 일치)
경로당,후암미주아파트경로당,서울특별시 용산구 라이프미주아파트 4동,1,서울특별시 용산구 후암로 71-1,37.551465,126.975513,무더위쉼터(도로명주소 일치)
경로당,리버힐삼성아파트제2(임대)경로당,서울특별시 용산구 리버힐삼성아파트106동,1,서울특별시 용산구 효창원로 17,37.535002,126.950593,무더위쉼터(도로명주소 일치)
주민센터,원효로제1동 주민센터,서울특별시 용산구 문배동,1,서울특별시 용산구 백범로 350,37.5372513,126.9676862,무더위쉼터(도로명주소 일치)
경로당,보광경로당,서울특별시 용산구 보광동,1,서울특별시 용산구 장문로19길 1,37.526176,126.997587,무더위쉼터(도로명주소 일치)
경로당,보광제1경로당,서울특별시 용산구 보광동,1,서울특별시 용산구 보광로7길 9,37.5256075,126.998668,무더위쉼터(도로명주소 일치)
경로당,우리들경로당,서울특별시 용산구 보광동,1,서울특별시 용산구 장문로80 202호,37.52592,126.998423,무더위쉼터(시설명 일치)
경로당/주민센터/도서관(작은도서관),"보광종점경로당, 보광동 주민센터, 작은도서관 꿈꾸는 책마을",서울특별시 용산구 보광동,3,서울특별시 용산구 장문로 95,37.526268,127.0000867,무더위쉼터(도로명주소 일치)
경로당,리버힐삼성아파트제1경로당,서울특별시 용산구 산천동,1,서울특별시 용산구 효창원로13길 7,37.5356934,126.9520895,무더위쉼터(도로명주소 일치)
경로당,산천경로당,서울특별시 용산구 산천동,1,서울특별시 용산구 새창로8길 157,37.535912,126.949965,무더위쉼터(도로명주소 일치)
주민센터/도서관(작은도서관),"원효로제2동 주민센터, 원효로제2동 작은도서관 두드림",서울특별시 용산구 산천동,2,서울특별시 용산구 효창원로8길 3,37.5343838,126.9514952,무더위쉼터(도로명주소 일치)
경로당,서계경로당,서울특별시 용산구 서계동,1,서울특별시 용산구 만리재로28길 5-22,37.5531567,126.9653096,무더위쉼터(도로명주소 일치)
경로당,서계제1경로당,서울특별시 용산구 서계동,1,서울특별시 용산구 효창원로104길 7,37.5508025,126.964219,무더위쉼터(도로명주소 일치)
경로당,은행나무집경로당,서울특별시 용산구 서계동,1,서울특별시 용산구 청파로73길 73-10,37.551486,126.96693,무더위쉼터(도로명주소 일치)
경로당,서빙고할머니경로당,서울특별시 용산구 서빙고동,1,서울특별시 용산구 녹사평대로14길 8,37.523381,126.9938025,무더위쉼터(도로명주소 일치)
경로당,서빙고할아버지경로당,서울특별시 용산구 서빙고동,1,서울특별시 용산구 서빙고로59길 3-20,37.5205369,126.9923072,무더위쉼터(도로명주소 일치)
경로당,신동아아파트경로당,서울특별시 용산구 서빙고동,1,서울특별시 용산구 이촌로 347,37.5180923,126.98739,무더위쉼터(도로명주소 일치)
주민센터/도서관(작은도서관),"서빙고동 주민센터, 서빙고동 작은도서관",서울특별시 용산구 서빙고동,2,서울특별시 용산구 서빙고로 279,37.5204716,126.994595,무더위쉼터(도로명주소 일치)
경로당,보광신동아아파트경로당,서울특별시 용산구 신동아아파트,1,서울특별시 용산구 장문로 104,37.525819,127.001933,무더위쉼터(시설명 일치)
경로당,세방경로당,서울특별시 용산구 신창동,1,서울특별시 용산구 효창원로15길 16,37.536181,126.954031,무더위쉼터(도로명주소 일치)
경로당,송학당경로당,서울특별시 용산구 용문동,1,서울특별시 용산구 효창원로37라길 11,37.537888,126.9581749,무더위쉼터(도로명주소 일치)
경로당,중앙경로당,서울특별시 용산구 용문동,1,서울특별시 용산구 새창로 102,37.5383119,126.9596305,무더위쉼터(도로명주소 일치)
경로당,신흥경로당,서울특별시 용산구 용산동2가,1,서울특별시 용산구 신흥로25가길 1,37.544511,126.983238,무더위쉼터(시설명 일치)
경로당,용산2가경로당,서울특별시 용산구 용산동2가,1,서울특별시 용산구 신흥로16길 18,37.5448429,126.987555,무더위쉼터(도로명주소 일치)
경로당/도서관(작은도서관),"용암경로당, 용암 어린이 영어도서관",서울특별시 용산구 용산동2가,2,서울특별시 용산구 신흥로3가길 21-7,37.5410043,126.984648,무더위쉼터(도로명주소 일치)
주민센터/도서관(작은도서관),"용산2가동 주민센터, 해다올 작은도서관",서울특별시 용산구 용산동2가,2,서울특별시 용산구 신흥로 90,37.5459239,126.985461,무더위쉼터(도로명주소 일치)
경로당,삼각지경로당,서울특별시 용산구 용산동3가,1,서울특별시 용산구 이태원로2길 5,37.5346957,126.975315,무더위쉼터(도로명주소 일치)
경로당,효원경로당,서울특별시 용산구 원효로1가,1,서울특별시 용산구 원효로83길 13-4,37.540157,126.967489,무더위쉼터(도로명주소 일치)
경로당/도서관(공공도서관),"원효제1경로당, 용산 꿈나무도서관",서울특별시 용산구 원효로1가,2,서울특별시 용산구 백범로 329,37.538826,126.965387,무더위쉼터(도로명주소 일치)
경로당,원일(원효로2가)경로당,서울특별시 용산구 원효로2가,1,서울특별시 용산구 원효로67길 13,37.5375578,126.963864,무더위쉼터(도로명주소 일치)
경로당,원효로경로당,서울특별시 용산구 원효로3가,1,서울특별시 용산구 원효로41가길 14-19,37.5347983,126.956884,무더위쉼터(도로명주소 일치)
경로당,청심경로당,서울특별시 용산구 원효로4가,1,서울특별시 용산구 효창원로 6,37.5338227,126.950617,무더위쉼터(도로명주소 일치)
경로당,이촌1동2경로당,서울특별시 용산구 이촌동,1,서울특별시 용산구 이촌로75길 12-12,37.5202504,126.9746613,무더위쉼터(도로명주소 일치)
경로당,"이촌2동할아버지(대림)경로당, 이촌2동할머니(대림)경로당",서울특별시 용산구 이촌동,2,서울특별시 용산구 이촌로2가길 122,37.525422,126.9547534,무더위쉼터(도로명주소 일치)
주민센터/도서관(작은도서관),"이촌제1동 주민센터, 청소년 푸르미르 작은도서관",서울특별시 용산구 이촌동,2,서울특별시 용산구 이촌로71길 24,37.5211982,126.973057,무더위쉼터(도로명주소 일치)
주민센터/도서관(작은도서관),"이촌제2동 주민센터, 이촌2동 작은도서관",서울특별시 용산구 이촌동,2,서울특별시 용산구 이촌로18길 20,37.5262199,126.954672,무더위쉼터(도로명주소 일치)
경로당,이태원1동경로당,서울특별시 용산구 이태원동,1,서울특별시 용산구 이태원로23길 19,37.5352909,126.9924493,무더위쉼터(도로명주소 일치)
경로당,이태원남부경로당,서울특별시 용산구 이태원동,1,서울특별시 용산구 이태원로17길 12,37.534899,126.991495,무더위쉼터(도로명주소 일치)
경로당,이태원북부경로당,서울특별시 용산구 이태원동,1,서울특별시 용산구 회나무로13길 32,37.5407394,126.98975,무더위쉼터(도로명주소 일치)
경로당,이태원중부경로당,서울특별시 용산구 이태원동,1,서울특별시 용산구 회나무로6길 11-8,37.538439,126.989313,무더위쉼터(도로명주소 일치)
경로당,조양경로당,서울특별시 용산구 이태원동,1,서울특별시 용산구 녹사평대로40나길 38-3,37.5363017,126.988892,무더위쉼터(도로명주소 일치)
보건소,용산구보건소,서울특별시 용산구 이태원동,1,"서울특별시 용산구 녹사평대로 150 (이태원동, 용산구종합행정타운) 1층 보건소",37.5324523,126.9904788,ArcGIS 지오코딩(주소 지점 일치)
주민센터,이태원제1동 주민센터,서울특별시 용산구 이태원동,1,서울특별시 용산구 보광로 104-6,37.5324757,126.9950081,무더위쉼터(도로명주소 일치)
주민센터/도서관(작은도서관),"이태원제2동 주민센터, 회나무 작은도서관",서울특별시 용산구 이태원동,2,서울특별시 용산구 회나무로13길 58,37.5419222,126.990147,무더위쉼터(도로명주소 일치)
경로당,청파제1경로당,서울특별시 용산구 청파동1가,1,서울특별시 용산구 청파로71길 100,37.549343,126.9645712,무더위쉼터(도로명주소 일치)
경로당/도서관(작은도서관),"청파제2경로당, 청파 어린이 영어도서관",서울특별시 용산구 청파동2가,2,서울특별시 용산구 청파로49길 34,37.5454608,126.968465,무더위쉼터(도로명주소 일치)
주민센터,청파동 주민센터,서울특별시 용산구 청파동2가,1,서울특별시 용산구 청파로49길 6,37.5453261,126.969981,무더위쉼터(도로명주소 일치)
경로당,한강우람경로당,서울특별시 용산구 한강로2가,1,서울특별시 용산구 한강대로53길 1-8,37.5330307,126.9710246,무더위쉼터(도로명주소 일치)
경로당,삼오경로당,서울특별시 용산구 한강로3가,1,서울특별시 용산구 한강대로 60,37.5260071,126.9652337,무더위쉼터(도로명주소 일치)
경로당,센트럴파크경로당,서울특별시 용산구 한강로3가,1,"서울특별시 용산구 서빙고로 17, 101동 3층",37.52594,126.96762,무더위쉼터(도로명주소 일치)
경로당,한강로2가경로당,서울특별시 용산구 한강로3가,1,서울특별시 용산구 서빙고로20길 19,37.5235845,126.967739,무더위쉼터(도로명주소 일치)
경로당,한강로3가경로당,서울특별시 용산구 한강로3가,1,서울특별시 용산구 한강대로7길 17-16,37.5261,126.9604,무더위쉼터(도로명주소 일치)
경로당/주민센터/도서관(작은도서관),"한마음경로당, 한강로동 주민센터, 한강로동 작은도서관",서울특별시 용산구 한강로동주민센터,3,서울특별시 용산구 한강대로38길 28,37.528141,126.969243,무더위쉼터(도로명주소 일치)
경로당,매봉(한남2동)제일경로당,서울특별시 용산구 한남동,1,서울특별시 용산구 한남대로40길 32,37.5432775,127.0037308,무더위쉼터(도로명주소 일치)
경로당,한남동제1경로당,서울특별시 용산구 한남동,1,서울특별시 용산구 한남대로 48-7,37.5333378,127.008409,무더위쉼터(도로명주소 일치)
경로당,한남리버탑아파트경로당,서울특별시 용산구 한남동,1,서울특별시 용산구 독서당로6길 16,37.529729,127.008169,무더위쉼터(도로명주소 일치)
경로당,한일경로당,서울특별시 용산구 한남동,1,서울특별시 용산구 이태원로54길 68-4,37.5354193,127.000862,무더위쉼터(도로명주소 일치)
주민센터,한남동 주민센터,서울특별시 용산구 한남동,1,서울특별시 용산구 대사관로5길 1,37.5345375,127.0004574,무더위쉼터(도로명주소 일치)
경로당,한남힐스테이트아파트경로당,서울특별시 용산구 한남힐스테이트106동,1,서울특별시 용산구 장문로 141,37.528461,127.003788,무더위쉼터(도로명주소 일치)
경로당,효창동제1경로당,서울특별시 용산구 효창동,1,서울특별시 용산구 임정로11길 9,37.5428085,126.9585379,무더위쉼터(도로명주소 일치)
경로당,효창제2경로당,서울특별시 용산구 효창동,1,서울특별시 용산구 효창원로 146-12,37.541153,126.963104,무더위쉼터(도로명주소 일치)
경로당,효창한신아파트경로당,서울특별시 용산구 효창동,1,서울특별시 용산구 백범로45길 9-11,37.541907,126.957638,무더위쉼터(도로명주소 일치)
주민센터/도서관(작은도서관),"효창동 주민센터, 효창동 작은도서관",서울특별시 용산구 효창동,2,서울특별시 용산구 효창원로 161,37.5424679,126.9618506,무더위쉼터(도로명주소 일치)
경로당,효창파크푸르지오아파트경로당,서울특별시 용산구 효창파크 푸르지오 106동,1,서울특별시 용산구 백범로 260,37.54057,126.957877,무더위쉼터(도로명주소 일치)
경로당,두텁바위경로당,서울특별시 용산구 후암동,1,서울특별시 용산구 두텁바위로31길 28,37.547584,126.980381,무더위쉼터(도로명주소 일치)
경로당,새말경로당,서울특별시 용산구 후암동,1,서울특별시 용산구 두텁바위로58길 48,37.548456,126.982963,무더위쉼터(도로명주소 일치)
경로당,활터골경로당,서울특별시 용산구 후암동,1,서울특별시 용산구 신흥로20길 55,37.5478678,126.983983,무더위쉼터(도로명주소 일치)
주민센터/도서관(작은도서관),"후암동 주민센터, 후암동작은도서관 북앤캠프",서울특별시 용산구 후암동,2,서울특별시 용산구 후암로 32-6,37.5486911,126.9781637,무더위쉼터(도로명주소 일치)
경로당,백련산해모로아파트,서울특별시 은평구,1,응암로30길 15 104동,37.5964671,126.9221974,ArcGIS 지오코딩(주소 지점 일치)
경로당,힐스테이트녹번아파트골든라운지,서울특별시 은평구,1,통일로 610 106동 1층,37.6007992,126.9372745,ArcGIS 지오코딩(주소 지점 일치)
경로당,힐스테이트녹번역아파트,서울특별시 은평구,1,은평로 240 110동,37.6006487,126.934328,ArcGIS 지오코딩(주소 지점 일치)
도서관(공공도서관),구산동 도서관마을,서울특별시 은평구,1,서울특별시 은평구 연서로 13길 29-23,37.6095098,126.9130902,전국도서관표준데이터
도서관(공공도서관),내를건너서숲으로도서관,서울특별시 은평구,1,서울특별시 은평구 증산로17길 51,37.5907092,126.9105779,전국도서관표준데이터
도서관(공공도서관),은뜨락도서관,서울특별시 은평구,1,서울특별시 은평구 통일로 972,37.6298458,126.920049,전국도서관표준데이터
도서관(공공도서관),은평구립도서관,서울특별시 은평구,1,서울특별시 은평구 통일로 79가길 13-84,37.6064879,126.9166338,전국도서관표준데이터
도서관(공공도서관),은평뉴타운 도서관,서울특별시 은평구,1,서울특별시 은평구 진관2로 111-51,37.6372278,126.9331155,전국도서관표준데이터
도서관(공공도서관),응암정보도서관,서울특별시 은평구,1,서울특별시 은평구 가좌로 7길 15,37.5859632,126.9196823,전국도서관표준데이터
도서관(공공도서관),증산정보도서관,서울특별시 은평구,1,서울특별시 은평구 증산로5길 6,37.5828073,126.9076699,전국도서관표준데이터
도서관(작은도서관),그루터기 작은도서관,서울특별시 은평구,1,"서울특별시 은평구 은평로10길 17, 2층호",37.5994202,126.924131,전국도서관표준데이터
도서관(작은도서관),꿈나무마을 책놀이방,서울특별시 은평구,1,서울특별시 은평구 백련산로14길 20-11,37.5975609,126.9287441,전국도서관표준데이터
도서관(작은도서관),꿈담은 작은도서관,서울특별시 은평구,1,서울특별시 은평구 연서로41길 4,37.6257611,126.9285099,전국도서관표준데이터
도서관(작은도서관),꿈샘도서관,서울특별시 은평구,1,서울특별시 은평구 응암로 20길 24 한성교회 교육관 1층,37.5925312,126.9206066,전국도서관표준데이터
도서관(작은도서관),꿈지락작은도서관,서울특별시 은평구,1,서울특별시 은평구 진관1로 77-8 401동,37.6313727,126.9293132,전국도서관표준데이터
도서관(작은도서관),나누리작은도서관,서울특별시 은평구,1,서울특별시 은평구 진관1로 55 마고정11단지아파트 308동 지층,37.6325825,126.9256024,전국도서관표준데이터
도서관(작은도서관),녹번만화도서관,서울특별시 은평구,1,서울특별시 은평구 은평로 245,37.6011058,126.9351485,전국도서관표준데이터
도서관(작은도서관),다니엘 작은도서관,서울특별시 은평구,1,서울특별시 은평구 연서로41길 13-3 부림교회,37.625789,126.9276146,전국도서관표준데이터
도서관(작은도서관),다섯콩작은도서관,서울특별시 은평구,1,서울특별시 은평구 서오릉로4길 10. 성암비전센터 2층,37.6049413,126.9258637,전국도서관표준데이터
도서관(작은도서관),두근두근작은도서관(마고정 3단지 도서관),서울특별시 은평구,1,서울특별시 은평구 진관2로 90 마고정3단지아파트 314동 지층 문고,37.6325101,126.9275521,전국도서관표준데이터
도서관(작은도서관),두드림 도서관,서울특별시 은평구,1,서울특별시 은평구 진관3로 15-35 1001동 1층(3지구),37.6400384,126.9181869,전국도서관표준데이터
도서관(작은도서관),래미안 푸른숲 도서관-무인운영,서울특별시 은평구,1,서울특별시 은평구 진관3로 77 924동 1층(3지구),37.6442044,126.9195316,전국도서관표준데이터
도서관(작은도서관),롯데캐슬문고-미운영,서울특별시 은평구,1,서울특별시 은평구 진관3로 70 830동 1층(1지구),37.6431467,126.9230936,전국도서관표준데이터
도서관(작은도서관),모퉁이작은도서관(은평뉴타운 상림마을 14단지 마을문고)-미운영,서울특별시 은평구,1,서울특별시 은평구 진관4로 48-51 730동 1층(1지구),37.6421631,126.9308695,전국도서관표준데이터
도서관(작은도서관),무지개영어도서관-미운영 (열려는 있음…),서울특별시 은평구,1,서울특별시 은평구 서오릉로21길 11,37.6148651,126.9075755,전국도서관표준데이터
도서관(작은도서관),물푸레작은도서관(물푸레수푸레 작은도서관),서울특별시 은평구,1,서울특별시 은평구 은평구 진관4로 48-51 상림마을 742동 1층,37.6436685,126.9299414,전국도서관표준데이터
도서관(작은도서관),북한산 힐스테이트 1차 솔숲작은도서관,서울특별시 은평구,1,서울특별시 은평구 불광로2길 33 1110동 지하 주차장1층,37.6123902,126.9365395,전국도서관표준데이터
도서관(작은도서관),비전뜰 도서관,서울특별시 은평구,1,서울특별시 은평구 통일로92길 6,37.6257019,126.920797,전국도서관표준데이터
도서관(작은도서관),사랑꿈터 작은 도서관,서울특별시 은평구,1,서울특별시 은평구 진관4로 47 706동 1층,37.6464125,126.926514,전국도서관표준데이터
도서관(작은도서관),산책마을 SH작은도서관,서울특별시 은평구,1,서울특별시 은평구 연서로46길 7 1110동 B1,37.6342401,126.9345291,전국도서관표준데이터
도서관(작은도서관),상림6 작은도서관,서울특별시 은평구,1,서울특별시 은평구 진관4로 107 621동 1층(1지구),37.6486116,126.9305505,전국도서관표준데이터
도서관(작은도서관),상림책마루작은도서관-미운영,서울특별시 은평구,1,서울특별시 은평구 진관4로 17 810동 1층(1지구),37.6438194,126.9237411,전국도서관표준데이터
도서관(작은도서관),샘터작은도서관,서울특별시 은평구,1,서울특별시 은평구 진관2로 111-7 220동 지하1층(2지구),37.6368178,126.9316145,전국도서관표준데이터
도서관(작은도서관),서문어린이도서관-미운영,서울특별시 은평구,1,서울특별시 은평구 가좌로10길 10,37.5916309,126.916747,전국도서관표준데이터
도서관(작은도서관),서영 작은도서관,서울특별시 은평구,1,서울특별시 은평구 증산로11길 7-12,37.5865335,126.9111368,전국도서관표준데이터
도서관(작은도서관),수리마을 작은도서관,서울특별시 은평구,1,서울특별시 은평구 불광로18길 6,37.6222327,126.9319023,전국도서관표준데이터
도서관(작은도서관),숲속 향기 작은도서관,서울특별시 은평구,1,서울특별시 은평구 연서로48길 12 501동 앞,37.6356779,126.9341007,전국도서관표준데이터
도서관(작은도서관),신사어린이도서관,서울특별시 은평구,1,서울특별시 은평구 은평로 38 (신사종합사회복지관 5층),37.5980586,126.9121957,전국도서관표준데이터
도서관(작은도서관),어린이도서관 동네북,서울특별시 은평구,1,서울특별시 은평구 진흥로 174 양광비젼센터2층,37.6082818,126.9285905,전국도서관표준데이터
도서관(작은도서관),열려라 작은도서관,서울특별시 은평구,1,서울특별시 은평구 가좌로334,37.5981257,126.9087373,전국도서관표준데이터
도서관(작은도서관),영광영재도서관,서울특별시 은평구,1,서울특별시 은평구 갈현로7가길 9 제일영광교회,37.6030675,126.9091861,전국도서관표준데이터
도서관(작은도서관),예뜰도서관,서울특별시 은평구,1,서울특별시 은평구 은평로3길 10 은평교회,37.5996987,126.9151693,전국도서관표준데이터
도서관(작은도서관),우물골작은도서관,서울특별시 은평구,1,서울특별시 은평구 진관2로 77 206동 1층(2지구),37.6343319,126.9277412,전국도서관표준데이터
도서관(작은도서관),은평노인종합복지관 작은도서관,서울특별시 은평구,1,서울특별시 은평구 연서로 415 (은평노인종합복지관1층),37.6322528,126.9299803,전국도서관표준데이터
도서관(작은도서관),은혜뜰 어린이 도서관,서울특별시 은평구,1,서울특별시 은평구 가좌로 305,37.5949713,126.9106064,전국도서관표준데이터
도서관(작은도서관),응암도서관,서울특별시 은평구,1,서울특별시 은평구 응암로16길 11 응암교회,37.5916586,126.9187961,전국도서관표준데이터
도서관(작은도서관),정임도서관,서울특별시 은평구,1,서울특별시 은평구통일로 951 서광교회,37.6277484,126.9191805,전국도서관표준데이터
도서관(작은도서관),종이책갈피 작은도서관,서울특별시 은평구,1,서울특별시 은평구 진관3로 67 912동 1층(3지구),37.641834,126.9204384,전국도서관표준데이터
도서관(작은도서관),지웰작은도서관,서울특별시 은평구,1,"서울특별시 은평구 진관4로 78-38, 1503동 지하",37.644136,126.9311452,전국도서관표준데이터
도서관(작은도서관),책뜰에도서관,서울특별시 은평구,1,서울특별시 은평구 북한산로 2 1023동 1층(3지구),37.6428296,126.9160049,전국도서관표준데이터
도서관(작은도서관),청소년도서관 작공,서울특별시 은평구,1,서울특별시 은평구 통일로 817 대조빌딩 301호 (전면부),37.6165583,126.9231935,전국도서관표준데이터
도서관(작은도서관),초록길도서관,서울특별시 은평구,1,서울특별시 은평구 연서로5길 28,37.6040711,126.9124898,전국도서관표준데이터
도서관(작은도서관),큰꿈(을 키우는 작은)도서관,서울특별시 은평구,1,서울특별시 은평구 진관2로 57-37 244동 1층(2지구),37.6351635,126.9260525,전국도서관표준데이터
도서관(작은도서관),파쳄작은도서관(구 은광교회도서관),서울특별시 은평구,1,서울특별시 은평구 통일로68길 11,37.6127035,126.9297845,전국도서관표준데이터
도서관(작은도서관),푸른작은도서관,서울특별시 은평구,1,서울특별시 은평구 연서로 455 537동 1층(3지구),37.6360353,126.93277,전국도서관표준데이터
도서관(작은도서관),푸른풀밭 작은도서관,서울특별시 은평구,1,"서울특별시 은평구 백련산로 133, 4층",37.5972489,126.9241509,전국도서관표준데이터
도서관(작은도서관),해모로 꿈모락 작은도서관,서울특별시 은평구,1,서울특별시 은평구 응암로30길 1,37.5941,126.9214,전국도서관표준데이터
도서관(작은도서관),힐스테이트 녹번역 도서관,서울특별시 은평구,1,서울특별시 은평구 은평로240,37.5992913,126.934685,전국도서관표준데이터
경로당,이편한세상백련산아파트,서울특별시 은평구 102동아래,1,백련산로 112 (102동아래),37.5949859,126.923365,ArcGIS 지오코딩(주소 지점 일치)
경로당,갈현2동,서울특별시 은평구 갈현동,1,연서로17길 46-12(갈현동),37.6145,126.9132,무더위쉼터(도로명주소 일치)
경로당,갈현건영아파트,서울특별시 은평구 갈현동,1,갈현로45길 57(갈현동),37.628845,126.913392,무더위쉼터(도로명주소 일치)
경로당,갈현미미아파트,서울특별시 은평구 갈현동,1,갈현로29길 11(갈현동),37.618874,126.913632,무더위쉼터(도로명주소 일치)
경로당,갈현베르빌아파트,서울특별시 은평구 갈현동,1,연서로 149(갈현동),37.612132,126.916965,무더위쉼터(도로명주소 일치)
경로당,갈현어버이,서울특별시 은평구 갈현동,1,갈현로 324-3(갈현동),37.6255,126.9182,무더위쉼터(도로명주소 일치)
경로당,갈현한솔아파트,서울특별시 은평구 갈현동,1,갈현로23길 41(갈현동),37.618127,126.909855,무더위쉼터(도로명주소 일치)
경로당,갈현현대아파트,서울특별시 은평구 갈현동,1,갈현로33길 24(갈현동),37.62206,126.914259,무더위쉼터(도로명주소 일치)
경로당,라이프씨티아파트,서울특별시 은평구 갈현동,1,갈현로29길 61(갈현동),37.622919,126.910556,무더위쉼터(도로명주소 일치)
경로당,우남아파트,서울특별시 은평구 갈현동,1,서오릉로 258(갈현동),37.6178,126.906797,무더위쉼터(도로명주소 일치)
경로당,코오롱하늘채아파트,서울특별시 은평구 갈현동,1,갈현로29길 62(갈현동),37.623251,126.911214,무더위쉼터(도로명주소 일치)
경로당,효경골,서울특별시 은평구 갈현동,1,갈현로29길 49(갈현동),37.622043,126.911373,무더위쉼터(도로명주소 일치)
주민센터/도서관(작은도서관),"갈현1동 주민센터, 갈현1동 고리마루작은도서관 (갈현1동 주민센터)",서울특별시 은평구 갈현동,2,서울특별시 은평구 갈현로 301,37.6237184,126.916731,무더위쉼터(도로명주소 일치)
주민센터/도서관(작은도서관),"갈현2동 주민센터, 효경골 마을문고 (갈현2동 주민센터)",서울특별시 은평구 갈현동,2,서울특별시 은평구 연서로27길 31-6,37.6186022,126.9157981,무더위쉼터(도로명주소 일치)
경로당,e편한세상아파트2단지,서울특별시 은평구 구산동,1,서오릉로21길 48(구산동),37.612409,126.9062754,ArcGIS 지오코딩(주소 지점 일치)
경로당,갈현1단지e편한세상,서울특별시 은평구 구산동,1,서오릉로21길 47(구산동),37.61192,126.906222,무더위쉼터(도로명주소 일치)
경로당,갈현현대아파트제일,서울특별시 은평구 구산동,1,서오릉로21길 36(구산동),37.612857,126.905649,무더위쉼터(도로명주소 일치)
경로당,경남아파트,서울특별시 은평구 구산동,1,갈현로11길 46(구산동),37.605412,126.905449,무더위쉼터(도로명주소 일치)
경로당,경향파크아파트,서울특별시 은평구 구산동,1,갈현로 15길 53(구산동),37.61033,126.905678,무더위쉼터(도로명주소 일치)
경로당,구산,서울특별시 은평구 구산동,1,서오릉로21길 11-8(구산동),37.614805,126.907903,무더위쉼터(도로명주소 일치)
경로당,구산그린빌아파트,서울특별시 은평구 구산동,1,갈현로7길 56(구산동),37.605457,126.904376,무더위쉼터(도로명주소 일치)
경로당,동익파크아파트,서울특별시 은평구 구산동,1,서오릉로21길 20(구산동),37.614593,126.906897,무더위쉼터(도로명주소 일치)
경로당,브라운스톤아파트,서울특별시 은평구 구산동,1,갈현로17길 17(구산동),37.611441,126.909197,무더위쉼터(도로명주소 일치)
경로당/보건소,"구산거북, 구산보건지소",서울특별시 은평구 구산동,2,"연서로13길 29-7, 5층(구산동, 구산보건지소)",37.6098,126.9127,무더위쉼터(도로명주소 일치)
주민센터,구산동 주민센터,서울특별시 은평구 구산동,1,서울특별시 은평구 갈현로17길 10,37.6117509,126.9104157,무더위쉼터(도로명주소 일치)
경로당,JR아파트,서울특별시 은평구 녹번동,1,통일로 586-19(녹번동),37.600034,126.93794,무더위쉼터(도로명주소 일치)
경로당,녹번2차현대아파트,서울특별시 은평구 녹번동,1,서오릉로 46(녹번동),37.605014,126.924513,무더위쉼터(도로명주소 일치)
경로당,녹번현대녹색,서울특별시 은평구 녹번동,1,녹번로 40(녹번동),37.604824,126.929291,무더위쉼터(도로명주소 일치)
경로당,녹색,서울특별시 은평구 녹번동,1,은평로11길 21(녹번동),37.602659,126.923291,무더위쉼터(도로명주소 일치)
경로당,래미안베라힐즈 아파트,서울특별시 은평구 녹번동,1,통일로 630 래미안베라힐즈(녹번동),37.603888,126.936472,무더위쉼터(도로명주소 일치)
경로당,북한산푸르지오아파트,서울특별시 은평구 녹번동,1,통일로 660 (녹번동),37.606421,126.936509,무더위쉼터(도로명주소 일치)
경로당,어울누리 녹번,서울특별시 은평구 녹번동,1,녹번로7길 36(녹번동),37.606,126.928,무더위쉼터(도로명주소 일치)
경로당,일심,서울특별시 은평구 녹번동,1,은평로21길 36-2(녹번동),37.602895,126.930686,무더위쉼터(도로명주소 일치)
경로당,해주드림빌아파트,서울특별시 은평구 녹번동,1,응암로 366(녹번동),37.603912,126.923097,무더위쉼터(도로명주소 일치)
경로당/도서관(작은도서관),"대림아파트, Book Bridge 작은도서관",서울특별시 은평구 녹번동,2,통일로 590(녹번동),37.6006262,126.9371561,ArcGIS 지오코딩(주소 지점 일치)
주민센터/도서관(작은도서관)/보건소,"녹번동 주민센터, 은평작은도서관, 은평구보건소",서울특별시 은평구 녹번동,3,서울특별시 은평구 은평로 195,37.602575,126.929388,무더위쉼터(도로명주소 일치)
경로당/도서관(작은도서관),"녹번역e편한세상캐슬아파트, 녹번역 e편한세상캐슬 작은도서관",서울특별시 은평구 녹번역e편한세상캐슬 108동,2,"은평로 220, 108동 행복어린이집 아래",37.597484,126.932616,무더위쉼터(도로명주소 일치)
경로당,대조,서울특별시 은평구 대조동,1,연서로22길 9-30(대조동),37.615347,126.919584,무더위쉼터(도로명주소 일치)
경로당,믿음의집,서울특별시 은평구 대조동,1,"역말로 10길 30-1 4층, 5층(대조동)",37.6092164,126.9238155,ArcGIS 지오코딩(주소 지점 일치)
경로당,삼성타운아파트,서울특별시 은평구 대조동,1,서오릉로 94(대조동),37.608959,126.921571,무더위쉼터(도로명주소 일치)
경로당,어울누리 대촌,서울특별시 은평구 대조동,1,서오릉로 114-16,37.6105,126.9206,무더위쉼터(도로명주소 일치)
도서관(작은도서관),대조꿈나무어린이도서관,서울특별시 은평구 대조동,1,서울특별시 은평구 연서로20길 24-6 (대조동),37.6138236,126.9207184,전국도서관표준데이터
주민센터,대조동 주민센터,서울특별시 은평구 대조동,1,서울특별시 은평구 연서로20길 24-3,37.614167,126.9208486,무더위쉼터(도로명주소 일치)
경로당,백련산SK뷰아이파크아파트,서울특별시 은평구 백련산에스케이뷰아이파크 101동,1,응암로30길 16 후문 앞,37.594648,126.920952,무더위쉼터(도로명주소 일치)
경로당,남해그린힐아파트,서울특별시 은평구 불광동,1,불광로6길 20(불광동),37.613771,126.934033,무더위쉼터(도로명주소 일치)
경로당,대광,서울특별시 은평구 불광동,1,불광로2길 4-3(불광동),37.611805,126.932264,무더위쉼터(도로명주소 일치)
경로당,대호아파트,서울특별시 은평구 불광동,1,불광로 98-8(불광동),37.614942,126.933505,무더위쉼터(도로명주소 일치)
경로당,대호프라자아파트,서울특별시 은평구 불광동,1,불광로 90(불광동),37.614839,126.932796,무더위쉼터(도로명주소 일치)
경로당,메트로타워아파트,서울특별시 은평구 불광동,1,통일로 856 12층(불광동),37.6196227,126.9215229,ArcGIS 지오코딩(주소 지점 일치)
경로당,미성아파트,서울특별시 은평구 불광동,1,통일로 780(불광동),37.615023,126.928125,무더위쉼터(도로명주소 일치)
경로당,박석어버이,서울특별시 은평구 불광동,1,통일로92가길 5(불광동),37.626337,126.921252,무더위쉼터(도로명주소 일치)
경로당,북한산대창센시티아파트,서울특별시 은평구 불광동,1,불광로 208(불광동),37.625372,126.929428,무더위쉼터(도로명주소 일치)
경로당,북한산래미안205동,서울특별시 은평구 불광동,1,불광로2길 41(불광동),37.6116796,126.9361916,무더위쉼터(도로명주소 일치)
경로당,북한산래미안아파트 1단지,서울특별시 은평구 불광동,1,진흥로 267(불광동),37.611493,126.938554,무더위쉼터(도로명주소 일치)
경로당,북한산래미안아파트 2단지,서울특별시 은평구 불광동,1,진흥로 265(불광동),37.61122,126.93731,무더위쉼터(도로명주소 일치)
경로당,북한산수자인아파트,서울특별시 은평구 불광동,1,불광로 170(불광동),37.621658,126.932288,무더위쉼터(도로명주소 일치)
경로당,북한산현대홈타운아파트,서울특별시 은평구 불광동,1,불광로2길 16(불광동),37.611958,126.934262,무더위쉼터(도로명주소 일치)
경로당,북한산힐스테이트1차아파트,서울특별시 은평구 불광동,1,불광로2길 33(불광동),37.612585,126.937024,무더위쉼터(도로명주소 일치)
경로당,북한산힐스테이트3차 3207동,서울특별시 은평구 불광동,1,"불광로14길 10-4, 3207동 지3층 (불광동)",37.6198071,126.9343856,무더위쉼터(도로명주소 일치)
경로당,북한산힐스테이트7차116동,서울특별시 은평구 불광동,1,통일로 792(불광동),37.615764,126.926917,무더위쉼터(도로명주소 일치)
경로당,북한산힐스테이트7차아파트,서울특별시 은평구 불광동,1,통일로 796(불광동),37.616513,126.926452,무더위쉼터(도로명주소 일치)
경로당,불광2동,서울특별시 은평구 불광동,1,불광로 175(불광동),37.622095,126.931322,무더위쉼터(도로명주소 일치)
경로당,불광SH빌,서울특별시 은평구 불광동,1,불광로2길 46 (불광동),37.6115391,126.935676,ArcGIS 지오코딩(주소 지점 일치)
경로당,불광롯데캐슬4차아파트,서울특별시 은평구 불광동,1,"불광로2길 27, 불광롯데캐슬4차아파트 201동 지하1층(불광동)",37.612828,126.9343142,ArcGIS 지오코딩(주소 지점 일치)
경로당,불광롯데캐슬아파트,서울특별시 은평구 불광동,1,불광로 64(불광동),37.612818,126.933462,무더위쉼터(도로명주소 일치)
경로당,삼익아파트,서울특별시 은평구 불광동,1,불광로 153(불광동),37.620313,126.931488,무더위쉼터(도로명주소 일치)
경로당,새장골,서울특별시 은평구 불광동,1,연서로37길 47(불광동),37.625418,126.927765,무더위쉼터(도로명주소 일치)
경로당,송암,서울특별시 은평구 불광동,1,불광로5길 6-12(불광동),37.6150488,126.9319873,ArcGIS 지오코딩(주소 지점 일치)
경로당,어울누리 느티나무,서울특별시 은평구 불광동,1,연서로33길 14-19,37.6223,126.9249,무더위쉼터(도로명주소 일치)
경로당,향림,서울특별시 은평구 불광동,1,"통일로92나길 23, 지층",37.624109,126.923134,무더위쉼터(도로명주소 일치)
경로당/도서관(작은도서관),"북한산힐스테이트3차, 북한산힐스테이트3차 마루문고",서울특별시 은평구 불광동,2,불광로 122-10(불광동),37.618234,126.935436,무더위쉼터(도로명주소 일치)
보건소,불광보건지소,서울특별시 은평구 불광동,1,"서울특별시 은평구 연서로34길 11 (불광동, 보건분소) 불광보건지소",37.6215625,126.9276913,ArcGIS 지오코딩(주소 지점 일치)
주민센터,불광1동 주민센터,서울특별시 은평구 불광동,1,서울특별시 은평구 진흥로15길 10,37.6103305,126.9319864,무더위쉼터(도로명주소 일치)
주민센터,불광2동 주민센터,서울특별시 은평구 불광동,1,서울특별시 은평구 연서로41길 18,37.6263503,126.9272961,무더위쉼터(도로명주소 일치)
도서관(작은도서관),바다의 별 작은도서관-미운영,서울특별시 은평구 불광동성당,1,서울특별시 은평구 통일로 786(불광동성당),37.615254,126.9264065,전국도서관표준데이터
경로당,DMCSK뷰1단지아파트,서울특별시 은평구 수색동,1,수색로 216 105동(수색동),37.5818239,126.900283,ArcGIS 지오코딩(주소 지점 일치)
경로당,DMCSK뷰아이파크포레아파트,서울특별시 은평구 수색동,1,수색로 322(수색동),37.585737,126.892919,무더위쉼터(도로명주소 일치)
경로당,DMC아트포레자이아파트,서울특별시 은평구 수색동,1,은평터널로 27(수색동),37.58476,126.898257,무더위쉼터(도로명주소 일치)
경로당,DMC파인시티자이아파트,서울특별시 은평구 수색동,1,은평터널로 15(수색동),37.584314,126.894827,무더위쉼터(도로명주소 일치)
경로당,구룡,서울특별시 은평구 수색동,1,수색로 388-7(수색동),37.5898765,126.8846655,무더위쉼터(도로명주소 일치)
경로당,물빛,서울특별시 은평구 수색동,1,수색로22가길 6-8(수색동),37.585812,126.889994,무더위쉼터(도로명주소 일치)
경로당,수색진흥아파트,서울특별시 은평구 수색동,1,은평터널로 60(수색동),37.585227,126.900161,무더위쉼터(도로명주소 일치)
경로당,수색한숲타운(e편한세상에코포레),서울특별시 은평구 수색동,1,은평터널로 65(수색동),37.586943,126.89996,무더위쉼터(도로명주소 일치)
경로당,청구아파트,서울특별시 은평구 수색동,1,증산로1길 26(수색동),37.580764,126.901047,무더위쉼터(도로명주소 일치)
경로당/도서관(작은도서관),"DMC롯데캐슬더퍼스트아파트, 물빛캐슬 작은도서관",서울특별시 은평구 수색동,2,수색로300(수색동),37.584913,126.891471,무더위쉼터(도로명주소 일치)
경로당/도서관(작은도서관),"한숲(수색한숲)(임대), 수색한숲도서관",서울특별시 은평구 수색동,2,은평터널로 66(수색동),37.586504,126.901378,무더위쉼터(도로명주소 일치)
주민센터,수색동 주민센터,서울특별시 은평구 수색동,1,서울특별시 은평구 수색로 280,37.5835405,126.8936697,무더위쉼터(도로명주소 일치)
경로당,뉴신성아파트,서울특별시 은평구 신사동,1,은평터널로 163(신사동),37.593478,126.906384,무더위쉼터(도로명주소 일치)
경로당,새락골경로당,서울특별시 은평구 신사동,1,은평로3가길 25-3(신사동),37.598775,126.912108,무더위쉼터(도로명주소 일치)
경로당,새절역현대아파트,서울특별시 은평구 신사동,1,은평터널로 164(신사동),37.593351,126.908436,무더위쉼터(도로명주소 일치)
경로당,신사 대주파크빌,서울특별시 은평구 신사동,1,증산로15길 50 (신사동),37.590732,126.908074,무더위쉼터(도로명주소 일치)
경로당,신사1동,서울특별시 은평구 신사동,1,갈현로3나길 6(신사동),37.601066,126.906592,무더위쉼터(도로명주소 일치)
경로당,신사2동,서울특별시 은평구 신사동,1,은평터널로 178-1(신사동),37.59443,126.90864,무더위쉼터(도로명주소 일치)
경로당,신사2차현대아파트,서울특별시 은평구 신사동,1,가좌로 344(신사동),37.597877,126.907175,무더위쉼터(도로명주소 일치)
경로당,신사두산위브2차아파트,서울특별시 은평구 신사동,1,가좌로12길 15(신사동),37.598564,126.90735,무더위쉼터(도로명주소 일치)
경로당,신사라이프씨티아파트,서울특별시 은평구 신사동,1,갈현로3다길 15(신사동),37.602329,126.905244,무더위쉼터(도로명주소 일치)
경로당,신사미성아파트,서울특별시 은평구 신사동,1,증산로15길 35-10(신사동),37.589573,126.908796,무더위쉼터(도로명주소 일치)
경로당,신사성원아파트,서울특별시 은평구 신사동,1,갈현로4길 26-5(신사동),37.600534,126.913184,무더위쉼터(도로명주소 일치)
경로당,신사씨티아파트,서울특별시 은평구 신사동,1,가좌로 391(신사동),37.600466,126.904145,무더위쉼터(도로명주소 일치)
경로당,신사이랜드타운아파트,서울특별시 은평구 신사동,1,은평터널로 121-6(신사동),37.590647,126.903917,무더위쉼터(도로명주소 일치)
경로당,신사한신휴플러스아파트,서울특별시 은평구 신사동,1,갈현로1길 31(신사동),37.59896,126.90578,무더위쉼터(도로명주소 일치)
경로당,신성수정아파트,서울특별시 은평구 신사동,1,은평터널로7길 2(신사동),37.59273,126.906491,무더위쉼터(도로명주소 일치)
경로당,신성아파트,서울특별시 은평구 신사동,1,증산로15길 67-7(신사동),37.589812,126.904976,무더위쉼터(도로명주소 일치)
경로당,신흥,서울특별시 은평구 신사동,1,증산로21길 25(신사동),37.5959761,126.9119516,무더위쉼터(도로명주소 일치)
경로당,신흥삼부아파트,서울특별시 은평구 신사동,1,증산로21길 11(신사동),37.5957074,126.913495,ArcGIS 지오코딩(주소 지점 일치)
경로당,은평신사두산위브아파트,서울특별시 은평구 신사동,1,갈현로1길 36(신사동),37.600045,126.905499,무더위쉼터(도로명주소 일치)
경로당,응암역효성해링턴플레이스아파트,서울특별시 은평구 신사동,1,가좌로 334 103동(신사동),37.5983576,126.9092382,ArcGIS 지오코딩(주소 지점 일치)
경로당,장수,서울특별시 은평구 신사동,1,은평터널로 126(신사동),37.5904436,126.90498,ArcGIS 지오코딩(주소 지점 일치)
경로당,홍익아파트,서울특별시 은평구 신사동,1,가좌로 342(신사동),37.59751,126.908114,무더위쉼터(도로명주소 일치)
주민센터,신사1동 주민센터,서울특별시 은평구 신사동,1,서울특별시 은평구 은평로2길 2,37.5978039,126.9117512,무더위쉼터(도로명주소 일치)
주민센터,신사2동 주민센터,서울특별시 은평구 신사동,1,서울특별시 은평구 증산로15길 47,37.5902675,126.9080329,무더위쉼터(도로명주소 일치)
경로당,어울누리 안심마을,서울특별시 은평구 역촌동,1,진흥로7나길 12-5(역촌동),37.605318,126.919246,무더위쉼터(도로명주소 일치)
경로당,어울누리 해솔,서울특별시 은평구 역촌동,1,역말로 83-11(역촌동),37.6071703,126.9186147,무더위쉼터(도로명주소 일치)
경로당,역마을,서울특별시 은평구 역촌동,1,진흥로1길 32-23(역촌동),37.603419,126.91995,무더위쉼터(도로명주소 일치)
경로당,역촌센트레빌,서울특별시 은평구 역촌동,1,갈현로3나길 23 104동 1층(역촌동),37.6029775,126.90625,ArcGIS 지오코딩(주소 지점 일치)
도서관(작은도서관),은평어린이영어도서관 (평생학습관 1층),서울특별시 은평구 역촌동,1,서울특별시 은평구 서오릉로 87 1층 (역촌동),37.6078269,126.9211787,전국도서관표준데이터
주민센터,역촌동 주민센터,서울특별시 은평구 역촌동,1,서울특별시 은평구 연서로 59,37.6043975,126.9152382,무더위쉼터(도로명주소 일치)
경로당,백련산 파크자이,서울특별시 은평구 응암2동,1,백련산로67 102동(응암2동),37.592008,126.9225521,ArcGIS 지오코딩(주소 지점 일치)
경로당,백련산힐스테이트2차아파트,서울특별시 은평구 응암2동,1,백련산로 38(응암2동),37.589235,126.923081,무더위쉼터(도로명주소 일치)
경로당,금호아파트,서울특별시 은평구 응암동,1,응암로 318(응암동),37.599235,126.922286,무더위쉼터(도로명주소 일치)
경로당,대주아파트,서울특별시 은평구 응암동,1,백련산로 6(응암동),37.586259,126.92301,무더위쉼터(도로명주소 일치)
경로당,덕인,서울특별시 은평구 응암동,1,응암로21가길 5-1(응암동),37.5945876,126.9167778,무더위쉼터(도로명주소 일치)
경로당,매바위,서울특별시 은평구 응암동,1,응암로22길 13-9(응암동),37.5942,126.9198,무더위쉼터(도로명주소 일치)
경로당,백련산힐스테이트 3-2아파트 임대동,서울특별시 은평구 응암동,1,백련산로2길 42(응암동),37.5894,126.924,무더위쉼터(도로명주소 일치)
경로당,백련산힐스테이트1차아파트,서울특별시 은평구 응암동,1,백련산로2길 19(응암동),37.592452,126.925099,무더위쉼터(도로명주소 일치)
경로당,백련산힐스테이트3차골든클럽,서울특별시 은평구 응암동,1,백련산로 36(응암동),37.588239,126.923912,무더위쉼터(도로명주소 일치)
경로당,신동아아파트,서울특별시 은평구 응암동,1,백련산로 127(응암동),37.597091,126.92343,무더위쉼터(도로명주소 일치)
경로당,응암SH-VILLE,서울특별시 은평구 응암동,1,백련산로146-30(응암동),37.597995,126.9269027,무더위쉼터(도로명주소 일치)
경로당,응암제일,서울특별시 은평구 응암동,1,백련산로 159-3(응암동),37.5994684,126.9255902,무더위쉼터(도로명주소 일치)
경로당,응암푸르지오아파트,서울특별시 은평구 응암동,1,백련산로 146(응암동),37.59766,126.925791,무더위쉼터(도로명주소 일치)
경로당,충암,서울특별시 은평구 응암동,1,가좌로7길 9-15(응암동),37.586128,126.920731,무더위쉼터(도로명주소 일치)
경로당,힐스테이트백련산4차아파트,서울특별시 은평구 응암동,1,백련산로 37 (응암동),37.589918,126.921846,무더위쉼터(도로명주소 일치)
도서관(작은도서관),포수마을 만화도서관,서울특별시 은평구 응암동,1,서울특별시 은평구 증산로 478 (응암동),37.5988496,126.915929,전국도서관표준데이터
보건소,응암보건지소,서울특별시 은평구 응암동,1,"서울특별시 은평구 가좌로 195 (응암동, 응암보건지소) 응암보건지소",37.5880345,126.9195084,ArcGIS 지오코딩(주소 지점 일치)
주민센터,응암3동 주민센터,서울특별시 은평구 응암동,1,서울특별시 은평구 불광천길 410-17,37.5922683,126.915622,무더위쉼터(도로명주소 일치)
주민센터/도서관(작은도서관),"응암1동 주민센터, 은평문화의집 작은도서관 (응암1동 주민센터)",서울특별시 은평구 응암동,2,서울특별시 은평구 백련산로 179,37.6007832,126.9268275,무더위쉼터(도로명주소 일치)
주민센터/도서관(작은도서관),"응암2동 주민센터, 응암2동 매바위북카페 (응암2동 주민센터)",서울특별시 은평구 응암동,2,서울특별시 은평구 백련산로 100,37.5944082,126.9231421,무더위쉼터(도로명주소 일치)
경로당,(DMC문영퀸즈파크)문영마운틴1차아파트,서울특별시 은평구 증산동,1,증산로13길 44-5(증산동),37.58758,126.907672,무더위쉼터(도로명주소 일치)
경로당,DMC센트럴자이아파트,서울특별시 은평구 증산동,1,수색로 200(증산동),37.58003,126.903474,무더위쉼터(도로명주소 일치)
경로당,두산위브아파트,서울특별시 은평구 증산동,1,증산서길 79(증산동),37.584106,126.906313,무더위쉼터(도로명주소 일치)
경로당,우방아파트,서울특별시 은평구 증산동,1,증산로3길 26-1(증산동),37.581894,126.902884,무더위쉼터(도로명주소 일치)
경로당,월드빌아파트,서울특별시 은평구 증산동,1,증산로 333(증산동),37.586364,126.911346,무더위쉼터(도로명주소 일치)
경로당,증산,서울특별시 은평구 증산동,1,증산로9길 26-3(증산동),37.586209,126.90802,무더위쉼터(도로명주소 일치)
경로당,증산 중앙하이츠아파트,서울특별시 은평구 증산동,1,증산로 285(증산동),37.583085,126.908154,무더위쉼터(도로명주소 일치)
경로당,증산제2,서울특별시 은평구 증산동,1,증산로9길 6-17 (증산동),37.5853892,126.9098515,ArcGIS 지오코딩(주소 지점 일치)
경로당,증산할머니,서울특별시 은평구 증산동,1,증산로9길 25(증산동),37.58592,126.908069,무더위쉼터(도로명주소 일치)
경로당,한신빌라,서울특별시 은평구 증산동,1,증산로9길 36-5 지하(증산동),37.587151,126.906907,무더위쉼터(도로명주소 일치)
도서관(작은도서관),성산작은도서관(폐관예정),서울특별시 은평구 증산동,1,"서울특별시 은평구 증산서길 90 (증산동,성산교회)",37.5841735,126.9073103,전국도서관표준데이터
주민센터,증산동 주민센터,서울특별시 은평구 증산동,1,서울특별시 은평구 증산서길 89,37.5843648,126.9070614,무더위쉼터(도로명주소 일치)
경로당,구파발 10단지 제1,서울특별시 은평구 진관동,1,진관3로 15-45 1012동 1층(진관동),37.6442916,126.9161712,ArcGIS 지오코딩(주소 지점 일치)
경로당,구파발10단지 제2,서울특별시 은평구 진관동,1,진관3로 15-35 1009동 1층(진관동),37.6421624,126.9179875,ArcGIS 지오코딩(주소 지점 일치)
경로당,구파발10단지 제3,서울특별시 은평구 진관동,1,북한산로 2 1025동 1층(진관동),37.6401228,126.917239,ArcGIS 지오코딩(주소 지점 일치)
경로당,구파발9단지,서울특별시 은평구 진관동,1,진관3로 67 908동(진관동),37.6425533,126.9212361,ArcGIS 지오코딩(주소 지점 일치)
경로당,기자촌11단지,서울특별시 은평구 진관동,1,"연서로46길 7 (진관동, 은평뉴타운 기자촌11단지)",37.634236,126.934185,무더위쉼터(도로명주소 일치)
경로당,마고정11단지,서울특별시 은평구 진관동,1,진관1로 55 308동 1층(진관동),37.6319295,126.9242193,ArcGIS 지오코딩(주소 지점 일치)
경로당,여기소,서울특별시 은평구 진관동,1,의상봉길 8(진관동),37.653125,126.939754,무더위쉼터(도로명주소 일치)
경로당,은뜨락,서울특별시 은평구 진관동,1,통일로 972 102동(진관동),37.6303517,126.9203671,ArcGIS 지오코딩(주소 지점 일치)
경로당,은진,서울특별시 은평구 진관동,1,진관1로 21-10 130동 1층(진관동),37.6318148,126.9215214,ArcGIS 지오코딩(주소 지점 일치)
경로당,"은평뉴타운 마고정 3단지 제2, 은평뉴타운 구파발9단지 제2",서울특별시 은평구 진관동,2,진관2로 90 314동 1층(진관동),37.6335138,126.9274448,ArcGIS 지오코딩(주소 지점 일치)
경로당,은평뉴타운 우물골2단지 제2,서울특별시 은평구 진관동,1,진관2로 77 204동 지1층(진관동),37.6345024,126.9297186,ArcGIS 지오코딩(주소 지점 일치)
경로당,은평뉴타운 우물골6단지아파트,서울특별시 은평구 진관동,1,진관2로 57-7 255동 지층(진관동),37.6357181,126.9241312,ArcGIS 지오코딩(주소 지점 일치)
경로당,은평뉴타운 우물골8단지아파트,서울특별시 은평구 진관동,1,진관2로 111-7 218동 지하1층(진관동),37.6364578,126.9323039,ArcGIS 지오코딩(주소 지점 일치)
경로당,은평뉴타운 우물골아파트 제4,서울특별시 은평구 진관동,1,"진관2로 57-37,  241동 지층 (진관동, 은평뉴타운 우물골)",37.6377567,126.9284962,ArcGIS 지오코딩(주소 지점 일치)
경로당,은평뉴타운 제각말5단지 제1,서울특별시 은평구 진관동,1,연서로 48길 12(진관동),37.636715,126.93566,무더위쉼터(도로명주소 일치)
경로당,은평뉴타운 제각말5단지 제4,서울특별시 은평구 진관동,1,연서로 455 529동 지하1층(진관동),37.6350258,126.9322442,ArcGIS 지오코딩(주소 지점 일치)
경로당,은평뉴타운 폭포동4단지 제1,서울특별시 은평구 진관동,1,"진관1로 77-8, 407동 은빛센터 (진관동, 은평뉴타운 폭포동)",37.631277,126.930055,무더위쉼터(도로명주소 일치)
경로당,은평뉴타운 폭포동4단지 제4,서울특별시 은평구 진관동,1,연서로44길 55(진관동),37.6276515,126.936495,ArcGIS 지오코딩(주소 지점 일치)
경로당,은평뉴타운박석고개 13단지아파트,서울특별시 은평구 진관동,1,진관1로 22(진관동),37.630852,126.921834,무더위쉼터(도로명주소 일치)
경로당,은평뉴타운박석고개 1단지 제1,서울특별시 은평구 진관동,1,진관1로 21-9(진관동),37.632665,126.920102,무더위쉼터(도로명주소 일치)
경로당,은평뉴타운상림마을 10단지아파트,서울특별시 은평구 진관동,1,진관4로 48-17(진관동),37.644988,126.927457,무더위쉼터(도로명주소 일치)
경로당,은평뉴타운상림마을 11단지아파트,서울특별시 은평구 진관동,1,진관4로 48-8(진관동),37.644191,126.926967,무더위쉼터(도로명주소 일치)
경로당,은평뉴타운상림마을 12단지아파트,서울특별시 은평구 진관동,1,진관3로 70(진관동),37.642466,126.922612,무더위쉼터(도로명주소 일치)
경로당,은평뉴타운상림마을 13단지아파트,서울특별시 은평구 진관동,1,진관4로 48-50(진관동),37.642173,126.929545,무더위쉼터(도로명주소 일치)
경로당,은평뉴타운상림마을 14단지아파트,서울특별시 은평구 진관동,1,진관4로 48-51(진관동),37.642753,126.931128,무더위쉼터(도로명주소 일치)
경로당,은평뉴타운상림마을 1단지아파트,서울특별시 은평구 진관동,1,진관4로 17(진관동),37.644238,126.922759,무더위쉼터(도로명주소 일치)
경로당,은평뉴타운상림마을 2단지아파트,서울특별시 은평구 진관동,1,진관4로 37(진관동),37.645162,126.925106,무더위쉼터(도로명주소 일치)
경로당,은평뉴타운상림마을 3단지아파트,서울특별시 은평구 진관동,1,진관4로 47 (진관동),37.646162,126.9263,무더위쉼터(도로명주소 일치)
경로당,은평뉴타운상림마을 4단지아파트,서울특별시 은평구 진관동,1,진관4로 77(진관동),37.647026,126.92752,무더위쉼터(도로명주소 일치)
경로당,은평뉴타운상림마을 5단지아파트,서울특별시 은평구 진관동,1,진관4로 87(진관동),37.647946,126.928579,무더위쉼터(도로명주소 일치)
경로당,은평뉴타운상림마을 6단지 제1,서울특별시 은평구 진관동,1,진관4로 78-7(진관동),37.64675,126.930095,무더위쉼터(도로명주소 일치)
경로당,은평뉴타운상림마을 6단지아파트,서울특별시 은평구 진관동,1,진관4로 107(진관동),37.648923,126.929988,무더위쉼터(도로명주소 일치)
경로당,은평뉴타운상림마을 7단지아파트,서울특별시 은평구 진관동,1,진관4로 100(진관동),37.648508,126.931807,무더위쉼터(도로명주소 일치)
경로당,은평뉴타운상림마을 9단지아파트,서울특별시 은평구 진관동,1,진관4로 78-8(진관동),37.645954,126.928712,무더위쉼터(도로명주소 일치)
경로당,은평뉴타운아파트 폭포동4단지2은빛,서울특별시 은평구 진관동,1,연서로44길 7 412동 앞(진관동),37.6309927,126.9317124,ArcGIS 지오코딩(주소 지점 일치)
경로당,은평지웰테라스아파트,서울특별시 은평구 진관동,1,진관4로 78-38 1511동(진관동),37.6436946,126.9312511,ArcGIS 지오코딩(주소 지점 일치)
경로당/도서관(작은도서관),"은평뉴타운 마고정2단지아파트, 마고정 작은도서관",서울특별시 은평구 진관동,2,진관2로 60 335동 1층(진관동),37.6326805,126.9241945,ArcGIS 지오코딩(주소 지점 일치)
경로당/도서관(작은도서관),"은평뉴타운 폭포동4단지 제3, 지혜누리작은도서관",서울특별시 은평구 진관동,2,연서로44길 30 425동 1층(진관동),37.6276988,126.9346804,ArcGIS 지오코딩(주소 지점 일치)
주민센터,진관동 주민센터,서울특별시 은평구 진관동,1,서울특별시 은평구 진관2로 31,37.635,126.9209,무더위쉼터(도로명주소 일치)
경로당,아남아파트경로당,서울특별시 종로구,1,종로구 창경궁로 265(명륜2가),37.5851793,126.9998329,ArcGIS 지오코딩(주소 지점 일치)
도서관(공공도서관),아름꿈도서관,서울특별시 종로구,1,서울특별시 종로구 종로58가길 19,37.5726975,127.0171157,전국도서관표준데이터
도서관(공공도서관),청운문학도서관,서울특별시 종로구,1,서울특별시 종로구 자하문로36길 40,37.5903786,126.9659189,전국도서관표준데이터
도서관(작은도서관),도담도담 한옥도서관,서울특별시 종로구,1,서울특별시 종로구 숭인동길 43,37.5769278,127.0218396,전국도서관표준데이터
도서관(작은도서관),삼청공원 숲속도서관,서울특별시 종로구,1,서울특별시 종로구 북촌로 134-3,37.5879786,126.9840854,전국도서관표준데이터
도서관(작은도서관),통인 어린이 작은도서관,서울특별시 종로구,1,서울특별시 종로구 자하문로13길 20,37.5804256,126.9705288,전국도서관표준데이터
경로당/주민센터,"가회경로당, 가회동 주민센터",서울특별시 종로구 가회동,2,종로구 북촌로 35(가회동),37.5801246,126.9847736,무더위쉼터(도로명주소 일치)
경로당,구기할머니경로당,서울특별시 종로구 구기동,1,종로구 진흥로 438-8(구기동),37.607872,126.9563703,무더위쉼터(도로명주소 일치)
경로당,구기할아버지경로당,서울특별시 종로구 구기동,1,종로구 진흥로 438-6(구기동),37.607804,126.9564991,무더위쉼터(도로명주소 일치)
주민센터/도서관(작은도서관),"청운효자동 주민센터, 청운효자동 북카페",서울특별시 종로구 궁정동,2,서울특별시 종로구 자하문로 92(궁정동),37.5840952,126.9706558,무더위쉼터(도로명주소 일치)
경로당,우정경로당,서울특별시 종로구 낙원동,1,종로구 수표로22길 22(낙원동),37.5712197,126.9906168,무더위쉼터(도로명주소 일치)
경로당,동숭경로당,서울특별시 종로구 동숭동,1,종로구 동숭4나길 29(동숭동),37.583189,127.005093,무더위쉼터(시설명 일치)
경로당,마로니에경로당,서울특별시 종로구 동숭동,1,종로구 낙산1길 21(동숭동),37.5811836,127.0057153,무더위쉼터(도로명주소 일치)
경로당,명륜3가경로당,서울특별시 종로구 명륜1가,1,종로구 성균관로 50 (명륜1가),37.5871177,126.9967148,무더위쉼터(도로명주소 일치)
경로당,혜명경로당,서울특별시 종로구 명륜1가,1,종로구 혜화로9길 24-9(명륜1가),37.5880529,126.9982946,무더위쉼터(도로명주소 일치)
경로당,와룡경로당,서울특별시 종로구 명륜3가,1,"종로구 명륜길 90, 2층(명륜3가)",37.5906204,126.9933781,무더위쉼터(도로명주소 일치)
경로당,유림경로당,서울특별시 종로구 명륜3가,1,종로구 성균관로5길 25-13(명륜3가),37.5844736,126.996928,무더위쉼터(도로명주소 일치)
경로당,명륜2?4가경로당,서울특별시 종로구 명륜4가,1,종로구 창경궁로26길 7(명륜4가),37.5818846,126.9981471,무더위쉼터(도로명주소 일치)
도서관(공공도서관),어린이청소년국학도서관,서울특별시 종로구 명륜동,1,서울특별시 종로구 명륜길 26(명륜동 와룡문화센터 5층),37.5886859,126.9955389,전국도서관표준데이터
경로당,경희궁롯데캐슬아파트경로당,서울특별시 종로구 무악동,1,"종로구 통일로 230, 102동 1층(무악동, 경희궁롯데캐슬)",37.5735477,126.9597185,ArcGIS 지오코딩(주소 지점 일치)
경로당,무악경로당,서울특별시 종로구 무악동,1,종로구 통일로14길 19(무악동),37.575436,126.957754,무더위쉼터(도로명주소 일치)
경로당,무악제2경로당,서울특별시 종로구 무악동,1,종로구 통일로 246-11(무악동),37.575647,126.958111,무더위쉼터(시설명 일치)
경로당,무악현대아파트경로당,서울특별시 종로구 무악동,1,종로구 통일로12길 51(무악동),37.5747695,126.961574,ArcGIS 지오코딩(주소 지점 일치)
경로당,인왕산아이파크경로당,서울특별시 종로구 무악동,1,종로구 통일로18길 9(무악동),37.5766081,126.9564068,ArcGIS 지오코딩(주소 지점 일치)
주민센터/도서관(작은도서관),"무악동 주민센터, 무악다솜방",서울특별시 종로구 무악동,2,서울특별시 종로구 통일로14길 36(무악동),37.5760029,126.9582278,무더위쉼터(도로명주소 일치)
경로당,부암경로당,서울특별시 종로구 부암동,1,종로구 자하문로 260(부암동),37.5973744,126.9634272,무더위쉼터(도로명주소 일치)
주민센터,부암동 주민센터,서울특별시 종로구 부암동,1,서울특별시 종로구 창의문로 145(부암동),37.5924354,126.9640763,무더위쉼터(도로명주소 일치)
경로당,사직경로당,서울특별시 종로구 사직동,1,종로구 사직로9길 15-25(사직동),37.5764535,126.9655864,무더위쉼터(도로명주소 일치)
경로당,복정경로당,서울특별시 종로구 삼청동,1,종로구 삼청로4길 22(삼청동),37.5823969,126.9821249,무더위쉼터(도로명주소 일치)
주민센터,삼청동 주민센터,서울특별시 종로구 삼청동,1,서울특별시 종로구 삼청로 107(삼청동),37.5849943,126.9817601,무더위쉼터(도로명주소 일치)
경로당,동원경로당,서울특별시 종로구 숭인동,1,종로구 숭인동2길 28(숭인동),37.5783284,127.0202659,무더위쉼터(도로명주소 일치)
경로당,롯데캐슬천지인경로당,서울특별시 종로구 숭인동,1,"종로구 종로 347, 천동 2층(숭인동)",37.573852,127.016178,무더위쉼터(도로명주소 일치)
경로당,숭인2경로당,서울특별시 종로구 숭인동,1,종로구 종로66가길 35(숭인동),37.5731117,127.0200647,무더위쉼터(도로명주소 일치)
경로당,종로센트레빌경로당,서울특별시 종로구 숭인동,1,종로구 동망산길 47(숭인동),37.5798577,127.0159411,ArcGIS 지오코딩(주소 지점 일치)
경로당,"한마음경로당, 흥인경로당",서울특별시 종로구 숭인동,2,"종로구 숭인동길 78-8, 1층(숭인동)",37.578254,127.0222011,무더위쉼터(도로명주소 일치)
경로당,힐스테이트경로당,서울특별시 종로구 숭인동,1,종로구 숭인동길 21(숭인동),37.5761319,127.0216305,ArcGIS 지오코딩(주소 지점 일치)
경로당/주민센터/도서관(작은도서관),"숭인1상록경로당, 숭인제1동 주민센터, 숭인마루 작은도서관",서울특별시 종로구 숭인동,3,"종로구 지봉로 86, 4층(숭인동)",37.5778544,127.0155814,무더위쉼터(도로명주소 일치)
주민센터,숭인제2동 주민센터,서울특별시 종로구 숭인동,1,서울특별시 종로구 종로65길 10(숭인동),37.5748698,127.0199896,무더위쉼터(도로명주소 일치)
경로당,청운경로당,서울특별시 종로구 신교동,1,"종로구 필운대로 86, 1층(신교동)",37.5834852,126.967421,무더위쉼터(도로명주소 일치)
주민센터,사직동 주민센터,서울특별시 종로구 신문로2가,1,서울특별시 종로구 경희궁1길 15(신문로2가),37.571394,126.9706517,무더위쉼터(도로명주소 일치)
경로당,신영경로당,서울특별시 종로구 신영동,1,종로구 세검정로6길 76-19(신영동),37.601291,126.9636445,무더위쉼터(도로명주소 일치)
경로당,연건경로당,서울특별시 종로구 연건동,1,종로구 대학로5길 38 (연건동),37.5788758,127.0008945,ArcGIS 지오코딩(주소 지점 일치)
경로당,세종마을경로당,서울특별시 종로구 옥인동,1,종로구 옥인1길 12-2(옥인동),37.581001,126.967978,무더위쉼터(도로명주소 일치)
보건소,종로구보건소,서울특별시 종로구 옥인동,1,"서울특별시 종로구 자하문로19길 36 (옥인동, 종로구보건소, 청운효자동자치회관) 1~4층",37.5818305,126.9692258,ArcGIS 지오코딩(주소 지점 일치)
경로당,운니경로당,서울특별시 종로구 운니동,1,종로구 삼일대로32길 51(운니동),37.5756351,126.9898416,무더위쉼터(도로명주소 일치)
경로당,계원경로당,서울특별시 종로구 원서동,1,종로구 창덕궁3가길 8(원서동),37.5811279,126.9885166,무더위쉼터(도로명주소 일치)
경로당,원서경로당,서울특별시 종로구 원서동,1,종로구 창덕궁길 94(원서동),37.58163,126.989396,무더위쉼터(도로명주소 일치)
경로당,6?25참전유공자경로당,서울특별시 종로구 이화동,1,"종로구 율곡로19길 17-3, 1호 (이화동)",37.5764168,127.0056439,ArcGIS 지오코딩(주소 지점 일치)
경로당,이화경로당,서울특별시 종로구 이화동,1,종로구 이화장1나길 15(이화동),37.5777353,127.0067503,무더위쉼터(도로명주소 일치)
주민센터/도서관(작은도서관),"이화동 주민센터, 이화마을 작은도서관",서울특별시 종로구 이화동,2,서울특별시 종로구 이화장길 33(이화동),37.576979,127.004349,무더위쉼터(도로명주소 일치)
주민센터/도서관(작은도서관),"종로1·2·3·4가동 주민센터, 우리소리도서관",서울특별시 종로구 익선동,2,서울특별시 종로구 삼일대로30길 47(익선동),37.574482,126.990231,무더위쉼터(도로명주소 일치)
경로당,효성경로당,서울특별시 종로구 인의동,1,종로구 종로 183(인의동),37.571437,126.9983858,ArcGIS 지오코딩(주소 지점 일치)
경로당,북촌경로당,서울특별시 종로구 재동,1,종로구 북촌로 20-27(재동),37.5789115,126.9858728,무더위쉼터(도로명주소 일치)
경로당,낙산등우회경로당,서울특별시 종로구 창신동,1,종로구 낙산성곽서길 184(창신동),37.58021,127.008619,ArcGIS 지오코딩(주소 지점 일치)
경로당,당고개경로당,서울특별시 종로구 창신동,1,종로구 종로53길 29(창신동),37.5736793,127.0132278,무더위쉼터(도로명주소 일치)
경로당,쌍용A1단지경로당,서울특별시 종로구 창신동,1,종로구 동망산길 19(창신동),37.5804964,127.0147401,ArcGIS 지오코딩(주소 지점 일치)
경로당,쌍용A2단지경로당,서울특별시 종로구 창신동,1,종로구 낙산길 198(창신동),37.5807182,127.011641,ArcGIS 지오코딩(주소 지점 일치)
경로당,온고회경로당,서울특별시 종로구 창신동,1,종로구 지봉로13길 14(창신동),37.578978,127.014694,무더위쉼터(도로명주소 일치)
경로당,창락경로당,서울특별시 종로구 창신동,1,종로구 창신길 191-6(창신동),37.5799227,127.00947,무더위쉼터(도로명주소 일치)
경로당,창삼경로당,서울특별시 종로구 창신동,1,종로구 지봉로13길 82(창신동),37.5772613,127.0124754,무더위쉼터(도로명주소 일치)
경로당,창신2경로당,서울특별시 종로구 창신동,1,"종로구 창신길 98, 2,3층(창신동)",37.5759816,127.0105375,무더위쉼터(도로명주소 일치)
경로당,창신두산아파트경로당,서울특별시 종로구 창신동,1,종로구 지봉로5길 7(창신동),37.574176,127.014303,무더위쉼터(도로명주소 일치)
경로당,창인경로당,서울특별시 종로구 창신동,1,종로구 낙산성곽동길 70-3(창신동),37.5786855,127.0089349,무더위쉼터(도로명주소 일치)
경로당,창일경로당,서울특별시 종로구 창신동,1,종로구 종로54길 9-23(창신동),37.572238,127.0148157,무더위쉼터(도로명주소 일치)
주민센터,창신제1동 주민센터,서울특별시 종로구 창신동,1,서울특별시 종로구 지봉로 8-6(창신동),37.570766,127.01633,무더위쉼터(도로명주소 일치)
주민센터,창신제2동 주민센터,서울특별시 종로구 창신동,1,서울특별시 종로구 창신길 62(창신동),37.5744319,127.0108835,무더위쉼터(도로명주소 일치)
주민센터,창신제3동 주민센터,서울특별시 종로구 창신동,1,서울특별시 종로구 지봉로 87(창신동),37.577824,127.015142,무더위쉼터(도로명주소 일치)
경로당,충신경로당,서울특별시 종로구 충신동,1,종로구 율곡로22나길 21(충신동),37.5739111,127.0046662,무더위쉼터(도로명주소 일치)
경로당,충신어르신행복충전소경로당,서울특별시 종로구 충신동,1,종로구 낙산성곽서길 65-11(충신동),37.5750553,127.0081528,무더위쉼터(도로명주소 일치)
경로당,삼청경로당,서울특별시 종로구 팔판동,1,종로구 삼청로5길 30(팔판동),37.583069,126.980226,무더위쉼터(도로명주소 일치)
경로당,경희궁자이3단지경로당,서울특별시 종로구 평동,1,"종로구 경교장길 35(평동, 경희궁자이3단지)",37.5683372,126.9652691,ArcGIS 지오코딩(주소 지점 일치)
경로당,금강경로당,서울특별시 종로구 평창동,1,종로구 평창24길 18(평창동),37.6086506,126.975753,ArcGIS 지오코딩(주소 지점 일치)
경로당,롯데아파트경로당,서울특별시 종로구 평창동,1,종로구 평창문화로 140(평창동),37.6094873,126.9755823,ArcGIS 지오코딩(주소 지점 일치)
경로당,삼성아파트경로당,서울특별시 종로구 평창동,1,종로구 평창문화로 172(평창동),37.6113004,126.9792511,ArcGIS 지오코딩(주소 지점 일치)
경로당,평창경로당,서울특별시 종로구 평창동,1,종로구 평창문화로 48(평창동),37.6053178,126.9669154,무더위쉼터(도로명주소 일치)
주민센터/도서관(작은도서관),"평창동 주민센터, 꿈꾸는 평창동 작은도서관",서울특별시 종로구 평창동,2,서울특별시 종로구 평창문화로 65(평창동),37.6063867,126.9683786,무더위쉼터(도로명주소 일치)
경로당,경희궁자이1단지경로당,서울특별시 종로구 행촌동,1,"종로구 송월길 130(행촌동, 경희궁자이1단지)",37.5721125,126.963823,ArcGIS 지오코딩(주소 지점 일치)
경로당,교남경로당,서울특별시 종로구 행촌동,1,종로구 사직로2길 8(행촌동),37.572533,126.9645796,무더위쉼터(도로명주소 일치)
경로당,은행나무경로당,서울특별시 종로구 행촌동,1,종로구 통일로12길 60(행촌동),37.5749442,126.9619131,무더위쉼터(도로명주소 일치)
경로당,행촌경로당,서울특별시 종로구 행촌동,1,종로구 인왕산로1길 58 (행촌동),37.5753864,126.9630088,무더위쉼터(도로명주소 일치)
주민센터/도서관(작은도서관),"교남동 주민센터, 홍파랑 북카페",서울특별시 종로구 행촌동,2,서울특별시 종로구 송월길 154(행촌동),37.571916,126.961963,무더위쉼터(도로명주소 일치)
주민센터/도서관(작은도서관),"혜화동 주민센터, 혜화마을 북카페",서울특별시 종로구 혜화동,2,서울특별시 종로구 혜화로 12(혜화동),37.5869073,127.000608,무더위쉼터(도로명주소 일치)
경로당,경희궁자이2단지경로당,서울특별시 종로구 홍파동,1,"종로구 송월길 99 (홍파동, 경희궁자이2단지)",37.5700417,126.9628434,ArcGIS 지오코딩(주소 지점 일치)
경로당/주민센터/도서관(작은도서관),"종로5?6가경로당, 종로5·6가동 주민센터, 지혜만들기 작은도서관",서울특별시 종로구 효제동,3,종로구 종로35가길 19(효제동),37.5720368,127.0050402,무더위쉼터(도로명주소 일치)
경로당,남대문5가,서울특별시 중구,1,남대문로5가 626,37.5607986,126.976439,ArcGIS 지오코딩(주소 지점 일치)
경로당,덕수궁롯데캐슬아파트,서울특별시 중구,1,"서소문로9길 28, 2층",37.5638224,126.9705562,ArcGIS 지오코딩(주소 지점 일치)
경로당,동 화,서울특별시 중구,1,"청구로64, 115동 1층",37.5596468,127.0164796,ArcGIS 지오코딩(주소 지점 일치)
경로당,"사랑(구 하이베르2), 하이베르",서울특별시 중구,2,"퇴계로90길74, 201동",37.5617222,127.0210472,ArcGIS 지오코딩(주소 지점 일치)
경로당,청구e편한세상,서울특별시 중구,1,"청구로64, 109동 1층",37.5596468,127.0164796,ArcGIS 지오코딩(주소 지점 일치)
경로당,하나유보라아파트,서울특별시 중구,1,"중구 왕십리로 407, 105동 L2층",37.564276,127.0247353,ArcGIS 지오코딩(주소 지점 일치)
경로당,한 라,서울특별시 중구,1,"만리재로 177, 103동 1층",37.5545736,126.965847,ArcGIS 지오코딩(주소 지점 일치)
경로당,"한진그랑빌행복, 한진그랑빌",서울특별시 중구,2,"왕십리로39길30, 104동옆",37.5634617,127.0262097,ArcGIS 지오코딩(주소 지점 일치)
도서관(공공도서관),가온도서관,서울특별시 중구,1,서울특별시 중구 동호로14길 18,37.556385,127.010838,전국도서관표준데이터
도서관(공공도서관),다산성곽도서관,서울특별시 중구,1,서울특별시 중구 동호로17길 173,37.551604,127.0043894,전국도서관표준데이터
도서관(공공도서관),손기정문화도서관,서울특별시 중구,1,서울특별시 중구 손기정로101-3,37.5559207,126.9645377,전국도서관표준데이터
도서관(공공도서관),손기정어린이도서관,서울특별시 중구,1,서울특별시 중구 손기정로 101,37.5559207,126.9645377,전국도서관표준데이터
도서관(공공도서관),신당누리도서관,서울특별시 중구,1,서울특별시 중구 다산로33길 2,37.5623008,127.0145942,전국도서관표준데이터
도서관(공공도서관),어울림도서관,서울특별시 중구,1,서울특별시 중구 다산로38길 66-35,37.561723,127.0189303,전국도서관표준데이터
도서관(작은도서관),다산동 작은도서관,서울특별시 중구,1,서울특별시 중구 동호로12길 89,37.5592305,127.012036,전국도서관표준데이터
도서관(작은도서관),약수동 작은도서관,서울특별시 중구,1,서울특별시 중구 동호로5길 19,37.551855,127.012567,전국도서관표준데이터
도서관(작은도서관),장충동 작은도서관,서울특별시 중구,1,서울특별시 중구 동호로25길 33,37.559197,127.001363,전국도서관표준데이터
도서관(작은도서관),중구청 작은도서관,서울특별시 중구,1,서울특별시 중구 창경궁로 17,37.5641202,126.9980097,전국도서관표준데이터
도서관(작은도서관),청구동 작은도서관,서울특별시 중구,1,서울특별시 중구 다산로24가길 23,37.556314,127.015977,전국도서관표준데이터
경로당,신당푸르지오,서울특별시 중구 103동,1,다산로36길110(103동) 관리사무소옆,37.5592014,127.0195265,무더위쉼터(도로명주소 일치)
경로당/주민센터/도서관(작은도서관),"광 희, 광희동 주민센터, 광희동 작은도서관",서울특별시 중구 광희동1가,3,퇴계로 303-9 광희동주민센터 4층,37.5644512,127.004986,무더위쉼터(도로명주소 일치)
경로당,명 동,서울특별시 중구 남산동2가,1,퇴계로20길25-26(남산동2가),37.558995,126.9863726,무더위쉼터(도로명주소 일치)
주민센터/도서관(작은도서관),"동화동 주민센터, 동화동 작은도서관",서울특별시 중구 동화동주민센터,2,서울특별시 중구 다산로36길 100,37.5592,127.019505,무더위쉼터(도로명주소 일치)
경로당,중 림,서울특별시 중구 만리동1가,1,손기정로 101-5,37.5568741,126.9660121,무더위쉼터(도로명주소 일치)
경로당/주민센터,"서울역자이아파트, 중림동 주민센터",서울특별시 중구 만리동2가,2,"만리재로 175, 109동 1층",37.553782,126.96403,무더위쉼터(도로명주소 일치)
주민센터,명동 주민센터,서울특별시 중구 명동주민센터,1,서울특별시 중구 퇴계로20길 3,37.558297,126.985297,무더위쉼터(시설명 일치)
보건소,서울중구보건소,서울특별시 중구 무학동,1,"서울특별시 중구 다산로39길 16 (무학동, 중구보건소) 중구보건소",37.5645857,127.0150952,ArcGIS 지오코딩(주소 지점 일치)
경로당,소 공,서울특별시 중구 서소문동,1,서소문로11길 10 (서소문동),37.5633681,126.9730329,ArcGIS 지오코딩(주소 지점 일치)
주민센터,소공동 주민센터,서울특별시 중구 서소문동,1,서울특별시 중구 남대문로1길 31-5,37.561663,126.97423,무더위쉼터(시설명 일치)
경로당,남산숲(구 남산타운1),서울특별시 중구 신당동,1,다산로32(신당동) 3동앞,37.5478771,127.0086032,ArcGIS 지오코딩(주소 지점 일치)
경로당,다 산,서울특별시 중구 신당동,1,동호로12길97(신당동),37.5595449,127.0120608,무더위쉼터(도로명주소 일치)
경로당,대양,서울특별시 중구 신당동,1,동호로10길30(신당동) 119동,37.5556047,127.0150628,ArcGIS 지오코딩(주소 지점 일치)
경로당,동 호,서울특별시 중구 신당동,1,동호로8길42-22(신당동),37.5524119,127.013025,무더위쉼터(도로명주소 일치)
경로당,동화동,서울특별시 중구 신당동,1,퇴계로80길52(신당동),37.5632367,127.0172988,무더위쉼터(도로명주소 일치)
경로당,동화동현대@,서울특별시 중구 신당동,1,"다산로36길109, 1동앞",37.559689,127.020225,무더위쉼터(도로명주소 일치)
경로당,삼성아파트,서울특별시 중구 신당동,1,청구로1길23(신당동) 114동옆,37.5585795,127.0168906,ArcGIS 지오코딩(주소 지점 일치)
경로당,신당5동,서울특별시 중구 신당동,1,다산로42길53(신당동),37.5643603,127.0192147,무더위쉼터(도로명주소 일치)
경로당,신당KCC스위첸,서울특별시 중구 신당동,1,"난계로 130, 102동 1층",37.563126,127.024794,무더위쉼터(도로명주소 일치)
경로당,신일(구:광희문),서울특별시 중구 신당동,1,청구로121(신당동)(2015.04.08.명칭변경),37.5626083,127.010207,ArcGIS 지오코딩(주소 지점 일치)
경로당,쌈지(구 남산타운2),서울특별시 중구 신당동,1,다산로32(신당동) 25동,37.5478771,127.0086032,ArcGIS 지오코딩(주소 지점 일치)
경로당,약 수,서울특별시 중구 신당동,1,다산로10길10-10(신당동),37.553241,127.010212,무더위쉼터(도로명주소 일치)
경로당,약수하이츠,서울특별시 중구 신당동,1,동호로10길30(신당동) 106동옆,37.5556047,127.0150628,ArcGIS 지오코딩(주소 지점 일치)
경로당,장 수,서울특별시 중구 신당동,1,동호로11다길18(신당동),37.5519585,127.007057,무더위쉼터(도로명주소 일치)
경로당,청 구,서울특별시 중구 신당동,1,청구로3길 69(신당동) 1층,37.5565225,127.0143462,ArcGIS 지오코딩(주소 지점 일치)
경로당,청송,서울특별시 중구 신당동,1,청구로1길23(신당동) 115동뒤,37.5585795,127.0168906,ArcGIS 지오코딩(주소 지점 일치)
경로당,충 현,서울특별시 중구 신당동,1,동호로17나길5-4(신당동),37.5544732,127.0056789,무더위쉼터(도로명주소 일치)
경로당,파라다이스(150세대미만아파트),서울특별시 중구 신당동,1,"다산로42나길46(신당동,파라다이스)",37.562396,127.017283,무더위쉼터(도로명주소 일치)
경로당/도서관(공공도서관),"하늘(구 남산타운3), 남산타운어린이도서관",서울특별시 중구 신당동,2,다산로32(신당동) 관리사무소 옆,37.548681,127.00888,무더위쉼터(도로명주소 일치)
경로당/도서관(작은도서관),"신 당, 신당동 작은도서관",서울특별시 중구 신당동,2,다산로29길10(신당동),37.561105,127.013542,무더위쉼터(도로명주소 일치)
경로당/도서관(작은도서관),"유 락, 신당5동 작은도서관",서울특별시 중구 신당동,2,퇴계로90길42(신당동),37.5634445,127.0216395,무더위쉼터(도로명주소 일치)
주민센터,신당5동 주민센터,서울특별시 중구 신당동,1,서울특별시 중구 다산로44길 85,37.5651172,127.0218667,무더위쉼터(도로명주소 일치)
주민센터,신당동 주민센터,서울특별시 중구 신당동,1,서울특별시 중구 다산로33길 3 신당누리센터 3층,37.5620989,127.0145763,무더위쉼터(도로명주소 일치)
주민센터,청구동 주민센터,서울특별시 중구 신당동,1,서울특별시 중구 청구로3길 55,37.5571022,127.0146791,무더위쉼터(도로명주소 일치)
주민센터/보건소,"다산동 주민센터, 다산보건지소",서울특별시 중구 신당동,2,서울특별시 중구 동호로15길 50,37.5542653,127.0083084,무더위쉼터(도로명주소 일치)
주민센터/보건소,"약수동 주민센터, 약수보건지소",서울특별시 중구 신당동,2,서울특별시 중구 다산로 92,37.5524756,127.0089583,무더위쉼터(도로명주소 일치)
주민센터,을지로동 주민센터,서울특별시 중구 을지로3가,1,서울특별시 중구 을지로 117,37.566683,126.990972,무더위쉼터(도로명주소 일치)
경로당,을 지,서울특별시 중구 을지로4가,1,을지로28길16(을지로4가),37.565995,126.998889,무더위쉼터(도로명주소 일치)
주민센터,장충동 주민센터,서울특별시 중구 장충동1가,1,서울특별시 중구 서울특별시 중구 장충단로8길 22,37.5619114,127.0078704,무더위쉼터(시설명 일치)
경로당,공원장충,서울특별시 중구 장충동2가,1,동호로257-10(장충동2가),37.558511,127.003887,무더위쉼터(도로명주소 일치)
경로당,장 충,서울특별시 중구 장충동2가,1,동호로25길38(장충동2가),37.5594476,127.0015723,무더위쉼터(도로명주소 일치)
경로당,삼성사이버,서울특별시 중구 중림동,1,"중림로10(중림동), 105동앞",37.5582144,126.9652972,무더위쉼터(도로명주소 일치)
경로당,충 정,서울특별시 중구 중림동,1,"중림로4길41(중림동), 202동 1층",37.5571804,126.9646435,무더위쉼터(도로명주소 일치)
경로당,묵 정,서울특별시 중구 충무로5가,1,퇴계로45길 32-12,37.56388,126.999734,무더위쉼터(도로명주소 일치)
경로당/도서관(작은도서관),"필 동, 필동 작은도서관",서울특별시 중구 필동2가,2,필동로11(필동2가),37.560545,126.996237,무더위쉼터(도로명주소 일치)
주민센터,필동 주민센터,서울특별시 중구 필동2가,1,서울특별시 중구 퇴계로36길 42,37.5601546,126.9955807,무더위쉼터(도로명주소 일치)
경로당,"롯데캐슬베네치아, SH황학롯데캐슬",서울특별시 중구 황학동,2,"청계천로400(황학동), 103동7층",37.570931,127.021316,무더위쉼터(도로명주소 일치)
경로당,황 중,서울특별시 중구 황학동,1,난계로11길37(황학동),37.5666637,127.0217758,무더위쉼터(도로명주소 일치)
도서관(작은도서관)/보건소,"황학동 작은도서관, 황학보건지소",서울특별시 중구 황학동,2,서울특별시 중구 난계로11길 52,37.567423,127.021382,전국도서관표준데이터
주민센터,황학동 주민센터,서울특별시 중구 황학동,1,서울특별시 중구 황학동 난계로11길 52,37.5674378,127.0213668,무더위쉼터(시설명 일치)
경로당,남산 아이리스,서울특별시 중구 회현동1가,1,"소공로35(회현동1가,남산롯데캐슬아이리스)4층",37.5583682,126.9824181,ArcGIS 지오코딩(주소 지점 일치)
경로당,남산SK리더스뷰,서울특별시 중구 회현동1가,1,퇴계로72(회현동1가) 3층,37.5591254,126.9806038,ArcGIS 지오코딩(주소 지점 일치)
경로당,회 현,서울특별시 중구 회현동1가,1,퇴계로12길89(회현동1가),37.5558275,126.9819701,무더위쉼터(도로명주소 일치)
주민센터/도서관(작은도서관),"회현동 주민센터, 회현동 작은도서관",서울특별시 중구 회현동1가,2,서울특별시 중구 퇴계로8길 46,37.5572999,126.9794086,무더위쉼터(도로명주소 일치)
경로당,다우훼미리APT경로당,서울특별시 중랑구,1,서울특별시 중랑구 송림길 18?,37.6004795,127.0964366,ArcGIS 지오코딩(주소 지점 일치)
경로당,대원칸타빌APT경로당,서울특별시 중랑구,1,서울특별시 중랑구 용마산로 285,37.5783358,127.0904366,ArcGIS 지오코딩(주소 지점 일치)
경로당,두산제2차APT경로당,서울특별시 중랑구,1,서울특별시 중랑구 면목로37길 58,37.5803958,127.0831868,ArcGIS 지오코딩(주소 지점 일치)
경로당,"두산제4,5차APT경로당",서울특별시 중랑구,1,서울특별시 중랑구 면목로35길 63,37.5791848,127.082723,ArcGIS 지오코딩(주소 지점 일치)
경로당,라이프미성APT경로당,서울특별시 중랑구,1,서울특별시 중랑구 용마산로129나길 101,37.603253,127.0988072,ArcGIS 지오코딩(주소 지점 일치)
경로당,면목경남아너스빌APT경로당,서울특별시 중랑구,1,서울특별시 중랑구 답십리로75길 73,37.5755453,127.0801946,ArcGIS 지오코딩(주소 지점 일치)
경로당,면목남촌경로당,서울특별시 중랑구,1,서울특별시 중랑구 면목로66길 36,37.5863743,127.0901473,ArcGIS 지오코딩(주소 지점 일치)
경로당,면목라온프라이빗APT경로당,서울특별시 중랑구,1,서울특별시 중랑구 동일로 91길 23,37.5825185,127.0791218,ArcGIS 지오코딩(주소 지점 일치)
경로당,면목마젤란APT경로당,서울특별시 중랑구,1,서울특별시 중랑구 겸재로30길 42,37.5871558,127.0841646,ArcGIS 지오코딩(주소 지점 일치)
경로당,면목성원APT경로당,서울특별시 중랑구,1,서울특별시 중랑구 용마산로 278?,37.5773675,127.0907012,ArcGIS 지오코딩(주소 지점 일치)
경로당,묵1동금호어울림APT 경로당,서울특별시 중랑구,1,서울특별시 중랑구 공릉로2길 39,37.6123681,127.0801076,ArcGIS 지오코딩(주소 지점 일치)
경로당,사가정센트럴아이파크APT경로당,서울특별시 중랑구,1,서울특별시 중랑구 동일로 92길  40,37.5832562,127.0807007,ArcGIS 지오코딩(주소 지점 일치)
경로당,삼호APT경로당,서울특별시 중랑구,1,서울특별시 중랑구 용마산로 259,37.5760923,127.0880042,ArcGIS 지오코딩(주소 지점 일치)
경로당,상봉현대엠코경로당,서울특별시 중랑구,1,서울특별시 중랑구 망우로 353 B동 7층,37.5983328,127.0916241,ArcGIS 지오코딩(주소 지점 일치)
경로당,세방APT경로당,서울특별시 중랑구,1,서울특별시 중랑구 숙선옹주로9길 25,37.6158007,127.0837321,ArcGIS 지오코딩(주소 지점 일치)
경로당,신내4단지APT경로당,서울특별시 중랑구,1,서울특별시 중랑구 숙선옹주로 91?,37.6162327,127.0842891,ArcGIS 지오코딩(주소 지점 일치)
경로당,신내8단지APT(두산화성)경로당,서울특별시 중랑구,1,서울특별시 중랑구 신내로 155 신내8단지,37.6136811,127.0953668,ArcGIS 지오코딩(주소 지점 일치)
경로당,신내글로리움APT경로당,서울특별시 중랑구,1,서울특별시 중랑구 신내로 208,37.6170001,127.0931176,ArcGIS 지오코딩(주소 지점 일치)
경로당,신내데시앙APT경로당,서울특별시 중랑구,1,서울특별시 중랑구 용마산로 669,37.6120768,127.1002898,ArcGIS 지오코딩(주소 지점 일치)
경로당,신내성원APT경로당,서울특별시 중랑구,1,서울특별시 중랑구 신내로 51,37.6038949,127.0948626,ArcGIS 지오코딩(주소 지점 일치)
경로당,신안2차APT경로당,서울특별시 중랑구,1,서울특별시 중랑구 공릉로2나길 46,37.6139814,127.080199,ArcGIS 지오코딩(주소 지점 일치)
경로당,양지경로당,서울특별시 중랑구,1,서울특별시 중랑구 면목로84길 20-1,37.5918862,127.0880997,ArcGIS 지오코딩(주소 지점 일치)
경로당,용마동아APT경로당,서울특별시 중랑구,1,서울특별시 중랑구 용마산로 62길 43,37.5785292,127.0943524,ArcGIS 지오코딩(주소 지점 일치)
경로당,용마산금호어울림APT경로당,서울특별시 중랑구,1,서울특별시 중랑구 용마산로 290,37.5780548,127.0912246,ArcGIS 지오코딩(주소 지점 일치)
경로당,용마산모아엘가파크포레APT경로당,서울특별시 중랑구,1,서울특별시 중랑구 용마산로 84길 9-16,37.5858009,127.0963687,ArcGIS 지오코딩(주소 지점 일치)
경로당,용마폭포공원경로당,서울특별시 중랑구,1,서울특별시 중랑구 용마산로 250-12,37.573384,127.090943,무더위쉼터(도로명주소 일치)
경로당,태릉브라운스톤APT경로당,서울특별시 중랑구,1,서울특별시 중랑구 공릉로18길 59,37.6186935,127.0834826,ArcGIS 지오코딩(주소 지점 일치)
경로당,한일써너스빌리젠시경로당,서울특별시 중랑구 101동,1,서울특별시 중랑구 용마산로115길 127 (101동 3층),37.59736,127.093475,무더위쉼터(도로명주소 일치)
경로당,신내건영1차APT경로당,서울특별시 중랑구 건영아파트 상가동,1,서울특별시 중랑구 봉화산로48길 62,37.603879,127.093636,무더위쉼터(도로명주소 일치)
경로당,면목7동구립경로당,서울특별시 중랑구 구립면목7동경로당,1,서울특별시 중랑구 사가정로50길 91,37.576871,127.084338,무더위쉼터(도로명주소 일치)
경로당,극동늘푸른APT경로당,서울특별시 중랑구 극동늘푸른아파트,1,서울특별시 중랑구 동일로 941,37.614673,127.076223,무더위쉼터(도로명주소 일치)
경로당,중화극동APT경로당,서울특별시 중랑구 극동아파트,1,서울특별시 중랑구 봉화산로27길 32,37.603599,127.083841,무더위쉼터(도로명주소 일치)
경로당,늘푸른동아APT경로당,서울특별시 중랑구 늘푸른동아아파트,1,서울특별시 중랑구 동일로 476,37.572857,127.080719,무더위쉼터(도로명주소 일치)
경로당,동구햇살APT경로당,서울특별시 중랑구 동구햇살아파트 101동,1,서울시특별시 중랑구 동일로 169길 41,37.613348,127.074475,무더위쉼터(도로명주소 일치)
경로당,면목2동구립동부경로당,서울특별시 중랑구 동부경로당,1,서울특별시 중랑구 겸재로27가길 18-4,37.588241,127.082947,무더위쉼터(도로명주소 일치)
경로당,동성3차APT경로당,서울특별시 중랑구 동성아파트,1,서울특별시 중랑구 신내로 110,37.608308,127.096115,무더위쉼터(도로명주소 일치)
경로당,동성4차APT경로당,서울특별시 중랑구 동성아파트,1,서울특별시 중랑구 봉화산로 216,37.606803,127.096662,무더위쉼터(도로명주소 일치)
주민센터,망우3동 주민센터,서울특별시 중랑구 망우3동주민센터,1,서울특별시 중랑구 겸재로61길 40,37.59188,127.094927,무더위쉼터(도로명주소 일치)
경로당,경남APT경로당,서울특별시 중랑구 망우동,1,서울특별시 중랑구 양원역로 37,37.603735,127.106404,무더위쉼터(도로명주소 일치)
경로당,망우경로당,서울특별시 중랑구 망우동,1,서울특별시 중랑구 망우로72길 15-3,37.59936,127.102815,무더위쉼터(도로명주소 일치)
경로당,망우청광APT경로당,서울특별시 중랑구 망우동,1,서울특별시 중랑구 용마산로116길 76(망우동) 청광아파트,37.5996788,127.1043707,ArcGIS 지오코딩(주소 지점 일치)
경로당,샛별경로당,서울특별시 중랑구 망우동,1,서울특별시 중랑구 용마공원로5가길 36,37.593008,127.102235,무더위쉼터(도로명주소 일치)
경로당,신원금호APT경로당,서울특별시 중랑구 망우동,1,서울특별시 중랑구 망우로 504-7,37.600012,127.108528,무더위쉼터(도로명주소 일치)
경로당,안산경로당,서울특별시 중랑구 망우동,1,서울특별시 중랑구 봉우재로65가길 18,37.595745,127.098159,무더위쉼터(도로명주소 일치)
경로당,엘에이치양원1단지경로당,서울특별시 중랑구 망우동,1,"서울특별시 중랑구 양원역로 92(망우동,LH양원1단지아파트, 101동)",37.608999,127.107189,무더위쉼터(도로명주소 일치)
경로당,예성그린캐슬APT경로당,서울특별시 중랑구 망우동,1,"서울특별시 중랑구 용마산로112가길 34(망우동, 예성그린캐슬아파트)",37.597028,127.102059,무더위쉼터(도로명주소 일치)
경로당,용마공원경로당,서울특별시 중랑구 망우동,1,서울특별시 중랑구 용마산로112나길 69?(망우동),37.595917,127.102489,무더위쉼터(도로명주소 일치)
경로당,우림경로당,서울특별시 중랑구 망우동,1,서울특별시 중랑구 용마산로115나길 8,37.59766,127.096645,무더위쉼터(도로명주소 일치)
경로당,중랑숲리가APT경로당,서울특별시 중랑구 망우동,1,서울특별시 중랑구 망우로75길19(망우동),37.602371,127.104937,무더위쉼터(도로명주소 일치)
경로당,햇님경로당,서울특별시 중랑구 망우동,1,서울특별시 중랑구 봉우재로58길 16-5,37.59365,127.095257,무더위쉼터(도로명주소 일치)
도서관(공공도서관),양원숲속도서관,서울특별시 중랑구 망우동,1,서울특별시 중랑구 송림길 172(망우동),37.6068613,127.1106972,전국도서관표준데이터
도서관(공공도서관),중랑숲어린이도서관,서울특별시 중랑구 망우동,1,서울특별시 중랑구 망우로73길 46-1(망우동),37.6026682,127.1039284,전국도서관표준데이터
경로당,망우본동경로당,서울특별시 중랑구 망우본동경로당,1,서울특별시 중랑구 망우로73길 24-8,37.601595,127.103653,무더위쉼터(도로명주소 일치)
주민센터,망우본동 주민센터,서울특별시 중랑구 망우본동복합청사,1,서울특별시 중랑구 망우로67길 10,37.600587,127.101506,무더위쉼터(도로명주소 일치)
주민센터,면목2동 주민센터,서울특별시 중랑구 면목2동주민센터,1,서울특별시 중랑구 동일로101길 20-15,37.589725,127.079023,무더위쉼터(도로명주소 일치)
주민센터,면목3·8동 주민센터,서울특별시 중랑구 면목3,1,서울특별시 중랑구 사가정로51길 48,37.583015,127.088054,무더위쉼터(도로명주소 일치)
경로당,대성경로당,서울특별시 중랑구 면목4동대성경로당,1,서울특별시 중랑구 면목로31길 60,37.576104,127.081915,무더위쉼터(도로명주소 일치)
경로당,샘터경로당,서울특별시 중랑구 면목4동샘터경로당,1,서울특별시 중랑구 면목로21길 28,37.572626,127.082278,무더위쉼터(도로명주소 일치)
주민센터,면목4동 주민센터,서울특별시 중랑구 면목4동주민센터,1,서울특별시 중랑구 면목로 246,37.574731,127.0855,무더위쉼터(도로명주소 일치)
주민센터,면목5동 주민센터,서울특별시 중랑구 면목5동복합청사,1,서울특별시 중랑구 동일로 619,37.585754,127.079473,무더위쉼터(도로명주소 일치)
경로당,면목5동제1구립경로당,서울특별시 중랑구 면목5동제1구립경로당,1,서울특별시 중랑구 동일로95길 29,37.584625,127.078044,무더위쉼터(도로명주소 일치)
경로당,면목5동제2구립경로당,서울특별시 중랑구 면목5동제2구립노인정,1,서울특별시 중랑구 동일로92길 17-7,37.583863,127.080875,무더위쉼터(도로명주소 일치)
경로당,용마경로당,서울특별시 중랑구 면목7동구립용마경로당,1,서울특별시 중랑구 면목로40길 23,37.578836,127.088443,무더위쉼터(도로명주소 일치)
경로당,SH면목아파트경로당,서울특별시 중랑구 면목동,1,서울특별시 중랑구 용마산로 228,37.573564,127.088406,무더위쉼터(도로명주소 일치)
경로당,까치공원경로당,서울특별시 중랑구 면목동,1,서울특별시 중랑구 사가정로49길 56,37.5836103,127.0870547,무더위쉼터(도로명주소 일치)
경로당,두산제1차APT경로당,서울특별시 중랑구 면목동,1,서울특별시 중랑구 사가정로41길 9,37.581649,127.083895,무더위쉼터(도로명주소 일치)
경로당,두산제3차APT경로당,서울특별시 중랑구 면목동,1,서울특별시 중랑구 면목로37길 57,37.579702,127.083047,무더위쉼터(도로명주소 일치)
경로당,면목2동구립서부경로당,서울특별시 중랑구 면목동,1,서울특별시 중랑구 겸재로3길 50,37.588087,127.076818,무더위쉼터(도로명주소 일치)
경로당,섬들경로당,서울특별시 중랑구 면목동,1,서울특별시 중랑구 면목로76길 42,37.590093,127.090344,무더위쉼터(도로명주소 일치)
경로당,안수경로당,서울특별시 중랑구 면목동,1,서울특별시 중랑구 면목로63길 36,37.58636,127.086249,무더위쉼터(도로명주소 일치)
경로당,용마금호타운APT경로당,서울특별시 중랑구 면목동,1,서울특별시 중랑구 용마산로 348?,37.582814,127.094173,무더위쉼터(도로명주소 일치)
경로당,용마산경로당,서울특별시 중랑구 면목동,1,서울특별시 중랑구 용마산로 327?,37.581162,127.093097,무더위쉼터(도로명주소 일치)
경로당,용마통합경로당,서울특별시 중랑구 면목동,1,서울특별시 중랑구 용마산로94길 98,37.5873409,127.1017742,무더위쉼터(도로명주소 일치)
경로당,용마한신APT경로당,서울특별시 중랑구 면목동,1,서울특별시 중랑구 사가정로71길 19?,37.581292,127.095943,무더위쉼터(도로명주소 일치)
경로당,은행길경로당,서울특별시 중랑구 면목동,1,서울특별시 중랑구 겸재로 212-7,37.588842,127.091514,무더위쉼터(도로명주소 일치)
경로당,풍림APT경로당,서울특별시 중랑구 면목동,1,서울특별시 중랑구 망우로26길 43,37.591009,127.072361,무더위쉼터(도로명주소 일치)
경로당,현대APT경로당,서울특별시 중랑구 면목동,1,서울특별시 중랑구 용마산로 252,37.576139,127.089667,무더위쉼터(도로명주소 일치)
주민센터,면목7동 주민센터,서울특별시 중랑구 면목동,1,서울특별시 중랑구 면목로36길 4,37.57774,127.08606,무더위쉼터(도로명주소 일치)
경로당,면목금호어울림APT경로당,서울특별시 중랑구 면목동금호어울림아파트,1,서울특별시 중랑구 용마산로 271,37.577185,127.08928,무더위쉼터(도로명주소 일치)
경로당,신성미소지움APT경로당,서울특별시 중랑구 면목동신성미소지움아파트,1,서울특별시 중랑구 용마산로86길 9-27,37.587192,127.096147,무더위쉼터(도로명주소 일치)
경로당,면목본동경로당,서울특별시 중랑구 면목본동경로당,1,서울특별시 중랑구 면목로64길 37-4,37.58612,127.09123,무더위쉼터(도로명주소 일치)
주민센터/도서관(공공도서관),"면목본동 주민센터, 중랑구립면목정보도서관",서울특별시 중랑구 면목본동주민센터,2,서울특별시 중랑구 면목로 397,37.587359,127.08756,무더위쉼터(도로명주소 일치)
경로당,삼익APT경로당,서울특별시 중랑구 면목삼익아파트 101동,1,서울특별시 중랑구 동일로 501?,37.575263,127.079614,무더위쉼터(도로명주소 일치)
경로당,면목한신APT경로당,서울특별시 중랑구 면목한신아파트 12동,1,서울특별시 중랑구 중랑천로 20,37.587456,127.075269,무더위쉼터(도로명주소 일치)
주민센터,묵1동 주민센터,서울특별시 중랑구 묵1동주민센터,1,서울특별시 중랑구 공릉로2가길 5,37.612418,127.078498,무더위쉼터(도로명주소 일치)
경로당,먹골경로당,서울특별시 중랑구 묵동,1,서울특별시 중랑구 공릉로12가길 70-15(묵동),37.6175688,127.0835995,ArcGIS 지오코딩(주소 지점 일치)
경로당,묵동공감대APT경로당,서울특별시 중랑구 묵동,1,"서울특별시 중랑구 공릉로 32,(묵동, 공감대아파트)",37.6136314,127.0783182,ArcGIS 지오코딩(주소 지점 일치)
경로당,신내대림두산APT경로당,서울특별시 중랑구 묵동,1,서울특별시 중랑구 신내로21길 16?,37.61704,127.088148,무더위쉼터(도로명주소 일치)
경로당,신안3차APT경로당,서울특별시 중랑구 묵동,1,서울특별시 중랑구 공릉로2라길 4,37.612506,127.081663,무더위쉼터(도로명주소 일치)
경로당,학수경로당,서울특별시 중랑구 묵동,1,서울특별시 중랑구 중랑천로 252-1,37.607217,127.073525,무더위쉼터(도로명주소 일치)
경로당,한양경로당,서울특별시 중랑구 묵동,1,서울특별시 중랑구 중랑역로 209-3,37.612148,127.075388,무더위쉼터(도로명주소 일치)
경로당,화랑마을경로당,서울특별시 중랑구 묵동,1,서울특별시 중랑구 동일로154길 38,37.609047,127.080358,무더위쉼터(도로명주소 일치)
도서관(공공도서관),중랑구립정보도서관,서울특별시 중랑구 묵동,1,서울특별시 중랑구 신내로15길 197(묵동),37.6151706,127.0869064,전국도서관표준데이터
주민센터,묵2동 주민센터,서울특별시 중랑구 묵동,1,서울특별시 중랑구 중랑역로 181,37.609572,127.075957,무더위쉼터(도로명주소 일치)
경로당,묵1동구립경로당,서울특별시 중랑구 묵동경로당,1,서울특별시 중랑구 공릉로2라길 26,37.613301,127.081714,무더위쉼터(도로명주소 일치)
경로당,"신도2차APT경로당, 신도1차APT경로당",서울특별시 중랑구 묵동신도아파트,2,서울특별시 중랑구 공릉로13길 30,37.616738,127.077444,무더위쉼터(도로명주소 일치)
경로당,현대아이파크APT경로당,서울특별시 중랑구 묵동아이파크아파트 관리동,1,서울특별시 중랑구 중랑천로 286 묵동아이파크아파트,37.610458,127.07367,무더위쉼터(도로명주소 일치)
경로당,월드메르디앙APT경로당,서울특별시 중랑구 묵동월드메르디앙아파트 101동,1,서울시특별시 중랑구 중랑천로 316,37.612974,127.073466,무더위쉼터(도로명주소 일치)
경로당,한국APT경로당,서울특별시 중랑구 묵동한국아파트,1,서울특별시 중랑구 중랑천로 332,37.614214,127.073627,무더위쉼터(도로명주소 일치)
경로당,상봉1동구립경로당,서울특별시 중랑구 상봉1동경로당,1,서울특별시 중랑구 봉화산로42길 20,37.602217,127.087541,무더위쉼터(도로명주소 일치)
주민센터,상봉1동 주민센터,서울특별시 중랑구 상봉1동주민센터,1,서울특별시 중랑구 상봉중앙로1길 6,37.599864,127.0872,무더위쉼터(도로명주소 일치)
경로당,상봉2동구립경로당,서울특별시 중랑구 상봉2동경로당,1,서울특별시 중랑구 동일로112길 27,37.593179,127.082368,무더위쉼터(도로명주소 일치)
주민센터/도서관(공공도서관)/보건소,"상봉2동 주민센터, 중랑상봉도서관, 상봉보건지소",서울특별시 중랑구 상봉2동복합청사,3,서울특별시 중랑구 동일로114길 10,37.592894,127.080828,무더위쉼터(도로명주소 일치)
경로당,건영캐스빌APT경로당,서울특별시 중랑구 상봉동,1,서울특별시 중랑구 상봉중앙로8길 76,37.602545,127.091255,무더위쉼터(도로명주소 일치)
경로당,구립중랑경로당,서울특별시 중랑구 상봉동,1,서울특별시 중랑구 봉화산로 43길 9,37.603736,127.087315,무더위쉼터(도로명주소 일치)
경로당,봉황경로당,서울특별시 중랑구 상봉동,1,서울시 중랑구 봉우재로33길 55-10,37.595246,127.088243,무더위쉼터(도로명주소 일치)
경로당,상봉듀오트리스경로당,서울특별시 중랑구 상봉동,1,서울특별시 중랑구 상봉로 131 A-30층,37.597445,127.092209,무더위쉼터(도로명주소 일치)
경로당,서촌경로당,서울특별시 중랑구 상봉동,1,서울특별시 중랑구 신내로7가길 71,37.602148,127.092113,무더위쉼터(도로명주소 일치)
경로당,신내건영2차APT경로당,서울특별시 중랑구 상봉동,1,서울특별시 중랑구 신내로7나길 24,37.601168,127.093111,무더위쉼터(도로명주소 일치)
경로당,신내엘지쌍용APT경로당,서울특별시 중랑구 상봉동,1,서울특별시 중랑구 봉화산로 130,37.603063,127.089259,무더위쉼터(도로명주소 일치)
경로당,우정APT경로당,서울특별시 중랑구 상봉동,1,서울특별시 중랑구 상봉중앙로1다길 21,37.599442,127.088605,무더위쉼터(도로명주소 일치)
경로당,청운경로당,서울특별시 중랑구 상봉동,1,서울특별시 중랑구 봉화산로30길 69-3,37.599064,127.085344,무더위쉼터(도로명주소 일치)
주민센터,신내1동 주민센터,서울특별시 중랑구 신내1동주민센터,1,서울특별시 중랑구 용마산로129나길 35,37.60589,127.099463,무더위쉼터(도로명주소 일치)
경로당,"신내9단지APT(봉화)경로당, 신내9단지APT(진흥)경로당",서울특별시 중랑구 신내9단지신내아파트상가1동,2,서울특별시 중랑구 신내로 127 신내9단지 908동,37.611986,127.094727,무더위쉼터(도로명주소 일치)
경로당,신내11단지APT(대명)경로당,서울특별시 중랑구 신내대명아파트 신내아파트보육시설동,1,서울특별시 중랑구 봉화산로 193 신내11단지,37.607398,127.094055,무더위쉼터(도로명주소 일치)
경로당,경원APT경로당,서울특별시 중랑구 신내동,1,서울특별시 중랑구 봉화산로56길 73,37.60552,127.098443,무더위쉼터(도로명주소 일치)
경로당,동성1?2차APT경로당,서울특별시 중랑구 신내동,1,서울특별시 중랑구 신내로 128,37.609854,127.09737,무더위쉼터(도로명주소 일치)
경로당,동성7차APT경로당,서울특별시 중랑구 신내동,1,"서울특별시 중랑구 신내로14길 21 (신내동, 동성7차아파트)",37.60603,127.097134,무더위쉼터(도로명주소 일치)
경로당,벽산APT경로당,서울특별시 중랑구 신내동,1,서울특별시 중랑구 용마산로125길 50,37.60314,127.100042,무더위쉼터(도로명주소 일치)
경로당,새우개경로당,서울특별시 중랑구 신내동,1,서울특별시 중랑구 용마산로139나길 47,37.617697,127.102349,무더위쉼터(도로명주소 일치)
경로당,새한APT경로당,서울특별시 중랑구 신내동,1,서울특별시 중랑구 용마산로 616,37.605137,127.101501,무더위쉼터(도로명주소 일치)
경로당,석탑APT경로당,서울특별시 중랑구 신내동,1,서울특별시 중랑구 용마산로125길 92,37.603633,127.101071,무더위쉼터(도로명주소 일치)
경로당,신내10단지APT경로당,서울특별시 중랑구 신내동,1,서울특별시 중랑구 신내로 115 신내10단지,37.609268,127.094602,무더위쉼터(도로명주소 일치)
경로당,신내6단지APT(시영)경로당,서울특별시 중랑구 신내동,1,서울특별시 중랑구 신내로19길 42,37.615226,127.09104,무더위쉼터(도로명주소 일치)
경로당,신내7단지APT(진로)경로당,서울특별시 중랑구 신내동,1,서울특별시 중랑구 신내로17길 41 신내7단지,37.614138,127.093272,무더위쉼터(도로명주소 일치)
경로당,신내구립경로당,서울특별시 중랑구 신내동,1,서울특별시 중랑구 망우로65길 20,37.6012676,127.0999342,무더위쉼터(도로명주소 일치)
경로당,신내데시앙포레경로당,서울특별시 중랑구 신내동,1,"서울특별시 중랑구 신내역로 165(신내동, 신내 데시앙포레)",37.6153702,127.1099925,무더위쉼터(도로명주소 일치)
경로당,신내우남푸르미아APT경로당,서울특별시 중랑구 신내동,1,서울특별시 중랑구 봉화산로56길 51,37.606217,127.098926,무더위쉼터(도로명주소 일치)
경로당,신내우디안1단지경로당,서울특별시 중랑구 신내동,1,"서울특별시 중랑구 신내역로 1길85(신내동, 신내우디안1단지)",37.6171039,127.1064734,무더위쉼터(도로명주소 일치)
경로당,영풍마드레빌APT경로당,서울특별시 중랑구 신내동,1,서울특별시 중랑구 용마산로129가길 41,37.605613,127.10002,무더위쉼터(도로명주소 일치)
경로당,중앙하이츠APT경로당,서울특별시 중랑구 신내동,1,서울특별시 중랑구 봉화산로56길 123,37.603446,127.098121,무더위쉼터(도로명주소 일치)
경로당,피울경로당,서울특별시 중랑구 신내동,1,서울특별시 중랑구 용마산로129나길 25,37.606175,127.099679,무더위쉼터(도로명주소 일치)
보건소,중랑구보건소,서울특별시 중랑구 신내동,1,"서울특별시 중랑구 봉화산로 179 (신내동, 중랑구청) 중랑구 보건소",37.6066787,127.0926557,무더위쉼터(도로명주소 일치)
주민센터,신내2동 주민센터,서울특별시 중랑구 신내동,1,서울특별시 중랑구 봉화산로 190,37.606233,127.094173,무더위쉼터(도로명주소 일치)
경로당,신내경남아너스빌경로당,서울특별시 중랑구 신내동 경남아너스빌 101동,1,서울특별시 중랑구 봉화산로56길 112,37.603616,127.096737,무더위쉼터(도로명주소 일치)
경로당,신내의료안심주택경로당,서울특별시 중랑구 신내의료안심주택 2동,1,서울특별시 중랑구 신내로16길 33(신내의료안심주택 2동),37.6139871,127.0981666,무더위쉼터(도로명주소 일치)
경로당,신성은하수APT경로당,서울특별시 중랑구 신성아파트 상가동,1,서울특별시 중랑구 중랑천로37?,37.58862,127.073295,무더위쉼터(도로명주소 일치)
경로당,신안1차APT경로당,서울특별시 중랑구 신안1차아파트 상가 상가동,1,서울특별시 중랑구 공릉로2길 47?,37.612672,127.08099,무더위쉼터(도로명주소 일치)
경로당,신우APT경로당,서울특별시 중랑구 신우아파트 101동,1,서울특별시 중랑구 동일로 569-55?,37.580492,127.079249,무더위쉼터(도로명주소 일치)
경로당,쌍용더플래티넘용마산APT경로당,서울특별시 중랑구 쌍용 더 플래티넘 용마산 101동,1,서울특별시 중랑구 용마산로209,37.572542,127.085429,무더위쉼터(도로명주소 일치)
경로당,아남리치카운티APT경로당,서울특별시 중랑구 아남리치카운티아파트 105동,1,서울특별시 중랑구 겸재로29길 27,37.58936,127.085107,무더위쉼터(도로명주소 일치)
경로당,용마산하늘채APT경로당,서울특별시 중랑구 용마산 하늘채 101동,1,서울시 중랑구 용마산로 210,37.572499,127.08662,무더위쉼터(도로명주소 일치)
경로당,이편한세상화랑대APT경로당,서울특별시 중랑구 이편한세상 화랑대 근린생활시설동,1,서울시 중랑구 숙선옹주로 45 (e-편한세상화랑대),37.616373,127.082972,무더위쉼터(도로명주소 일치)
경로당,망우금호어울림APT경로당,서울특별시 중랑구 중랑숲금호어울림 관리동,1,서울특별시 중랑구 양원역로 18?,37.601015,127.110341,무더위쉼터(도로명주소 일치)
경로당,해모로APT경로당,서울특별시 중랑구 중랑해모로아파트 101동,1,서울특별시 중랑구 양원역로6가길 19,37.602621,127.110373,무더위쉼터(도로명주소 일치)
주민센터,중화1동 주민센터,서울특별시 중랑구 중화1동주민센터,1,서울특별시 중랑구 동일로134길 17,37.601148,127.080653,무더위쉼터(도로명주소 일치)
주민센터/도서관(공공도서관),"중화2동 주민센터, 중화문학도서관",서울특별시 중랑구 중화2동복합청사,2,서울특별시 중랑구 봉화산로 27,37.602074,127.077465,무더위쉼터(도로명주소 일치)
경로당,백학경로당,서울특별시 중랑구 중화동,1,서울특별시 중랑구 중랑천로20길 6-14,37.595646,127.072982,무더위쉼터(도로명주소 일치)
경로당,봉화경로당,서울특별시 중랑구 중화동,1,서울특별시 중랑구 봉화산로3길 40-5,37.60351,127.076007,무더위쉼터(도로명주소 일치)
경로당,중화1동통합경로당,서울특별시 중랑구 중화동,1,서울특별시 중랑구 동일로138길 28,37.6033076,127.08114,무더위쉼터(도로명주소 일치)
경로당,중화한신APT경로당,서울특별시 중랑구 중화동,1,서울특별시 중랑구 동일로 752,37.597164,127.081309,무더위쉼터(도로명주소 일치)
경로당,학구경로당,서울특별시 중랑구 중화동,1,서울특별시 중랑구 동일로123길 69-5,37.59832,127.076152,무더위쉼터(도로명주소 일치)
경로당,동양엔파트2차경로당,서울특별시 중랑구 중화동 동양엔파트 2차 관리동,1,서울특별시 중랑구 중랑천로14길 34,37.594274,127.074646,무더위쉼터(도로명주소 일치)
경로당,태영데시앙APT경로당,서울특별시 중랑구 태영데시앙아파트 상가동,1,서울특별시 중랑구 상봉중앙로8길 104,37.603352,127.092797,무더위쉼터(도로명주소 일치)
